date,keyword,interest
2015-12-27,perfumaria,9
2016-01-03,perfumaria,9
2016-01-10,perfumaria,10
2016-01-17,perfumaria,11
2016-01-24,perfumaria,10
2016-01-31,perfumaria,10
2016-02-07,perfumaria,9
2016-02-14,perfumaria,10
2016-02-21,perfumaria,9
2016-02-28,perfumaria,10
2016-03-06,perfumaria,10
2016-03-13,perfumaria,10
2016-03-20,perfumaria,8
2016-03-27,perfumaria,10
2016-04-03,perfumaria,10
2016-04-10,perfumaria,10
2016-04-17,perfumaria,10
2016-04-24,perfumaria,10
2016-05-01,perfumaria,11
2016-05-08,perfumaria,9
2016-05-15,perfumaria,10
2016-05-22,perfumaria,10
2016-05-29,perfumaria,10
2016-06-05,perfumaria,11
2016-06-12,perfumaria,9
2016-06-19,perfumaria,9
2016-06-26,perfumaria,10
2016-07-03,perfumaria,10
2016-07-10,perfumaria,11
2016-07-17,perfumaria,10
2016-07-24,perfumaria,11
2016-07-31,perfumaria,10
2016-08-07,perfumaria,10
2016-08-14,perfumaria,9
2016-08-21,perfumaria,9
2016-08-28,perfumaria,10
2016-09-04,perfumaria,10
2016-09-11,perfumaria,11
2016-09-18,perfumaria,9
2016-09-25,perfumaria,10
2016-10-02,perfumaria,10
2016-10-09,perfumaria,10
2016-10-16,perfumaria,10
2016-10-23,perfumaria,10
2016-10-30,perfumaria,10
2016-11-06,perfumaria,10
2016-11-13,perfumaria,11
2016-11-20,perfumaria,13
2016-11-27,perfumaria,11
2016-12-04,perfumaria,11
2016-12-11,perfumaria,12
2016-12-18,perfumaria,13
2016-12-25,perfumaria,11
2017-01-01,perfumaria,9
2017-01-08,perfumaria,10
2017-01-15,perfumaria,10
2017-01-22,perfumaria,10
2017-01-29,perfumaria,10
2017-02-05,perfumaria,10
2017-02-12,perfumaria,10
2017-02-19,perfumaria,10
2017-02-26,perfumaria,10
2017-03-05,perfumaria,10
2017-03-12,perfumaria,11
2017-03-19,perfumaria,11
2017-03-26,perfumaria,10
2017-04-02,perfumaria,10
2017-04-09,perfumaria,10
2017-04-16,perfumaria,10
2017-04-23,perfumaria,10
2017-04-30,perfumaria,11
2017-05-07,perfumaria,11
2017-05-14,perfumaria,10
2017-05-21,perfumaria,11
2017-05-28,perfumaria,10
2017-06-04,perfumaria,11
2017-06-11,perfumaria,11
2017-06-18,perfumaria,11
2017-06-25,perfumaria,9
2017-07-02,perfumaria,11
2017-07-09,perfumaria,11
2017-07-16,perfumaria,11
2017-07-23,perfumaria,10
2017-07-30,perfumaria,11
2017-08-06,perfumaria,11
2017-08-13,perfumaria,11
2017-08-20,perfumaria,11
2017-08-27,perfumaria,10
2017-09-03,perfumaria,11
2017-09-10,perfumaria,10
2017-09-17,perfumaria,10
2017-09-24,perfumaria,10
2017-10-01,perfumaria,11
2017-10-08,perfumaria,10
2017-10-15,perfumaria,10
2017-10-22,perfumaria,10
2017-10-29,perfumaria,10
2017-11-05,perfumaria,11
2017-11-12,perfumaria,11
2017-11-19,perfumaria,13
2017-11-26,perfumaria,12
2017-12-03,perfumaria,13
2017-12-10,perfumaria,13
2017-12-17,perfumaria,15
2017-12-24,perfumaria,11
2017-12-31,perfumaria,9
2018-01-07,perfumaria,10
2018-01-14,perfumaria,10
2018-01-21,perfumaria,10
2018-01-28,perfumaria,10
2018-02-04,perfumaria,11
2018-02-11,perfumaria,10
2018-02-18,perfumaria,11
2018-02-25,perfumaria,10
2018-03-04,perfumaria,10
2018-03-11,perfumaria,10
2018-03-18,perfumaria,9
2018-03-25,perfumaria,9
2018-04-01,perfumaria,10
2018-04-08,perfumaria,10
2018-04-15,perfumaria,10
2018-04-22,perfumaria,10
2018-04-29,perfumaria,10
2018-05-06,perfumaria,11
2018-05-13,perfumaria,10
2018-05-20,perfumaria,9
2018-05-27,perfumaria,10
2018-06-03,perfumaria,10
2018-06-10,perfumaria,11
2018-06-17,perfumaria,10
2018-06-24,perfumaria,9
2018-07-01,perfumaria,11
2018-07-08,perfumaria,11
2018-07-15,perfumaria,12
2018-07-22,perfumaria,11
2018-07-29,perfumaria,11
2018-08-05,perfumaria,11
2018-08-12,perfumaria,11
2018-08-19,perfumaria,10
2018-08-26,perfumaria,10
2018-09-02,perfumaria,11
2018-09-09,perfumaria,10
2018-09-16,perfumaria,10
2018-09-23,perfumaria,9
2018-09-30,perfumaria,9
2018-10-07,perfumaria,10
2018-10-14,perfumaria,12
2018-10-21,perfumaria,11
2018-10-28,perfumaria,11
2018-11-04,perfumaria,12
2018-11-11,perfumaria,11
2018-11-18,perfumaria,13
2018-11-25,perfumaria,11
2018-12-02,perfumaria,13
2018-12-09,perfumaria,14
2018-12-16,perfumaria,15
2018-12-23,perfumaria,13
2018-12-30,perfumaria,9
2015-12-27,artes,49
2016-01-03,artes,67
2016-01-10,artes,76
2016-01-17,artes,71
2016-01-24,artes,68
2016-01-31,artes,76
2016-02-07,artes,75
2016-02-14,artes,95
2016-02-21,artes,100
2016-02-28,artes,99
2016-03-06,artes,95
2016-03-13,artes,94
2016-03-20,artes,72
2016-03-27,artes,94
2016-04-03,artes,95
2016-04-10,artes,95
2016-04-17,artes,81
2016-04-24,artes,86
2016-05-01,artes,83
2016-05-08,artes,86
2016-05-15,artes,89
2016-05-22,artes,84
2016-05-29,artes,87
2016-06-05,artes,84
2016-06-12,artes,83
2016-06-19,artes,75
2016-06-26,artes,70
2016-07-03,artes,67
2016-07-10,artes,69
2016-07-17,artes,68
2016-07-24,artes,75
2016-07-31,artes,75
2016-08-07,artes,74
2016-08-14,artes,76
2016-08-21,artes,81
2016-08-28,artes,79
2016-09-04,artes,79
2016-09-11,artes,92
2016-09-18,artes,90
2016-09-25,artes,82
2016-10-02,artes,94
2016-10-09,artes,75
2016-10-16,artes,84
2016-10-23,artes,82
2016-10-30,artes,83
2016-11-06,artes,86
2016-11-13,artes,79
2016-11-20,artes,80
2016-11-27,artes,81
2016-12-04,artes,74
2016-12-11,artes,66
2016-12-18,artes,48
2016-12-25,artes,46
2017-01-01,artes,56
2017-01-08,artes,67
2017-01-15,artes,68
2017-01-22,artes,77
2017-01-29,artes,78
2017-02-05,artes,88
2017-02-12,artes,90
2017-02-19,artes,83
2017-02-26,artes,82
2017-03-05,artes,91
2017-03-12,artes,92
2017-03-19,artes,91
2017-03-26,artes,93
2017-04-02,artes,93
2017-04-09,artes,77
2017-04-16,artes,86
2017-04-23,artes,86
2017-04-30,artes,87
2017-05-07,artes,82
2017-05-14,artes,86
2017-05-21,artes,84
2017-05-28,artes,82
2017-06-04,artes,83
2017-06-11,artes,76
2017-06-18,artes,79
2017-06-25,artes,74
2017-07-02,artes,75
2017-07-09,artes,70
2017-07-16,artes,70
2017-07-23,artes,68
2017-07-30,artes,79
2017-08-06,artes,78
2017-08-13,artes,79
2017-08-20,artes,81
2017-08-27,artes,81
2017-09-03,artes,75
2017-09-10,artes,86
2017-09-17,artes,85
2017-09-24,artes,83
2017-10-01,artes,83
2017-10-08,artes,79
2017-10-15,artes,79
2017-10-22,artes,85
2017-10-29,artes,78
2017-11-05,artes,80
2017-11-12,artes,81
2017-11-19,artes,76
2017-11-26,artes,76
2017-12-03,artes,73
2017-12-10,artes,67
2017-12-17,artes,56
2017-12-24,artes,46
2017-12-31,artes,57
2018-01-07,artes,63
2018-01-14,artes,68
2018-01-21,artes,71
2018-01-28,artes,71
2018-02-04,artes,78
2018-02-11,artes,78
2018-02-18,artes,93
2018-02-25,artes,95
2018-03-04,artes,91
2018-03-11,artes,88
2018-03-18,artes,86
2018-03-25,artes,79
2018-04-01,artes,85
2018-04-08,artes,86
2018-04-15,artes,85
2018-04-22,artes,88
2018-04-29,artes,89
2018-05-06,artes,81
2018-05-13,artes,83
2018-05-20,artes,83
2018-05-27,artes,69
2018-06-03,artes,83
2018-06-10,artes,76
2018-06-17,artes,71
2018-06-24,artes,67
2018-07-01,artes,67
2018-07-08,artes,68
2018-07-15,artes,68
2018-07-22,artes,69
2018-07-29,artes,81
2018-08-05,artes,78
2018-08-12,artes,80
2018-08-19,artes,76
2018-08-26,artes,78
2018-09-02,artes,78
2018-09-09,artes,77
2018-09-16,artes,76
2018-09-23,artes,76
2018-09-30,artes,72
2018-10-07,artes,63
2018-10-14,artes,73
2018-10-21,artes,75
2018-10-28,artes,73
2018-11-04,artes,82
2018-11-11,artes,75
2018-11-18,artes,76
2018-11-25,artes,77
2018-12-02,artes,80
2018-12-09,artes,68
2018-12-16,artes,61
2018-12-23,artes,49
2018-12-30,artes,56
2015-12-27,esporte lazer,1
2016-01-03,esporte lazer,1
2016-01-10,esporte lazer,1
2016-01-17,esporte lazer,1
2016-01-24,esporte lazer,1
2016-01-31,esporte lazer,1
2016-02-07,esporte lazer,1
2016-02-14,esporte lazer,1
2016-02-21,esporte lazer,2
2016-02-28,esporte lazer,2
2016-03-06,esporte lazer,2
2016-03-13,esporte lazer,1
2016-03-20,esporte lazer,1
2016-03-27,esporte lazer,2
2016-04-03,esporte lazer,1
2016-04-10,esporte lazer,2
2016-04-17,esporte lazer,1
2016-04-24,esporte lazer,2
2016-05-01,esporte lazer,1
2016-05-08,esporte lazer,1
2016-05-15,esporte lazer,1
2016-05-22,esporte lazer,1
2016-05-29,esporte lazer,1
2016-06-05,esporte lazer,1
2016-06-12,esporte lazer,1
2016-06-19,esporte lazer,1
2016-06-26,esporte lazer,1
2016-07-03,esporte lazer,1
2016-07-10,esporte lazer,1
2016-07-17,esporte lazer,1
2016-07-24,esporte lazer,1
2016-07-31,esporte lazer,1
2016-08-07,esporte lazer,1
2016-08-14,esporte lazer,1
2016-08-21,esporte lazer,1
2016-08-28,esporte lazer,1
2016-09-04,esporte lazer,1
2016-09-11,esporte lazer,1
2016-09-18,esporte lazer,1
2016-09-25,esporte lazer,1
2016-10-02,esporte lazer,1
2016-10-09,esporte lazer,1
2016-10-16,esporte lazer,1
2016-10-23,esporte lazer,1
2016-10-30,esporte lazer,1
2016-11-06,esporte lazer,1
2016-11-13,esporte lazer,1
2016-11-20,esporte lazer,1
2016-11-27,esporte lazer,1
2016-12-04,esporte lazer,1
2016-12-11,esporte lazer,1
2016-12-18,esporte lazer,1
2016-12-25,esporte lazer,0
2017-01-01,esporte lazer,1
2017-01-08,esporte lazer,1
2017-01-15,esporte lazer,1
2017-01-22,esporte lazer,1
2017-01-29,esporte lazer,1
2017-02-05,esporte lazer,1
2017-02-12,esporte lazer,1
2017-02-19,esporte lazer,1
2017-02-26,esporte lazer,1
2017-03-05,esporte lazer,2
2017-03-12,esporte lazer,2
2017-03-19,esporte lazer,2
2017-03-26,esporte lazer,2
2017-04-02,esporte lazer,2
2017-04-09,esporte lazer,1
2017-04-16,esporte lazer,1
2017-04-23,esporte lazer,2
2017-04-30,esporte lazer,1
2017-05-07,esporte lazer,1
2017-05-14,esporte lazer,2
2017-05-21,esporte lazer,1
2017-05-28,esporte lazer,1
2017-06-04,esporte lazer,1
2017-06-11,esporte lazer,1
2017-06-18,esporte lazer,1
2017-06-25,esporte lazer,1
2017-07-02,esporte lazer,1
2017-07-09,esporte lazer,1
2017-07-16,esporte lazer,1
2017-07-23,esporte lazer,1
2017-07-30,esporte lazer,1
2017-08-06,esporte lazer,1
2017-08-13,esporte lazer,1
2017-08-20,esporte lazer,1
2017-08-27,esporte lazer,1
2017-09-03,esporte lazer,1
2017-09-10,esporte lazer,1
2017-09-17,esporte lazer,1
2017-09-24,esporte lazer,1
2017-10-01,esporte lazer,1
2017-10-08,esporte lazer,1
2017-10-15,esporte lazer,1
2017-10-22,esporte lazer,1
2017-10-29,esporte lazer,1
2017-11-05,esporte lazer,1
2017-11-12,esporte lazer,1
2017-11-19,esporte lazer,1
2017-11-26,esporte lazer,1
2017-12-03,esporte lazer,1
2017-12-10,esporte lazer,1
2017-12-17,esporte lazer,1
2017-12-24,esporte lazer,1
2017-12-31,esporte lazer,1
2018-01-07,esporte lazer,1
2018-01-14,esporte lazer,1
2018-01-21,esporte lazer,1
2018-01-28,esporte lazer,1
2018-02-04,esporte lazer,1
2018-02-11,esporte lazer,1
2018-02-18,esporte lazer,1
2018-02-25,esporte lazer,1
2018-03-04,esporte lazer,1
2018-03-11,esporte lazer,1
2018-03-18,esporte lazer,1
2018-03-25,esporte lazer,1
2018-04-01,esporte lazer,1
2018-04-08,esporte lazer,1
2018-04-15,esporte lazer,1
2018-04-22,esporte lazer,1
2018-04-29,esporte lazer,1
2018-05-06,esporte lazer,1
2018-05-13,esporte lazer,1
2018-05-20,esporte lazer,1
2018-05-27,esporte lazer,1
2018-06-03,esporte lazer,1
2018-06-10,esporte lazer,1
2018-06-17,esporte lazer,1
2018-06-24,esporte lazer,1
2018-07-01,esporte lazer,1
2018-07-08,esporte lazer,1
2018-07-15,esporte lazer,1
2018-07-22,esporte lazer,1
2018-07-29,esporte lazer,1
2018-08-05,esporte lazer,1
2018-08-12,esporte lazer,1
2018-08-19,esporte lazer,1
2018-08-26,esporte lazer,1
2018-09-02,esporte lazer,1
2018-09-09,esporte lazer,1
2018-09-16,esporte lazer,1
2018-09-23,esporte lazer,1
2018-09-30,esporte lazer,1
2018-10-07,esporte lazer,1
2018-10-14,esporte lazer,1
2018-10-21,esporte lazer,1
2018-10-28,esporte lazer,1
2018-11-04,esporte lazer,1
2018-11-11,esporte lazer,1
2018-11-18,esporte lazer,1
2018-11-25,esporte lazer,1
2018-12-02,esporte lazer,1
2018-12-09,esporte lazer,1
2018-12-16,esporte lazer,1
2018-12-23,esporte lazer,0
2018-12-30,esporte lazer,0
2015-12-27,bebes,51
2016-01-03,bebes,51
2016-01-10,bebes,54
2016-01-17,bebes,56
2016-01-24,bebes,51
2016-01-31,bebes,56
2016-02-07,bebes,54
2016-02-14,bebes,51
2016-02-21,bebes,52
2016-02-28,bebes,49
2016-03-06,bebes,44
2016-03-13,bebes,47
2016-03-20,bebes,46
2016-03-27,bebes,43
2016-04-03,bebes,45
2016-04-10,bebes,44
2016-04-17,bebes,45
2016-04-24,bebes,45
2016-05-01,bebes,43
2016-05-08,bebes,42
2016-05-15,bebes,42
2016-05-22,bebes,43
2016-05-29,bebes,40
2016-06-05,bebes,39
2016-06-12,bebes,39
2016-06-19,bebes,40
2016-06-26,bebes,42
2016-07-03,bebes,45
2016-07-10,bebes,44
2016-07-17,bebes,43
2016-07-24,bebes,45
2016-07-31,bebes,39
2016-08-07,bebes,42
2016-08-14,bebes,40
2016-08-21,bebes,41
2016-08-28,bebes,41
2016-09-04,bebes,42
2016-09-11,bebes,39
2016-09-18,bebes,38
2016-09-25,bebes,41
2016-10-02,bebes,41
2016-10-09,bebes,44
2016-10-16,bebes,39
2016-10-23,bebes,40
2016-10-30,bebes,43
2016-11-06,bebes,38
2016-11-13,bebes,40
2016-11-20,bebes,37
2016-11-27,bebes,36
2016-12-04,bebes,38
2016-12-11,bebes,38
2016-12-18,bebes,35
2016-12-25,bebes,38
2017-01-01,bebes,39
2017-01-08,bebes,43
2017-01-15,bebes,42
2017-01-22,bebes,41
2017-01-29,bebes,40
2017-02-05,bebes,38
2017-02-12,bebes,37
2017-02-19,bebes,37
2017-02-26,bebes,40
2017-03-05,bebes,40
2017-03-12,bebes,37
2017-03-19,bebes,35
2017-03-26,bebes,36
2017-04-02,bebes,38
2017-04-09,bebes,34
2017-04-16,bebes,38
2017-04-23,bebes,35
2017-04-30,bebes,36
2017-05-07,bebes,38
2017-05-14,bebes,36
2017-05-21,bebes,37
2017-05-28,bebes,38
2017-06-04,bebes,34
2017-06-11,bebes,35
2017-06-18,bebes,36
2017-06-25,bebes,37
2017-07-02,bebes,37
2017-07-09,bebes,37
2017-07-16,bebes,37
2017-07-23,bebes,36
2017-07-30,bebes,35
2017-08-06,bebes,39
2017-08-13,bebes,33
2017-08-20,bebes,35
2017-08-27,bebes,35
2017-09-03,bebes,38
2017-09-10,bebes,35
2017-09-17,bebes,36
2017-09-24,bebes,35
2017-10-01,bebes,35
2017-10-08,bebes,34
2017-10-15,bebes,31
2017-10-22,bebes,34
2017-10-29,bebes,36
2017-11-05,bebes,35
2017-11-12,bebes,33
2017-11-19,bebes,33
2017-11-26,bebes,35
2017-12-03,bebes,34
2017-12-10,bebes,32
2017-12-17,bebes,33
2017-12-24,bebes,33
2017-12-31,bebes,35
2018-01-07,bebes,31
2018-01-14,bebes,36
2018-01-21,bebes,33
2018-01-28,bebes,34
2018-02-04,bebes,34
2018-02-11,bebes,37
2018-02-18,bebes,33
2018-02-25,bebes,32
2018-03-04,bebes,30
2018-03-11,bebes,32
2018-03-18,bebes,31
2018-03-25,bebes,33
2018-04-01,bebes,31
2018-04-08,bebes,31
2018-04-15,bebes,31
2018-04-22,bebes,31
2018-04-29,bebes,35
2018-05-06,bebes,31
2018-05-13,bebes,32
2018-05-20,bebes,31
2018-05-27,bebes,33
2018-06-03,bebes,30
2018-06-10,bebes,28
2018-06-17,bebes,30
2018-06-24,bebes,31
2018-07-01,bebes,32
2018-07-08,bebes,31
2018-07-15,bebes,33
2018-07-22,bebes,32
2018-07-29,bebes,32
2018-08-05,bebes,29
2018-08-12,bebes,30
2018-08-19,bebes,29
2018-08-26,bebes,29
2018-09-02,bebes,29
2018-09-09,bebes,30
2018-09-16,bebes,29
2018-09-23,bebes,29
2018-09-30,bebes,26
2018-10-07,bebes,26
2018-10-14,bebes,30
2018-10-21,bebes,28
2018-10-28,bebes,27
2018-11-04,bebes,29
2018-11-11,bebes,29
2018-11-18,bebes,27
2018-11-25,bebes,27
2018-12-02,bebes,28
2018-12-09,bebes,28
2018-12-16,bebes,29
2018-12-23,bebes,29
2018-12-30,bebes,32
2015-12-27,utilidades domesticas,1
2016-01-03,utilidades domesticas,1
2016-01-10,utilidades domesticas,1
2016-01-17,utilidades domesticas,2
2016-01-24,utilidades domesticas,1
2016-01-31,utilidades domesticas,1
2016-02-07,utilidades domesticas,1
2016-02-14,utilidades domesticas,1
2016-02-21,utilidades domesticas,1
2016-02-28,utilidades domesticas,1
2016-03-06,utilidades domesticas,1
2016-03-13,utilidades domesticas,1
2016-03-20,utilidades domesticas,1
2016-03-27,utilidades domesticas,2
2016-04-03,utilidades domesticas,1
2016-04-10,utilidades domesticas,1
2016-04-17,utilidades domesticas,2
2016-04-24,utilidades domesticas,1
2016-05-01,utilidades domesticas,1
2016-05-08,utilidades domesticas,1
2016-05-15,utilidades domesticas,1
2016-05-22,utilidades domesticas,1
2016-05-29,utilidades domesticas,1
2016-06-05,utilidades domesticas,1
2016-06-12,utilidades domesticas,1
2016-06-19,utilidades domesticas,1
2016-06-26,utilidades domesticas,1
2016-07-03,utilidades domesticas,1
2016-07-10,utilidades domesticas,1
2016-07-17,utilidades domesticas,1
2016-07-24,utilidades domesticas,1
2016-07-31,utilidades domesticas,1
2016-08-07,utilidades domesticas,1
2016-08-14,utilidades domesticas,1
2016-08-21,utilidades domesticas,1
2016-08-28,utilidades domesticas,1
2016-09-04,utilidades domesticas,2
2016-09-11,utilidades domesticas,1
2016-09-18,utilidades domesticas,1
2016-09-25,utilidades domesticas,1
2016-10-02,utilidades domesticas,1
2016-10-09,utilidades domesticas,1
2016-10-16,utilidades domesticas,1
2016-10-23,utilidades domesticas,1
2016-10-30,utilidades domesticas,1
2016-11-06,utilidades domesticas,1
2016-11-13,utilidades domesticas,1
2016-11-20,utilidades domesticas,1
2016-11-27,utilidades domesticas,1
2016-12-04,utilidades domesticas,1
2016-12-11,utilidades domesticas,1
2016-12-18,utilidades domesticas,1
2016-12-25,utilidades domesticas,1
2017-01-01,utilidades domesticas,1
2017-01-08,utilidades domesticas,1
2017-01-15,utilidades domesticas,1
2017-01-22,utilidades domesticas,1
2017-01-29,utilidades domesticas,1
2017-02-05,utilidades domesticas,1
2017-02-12,utilidades domesticas,1
2017-02-19,utilidades domesticas,1
2017-02-26,utilidades domesticas,1
2017-03-05,utilidades domesticas,1
2017-03-12,utilidades domesticas,1
2017-03-19,utilidades domesticas,1
2017-03-26,utilidades domesticas,1
2017-04-02,utilidades domesticas,1
2017-04-09,utilidades domesticas,1
2017-04-16,utilidades domesticas,2
2017-04-23,utilidades domesticas,1
2017-04-30,utilidades domesticas,1
2017-05-07,utilidades domesticas,2
2017-05-14,utilidades domesticas,1
2017-05-21,utilidades domesticas,1
2017-05-28,utilidades domesticas,2
2017-06-04,utilidades domesticas,1
2017-06-11,utilidades domesticas,1
2017-06-18,utilidades domesticas,1
2017-06-25,utilidades domesticas,1
2017-07-02,utilidades domesticas,1
2017-07-09,utilidades domesticas,1
2017-07-16,utilidades domesticas,1
2017-07-23,utilidades domesticas,1
2017-07-30,utilidades domesticas,1
2017-08-06,utilidades domesticas,1
2017-08-13,utilidades domesticas,1
2017-08-20,utilidades domesticas,1
2017-08-27,utilidades domesticas,1
2017-09-03,utilidades domesticas,1
2017-09-10,utilidades domesticas,1
2017-09-17,utilidades domesticas,1
2017-09-24,utilidades domesticas,1
2017-10-01,utilidades domesticas,1
2017-10-08,utilidades domesticas,1
2017-10-15,utilidades domesticas,1
2017-10-22,utilidades domesticas,1
2017-10-29,utilidades domesticas,1
2017-11-05,utilidades domesticas,1
2017-11-12,utilidades domesticas,1
2017-11-19,utilidades domesticas,1
2017-11-26,utilidades domesticas,2
2017-12-03,utilidades domesticas,1
2017-12-10,utilidades domesticas,1
2017-12-17,utilidades domesticas,1
2017-12-24,utilidades domesticas,1
2017-12-31,utilidades domesticas,1
2018-01-07,utilidades domesticas,1
2018-01-14,utilidades domesticas,1
2018-01-21,utilidades domesticas,1
2018-01-28,utilidades domesticas,1
2018-02-04,utilidades domesticas,1
2018-02-11,utilidades domesticas,1
2018-02-18,utilidades domesticas,1
2018-02-25,utilidades domesticas,1
2018-03-04,utilidades domesticas,1
2018-03-11,utilidades domesticas,1
2018-03-18,utilidades domesticas,1
2018-03-25,utilidades domesticas,1
2018-04-01,utilidades domesticas,1
2018-04-08,utilidades domesticas,1
2018-04-15,utilidades domesticas,1
2018-04-22,utilidades domesticas,1
2018-04-29,utilidades domesticas,1
2018-05-06,utilidades domesticas,1
2018-05-13,utilidades domesticas,1
2018-05-20,utilidades domesticas,1
2018-05-27,utilidades domesticas,1
2018-06-03,utilidades domesticas,1
2018-06-10,utilidades domesticas,1
2018-06-17,utilidades domesticas,1
2018-06-24,utilidades domesticas,1
2018-07-01,utilidades domesticas,1
2018-07-08,utilidades domesticas,1
2018-07-15,utilidades domesticas,1
2018-07-22,utilidades domesticas,1
2018-07-29,utilidades domesticas,1
2018-08-05,utilidades domesticas,1
2018-08-12,utilidades domesticas,1
2018-08-19,utilidades domesticas,1
2018-08-26,utilidades domesticas,1
2018-09-02,utilidades domesticas,1
2018-09-09,utilidades domesticas,1
2018-09-16,utilidades domesticas,1
2018-09-23,utilidades domesticas,1
2018-09-30,utilidades domesticas,1
2018-10-07,utilidades domesticas,1
2018-10-14,utilidades domesticas,1
2018-10-21,utilidades domesticas,1
2018-10-28,utilidades domesticas,1
2018-11-04,utilidades domesticas,1
2018-11-11,utilidades domesticas,1
2018-11-18,utilidades domesticas,1
2018-11-25,utilidades domesticas,1
2018-12-02,utilidades domesticas,1
2018-12-09,utilidades domesticas,1
2018-12-16,utilidades domesticas,1
2018-12-23,utilidades domesticas,1
2018-12-30,utilidades domesticas,1
2015-12-27,instrumentos musicais,7
2016-01-03,instrumentos musicais,6
2016-01-10,instrumentos musicais,6
2016-01-17,instrumentos musicais,6
2016-01-24,instrumentos musicais,6
2016-01-31,instrumentos musicais,6
2016-02-07,instrumentos musicais,6
2016-02-14,instrumentos musicais,6
2016-02-21,instrumentos musicais,7
2016-02-28,instrumentos musicais,7
2016-03-06,instrumentos musicais,6
2016-03-13,instrumentos musicais,6
2016-03-20,instrumentos musicais,6
2016-03-27,instrumentos musicais,7
2016-04-03,instrumentos musicais,7
2016-04-10,instrumentos musicais,7
2016-04-17,instrumentos musicais,7
2016-04-24,instrumentos musicais,7
2016-05-01,instrumentos musicais,7
2016-05-08,instrumentos musicais,6
2016-05-15,instrumentos musicais,7
2016-05-22,instrumentos musicais,6
2016-05-29,instrumentos musicais,7
2016-06-05,instrumentos musicais,7
2016-06-12,instrumentos musicais,7
2016-06-19,instrumentos musicais,6
2016-06-26,instrumentos musicais,6
2016-07-03,instrumentos musicais,6
2016-07-10,instrumentos musicais,6
2016-07-17,instrumentos musicais,6
2016-07-24,instrumentos musicais,6
2016-07-31,instrumentos musicais,6
2016-08-07,instrumentos musicais,6
2016-08-14,instrumentos musicais,6
2016-08-21,instrumentos musicais,7
2016-08-28,instrumentos musicais,7
2016-09-04,instrumentos musicais,6
2016-09-11,instrumentos musicais,7
2016-09-18,instrumentos musicais,6
2016-09-25,instrumentos musicais,6
2016-10-02,instrumentos musicais,6
2016-10-09,instrumentos musicais,6
2016-10-16,instrumentos musicais,6
2016-10-23,instrumentos musicais,6
2016-10-30,instrumentos musicais,6
2016-11-06,instrumentos musicais,7
2016-11-13,instrumentos musicais,7
2016-11-20,instrumentos musicais,8
2016-11-27,instrumentos musicais,6
2016-12-04,instrumentos musicais,6
2016-12-11,instrumentos musicais,6
2016-12-18,instrumentos musicais,7
2016-12-25,instrumentos musicais,5
2017-01-01,instrumentos musicais,5
2017-01-08,instrumentos musicais,6
2017-01-15,instrumentos musicais,5
2017-01-22,instrumentos musicais,6
2017-01-29,instrumentos musicais,6
2017-02-05,instrumentos musicais,6
2017-02-12,instrumentos musicais,6
2017-02-19,instrumentos musicais,6
2017-02-26,instrumentos musicais,6
2017-03-05,instrumentos musicais,7
2017-03-12,instrumentos musicais,7
2017-03-19,instrumentos musicais,7
2017-03-26,instrumentos musicais,7
2017-04-02,instrumentos musicais,6
2017-04-09,instrumentos musicais,6
2017-04-16,instrumentos musicais,7
2017-04-23,instrumentos musicais,7
2017-04-30,instrumentos musicais,6
2017-05-07,instrumentos musicais,6
2017-05-14,instrumentos musicais,6
2017-05-21,instrumentos musicais,7
2017-05-28,instrumentos musicais,7
2017-06-04,instrumentos musicais,7
2017-06-11,instrumentos musicais,6
2017-06-18,instrumentos musicais,7
2017-06-25,instrumentos musicais,6
2017-07-02,instrumentos musicais,6
2017-07-09,instrumentos musicais,6
2017-07-16,instrumentos musicais,5
2017-07-23,instrumentos musicais,6
2017-07-30,instrumentos musicais,6
2017-08-06,instrumentos musicais,7
2017-08-13,instrumentos musicais,7
2017-08-20,instrumentos musicais,7
2017-08-27,instrumentos musicais,7
2017-09-03,instrumentos musicais,6
2017-09-10,instrumentos musicais,7
2017-09-17,instrumentos musicais,6
2017-09-24,instrumentos musicais,7
2017-10-01,instrumentos musicais,7
2017-10-08,instrumentos musicais,6
2017-10-15,instrumentos musicais,7
2017-10-22,instrumentos musicais,7
2017-10-29,instrumentos musicais,6
2017-11-05,instrumentos musicais,7
2017-11-12,instrumentos musicais,7
2017-11-19,instrumentos musicais,7
2017-11-26,instrumentos musicais,6
2017-12-03,instrumentos musicais,6
2017-12-10,instrumentos musicais,6
2017-12-17,instrumentos musicais,7
2017-12-24,instrumentos musicais,5
2017-12-31,instrumentos musicais,5
2018-01-07,instrumentos musicais,6
2018-01-14,instrumentos musicais,5
2018-01-21,instrumentos musicais,5
2018-01-28,instrumentos musicais,5
2018-02-04,instrumentos musicais,6
2018-02-11,instrumentos musicais,6
2018-02-18,instrumentos musicais,6
2018-02-25,instrumentos musicais,6
2018-03-04,instrumentos musicais,6
2018-03-11,instrumentos musicais,7
2018-03-18,instrumentos musicais,6
2018-03-25,instrumentos musicais,6
2018-04-01,instrumentos musicais,6
2018-04-08,instrumentos musicais,6
2018-04-15,instrumentos musicais,7
2018-04-22,instrumentos musicais,6
2018-04-29,instrumentos musicais,6
2018-05-06,instrumentos musicais,6
2018-05-13,instrumentos musicais,7
2018-05-20,instrumentos musicais,6
2018-05-27,instrumentos musicais,6
2018-06-03,instrumentos musicais,7
2018-06-10,instrumentos musicais,6
2018-06-17,instrumentos musicais,6
2018-06-24,instrumentos musicais,6
2018-07-01,instrumentos musicais,5
2018-07-08,instrumentos musicais,6
2018-07-15,instrumentos musicais,6
2018-07-22,instrumentos musicais,8
2018-07-29,instrumentos musicais,6
2018-08-05,instrumentos musicais,7
2018-08-12,instrumentos musicais,7
2018-08-19,instrumentos musicais,7
2018-08-26,instrumentos musicais,7
2018-09-02,instrumentos musicais,7
2018-09-09,instrumentos musicais,7
2018-09-16,instrumentos musicais,7
2018-09-23,instrumentos musicais,6
2018-09-30,instrumentos musicais,6
2018-10-07,instrumentos musicais,5
2018-10-14,instrumentos musicais,6
2018-10-21,instrumentos musicais,6
2018-10-28,instrumentos musicais,6
2018-11-04,instrumentos musicais,7
2018-11-11,instrumentos musicais,7
2018-11-18,instrumentos musicais,7
2018-11-25,instrumentos musicais,7
2018-12-02,instrumentos musicais,6
2018-12-09,instrumentos musicais,6
2018-12-16,instrumentos musicais,6
2018-12-23,instrumentos musicais,6
2018-12-30,instrumentos musicais,5
2015-12-27,cool stuff,0
2016-01-03,cool stuff,0
2016-01-10,cool stuff,0
2016-01-17,cool stuff,0
2016-01-24,cool stuff,0
2016-01-31,cool stuff,0
2016-02-07,cool stuff,0
2016-02-14,cool stuff,0
2016-02-21,cool stuff,0
2016-02-28,cool stuff,0
2016-03-06,cool stuff,0
2016-03-13,cool stuff,0
2016-03-20,cool stuff,0
2016-03-27,cool stuff,0
2016-04-03,cool stuff,0
2016-04-10,cool stuff,0
2016-04-17,cool stuff,0
2016-04-24,cool stuff,0
2016-05-01,cool stuff,0
2016-05-08,cool stuff,0
2016-05-15,cool stuff,0
2016-05-22,cool stuff,0
2016-05-29,cool stuff,0
2016-06-05,cool stuff,0
2016-06-12,cool stuff,0
2016-06-19,cool stuff,0
2016-06-26,cool stuff,0
2016-07-03,cool stuff,0
2016-07-10,cool stuff,0
2016-07-17,cool stuff,0
2016-07-24,cool stuff,0
2016-07-31,cool stuff,0
2016-08-07,cool stuff,0
2016-08-14,cool stuff,0
2016-08-21,cool stuff,0
2016-08-28,cool stuff,0
2016-09-04,cool stuff,0
2016-09-11,cool stuff,0
2016-09-18,cool stuff,0
2016-09-25,cool stuff,0
2016-10-02,cool stuff,0
2016-10-09,cool stuff,0
2016-10-16,cool stuff,0
2016-10-23,cool stuff,0
2016-10-30,cool stuff,0
2016-11-06,cool stuff,0
2016-11-13,cool stuff,0
2016-11-20,cool stuff,0
2016-11-27,cool stuff,0
2016-12-04,cool stuff,0
2016-12-11,cool stuff,0
2016-12-18,cool stuff,0
2016-12-25,cool stuff,0
2017-01-01,cool stuff,0
2017-01-08,cool stuff,0
2017-01-15,cool stuff,0
2017-01-22,cool stuff,0
2017-01-29,cool stuff,0
2017-02-05,cool stuff,0
2017-02-12,cool stuff,0
2017-02-19,cool stuff,0
2017-02-26,cool stuff,0
2017-03-05,cool stuff,0
2017-03-12,cool stuff,0
2017-03-19,cool stuff,0
2017-03-26,cool stuff,0
2017-04-02,cool stuff,0
2017-04-09,cool stuff,0
2017-04-16,cool stuff,0
2017-04-23,cool stuff,0
2017-04-30,cool stuff,0
2017-05-07,cool stuff,0
2017-05-14,cool stuff,0
2017-05-21,cool stuff,0
2017-05-28,cool stuff,0
2017-06-04,cool stuff,0
2017-06-11,cool stuff,0
2017-06-18,cool stuff,0
2017-06-25,cool stuff,0
2017-07-02,cool stuff,0
2017-07-09,cool stuff,0
2017-07-16,cool stuff,0
2017-07-23,cool stuff,0
2017-07-30,cool stuff,0
2017-08-06,cool stuff,0
2017-08-13,cool stuff,0
2017-08-20,cool stuff,0
2017-08-27,cool stuff,0
2017-09-03,cool stuff,0
2017-09-10,cool stuff,0
2017-09-17,cool stuff,0
2017-09-24,cool stuff,0
2017-10-01,cool stuff,0
2017-10-08,cool stuff,0
2017-10-15,cool stuff,0
2017-10-22,cool stuff,0
2017-10-29,cool stuff,0
2017-11-05,cool stuff,0
2017-11-12,cool stuff,0
2017-11-19,cool stuff,0
2017-11-26,cool stuff,0
2017-12-03,cool stuff,0
2017-12-10,cool stuff,0
2017-12-17,cool stuff,0
2017-12-24,cool stuff,0
2017-12-31,cool stuff,0
2018-01-07,cool stuff,0
2018-01-14,cool stuff,0
2018-01-21,cool stuff,0
2018-01-28,cool stuff,0
2018-02-04,cool stuff,0
2018-02-11,cool stuff,0
2018-02-18,cool stuff,0
2018-02-25,cool stuff,0
2018-03-04,cool stuff,0
2018-03-11,cool stuff,0
2018-03-18,cool stuff,0
2018-03-25,cool stuff,0
2018-04-01,cool stuff,0
2018-04-08,cool stuff,0
2018-04-15,cool stuff,0
2018-04-22,cool stuff,0
2018-04-29,cool stuff,0
2018-05-06,cool stuff,0
2018-05-13,cool stuff,0
2018-05-20,cool stuff,0
2018-05-27,cool stuff,0
2018-06-03,cool stuff,0
2018-06-10,cool stuff,0
2018-06-17,cool stuff,0
2018-06-24,cool stuff,0
2018-07-01,cool stuff,0
2018-07-08,cool stuff,0
2018-07-15,cool stuff,0
2018-07-22,cool stuff,0
2018-07-29,cool stuff,0
2018-08-05,cool stuff,0
2018-08-12,cool stuff,0
2018-08-19,cool stuff,0
2018-08-26,cool stuff,0
2018-09-02,cool stuff,0
2018-09-09,cool stuff,0
2018-09-16,cool stuff,0
2018-09-23,cool stuff,0
2018-09-30,cool stuff,0
2018-10-07,cool stuff,0
2018-10-14,cool stuff,0
2018-10-21,cool stuff,0
2018-10-28,cool stuff,0
2018-11-04,cool stuff,0
2018-11-11,cool stuff,0
2018-11-18,cool stuff,0
2018-11-25,cool stuff,0
2018-12-02,cool stuff,0
2018-12-09,cool stuff,0
2018-12-16,cool stuff,0
2018-12-23,cool stuff,0
2018-12-30,cool stuff,0
2015-12-27,moveis decoracao,0
2016-01-03,moveis decoracao,0
2016-01-10,moveis decoracao,1
2016-01-17,moveis decoracao,0
2016-01-24,moveis decoracao,0
2016-01-31,moveis decoracao,0
2016-02-07,moveis decoracao,1
2016-02-14,moveis decoracao,1
2016-02-21,moveis decoracao,1
2016-02-28,moveis decoracao,1
2016-03-06,moveis decoracao,1
2016-03-13,moveis decoracao,0
2016-03-20,moveis decoracao,0
2016-03-27,moveis decoracao,0
2016-04-03,moveis decoracao,0
2016-04-10,moveis decoracao,0
2016-04-17,moveis decoracao,1
2016-04-24,moveis decoracao,0
2016-05-01,moveis decoracao,0
2016-05-08,moveis decoracao,0
2016-05-15,moveis decoracao,1
2016-05-22,moveis decoracao,0
2016-05-29,moveis decoracao,1
2016-06-05,moveis decoracao,0
2016-06-12,moveis decoracao,1
2016-06-19,moveis decoracao,0
2016-06-26,moveis decoracao,0
2016-07-03,moveis decoracao,0
2016-07-10,moveis decoracao,0
2016-07-17,moveis decoracao,0
2016-07-24,moveis decoracao,1
2016-07-31,moveis decoracao,0
2016-08-07,moveis decoracao,0
2016-08-14,moveis decoracao,1
2016-08-21,moveis decoracao,0
2016-08-28,moveis decoracao,0
2016-09-04,moveis decoracao,1
2016-09-11,moveis decoracao,0
2016-09-18,moveis decoracao,0
2016-09-25,moveis decoracao,0
2016-10-02,moveis decoracao,0
2016-10-09,moveis decoracao,0
2016-10-16,moveis decoracao,0
2016-10-23,moveis decoracao,1
2016-10-30,moveis decoracao,0
2016-11-06,moveis decoracao,0
2016-11-13,moveis decoracao,1
2016-11-20,moveis decoracao,0
2016-11-27,moveis decoracao,0
2016-12-04,moveis decoracao,0
2016-12-11,moveis decoracao,0
2016-12-18,moveis decoracao,0
2016-12-25,moveis decoracao,0
2017-01-01,moveis decoracao,0
2017-01-08,moveis decoracao,1
2017-01-15,moveis decoracao,0
2017-01-22,moveis decoracao,0
2017-01-29,moveis decoracao,0
2017-02-05,moveis decoracao,0
2017-02-12,moveis decoracao,0
2017-02-19,moveis decoracao,0
2017-02-26,moveis decoracao,0
2017-03-05,moveis decoracao,0
2017-03-12,moveis decoracao,0
2017-03-19,moveis decoracao,1
2017-03-26,moveis decoracao,0
2017-04-02,moveis decoracao,0
2017-04-09,moveis decoracao,0
2017-04-16,moveis decoracao,0
2017-04-23,moveis decoracao,0
2017-04-30,moveis decoracao,1
2017-05-07,moveis decoracao,0
2017-05-14,moveis decoracao,0
2017-05-21,moveis decoracao,0
2017-05-28,moveis decoracao,1
2017-06-04,moveis decoracao,0
2017-06-11,moveis decoracao,0
2017-06-18,moveis decoracao,0
2017-06-25,moveis decoracao,0
2017-07-02,moveis decoracao,0
2017-07-09,moveis decoracao,0
2017-07-16,moveis decoracao,0
2017-07-23,moveis decoracao,1
2017-07-30,moveis decoracao,0
2017-08-06,moveis decoracao,0
2017-08-13,moveis decoracao,0
2017-08-20,moveis decoracao,0
2017-08-27,moveis decoracao,0
2017-09-03,moveis decoracao,1
2017-09-10,moveis decoracao,0
2017-09-17,moveis decoracao,0
2017-09-24,moveis decoracao,0
2017-10-01,moveis decoracao,0
2017-10-08,moveis decoracao,0
2017-10-15,moveis decoracao,0
2017-10-22,moveis decoracao,0
2017-10-29,moveis decoracao,0
2017-11-05,moveis decoracao,0
2017-11-12,moveis decoracao,1
2017-11-19,moveis decoracao,0
2017-11-26,moveis decoracao,0
2017-12-03,moveis decoracao,0
2017-12-10,moveis decoracao,0
2017-12-17,moveis decoracao,0
2017-12-24,moveis decoracao,0
2017-12-31,moveis decoracao,0
2018-01-07,moveis decoracao,0
2018-01-14,moveis decoracao,0
2018-01-21,moveis decoracao,1
2018-01-28,moveis decoracao,0
2018-02-04,moveis decoracao,0
2018-02-11,moveis decoracao,0
2018-02-18,moveis decoracao,0
2018-02-25,moveis decoracao,0
2018-03-04,moveis decoracao,0
2018-03-11,moveis decoracao,0
2018-03-18,moveis decoracao,0
2018-03-25,moveis decoracao,0
2018-04-01,moveis decoracao,0
2018-04-08,moveis decoracao,0
2018-04-15,moveis decoracao,0
2018-04-22,moveis decoracao,0
2018-04-29,moveis decoracao,0
2018-05-06,moveis decoracao,0
2018-05-13,moveis decoracao,0
2018-05-20,moveis decoracao,0
2018-05-27,moveis decoracao,0
2018-06-03,moveis decoracao,0
2018-06-10,moveis decoracao,0
2018-06-17,moveis decoracao,0
2018-06-24,moveis decoracao,0
2018-07-01,moveis decoracao,0
2018-07-08,moveis decoracao,0
2018-07-15,moveis decoracao,0
2018-07-22,moveis decoracao,0
2018-07-29,moveis decoracao,0
2018-08-05,moveis decoracao,0
2018-08-12,moveis decoracao,0
2018-08-19,moveis decoracao,0
2018-08-26,moveis decoracao,0
2018-09-02,moveis decoracao,0
2018-09-09,moveis decoracao,0
2018-09-16,moveis decoracao,0
2018-09-23,moveis decoracao,0
2018-09-30,moveis decoracao,0
2018-10-07,moveis decoracao,0
2018-10-14,moveis decoracao,0
2018-10-21,moveis decoracao,0
2018-10-28,moveis decoracao,0
2018-11-04,moveis decoracao,0
2018-11-11,moveis decoracao,0
2018-11-18,moveis decoracao,0
2018-11-25,moveis decoracao,0
2018-12-02,moveis decoracao,0
2018-12-09,moveis decoracao,0
2018-12-16,moveis decoracao,0
2018-12-23,moveis decoracao,0
2018-12-30,moveis decoracao,0
2015-12-27,eletrodomesticos,4
2016-01-03,eletrodomesticos,6
2016-01-10,eletrodomesticos,5
2016-01-17,eletrodomesticos,4
2016-01-24,eletrodomesticos,4
2016-01-31,eletrodomesticos,4
2016-02-07,eletrodomesticos,5
2016-02-14,eletrodomesticos,4
2016-02-21,eletrodomesticos,4
2016-02-28,eletrodomesticos,4
2016-03-06,eletrodomesticos,4
2016-03-13,eletrodomesticos,4
2016-03-20,eletrodomesticos,4
2016-03-27,eletrodomesticos,4
2016-04-03,eletrodomesticos,4
2016-04-10,eletrodomesticos,5
2016-04-17,eletrodomesticos,4
2016-04-24,eletrodomesticos,4
2016-05-01,eletrodomesticos,4
2016-05-08,eletrodomesticos,4
2016-05-15,eletrodomesticos,4
2016-05-22,eletrodomesticos,4
2016-05-29,eletrodomesticos,4
2016-06-05,eletrodomesticos,4
2016-06-12,eletrodomesticos,4
2016-06-19,eletrodomesticos,4
2016-06-26,eletrodomesticos,4
2016-07-03,eletrodomesticos,4
2016-07-10,eletrodomesticos,4
2016-07-17,eletrodomesticos,4
2016-07-24,eletrodomesticos,4
2016-07-31,eletrodomesticos,4
2016-08-07,eletrodomesticos,4
2016-08-14,eletrodomesticos,3
2016-08-21,eletrodomesticos,4
2016-08-28,eletrodomesticos,4
2016-09-04,eletrodomesticos,4
2016-09-11,eletrodomesticos,4
2016-09-18,eletrodomesticos,4
2016-09-25,eletrodomesticos,4
2016-10-02,eletrodomesticos,3
2016-10-09,eletrodomesticos,4
2016-10-16,eletrodomesticos,4
2016-10-23,eletrodomesticos,4
2016-10-30,eletrodomesticos,4
2016-11-06,eletrodomesticos,4
2016-11-13,eletrodomesticos,16
2016-11-20,eletrodomesticos,7
2016-11-27,eletrodomesticos,4
2016-12-04,eletrodomesticos,4
2016-12-11,eletrodomesticos,4
2016-12-18,eletrodomesticos,3
2016-12-25,eletrodomesticos,4
2017-01-01,eletrodomesticos,5
2017-01-08,eletrodomesticos,4
2017-01-15,eletrodomesticos,4
2017-01-22,eletrodomesticos,4
2017-01-29,eletrodomesticos,4
2017-02-05,eletrodomesticos,4
2017-02-12,eletrodomesticos,4
2017-02-19,eletrodomesticos,4
2017-02-26,eletrodomesticos,4
2017-03-05,eletrodomesticos,4
2017-03-12,eletrodomesticos,4
2017-03-19,eletrodomesticos,4
2017-03-26,eletrodomesticos,4
2017-04-02,eletrodomesticos,3
2017-04-09,eletrodomesticos,3
2017-04-16,eletrodomesticos,4
2017-04-23,eletrodomesticos,4
2017-04-30,eletrodomesticos,4
2017-05-07,eletrodomesticos,4
2017-05-14,eletrodomesticos,4
2017-05-21,eletrodomesticos,4
2017-05-28,eletrodomesticos,4
2017-06-04,eletrodomesticos,3
2017-06-11,eletrodomesticos,3
2017-06-18,eletrodomesticos,3
2017-06-25,eletrodomesticos,3
2017-07-02,eletrodomesticos,4
2017-07-09,eletrodomesticos,4
2017-07-16,eletrodomesticos,4
2017-07-23,eletrodomesticos,4
2017-07-30,eletrodomesticos,3
2017-08-06,eletrodomesticos,3
2017-08-13,eletrodomesticos,3
2017-08-20,eletrodomesticos,4
2017-08-27,eletrodomesticos,4
2017-09-03,eletrodomesticos,3
2017-09-10,eletrodomesticos,3
2017-09-17,eletrodomesticos,3
2017-09-24,eletrodomesticos,4
2017-10-01,eletrodomesticos,3
2017-10-08,eletrodomesticos,4
2017-10-15,eletrodomesticos,4
2017-10-22,eletrodomesticos,3
2017-10-29,eletrodomesticos,4
2017-11-05,eletrodomesticos,4
2017-11-12,eletrodomesticos,4
2017-11-19,eletrodomesticos,5
2017-11-26,eletrodomesticos,3
2017-12-03,eletrodomesticos,3
2017-12-10,eletrodomesticos,3
2017-12-17,eletrodomesticos,3
2017-12-24,eletrodomesticos,3
2017-12-31,eletrodomesticos,4
2018-01-07,eletrodomesticos,4
2018-01-14,eletrodomesticos,3
2018-01-21,eletrodomesticos,4
2018-01-28,eletrodomesticos,3
2018-02-04,eletrodomesticos,3
2018-02-11,eletrodomesticos,3
2018-02-18,eletrodomesticos,3
2018-02-25,eletrodomesticos,3
2018-03-04,eletrodomesticos,3
2018-03-11,eletrodomesticos,3
2018-03-18,eletrodomesticos,3
2018-03-25,eletrodomesticos,3
2018-04-01,eletrodomesticos,3
2018-04-08,eletrodomesticos,3
2018-04-15,eletrodomesticos,3
2018-04-22,eletrodomesticos,3
2018-04-29,eletrodomesticos,3
2018-05-06,eletrodomesticos,3
2018-05-13,eletrodomesticos,3
2018-05-20,eletrodomesticos,3
2018-05-27,eletrodomesticos,3
2018-06-03,eletrodomesticos,3
2018-06-10,eletrodomesticos,3
2018-06-17,eletrodomesticos,3
2018-06-24,eletrodomesticos,3
2018-07-01,eletrodomesticos,3
2018-07-08,eletrodomesticos,3
2018-07-15,eletrodomesticos,3
2018-07-22,eletrodomesticos,3
2018-07-29,eletrodomesticos,3
2018-08-05,eletrodomesticos,3
2018-08-12,eletrodomesticos,3
2018-08-19,eletrodomesticos,3
2018-08-26,eletrodomesticos,3
2018-09-02,eletrodomesticos,3
2018-09-09,eletrodomesticos,3
2018-09-16,eletrodomesticos,3
2018-09-23,eletrodomesticos,3
2018-09-30,eletrodomesticos,3
2018-10-07,eletrodomesticos,2
2018-10-14,eletrodomesticos,3
2018-10-21,eletrodomesticos,3
2018-10-28,eletrodomesticos,3
2018-11-04,eletrodomesticos,3
2018-11-11,eletrodomesticos,3
2018-11-18,eletrodomesticos,5
2018-11-25,eletrodomesticos,3
2018-12-02,eletrodomesticos,3
2018-12-09,eletrodomesticos,3
2018-12-16,eletrodomesticos,4
2018-12-23,eletrodomesticos,3
2018-12-30,eletrodomesticos,4
2015-12-27,brinquedos,47
2016-01-03,brinquedos,47
2016-01-10,brinquedos,46
2016-01-17,brinquedos,45
2016-01-24,brinquedos,46
2016-01-31,brinquedos,43
2016-02-07,brinquedos,45
2016-02-14,brinquedos,40
2016-02-21,brinquedos,43
2016-02-28,brinquedos,42
2016-03-06,brinquedos,40
2016-03-13,brinquedos,43
2016-03-20,brinquedos,43
2016-03-27,brinquedos,42
2016-04-03,brinquedos,44
2016-04-10,brinquedos,43
2016-04-17,brinquedos,44
2016-04-24,brinquedos,40
2016-05-01,brinquedos,39
2016-05-08,brinquedos,39
2016-05-15,brinquedos,42
2016-05-22,brinquedos,43
2016-05-29,brinquedos,45
2016-06-05,brinquedos,42
2016-06-12,brinquedos,40
2016-06-19,brinquedos,42
2016-06-26,brinquedos,43
2016-07-03,brinquedos,45
2016-07-10,brinquedos,46
2016-07-17,brinquedos,46
2016-07-24,brinquedos,46
2016-07-31,brinquedos,42
2016-08-07,brinquedos,40
2016-08-14,brinquedos,44
2016-08-21,brinquedos,47
2016-08-28,brinquedos,47
2016-09-04,brinquedos,50
2016-09-11,brinquedos,52
2016-09-18,brinquedos,58
2016-09-25,brinquedos,64
2016-10-02,brinquedos,90
2016-10-09,brinquedos,97
2016-10-16,brinquedos,48
2016-10-23,brinquedos,46
2016-10-30,brinquedos,47
2016-11-06,brinquedos,46
2016-11-13,brinquedos,54
2016-11-20,brinquedos,57
2016-11-27,brinquedos,57
2016-12-04,brinquedos,63
2016-12-11,brinquedos,68
2016-12-18,brinquedos,82
2016-12-25,brinquedos,43
2017-01-01,brinquedos,37
2017-01-08,brinquedos,42
2017-01-15,brinquedos,43
2017-01-22,brinquedos,41
2017-01-29,brinquedos,40
2017-02-05,brinquedos,39
2017-02-12,brinquedos,37
2017-02-19,brinquedos,36
2017-02-26,brinquedos,41
2017-03-05,brinquedos,40
2017-03-12,brinquedos,40
2017-03-19,brinquedos,39
2017-03-26,brinquedos,40
2017-04-02,brinquedos,39
2017-04-09,brinquedos,37
2017-04-16,brinquedos,38
2017-04-23,brinquedos,38
2017-04-30,brinquedos,39
2017-05-07,brinquedos,37
2017-05-14,brinquedos,39
2017-05-21,brinquedos,42
2017-05-28,brinquedos,45
2017-06-04,brinquedos,48
2017-06-11,brinquedos,43
2017-06-18,brinquedos,45
2017-06-25,brinquedos,45
2017-07-02,brinquedos,45
2017-07-09,brinquedos,47
2017-07-16,brinquedos,46
2017-07-23,brinquedos,47
2017-07-30,brinquedos,47
2017-08-06,brinquedos,46
2017-08-13,brinquedos,49
2017-08-20,brinquedos,51
2017-08-27,brinquedos,47
2017-09-03,brinquedos,48
2017-09-10,brinquedos,51
2017-09-17,brinquedos,58
2017-09-24,brinquedos,65
2017-10-01,brinquedos,86
2017-10-08,brinquedos,100
2017-10-15,brinquedos,50
2017-10-22,brinquedos,48
2017-10-29,brinquedos,45
2017-11-05,brinquedos,50
2017-11-12,brinquedos,49
2017-11-19,brinquedos,55
2017-11-26,brinquedos,58
2017-12-03,brinquedos,64
2017-12-10,brinquedos,68
2017-12-17,brinquedos,83
2017-12-24,brinquedos,48
2017-12-31,brinquedos,39
2018-01-07,brinquedos,46
2018-01-14,brinquedos,40
2018-01-21,brinquedos,39
2018-01-28,brinquedos,37
2018-02-04,brinquedos,34
2018-02-11,brinquedos,39
2018-02-18,brinquedos,40
2018-02-25,brinquedos,39
2018-03-04,brinquedos,39
2018-03-11,brinquedos,40
2018-03-18,brinquedos,38
2018-03-25,brinquedos,38
2018-04-01,brinquedos,36
2018-04-08,brinquedos,40
2018-04-15,brinquedos,39
2018-04-22,brinquedos,37
2018-04-29,brinquedos,41
2018-05-06,brinquedos,37
2018-05-13,brinquedos,38
2018-05-20,brinquedos,38
2018-05-27,brinquedos,40
2018-06-03,brinquedos,40
2018-06-10,brinquedos,38
2018-06-17,brinquedos,39
2018-06-24,brinquedos,38
2018-07-01,brinquedos,43
2018-07-08,brinquedos,43
2018-07-15,brinquedos,47
2018-07-22,brinquedos,46
2018-07-29,brinquedos,43
2018-08-05,brinquedos,44
2018-08-12,brinquedos,44
2018-08-19,brinquedos,46
2018-08-26,brinquedos,46
2018-09-02,brinquedos,50
2018-09-09,brinquedos,50
2018-09-16,brinquedos,51
2018-09-23,brinquedos,55
2018-09-30,brinquedos,70
2018-10-07,brinquedos,86
2018-10-14,brinquedos,49
2018-10-21,brinquedos,41
2018-10-28,brinquedos,41
2018-11-04,brinquedos,45
2018-11-11,brinquedos,44
2018-11-18,brinquedos,50
2018-11-25,brinquedos,56
2018-12-02,brinquedos,61
2018-12-09,brinquedos,65
2018-12-16,brinquedos,77
2018-12-23,brinquedos,53
2018-12-30,brinquedos,37
2015-12-27,cama mesa banho,53
2016-01-03,cama mesa banho,69
2016-01-10,cama mesa banho,88
2016-01-17,cama mesa banho,73
2016-01-24,cama mesa banho,69
2016-01-31,cama mesa banho,66
2016-02-07,cama mesa banho,70
2016-02-14,cama mesa banho,65
2016-02-21,cama mesa banho,75
2016-02-28,cama mesa banho,76
2016-03-06,cama mesa banho,65
2016-03-13,cama mesa banho,66
2016-03-20,cama mesa banho,63
2016-03-27,cama mesa banho,62
2016-04-03,cama mesa banho,69
2016-04-10,cama mesa banho,61
2016-04-17,cama mesa banho,67
2016-04-24,cama mesa banho,68
2016-05-01,cama mesa banho,80
2016-05-08,cama mesa banho,65
2016-05-15,cama mesa banho,67
2016-05-22,cama mesa banho,64
2016-05-29,cama mesa banho,67
2016-06-05,cama mesa banho,80
2016-06-12,cama mesa banho,81
2016-06-19,cama mesa banho,66
2016-06-26,cama mesa banho,73
2016-07-03,cama mesa banho,74
2016-07-10,cama mesa banho,68
2016-07-17,cama mesa banho,65
2016-07-24,cama mesa banho,70
2016-07-31,cama mesa banho,62
2016-08-07,cama mesa banho,60
2016-08-14,cama mesa banho,55
2016-08-21,cama mesa banho,72
2016-08-28,cama mesa banho,56
2016-09-04,cama mesa banho,57
2016-09-11,cama mesa banho,62
2016-09-18,cama mesa banho,60
2016-09-25,cama mesa banho,58
2016-10-02,cama mesa banho,59
2016-10-09,cama mesa banho,65
2016-10-16,cama mesa banho,65
2016-10-23,cama mesa banho,67
2016-10-30,cama mesa banho,70
2016-11-06,cama mesa banho,80
2016-11-13,cama mesa banho,87
2016-11-20,cama mesa banho,100
2016-11-27,cama mesa banho,63
2016-12-04,cama mesa banho,64
2016-12-11,cama mesa banho,62
2016-12-18,cama mesa banho,63
2016-12-25,cama mesa banho,47
2017-01-01,cama mesa banho,62
2017-01-08,cama mesa banho,69
2017-01-15,cama mesa banho,71
2017-01-22,cama mesa banho,77
2017-01-29,cama mesa banho,64
2017-02-05,cama mesa banho,62
2017-02-12,cama mesa banho,60
2017-02-19,cama mesa banho,63
2017-02-26,cama mesa banho,60
2017-03-05,cama mesa banho,67
2017-03-12,cama mesa banho,65
2017-03-19,cama mesa banho,72
2017-03-26,cama mesa banho,70
2017-04-02,cama mesa banho,70
2017-04-09,cama mesa banho,65
2017-04-16,cama mesa banho,67
2017-04-23,cama mesa banho,76
2017-04-30,cama mesa banho,74
2017-05-07,cama mesa banho,61
2017-05-14,cama mesa banho,69
2017-05-21,cama mesa banho,77
2017-05-28,cama mesa banho,65
2017-06-04,cama mesa banho,67
2017-06-11,cama mesa banho,63
2017-06-18,cama mesa banho,61
2017-06-25,cama mesa banho,69
2017-07-02,cama mesa banho,80
2017-07-09,cama mesa banho,81
2017-07-16,cama mesa banho,72
2017-07-23,cama mesa banho,66
2017-07-30,cama mesa banho,68
2017-08-06,cama mesa banho,59
2017-08-13,cama mesa banho,63
2017-08-20,cama mesa banho,64
2017-08-27,cama mesa banho,64
2017-09-03,cama mesa banho,67
2017-09-10,cama mesa banho,50
2017-09-17,cama mesa banho,52
2017-09-24,cama mesa banho,58
2017-10-01,cama mesa banho,51
2017-10-08,cama mesa banho,55
2017-10-15,cama mesa banho,52
2017-10-22,cama mesa banho,59
2017-10-29,cama mesa banho,60
2017-11-05,cama mesa banho,56
2017-11-12,cama mesa banho,60
2017-11-19,cama mesa banho,85
2017-11-26,cama mesa banho,71
2017-12-03,cama mesa banho,59
2017-12-10,cama mesa banho,57
2017-12-17,cama mesa banho,54
2017-12-24,cama mesa banho,52
2017-12-31,cama mesa banho,58
2018-01-07,cama mesa banho,63
2018-01-14,cama mesa banho,67
2018-01-21,cama mesa banho,54
2018-01-28,cama mesa banho,59
2018-02-04,cama mesa banho,63
2018-02-11,cama mesa banho,69
2018-02-18,cama mesa banho,63
2018-02-25,cama mesa banho,55
2018-03-04,cama mesa banho,53
2018-03-11,cama mesa banho,58
2018-03-18,cama mesa banho,55
2018-03-25,cama mesa banho,60
2018-04-01,cama mesa banho,66
2018-04-08,cama mesa banho,60
2018-04-15,cama mesa banho,63
2018-04-22,cama mesa banho,66
2018-04-29,cama mesa banho,63
2018-05-06,cama mesa banho,56
2018-05-13,cama mesa banho,62
2018-05-20,cama mesa banho,60
2018-05-27,cama mesa banho,56
2018-06-03,cama mesa banho,54
2018-06-10,cama mesa banho,49
2018-06-17,cama mesa banho,58
2018-06-24,cama mesa banho,56
2018-07-01,cama mesa banho,60
2018-07-08,cama mesa banho,74
2018-07-15,cama mesa banho,62
2018-07-22,cama mesa banho,60
2018-07-29,cama mesa banho,52
2018-08-05,cama mesa banho,60
2018-08-12,cama mesa banho,58
2018-08-19,cama mesa banho,61
2018-08-26,cama mesa banho,50
2018-09-02,cama mesa banho,59
2018-09-09,cama mesa banho,55
2018-09-16,cama mesa banho,58
2018-09-23,cama mesa banho,60
2018-09-30,cama mesa banho,57
2018-10-07,cama mesa banho,49
2018-10-14,cama mesa banho,53
2018-10-21,cama mesa banho,55
2018-10-28,cama mesa banho,57
2018-11-04,cama mesa banho,72
2018-11-11,cama mesa banho,59
2018-11-18,cama mesa banho,75
2018-11-25,cama mesa banho,58
2018-12-02,cama mesa banho,60
2018-12-09,cama mesa banho,61
2018-12-16,cama mesa banho,52
2018-12-23,cama mesa banho,57
2018-12-30,cama mesa banho,47
2015-12-27,construcao ferramentas seguranca,0
2016-01-03,construcao ferramentas seguranca,0
2016-01-10,construcao ferramentas seguranca,0
2016-01-17,construcao ferramentas seguranca,0
2016-01-24,construcao ferramentas seguranca,0
2016-01-31,construcao ferramentas seguranca,0
2016-02-07,construcao ferramentas seguranca,0
2016-02-14,construcao ferramentas seguranca,0
2016-02-21,construcao ferramentas seguranca,0
2016-02-28,construcao ferramentas seguranca,0
2016-03-06,construcao ferramentas seguranca,0
2016-03-13,construcao ferramentas seguranca,0
2016-03-20,construcao ferramentas seguranca,0
2016-03-27,construcao ferramentas seguranca,0
2016-04-03,construcao ferramentas seguranca,0
2016-04-10,construcao ferramentas seguranca,0
2016-04-17,construcao ferramentas seguranca,0
2016-04-24,construcao ferramentas seguranca,0
2016-05-01,construcao ferramentas seguranca,0
2016-05-08,construcao ferramentas seguranca,0
2016-05-15,construcao ferramentas seguranca,0
2016-05-22,construcao ferramentas seguranca,0
2016-05-29,construcao ferramentas seguranca,0
2016-06-05,construcao ferramentas seguranca,0
2016-06-12,construcao ferramentas seguranca,0
2016-06-19,construcao ferramentas seguranca,0
2016-06-26,construcao ferramentas seguranca,0
2016-07-03,construcao ferramentas seguranca,0
2016-07-10,construcao ferramentas seguranca,0
2016-07-17,construcao ferramentas seguranca,5
2016-07-24,construcao ferramentas seguranca,0
2016-07-31,construcao ferramentas seguranca,0
2016-08-07,construcao ferramentas seguranca,0
2016-08-14,construcao ferramentas seguranca,0
2016-08-21,construcao ferramentas seguranca,0
2016-08-28,construcao ferramentas seguranca,0
2016-09-04,construcao ferramentas seguranca,0
2016-09-11,construcao ferramentas seguranca,0
2016-09-18,construcao ferramentas seguranca,0
2016-09-25,construcao ferramentas seguranca,0
2016-10-02,construcao ferramentas seguranca,0
2016-10-09,construcao ferramentas seguranca,0
2016-10-16,construcao ferramentas seguranca,0
2016-10-23,construcao ferramentas seguranca,0
2016-10-30,construcao ferramentas seguranca,0
2016-11-06,construcao ferramentas seguranca,0
2016-11-13,construcao ferramentas seguranca,0
2016-11-20,construcao ferramentas seguranca,0
2016-11-27,construcao ferramentas seguranca,0
2016-12-04,construcao ferramentas seguranca,0
2016-12-11,construcao ferramentas seguranca,0
2016-12-18,construcao ferramentas seguranca,0
2016-12-25,construcao ferramentas seguranca,0
2017-01-01,construcao ferramentas seguranca,0
2017-01-08,construcao ferramentas seguranca,0
2017-01-15,construcao ferramentas seguranca,0
2017-01-22,construcao ferramentas seguranca,0
2017-01-29,construcao ferramentas seguranca,0
2017-02-05,construcao ferramentas seguranca,0
2017-02-12,construcao ferramentas seguranca,0
2017-02-19,construcao ferramentas seguranca,0
2017-02-26,construcao ferramentas seguranca,0
2017-03-05,construcao ferramentas seguranca,0
2017-03-12,construcao ferramentas seguranca,0
2017-03-19,construcao ferramentas seguranca,0
2017-03-26,construcao ferramentas seguranca,0
2017-04-02,construcao ferramentas seguranca,0
2017-04-09,construcao ferramentas seguranca,0
2017-04-16,construcao ferramentas seguranca,0
2017-04-23,construcao ferramentas seguranca,0
2017-04-30,construcao ferramentas seguranca,0
2017-05-07,construcao ferramentas seguranca,0
2017-05-14,construcao ferramentas seguranca,0
2017-05-21,construcao ferramentas seguranca,0
2017-05-28,construcao ferramentas seguranca,0
2017-06-04,construcao ferramentas seguranca,0
2017-06-11,construcao ferramentas seguranca,0
2017-06-18,construcao ferramentas seguranca,0
2017-06-25,construcao ferramentas seguranca,0
2017-07-02,construcao ferramentas seguranca,0
2017-07-09,construcao ferramentas seguranca,0
2017-07-16,construcao ferramentas seguranca,0
2017-07-23,construcao ferramentas seguranca,0
2017-07-30,construcao ferramentas seguranca,0
2017-08-06,construcao ferramentas seguranca,0
2017-08-13,construcao ferramentas seguranca,0
2017-08-20,construcao ferramentas seguranca,0
2017-08-27,construcao ferramentas seguranca,0
2017-09-03,construcao ferramentas seguranca,0
2017-09-10,construcao ferramentas seguranca,5
2017-09-17,construcao ferramentas seguranca,0
2017-09-24,construcao ferramentas seguranca,0
2017-10-01,construcao ferramentas seguranca,0
2017-10-08,construcao ferramentas seguranca,0
2017-10-15,construcao ferramentas seguranca,0
2017-10-22,construcao ferramentas seguranca,0
2017-10-29,construcao ferramentas seguranca,0
2017-11-05,construcao ferramentas seguranca,0
2017-11-12,construcao ferramentas seguranca,0
2017-11-19,construcao ferramentas seguranca,0
2017-11-26,construcao ferramentas seguranca,0
2017-12-03,construcao ferramentas seguranca,0
2017-12-10,construcao ferramentas seguranca,0
2017-12-17,construcao ferramentas seguranca,0
2017-12-24,construcao ferramentas seguranca,0
2017-12-31,construcao ferramentas seguranca,0
2018-01-07,construcao ferramentas seguranca,0
2018-01-14,construcao ferramentas seguranca,0
2018-01-21,construcao ferramentas seguranca,0
2018-01-28,construcao ferramentas seguranca,0
2018-02-04,construcao ferramentas seguranca,0
2018-02-11,construcao ferramentas seguranca,0
2018-02-18,construcao ferramentas seguranca,0
2018-02-25,construcao ferramentas seguranca,0
2018-03-04,construcao ferramentas seguranca,0
2018-03-11,construcao ferramentas seguranca,0
2018-03-18,construcao ferramentas seguranca,0
2018-03-25,construcao ferramentas seguranca,0
2018-04-01,construcao ferramentas seguranca,0
2018-04-08,construcao ferramentas seguranca,0
2018-04-15,construcao ferramentas seguranca,0
2018-04-22,construcao ferramentas seguranca,0
2018-04-29,construcao ferramentas seguranca,0
2018-05-06,construcao ferramentas seguranca,0
2018-05-13,construcao ferramentas seguranca,0
2018-05-20,construcao ferramentas seguranca,0
2018-05-27,construcao ferramentas seguranca,0
2018-06-03,construcao ferramentas seguranca,0
2018-06-10,construcao ferramentas seguranca,0
2018-06-17,construcao ferramentas seguranca,0
2018-06-24,construcao ferramentas seguranca,0
2018-07-01,construcao ferramentas seguranca,0
2018-07-08,construcao ferramentas seguranca,0
2018-07-15,construcao ferramentas seguranca,0
2018-07-22,construcao ferramentas seguranca,0
2018-07-29,construcao ferramentas seguranca,0
2018-08-05,construcao ferramentas seguranca,0
2018-08-12,construcao ferramentas seguranca,0
2018-08-19,construcao ferramentas seguranca,0
2018-08-26,construcao ferramentas seguranca,0
2018-09-02,construcao ferramentas seguranca,0
2018-09-09,construcao ferramentas seguranca,0
2018-09-16,construcao ferramentas seguranca,0
2018-09-23,construcao ferramentas seguranca,0
2018-09-30,construcao ferramentas seguranca,0
2018-10-07,construcao ferramentas seguranca,0
2018-10-14,construcao ferramentas seguranca,0
2018-10-21,construcao ferramentas seguranca,0
2018-10-28,construcao ferramentas seguranca,0
2018-11-04,construcao ferramentas seguranca,0
2018-11-11,construcao ferramentas seguranca,0
2018-11-18,construcao ferramentas seguranca,0
2018-11-25,construcao ferramentas seguranca,0
2018-12-02,construcao ferramentas seguranca,0
2018-12-09,construcao ferramentas seguranca,0
2018-12-16,construcao ferramentas seguranca,0
2018-12-23,construcao ferramentas seguranca,0
2018-12-30,construcao ferramentas seguranca,0
2015-12-27,informatica acessorios,6
2016-01-03,informatica acessorios,5
2016-01-10,informatica acessorios,0
2016-01-17,informatica acessorios,5
2016-01-24,informatica acessorios,5
2016-01-31,informatica acessorios,5
2016-02-07,informatica acessorios,0
2016-02-14,informatica acessorios,6
2016-02-21,informatica acessorios,5
2016-02-28,informatica acessorios,0
2016-03-06,informatica acessorios,7
2016-03-13,informatica acessorios,0
2016-03-20,informatica acessorios,5
2016-03-27,informatica acessorios,7
2016-04-03,informatica acessorios,7
2016-04-10,informatica acessorios,6
2016-04-17,informatica acessorios,0
2016-04-24,informatica acessorios,4
2016-05-01,informatica acessorios,0
2016-05-08,informatica acessorios,5
2016-05-15,informatica acessorios,10
2016-05-22,informatica acessorios,6
2016-05-29,informatica acessorios,5
2016-06-05,informatica acessorios,0
2016-06-12,informatica acessorios,0
2016-06-19,informatica acessorios,5
2016-06-26,informatica acessorios,7
2016-07-03,informatica acessorios,0
2016-07-10,informatica acessorios,0
2016-07-17,informatica acessorios,6
2016-07-24,informatica acessorios,6
2016-07-31,informatica acessorios,7
2016-08-07,informatica acessorios,5
2016-08-14,informatica acessorios,6
2016-08-21,informatica acessorios,0
2016-08-28,informatica acessorios,5
2016-09-04,informatica acessorios,0
2016-09-11,informatica acessorios,0
2016-09-18,informatica acessorios,0
2016-09-25,informatica acessorios,6
2016-10-02,informatica acessorios,0
2016-10-09,informatica acessorios,0
2016-10-16,informatica acessorios,5
2016-10-23,informatica acessorios,6
2016-10-30,informatica acessorios,0
2016-11-06,informatica acessorios,0
2016-11-13,informatica acessorios,0
2016-11-20,informatica acessorios,5
2016-11-27,informatica acessorios,0
2016-12-04,informatica acessorios,5
2016-12-11,informatica acessorios,0
2016-12-18,informatica acessorios,6
2016-12-25,informatica acessorios,0
2017-01-01,informatica acessorios,0
2017-01-08,informatica acessorios,5
2017-01-15,informatica acessorios,6
2017-01-22,informatica acessorios,6
2017-01-29,informatica acessorios,5
2017-02-05,informatica acessorios,6
2017-02-12,informatica acessorios,5
2017-02-19,informatica acessorios,5
2017-02-26,informatica acessorios,5
2017-03-05,informatica acessorios,5
2017-03-12,informatica acessorios,6
2017-03-19,informatica acessorios,6
2017-03-26,informatica acessorios,5
2017-04-02,informatica acessorios,7
2017-04-09,informatica acessorios,5
2017-04-16,informatica acessorios,4
2017-04-23,informatica acessorios,8
2017-04-30,informatica acessorios,5
2017-05-07,informatica acessorios,0
2017-05-14,informatica acessorios,0
2017-05-21,informatica acessorios,6
2017-05-28,informatica acessorios,9
2017-06-04,informatica acessorios,0
2017-06-11,informatica acessorios,0
2017-06-18,informatica acessorios,5
2017-06-25,informatica acessorios,5
2017-07-02,informatica acessorios,0
2017-07-09,informatica acessorios,6
2017-07-16,informatica acessorios,8
2017-07-23,informatica acessorios,0
2017-07-30,informatica acessorios,4
2017-08-06,informatica acessorios,6
2017-08-13,informatica acessorios,0
2017-08-20,informatica acessorios,5
2017-08-27,informatica acessorios,4
2017-09-03,informatica acessorios,0
2017-09-10,informatica acessorios,5
2017-09-17,informatica acessorios,0
2017-09-24,informatica acessorios,6
2017-10-01,informatica acessorios,5
2017-10-08,informatica acessorios,0
2017-10-15,informatica acessorios,0
2017-10-22,informatica acessorios,5
2017-10-29,informatica acessorios,4
2017-11-05,informatica acessorios,0
2017-11-12,informatica acessorios,4
2017-11-19,informatica acessorios,0
2017-11-26,informatica acessorios,0
2017-12-03,informatica acessorios,0
2017-12-10,informatica acessorios,0
2017-12-17,informatica acessorios,6
2017-12-24,informatica acessorios,0
2017-12-31,informatica acessorios,7
2018-01-07,informatica acessorios,7
2018-01-14,informatica acessorios,4
2018-01-21,informatica acessorios,5
2018-01-28,informatica acessorios,4
2018-02-04,informatica acessorios,0
2018-02-11,informatica acessorios,6
2018-02-18,informatica acessorios,7
2018-02-25,informatica acessorios,0
2018-03-04,informatica acessorios,4
2018-03-11,informatica acessorios,4
2018-03-18,informatica acessorios,0
2018-03-25,informatica acessorios,6
2018-04-01,informatica acessorios,0
2018-04-08,informatica acessorios,4
2018-04-15,informatica acessorios,5
2018-04-22,informatica acessorios,0
2018-04-29,informatica acessorios,0
2018-05-06,informatica acessorios,4
2018-05-13,informatica acessorios,0
2018-05-20,informatica acessorios,6
2018-05-27,informatica acessorios,0
2018-06-03,informatica acessorios,5
2018-06-10,informatica acessorios,4
2018-06-17,informatica acessorios,4
2018-06-24,informatica acessorios,5
2018-07-01,informatica acessorios,0
2018-07-08,informatica acessorios,0
2018-07-15,informatica acessorios,5
2018-07-22,informatica acessorios,6
2018-07-29,informatica acessorios,0
2018-08-05,informatica acessorios,4
2018-08-12,informatica acessorios,6
2018-08-19,informatica acessorios,6
2018-08-26,informatica acessorios,4
2018-09-02,informatica acessorios,4
2018-09-09,informatica acessorios,0
2018-09-16,informatica acessorios,0
2018-09-23,informatica acessorios,0
2018-09-30,informatica acessorios,0
2018-10-07,informatica acessorios,0
2018-10-14,informatica acessorios,4
2018-10-21,informatica acessorios,0
2018-10-28,informatica acessorios,6
2018-11-04,informatica acessorios,0
2018-11-11,informatica acessorios,5
2018-11-18,informatica acessorios,0
2018-11-25,informatica acessorios,4
2018-12-02,informatica acessorios,0
2018-12-09,informatica acessorios,5
2018-12-16,informatica acessorios,0
2018-12-23,informatica acessorios,0
2018-12-30,informatica acessorios,0
2015-12-27,beleza saude,19
2016-01-03,beleza saude,16
2016-01-10,beleza saude,16
2016-01-17,beleza saude,16
2016-01-24,beleza saude,19
2016-01-31,beleza saude,14
2016-02-07,beleza saude,15
2016-02-14,beleza saude,18
2016-02-21,beleza saude,20
2016-02-28,beleza saude,20
2016-03-06,beleza saude,23
2016-03-13,beleza saude,20
2016-03-20,beleza saude,21
2016-03-27,beleza saude,26
2016-04-03,beleza saude,27
2016-04-10,beleza saude,28
2016-04-17,beleza saude,20
2016-04-24,beleza saude,24
2016-05-01,beleza saude,19
2016-05-08,beleza saude,23
2016-05-15,beleza saude,25
2016-05-22,beleza saude,19
2016-05-29,beleza saude,22
2016-06-05,beleza saude,24
2016-06-12,beleza saude,26
2016-06-19,beleza saude,19
2016-06-26,beleza saude,17
2016-07-03,beleza saude,22
2016-07-10,beleza saude,17
2016-07-17,beleza saude,15
2016-07-24,beleza saude,17
2016-07-31,beleza saude,20
2016-08-07,beleza saude,20
2016-08-14,beleza saude,16
2016-08-21,beleza saude,22
2016-08-28,beleza saude,25
2016-09-04,beleza saude,25
2016-09-11,beleza saude,28
2016-09-18,beleza saude,23
2016-09-25,beleza saude,23
2016-10-02,beleza saude,17
2016-10-09,beleza saude,21
2016-10-16,beleza saude,17
2016-10-23,beleza saude,20
2016-10-30,beleza saude,29
2016-11-06,beleza saude,22
2016-11-13,beleza saude,21
2016-11-20,beleza saude,20
2016-11-27,beleza saude,22
2016-12-04,beleza saude,15
2016-12-11,beleza saude,19
2016-12-18,beleza saude,11
2016-12-25,beleza saude,18
2017-01-01,beleza saude,13
2017-01-08,beleza saude,20
2017-01-15,beleza saude,16
2017-01-22,beleza saude,16
2017-01-29,beleza saude,16
2017-02-05,beleza saude,15
2017-02-12,beleza saude,21
2017-02-19,beleza saude,21
2017-02-26,beleza saude,19
2017-03-05,beleza saude,26
2017-03-12,beleza saude,21
2017-03-19,beleza saude,25
2017-03-26,beleza saude,21
2017-04-02,beleza saude,25
2017-04-09,beleza saude,27
2017-04-16,beleza saude,17
2017-04-23,beleza saude,20
2017-04-30,beleza saude,19
2017-05-07,beleza saude,21
2017-05-14,beleza saude,20
2017-05-21,beleza saude,20
2017-05-28,beleza saude,16
2017-06-04,beleza saude,31
2017-06-11,beleza saude,18
2017-06-18,beleza saude,19
2017-06-25,beleza saude,15
2017-07-02,beleza saude,17
2017-07-09,beleza saude,19
2017-07-16,beleza saude,16
2017-07-23,beleza saude,17
2017-07-30,beleza saude,18
2017-08-06,beleza saude,27
2017-08-13,beleza saude,21
2017-08-20,beleza saude,20
2017-08-27,beleza saude,26
2017-09-03,beleza saude,18
2017-09-10,beleza saude,19
2017-09-17,beleza saude,21
2017-09-24,beleza saude,27
2017-10-01,beleza saude,20
2017-10-08,beleza saude,19
2017-10-15,beleza saude,15
2017-10-22,beleza saude,23
2017-10-29,beleza saude,21
2017-11-05,beleza saude,20
2017-11-12,beleza saude,22
2017-11-19,beleza saude,18
2017-11-26,beleza saude,17
2017-12-03,beleza saude,20
2017-12-10,beleza saude,19
2017-12-17,beleza saude,13
2017-12-24,beleza saude,8
2017-12-31,beleza saude,10
2018-01-07,beleza saude,23
2018-01-14,beleza saude,17
2018-01-21,beleza saude,14
2018-01-28,beleza saude,9
2018-02-04,beleza saude,16
2018-02-11,beleza saude,14
2018-02-18,beleza saude,16
2018-02-25,beleza saude,18
2018-03-04,beleza saude,22
2018-03-11,beleza saude,21
2018-03-18,beleza saude,19
2018-03-25,beleza saude,18
2018-04-01,beleza saude,18
2018-04-08,beleza saude,17
2018-04-15,beleza saude,20
2018-04-22,beleza saude,22
2018-04-29,beleza saude,20
2018-05-06,beleza saude,20
2018-05-13,beleza saude,17
2018-05-20,beleza saude,18
2018-05-27,beleza saude,14
2018-06-03,beleza saude,23
2018-06-10,beleza saude,21
2018-06-17,beleza saude,17
2018-06-24,beleza saude,14
2018-07-01,beleza saude,16
2018-07-08,beleza saude,12
2018-07-15,beleza saude,19
2018-07-22,beleza saude,20
2018-07-29,beleza saude,18
2018-08-05,beleza saude,19
2018-08-12,beleza saude,19
2018-08-19,beleza saude,21
2018-08-26,beleza saude,18
2018-09-02,beleza saude,25
2018-09-09,beleza saude,16
2018-09-16,beleza saude,26
2018-09-23,beleza saude,21
2018-09-30,beleza saude,18
2018-10-07,beleza saude,14
2018-10-14,beleza saude,16
2018-10-21,beleza saude,20
2018-10-28,beleza saude,15
2018-11-04,beleza saude,21
2018-11-11,beleza saude,18
2018-11-18,beleza saude,19
2018-11-25,beleza saude,19
2018-12-02,beleza saude,20
2018-12-09,beleza saude,13
2018-12-16,beleza saude,11
2018-12-23,beleza saude,11
2018-12-30,beleza saude,10
2015-12-27,malas acessorios,0
2016-01-03,malas acessorios,0
2016-01-10,malas acessorios,0
2016-01-17,malas acessorios,0
2016-01-24,malas acessorios,5
2016-01-31,malas acessorios,0
2016-02-07,malas acessorios,0
2016-02-14,malas acessorios,0
2016-02-21,malas acessorios,0
2016-02-28,malas acessorios,0
2016-03-06,malas acessorios,0
2016-03-13,malas acessorios,5
2016-03-20,malas acessorios,0
2016-03-27,malas acessorios,0
2016-04-03,malas acessorios,0
2016-04-10,malas acessorios,0
2016-04-17,malas acessorios,0
2016-04-24,malas acessorios,0
2016-05-01,malas acessorios,0
2016-05-08,malas acessorios,0
2016-05-15,malas acessorios,0
2016-05-22,malas acessorios,0
2016-05-29,malas acessorios,0
2016-06-05,malas acessorios,0
2016-06-12,malas acessorios,0
2016-06-19,malas acessorios,0
2016-06-26,malas acessorios,0
2016-07-03,malas acessorios,0
2016-07-10,malas acessorios,0
2016-07-17,malas acessorios,0
2016-07-24,malas acessorios,0
2016-07-31,malas acessorios,0
2016-08-07,malas acessorios,0
2016-08-14,malas acessorios,0
2016-08-21,malas acessorios,0
2016-08-28,malas acessorios,0
2016-09-04,malas acessorios,0
2016-09-11,malas acessorios,0
2016-09-18,malas acessorios,0
2016-09-25,malas acessorios,0
2016-10-02,malas acessorios,0
2016-10-09,malas acessorios,0
2016-10-16,malas acessorios,0
2016-10-23,malas acessorios,0
2016-10-30,malas acessorios,0
2016-11-06,malas acessorios,0
2016-11-13,malas acessorios,0
2016-11-20,malas acessorios,0
2016-11-27,malas acessorios,0
2016-12-04,malas acessorios,0
2016-12-11,malas acessorios,0
2016-12-18,malas acessorios,0
2016-12-25,malas acessorios,0
2017-01-01,malas acessorios,7
2017-01-08,malas acessorios,0
2017-01-15,malas acessorios,0
2017-01-22,malas acessorios,4
2017-01-29,malas acessorios,5
2017-02-05,malas acessorios,0
2017-02-12,malas acessorios,0
2017-02-19,malas acessorios,0
2017-02-26,malas acessorios,0
2017-03-05,malas acessorios,0
2017-03-12,malas acessorios,0
2017-03-19,malas acessorios,0
2017-03-26,malas acessorios,0
2017-04-02,malas acessorios,0
2017-04-09,malas acessorios,0
2017-04-16,malas acessorios,0
2017-04-23,malas acessorios,0
2017-04-30,malas acessorios,7
2017-05-07,malas acessorios,0
2017-05-14,malas acessorios,0
2017-05-21,malas acessorios,0
2017-05-28,malas acessorios,0
2017-06-04,malas acessorios,0
2017-06-11,malas acessorios,0
2017-06-18,malas acessorios,0
2017-06-25,malas acessorios,0
2017-07-02,malas acessorios,0
2017-07-09,malas acessorios,0
2017-07-16,malas acessorios,0
2017-07-23,malas acessorios,4
2017-07-30,malas acessorios,0
2017-08-06,malas acessorios,0
2017-08-13,malas acessorios,0
2017-08-20,malas acessorios,0
2017-08-27,malas acessorios,5
2017-09-03,malas acessorios,0
2017-09-10,malas acessorios,4
2017-09-17,malas acessorios,0
2017-09-24,malas acessorios,0
2017-10-01,malas acessorios,0
2017-10-08,malas acessorios,0
2017-10-15,malas acessorios,0
2017-10-22,malas acessorios,4
2017-10-29,malas acessorios,0
2017-11-05,malas acessorios,4
2017-11-12,malas acessorios,0
2017-11-19,malas acessorios,5
2017-11-26,malas acessorios,0
2017-12-03,malas acessorios,0
2017-12-10,malas acessorios,0
2017-12-17,malas acessorios,5
2017-12-24,malas acessorios,0
2017-12-31,malas acessorios,0
2018-01-07,malas acessorios,0
2018-01-14,malas acessorios,0
2018-01-21,malas acessorios,0
2018-01-28,malas acessorios,5
2018-02-04,malas acessorios,0
2018-02-11,malas acessorios,0
2018-02-18,malas acessorios,0
2018-02-25,malas acessorios,0
2018-03-04,malas acessorios,4
2018-03-11,malas acessorios,0
2018-03-18,malas acessorios,0
2018-03-25,malas acessorios,0
2018-04-01,malas acessorios,0
2018-04-08,malas acessorios,0
2018-04-15,malas acessorios,0
2018-04-22,malas acessorios,0
2018-04-29,malas acessorios,0
2018-05-06,malas acessorios,0
2018-05-13,malas acessorios,0
2018-05-20,malas acessorios,0
2018-05-27,malas acessorios,0
2018-06-03,malas acessorios,0
2018-06-10,malas acessorios,0
2018-06-17,malas acessorios,0
2018-06-24,malas acessorios,0
2018-07-01,malas acessorios,0
2018-07-08,malas acessorios,0
2018-07-15,malas acessorios,0
2018-07-22,malas acessorios,0
2018-07-29,malas acessorios,0
2018-08-05,malas acessorios,0
2018-08-12,malas acessorios,0
2018-08-19,malas acessorios,0
2018-08-26,malas acessorios,0
2018-09-02,malas acessorios,0
2018-09-09,malas acessorios,0
2018-09-16,malas acessorios,0
2018-09-23,malas acessorios,0
2018-09-30,malas acessorios,0
2018-10-07,malas acessorios,0
2018-10-14,malas acessorios,0
2018-10-21,malas acessorios,0
2018-10-28,malas acessorios,0
2018-11-04,malas acessorios,0
2018-11-11,malas acessorios,0
2018-11-18,malas acessorios,4
2018-11-25,malas acessorios,4
2018-12-02,malas acessorios,0
2018-12-09,malas acessorios,0
2018-12-16,malas acessorios,0
2018-12-23,malas acessorios,0
2018-12-30,malas acessorios,0
2015-12-27,ferramentas jardim,0
2016-01-03,ferramentas jardim,0
2016-01-10,ferramentas jardim,0
2016-01-17,ferramentas jardim,0
2016-01-24,ferramentas jardim,0
2016-01-31,ferramentas jardim,0
2016-02-07,ferramentas jardim,0
2016-02-14,ferramentas jardim,0
2016-02-21,ferramentas jardim,0
2016-02-28,ferramentas jardim,0
2016-03-06,ferramentas jardim,0
2016-03-13,ferramentas jardim,0
2016-03-20,ferramentas jardim,0
2016-03-27,ferramentas jardim,0
2016-04-03,ferramentas jardim,0
2016-04-10,ferramentas jardim,0
2016-04-17,ferramentas jardim,0
2016-04-24,ferramentas jardim,0
2016-05-01,ferramentas jardim,0
2016-05-08,ferramentas jardim,0
2016-05-15,ferramentas jardim,0
2016-05-22,ferramentas jardim,0
2016-05-29,ferramentas jardim,0
2016-06-05,ferramentas jardim,0
2016-06-12,ferramentas jardim,0
2016-06-19,ferramentas jardim,0
2016-06-26,ferramentas jardim,0
2016-07-03,ferramentas jardim,0
2016-07-10,ferramentas jardim,0
2016-07-17,ferramentas jardim,0
2016-07-24,ferramentas jardim,0
2016-07-31,ferramentas jardim,0
2016-08-07,ferramentas jardim,0
2016-08-14,ferramentas jardim,0
2016-08-21,ferramentas jardim,0
2016-08-28,ferramentas jardim,0
2016-09-04,ferramentas jardim,0
2016-09-11,ferramentas jardim,0
2016-09-18,ferramentas jardim,0
2016-09-25,ferramentas jardim,0
2016-10-02,ferramentas jardim,0
2016-10-09,ferramentas jardim,0
2016-10-16,ferramentas jardim,0
2016-10-23,ferramentas jardim,0
2016-10-30,ferramentas jardim,0
2016-11-06,ferramentas jardim,0
2016-11-13,ferramentas jardim,0
2016-11-20,ferramentas jardim,0
2016-11-27,ferramentas jardim,0
2016-12-04,ferramentas jardim,0
2016-12-11,ferramentas jardim,0
2016-12-18,ferramentas jardim,0
2016-12-25,ferramentas jardim,0
2017-01-01,ferramentas jardim,0
2017-01-08,ferramentas jardim,0
2017-01-15,ferramentas jardim,0
2017-01-22,ferramentas jardim,0
2017-01-29,ferramentas jardim,0
2017-02-05,ferramentas jardim,0
2017-02-12,ferramentas jardim,0
2017-02-19,ferramentas jardim,0
2017-02-26,ferramentas jardim,0
2017-03-05,ferramentas jardim,0
2017-03-12,ferramentas jardim,0
2017-03-19,ferramentas jardim,0
2017-03-26,ferramentas jardim,0
2017-04-02,ferramentas jardim,0
2017-04-09,ferramentas jardim,0
2017-04-16,ferramentas jardim,0
2017-04-23,ferramentas jardim,0
2017-04-30,ferramentas jardim,0
2017-05-07,ferramentas jardim,0
2017-05-14,ferramentas jardim,0
2017-05-21,ferramentas jardim,0
2017-05-28,ferramentas jardim,0
2017-06-04,ferramentas jardim,0
2017-06-11,ferramentas jardim,0
2017-06-18,ferramentas jardim,0
2017-06-25,ferramentas jardim,0
2017-07-02,ferramentas jardim,0
2017-07-09,ferramentas jardim,0
2017-07-16,ferramentas jardim,0
2017-07-23,ferramentas jardim,0
2017-07-30,ferramentas jardim,0
2017-08-06,ferramentas jardim,0
2017-08-13,ferramentas jardim,0
2017-08-20,ferramentas jardim,0
2017-08-27,ferramentas jardim,0
2017-09-03,ferramentas jardim,0
2017-09-10,ferramentas jardim,0
2017-09-17,ferramentas jardim,0
2017-09-24,ferramentas jardim,0
2017-10-01,ferramentas jardim,0
2017-10-08,ferramentas jardim,0
2017-10-15,ferramentas jardim,0
2017-10-22,ferramentas jardim,0
2017-10-29,ferramentas jardim,0
2017-11-05,ferramentas jardim,0
2017-11-12,ferramentas jardim,0
2017-11-19,ferramentas jardim,0
2017-11-26,ferramentas jardim,0
2017-12-03,ferramentas jardim,0
2017-12-10,ferramentas jardim,0
2017-12-17,ferramentas jardim,0
2017-12-24,ferramentas jardim,0
2017-12-31,ferramentas jardim,0
2018-01-07,ferramentas jardim,0
2018-01-14,ferramentas jardim,0
2018-01-21,ferramentas jardim,0
2018-01-28,ferramentas jardim,0
2018-02-04,ferramentas jardim,0
2018-02-11,ferramentas jardim,0
2018-02-18,ferramentas jardim,0
2018-02-25,ferramentas jardim,0
2018-03-04,ferramentas jardim,0
2018-03-11,ferramentas jardim,0
2018-03-18,ferramentas jardim,0
2018-03-25,ferramentas jardim,0
2018-04-01,ferramentas jardim,0
2018-04-08,ferramentas jardim,0
2018-04-15,ferramentas jardim,0
2018-04-22,ferramentas jardim,0
2018-04-29,ferramentas jardim,0
2018-05-06,ferramentas jardim,0
2018-05-13,ferramentas jardim,0
2018-05-20,ferramentas jardim,0
2018-05-27,ferramentas jardim,0
2018-06-03,ferramentas jardim,0
2018-06-10,ferramentas jardim,0
2018-06-17,ferramentas jardim,0
2018-06-24,ferramentas jardim,0
2018-07-01,ferramentas jardim,0
2018-07-08,ferramentas jardim,0
2018-07-15,ferramentas jardim,0
2018-07-22,ferramentas jardim,0
2018-07-29,ferramentas jardim,0
2018-08-05,ferramentas jardim,0
2018-08-12,ferramentas jardim,0
2018-08-19,ferramentas jardim,0
2018-08-26,ferramentas jardim,0
2018-09-02,ferramentas jardim,0
2018-09-09,ferramentas jardim,0
2018-09-16,ferramentas jardim,0
2018-09-23,ferramentas jardim,0
2018-09-30,ferramentas jardim,0
2018-10-07,ferramentas jardim,0
2018-10-14,ferramentas jardim,0
2018-10-21,ferramentas jardim,0
2018-10-28,ferramentas jardim,0
2018-11-04,ferramentas jardim,0
2018-11-11,ferramentas jardim,0
2018-11-18,ferramentas jardim,0
2018-11-25,ferramentas jardim,0
2018-12-02,ferramentas jardim,0
2018-12-09,ferramentas jardim,0
2018-12-16,ferramentas jardim,0
2018-12-23,ferramentas jardim,0
2018-12-30,ferramentas jardim,0
2015-12-27,moveis escritorio,3
2016-01-03,moveis escritorio,6
2016-01-10,moveis escritorio,6
2016-01-17,moveis escritorio,7
2016-01-24,moveis escritorio,7
2016-01-31,moveis escritorio,6
2016-02-07,moveis escritorio,6
2016-02-14,moveis escritorio,6
2016-02-21,moveis escritorio,7
2016-02-28,moveis escritorio,6
2016-03-06,moveis escritorio,6
2016-03-13,moveis escritorio,6
2016-03-20,moveis escritorio,5
2016-03-27,moveis escritorio,6
2016-04-03,moveis escritorio,7
2016-04-10,moveis escritorio,6
2016-04-17,moveis escritorio,6
2016-04-24,moveis escritorio,5
2016-05-01,moveis escritorio,6
2016-05-08,moveis escritorio,6
2016-05-15,moveis escritorio,6
2016-05-22,moveis escritorio,5
2016-05-29,moveis escritorio,6
2016-06-05,moveis escritorio,6
2016-06-12,moveis escritorio,5
2016-06-19,moveis escritorio,6
2016-06-26,moveis escritorio,6
2016-07-03,moveis escritorio,6
2016-07-10,moveis escritorio,6
2016-07-17,moveis escritorio,6
2016-07-24,moveis escritorio,6
2016-07-31,moveis escritorio,6
2016-08-07,moveis escritorio,5
2016-08-14,moveis escritorio,5
2016-08-21,moveis escritorio,6
2016-08-28,moveis escritorio,6
2016-09-04,moveis escritorio,5
2016-09-11,moveis escritorio,5
2016-09-18,moveis escritorio,5
2016-09-25,moveis escritorio,5
2016-10-02,moveis escritorio,5
2016-10-09,moveis escritorio,5
2016-10-16,moveis escritorio,6
2016-10-23,moveis escritorio,6
2016-10-30,moveis escritorio,5
2016-11-06,moveis escritorio,5
2016-11-13,moveis escritorio,5
2016-11-20,moveis escritorio,5
2016-11-27,moveis escritorio,5
2016-12-04,moveis escritorio,4
2016-12-11,moveis escritorio,5
2016-12-18,moveis escritorio,5
2016-12-25,moveis escritorio,4
2017-01-01,moveis escritorio,7
2017-01-08,moveis escritorio,6
2017-01-15,moveis escritorio,7
2017-01-22,moveis escritorio,7
2017-01-29,moveis escritorio,7
2017-02-05,moveis escritorio,7
2017-02-12,moveis escritorio,7
2017-02-19,moveis escritorio,5
2017-02-26,moveis escritorio,6
2017-03-05,moveis escritorio,6
2017-03-12,moveis escritorio,6
2017-03-19,moveis escritorio,7
2017-03-26,moveis escritorio,7
2017-04-02,moveis escritorio,7
2017-04-09,moveis escritorio,6
2017-04-16,moveis escritorio,5
2017-04-23,moveis escritorio,6
2017-04-30,moveis escritorio,6
2017-05-07,moveis escritorio,6
2017-05-14,moveis escritorio,6
2017-05-21,moveis escritorio,7
2017-05-28,moveis escritorio,6
2017-06-04,moveis escritorio,6
2017-06-11,moveis escritorio,6
2017-06-18,moveis escritorio,6
2017-06-25,moveis escritorio,6
2017-07-02,moveis escritorio,6
2017-07-09,moveis escritorio,6
2017-07-16,moveis escritorio,7
2017-07-23,moveis escritorio,6
2017-07-30,moveis escritorio,7
2017-08-06,moveis escritorio,6
2017-08-13,moveis escritorio,6
2017-08-20,moveis escritorio,6
2017-08-27,moveis escritorio,6
2017-09-03,moveis escritorio,5
2017-09-10,moveis escritorio,6
2017-09-17,moveis escritorio,6
2017-09-24,moveis escritorio,6
2017-10-01,moveis escritorio,6
2017-10-08,moveis escritorio,5
2017-10-15,moveis escritorio,5
2017-10-22,moveis escritorio,5
2017-10-29,moveis escritorio,5
2017-11-05,moveis escritorio,5
2017-11-12,moveis escritorio,5
2017-11-19,moveis escritorio,5
2017-11-26,moveis escritorio,5
2017-12-03,moveis escritorio,5
2017-12-10,moveis escritorio,5
2017-12-17,moveis escritorio,4
2017-12-24,moveis escritorio,4
2017-12-31,moveis escritorio,5
2018-01-07,moveis escritorio,7
2018-01-14,moveis escritorio,6
2018-01-21,moveis escritorio,6
2018-01-28,moveis escritorio,7
2018-02-04,moveis escritorio,7
2018-02-11,moveis escritorio,5
2018-02-18,moveis escritorio,7
2018-02-25,moveis escritorio,7
2018-03-04,moveis escritorio,6
2018-03-11,moveis escritorio,6
2018-03-18,moveis escritorio,6
2018-03-25,moveis escritorio,6
2018-04-01,moveis escritorio,6
2018-04-08,moveis escritorio,6
2018-04-15,moveis escritorio,6
2018-04-22,moveis escritorio,5
2018-04-29,moveis escritorio,5
2018-05-06,moveis escritorio,6
2018-05-13,moveis escritorio,6
2018-05-20,moveis escritorio,6
2018-05-27,moveis escritorio,5
2018-06-03,moveis escritorio,5
2018-06-10,moveis escritorio,5
2018-06-17,moveis escritorio,5
2018-06-24,moveis escritorio,5
2018-07-01,moveis escritorio,5
2018-07-08,moveis escritorio,6
2018-07-15,moveis escritorio,6
2018-07-22,moveis escritorio,5
2018-07-29,moveis escritorio,6
2018-08-05,moveis escritorio,6
2018-08-12,moveis escritorio,6
2018-08-19,moveis escritorio,5
2018-08-26,moveis escritorio,5
2018-09-02,moveis escritorio,5
2018-09-09,moveis escritorio,5
2018-09-16,moveis escritorio,5
2018-09-23,moveis escritorio,5
2018-09-30,moveis escritorio,5
2018-10-07,moveis escritorio,4
2018-10-14,moveis escritorio,4
2018-10-21,moveis escritorio,5
2018-10-28,moveis escritorio,4
2018-11-04,moveis escritorio,5
2018-11-11,moveis escritorio,5
2018-11-18,moveis escritorio,5
2018-11-25,moveis escritorio,5
2018-12-02,moveis escritorio,5
2018-12-09,moveis escritorio,4
2018-12-16,moveis escritorio,4
2018-12-23,moveis escritorio,3
2018-12-30,moveis escritorio,4
2015-12-27,automotivo,97
2016-01-03,automotivo,89
2016-01-10,automotivo,84
2016-01-17,automotivo,93
2016-01-24,automotivo,90
2016-01-31,automotivo,94
2016-02-07,automotivo,88
2016-02-14,automotivo,82
2016-02-21,automotivo,82
2016-02-28,automotivo,84
2016-03-06,automotivo,84
2016-03-13,automotivo,81
2016-03-20,automotivo,82
2016-03-27,automotivo,84
2016-04-03,automotivo,86
2016-04-10,automotivo,88
2016-04-17,automotivo,83
2016-04-24,automotivo,78
2016-05-01,automotivo,80
2016-05-08,automotivo,83
2016-05-15,automotivo,88
2016-05-22,automotivo,80
2016-05-29,automotivo,82
2016-06-05,automotivo,79
2016-06-12,automotivo,78
2016-06-19,automotivo,78
2016-06-26,automotivo,83
2016-07-03,automotivo,78
2016-07-10,automotivo,84
2016-07-17,automotivo,80
2016-07-24,automotivo,83
2016-07-31,automotivo,78
2016-08-07,automotivo,72
2016-08-14,automotivo,73
2016-08-21,automotivo,77
2016-08-28,automotivo,79
2016-09-04,automotivo,82
2016-09-11,automotivo,80
2016-09-18,automotivo,77
2016-09-25,automotivo,78
2016-10-02,automotivo,73
2016-10-09,automotivo,78
2016-10-16,automotivo,91
2016-10-23,automotivo,100
2016-10-30,automotivo,84
2016-11-06,automotivo,79
2016-11-13,automotivo,83
2016-11-20,automotivo,93
2016-11-27,automotivo,83
2016-12-04,automotivo,82
2016-12-11,automotivo,85
2016-12-18,automotivo,92
2016-12-25,automotivo,92
2017-01-01,automotivo,83
2017-01-08,automotivo,86
2017-01-15,automotivo,82
2017-01-22,automotivo,82
2017-01-29,automotivo,83
2017-02-05,automotivo,81
2017-02-12,automotivo,81
2017-02-19,automotivo,83
2017-02-26,automotivo,81
2017-03-05,automotivo,79
2017-03-12,automotivo,77
2017-03-19,automotivo,77
2017-03-26,automotivo,76
2017-04-02,automotivo,76
2017-04-09,automotivo,68
2017-04-16,automotivo,73
2017-04-23,automotivo,74
2017-04-30,automotivo,71
2017-05-07,automotivo,76
2017-05-14,automotivo,79
2017-05-21,automotivo,76
2017-05-28,automotivo,76
2017-06-04,automotivo,78
2017-06-11,automotivo,78
2017-06-18,automotivo,79
2017-06-25,automotivo,77
2017-07-02,automotivo,69
2017-07-09,automotivo,81
2017-07-16,automotivo,72
2017-07-23,automotivo,77
2017-07-30,automotivo,84
2017-08-06,automotivo,79
2017-08-13,automotivo,78
2017-08-20,automotivo,78
2017-08-27,automotivo,77
2017-09-03,automotivo,72
2017-09-10,automotivo,74
2017-09-17,automotivo,77
2017-09-24,automotivo,76
2017-10-01,automotivo,75
2017-10-08,automotivo,78
2017-10-15,automotivo,75
2017-10-22,automotivo,78
2017-10-29,automotivo,73
2017-11-05,automotivo,80
2017-11-12,automotivo,81
2017-11-19,automotivo,89
2017-11-26,automotivo,85
2017-12-03,automotivo,80
2017-12-10,automotivo,84
2017-12-17,automotivo,92
2017-12-24,automotivo,86
2017-12-31,automotivo,85
2018-01-07,automotivo,82
2018-01-14,automotivo,87
2018-01-21,automotivo,82
2018-01-28,automotivo,78
2018-02-04,automotivo,84
2018-02-11,automotivo,76
2018-02-18,automotivo,78
2018-02-25,automotivo,76
2018-03-04,automotivo,71
2018-03-11,automotivo,77
2018-03-18,automotivo,79
2018-03-25,automotivo,78
2018-04-01,automotivo,76
2018-04-08,automotivo,75
2018-04-15,automotivo,73
2018-04-22,automotivo,74
2018-04-29,automotivo,71
2018-05-06,automotivo,75
2018-05-13,automotivo,71
2018-05-20,automotivo,57
2018-05-27,automotivo,55
2018-06-03,automotivo,66
2018-06-10,automotivo,66
2018-06-17,automotivo,63
2018-06-24,automotivo,67
2018-07-01,automotivo,71
2018-07-08,automotivo,73
2018-07-15,automotivo,83
2018-07-22,automotivo,73
2018-07-29,automotivo,74
2018-08-05,automotivo,79
2018-08-12,automotivo,70
2018-08-19,automotivo,74
2018-08-26,automotivo,73
2018-09-02,automotivo,71
2018-09-09,automotivo,67
2018-09-16,automotivo,71
2018-09-23,automotivo,72
2018-09-30,automotivo,67
2018-10-07,automotivo,56
2018-10-14,automotivo,75
2018-10-21,automotivo,68
2018-10-28,automotivo,65
2018-11-04,automotivo,76
2018-11-11,automotivo,77
2018-11-18,automotivo,83
2018-11-25,automotivo,79
2018-12-02,automotivo,82
2018-12-09,automotivo,85
2018-12-16,automotivo,97
2018-12-23,automotivo,87
2018-12-30,automotivo,77
2015-12-27,eletronicos,25
2016-01-03,eletronicos,27
2016-01-10,eletronicos,26
2016-01-17,eletronicos,25
2016-01-24,eletronicos,26
2016-01-31,eletronicos,26
2016-02-07,eletronicos,24
2016-02-14,eletronicos,27
2016-02-21,eletronicos,28
2016-02-28,eletronicos,27
2016-03-06,eletronicos,28
2016-03-13,eletronicos,28
2016-03-20,eletronicos,26
2016-03-27,eletronicos,28
2016-04-03,eletronicos,28
2016-04-10,eletronicos,26
2016-04-17,eletronicos,25
2016-04-24,eletronicos,28
2016-05-01,eletronicos,29
2016-05-08,eletronicos,30
2016-05-15,eletronicos,30
2016-05-22,eletronicos,29
2016-05-29,eletronicos,30
2016-06-05,eletronicos,29
2016-06-12,eletronicos,30
2016-06-19,eletronicos,26
2016-06-26,eletronicos,29
2016-07-03,eletronicos,30
2016-07-10,eletronicos,31
2016-07-17,eletronicos,30
2016-07-24,eletronicos,29
2016-07-31,eletronicos,31
2016-08-07,eletronicos,27
2016-08-14,eletronicos,27
2016-08-21,eletronicos,28
2016-08-28,eletronicos,27
2016-09-04,eletronicos,30
2016-09-11,eletronicos,30
2016-09-18,eletronicos,29
2016-09-25,eletronicos,28
2016-10-02,eletronicos,29
2016-10-09,eletronicos,32
2016-10-16,eletronicos,32
2016-10-23,eletronicos,34
2016-10-30,eletronicos,34
2016-11-06,eletronicos,35
2016-11-13,eletronicos,38
2016-11-20,eletronicos,36
2016-11-27,eletronicos,30
2016-12-04,eletronicos,32
2016-12-11,eletronicos,31
2016-12-18,eletronicos,33
2016-12-25,eletronicos,30
2017-01-01,eletronicos,29
2017-01-08,eletronicos,32
2017-01-15,eletronicos,30
2017-01-22,eletronicos,30
2017-01-29,eletronicos,28
2017-02-05,eletronicos,30
2017-02-12,eletronicos,30
2017-02-19,eletronicos,31
2017-02-26,eletronicos,31
2017-03-05,eletronicos,31
2017-03-12,eletronicos,33
2017-03-19,eletronicos,31
2017-03-26,eletronicos,32
2017-04-02,eletronicos,31
2017-04-09,eletronicos,30
2017-04-16,eletronicos,31
2017-04-23,eletronicos,31
2017-04-30,eletronicos,31
2017-05-07,eletronicos,32
2017-05-14,eletronicos,32
2017-05-21,eletronicos,31
2017-05-28,eletronicos,31
2017-06-04,eletronicos,32
2017-06-11,eletronicos,29
2017-06-18,eletronicos,32
2017-06-25,eletronicos,31
2017-07-02,eletronicos,30
2017-07-09,eletronicos,30
2017-07-16,eletronicos,30
2017-07-23,eletronicos,31
2017-07-30,eletronicos,32
2017-08-06,eletronicos,30
2017-08-13,eletronicos,32
2017-08-20,eletronicos,31
2017-08-27,eletronicos,31
2017-09-03,eletronicos,29
2017-09-10,eletronicos,29
2017-09-17,eletronicos,31
2017-09-24,eletronicos,31
2017-10-01,eletronicos,30
2017-10-08,eletronicos,30
2017-10-15,eletronicos,32
2017-10-22,eletronicos,31
2017-10-29,eletronicos,31
2017-11-05,eletronicos,32
2017-11-12,eletronicos,33
2017-11-19,eletronicos,36
2017-11-26,eletronicos,33
2017-12-03,eletronicos,31
2017-12-10,eletronicos,31
2017-12-17,eletronicos,29
2017-12-24,eletronicos,26
2017-12-31,eletronicos,28
2018-01-07,eletronicos,31
2018-01-14,eletronicos,30
2018-01-21,eletronicos,29
2018-01-28,eletronicos,28
2018-02-04,eletronicos,29
2018-02-11,eletronicos,27
2018-02-18,eletronicos,28
2018-02-25,eletronicos,30
2018-03-04,eletronicos,28
2018-03-11,eletronicos,28
2018-03-18,eletronicos,28
2018-03-25,eletronicos,27
2018-04-01,eletronicos,27
2018-04-08,eletronicos,27
2018-04-15,eletronicos,27
2018-04-22,eletronicos,27
2018-04-29,eletronicos,27
2018-05-06,eletronicos,28
2018-05-13,eletronicos,27
2018-05-20,eletronicos,26
2018-05-27,eletronicos,23
2018-06-03,eletronicos,27
2018-06-10,eletronicos,26
2018-06-17,eletronicos,26
2018-06-24,eletronicos,24
2018-07-01,eletronicos,23
2018-07-08,eletronicos,27
2018-07-15,eletronicos,26
2018-07-22,eletronicos,26
2018-07-29,eletronicos,25
2018-08-05,eletronicos,27
2018-08-12,eletronicos,26
2018-08-19,eletronicos,26
2018-08-26,eletronicos,25
2018-09-02,eletronicos,25
2018-09-09,eletronicos,25
2018-09-16,eletronicos,25
2018-09-23,eletronicos,24
2018-09-30,eletronicos,23
2018-10-07,eletronicos,22
2018-10-14,eletronicos,25
2018-10-21,eletronicos,25
2018-10-28,eletronicos,25
2018-11-04,eletronicos,27
2018-11-11,eletronicos,27
2018-11-18,eletronicos,31
2018-11-25,eletronicos,28
2018-12-02,eletronicos,28
2018-12-09,eletronicos,26
2018-12-16,eletronicos,26
2018-12-23,eletronicos,24
2018-12-30,eletronicos,24
2015-12-27,fashion calcados,0
2016-01-03,fashion calcados,0
2016-01-10,fashion calcados,0
2016-01-17,fashion calcados,0
2016-01-24,fashion calcados,0
2016-01-31,fashion calcados,0
2016-02-07,fashion calcados,0
2016-02-14,fashion calcados,0
2016-02-21,fashion calcados,0
2016-02-28,fashion calcados,0
2016-03-06,fashion calcados,0
2016-03-13,fashion calcados,0
2016-03-20,fashion calcados,0
2016-03-27,fashion calcados,0
2016-04-03,fashion calcados,0
2016-04-10,fashion calcados,0
2016-04-17,fashion calcados,0
2016-04-24,fashion calcados,0
2016-05-01,fashion calcados,0
2016-05-08,fashion calcados,0
2016-05-15,fashion calcados,0
2016-05-22,fashion calcados,0
2016-05-29,fashion calcados,0
2016-06-05,fashion calcados,0
2016-06-12,fashion calcados,0
2016-06-19,fashion calcados,0
2016-06-26,fashion calcados,0
2016-07-03,fashion calcados,0
2016-07-10,fashion calcados,0
2016-07-17,fashion calcados,0
2016-07-24,fashion calcados,0
2016-07-31,fashion calcados,0
2016-08-07,fashion calcados,0
2016-08-14,fashion calcados,0
2016-08-21,fashion calcados,0
2016-08-28,fashion calcados,0
2016-09-04,fashion calcados,0
2016-09-11,fashion calcados,0
2016-09-18,fashion calcados,0
2016-09-25,fashion calcados,0
2016-10-02,fashion calcados,0
2016-10-09,fashion calcados,0
2016-10-16,fashion calcados,0
2016-10-23,fashion calcados,0
2016-10-30,fashion calcados,0
2016-11-06,fashion calcados,0
2016-11-13,fashion calcados,0
2016-11-20,fashion calcados,0
2016-11-27,fashion calcados,0
2016-12-04,fashion calcados,0
2016-12-11,fashion calcados,0
2016-12-18,fashion calcados,0
2016-12-25,fashion calcados,0
2017-01-01,fashion calcados,0
2017-01-08,fashion calcados,0
2017-01-15,fashion calcados,0
2017-01-22,fashion calcados,0
2017-01-29,fashion calcados,0
2017-02-05,fashion calcados,0
2017-02-12,fashion calcados,0
2017-02-19,fashion calcados,0
2017-02-26,fashion calcados,0
2017-03-05,fashion calcados,0
2017-03-12,fashion calcados,0
2017-03-19,fashion calcados,0
2017-03-26,fashion calcados,0
2017-04-02,fashion calcados,0
2017-04-09,fashion calcados,0
2017-04-16,fashion calcados,0
2017-04-23,fashion calcados,0
2017-04-30,fashion calcados,0
2017-05-07,fashion calcados,0
2017-05-14,fashion calcados,0
2017-05-21,fashion calcados,0
2017-05-28,fashion calcados,0
2017-06-04,fashion calcados,0
2017-06-11,fashion calcados,0
2017-06-18,fashion calcados,0
2017-06-25,fashion calcados,0
2017-07-02,fashion calcados,0
2017-07-09,fashion calcados,0
2017-07-16,fashion calcados,0
2017-07-23,fashion calcados,0
2017-07-30,fashion calcados,0
2017-08-06,fashion calcados,0
2017-08-13,fashion calcados,0
2017-08-20,fashion calcados,0
2017-08-27,fashion calcados,0
2017-09-03,fashion calcados,0
2017-09-10,fashion calcados,0
2017-09-17,fashion calcados,0
2017-09-24,fashion calcados,0
2017-10-01,fashion calcados,0
2017-10-08,fashion calcados,0
2017-10-15,fashion calcados,0
2017-10-22,fashion calcados,0
2017-10-29,fashion calcados,0
2017-11-05,fashion calcados,0
2017-11-12,fashion calcados,0
2017-11-19,fashion calcados,0
2017-11-26,fashion calcados,0
2017-12-03,fashion calcados,0
2017-12-10,fashion calcados,0
2017-12-17,fashion calcados,0
2017-12-24,fashion calcados,0
2017-12-31,fashion calcados,0
2018-01-07,fashion calcados,0
2018-01-14,fashion calcados,0
2018-01-21,fashion calcados,0
2018-01-28,fashion calcados,0
2018-02-04,fashion calcados,0
2018-02-11,fashion calcados,0
2018-02-18,fashion calcados,0
2018-02-25,fashion calcados,0
2018-03-04,fashion calcados,0
2018-03-11,fashion calcados,0
2018-03-18,fashion calcados,0
2018-03-25,fashion calcados,0
2018-04-01,fashion calcados,0
2018-04-08,fashion calcados,0
2018-04-15,fashion calcados,0
2018-04-22,fashion calcados,0
2018-04-29,fashion calcados,0
2018-05-06,fashion calcados,0
2018-05-13,fashion calcados,0
2018-05-20,fashion calcados,0
2018-05-27,fashion calcados,0
2018-06-03,fashion calcados,0
2018-06-10,fashion calcados,0
2018-06-17,fashion calcados,0
2018-06-24,fashion calcados,0
2018-07-01,fashion calcados,0
2018-07-08,fashion calcados,0
2018-07-15,fashion calcados,0
2018-07-22,fashion calcados,0
2018-07-29,fashion calcados,0
2018-08-05,fashion calcados,0
2018-08-12,fashion calcados,0
2018-08-19,fashion calcados,0
2018-08-26,fashion calcados,0
2018-09-02,fashion calcados,0
2018-09-09,fashion calcados,0
2018-09-16,fashion calcados,0
2018-09-23,fashion calcados,0
2018-09-30,fashion calcados,0
2018-10-07,fashion calcados,0
2018-10-14,fashion calcados,0
2018-10-21,fashion calcados,0
2018-10-28,fashion calcados,0
2018-11-04,fashion calcados,0
2018-11-11,fashion calcados,0
2018-11-18,fashion calcados,0
2018-11-25,fashion calcados,0
2018-12-02,fashion calcados,0
2018-12-09,fashion calcados,0
2018-12-16,fashion calcados,0
2018-12-23,fashion calcados,0
2018-12-30,fashion calcados,0
2015-12-27,telefonia,6
2016-01-03,telefonia,9
2016-01-10,telefonia,10
2016-01-17,telefonia,9
2016-01-24,telefonia,11
2016-01-31,telefonia,10
2016-02-07,telefonia,8
2016-02-14,telefonia,11
2016-02-21,telefonia,11
2016-02-28,telefonia,11
2016-03-06,telefonia,11
2016-03-13,telefonia,11
2016-03-20,telefonia,9
2016-03-27,telefonia,11
2016-04-03,telefonia,10
2016-04-10,telefonia,12
2016-04-17,telefonia,11
2016-04-24,telefonia,11
2016-05-01,telefonia,12
2016-05-08,telefonia,11
2016-05-15,telefonia,10
2016-05-22,telefonia,9
2016-05-29,telefonia,10
2016-06-05,telefonia,10
2016-06-12,telefonia,11
2016-06-19,telefonia,13
2016-06-26,telefonia,11
2016-07-03,telefonia,10
2016-07-10,telefonia,9
2016-07-17,telefonia,10
2016-07-24,telefonia,9
2016-07-31,telefonia,9
2016-08-07,telefonia,9
2016-08-14,telefonia,9
2016-08-21,telefonia,9
2016-08-28,telefonia,9
2016-09-04,telefonia,8
2016-09-11,telefonia,9
2016-09-18,telefonia,11
2016-09-25,telefonia,8
2016-10-02,telefonia,9
2016-10-09,telefonia,8
2016-10-16,telefonia,10
2016-10-23,telefonia,11
2016-10-30,telefonia,9
2016-11-06,telefonia,9
2016-11-13,telefonia,8
2016-11-20,telefonia,9
2016-11-27,telefonia,9
2016-12-04,telefonia,8
2016-12-11,telefonia,9
2016-12-18,telefonia,10
2016-12-25,telefonia,8
2017-01-01,telefonia,8
2017-01-08,telefonia,10
2017-01-15,telefonia,10
2017-01-22,telefonia,10
2017-01-29,telefonia,10
2017-02-05,telefonia,10
2017-02-12,telefonia,10
2017-02-19,telefonia,9
2017-02-26,telefonia,8
2017-03-05,telefonia,11
2017-03-12,telefonia,10
2017-03-19,telefonia,10
2017-03-26,telefonia,10
2017-04-02,telefonia,11
2017-04-09,telefonia,9
2017-04-16,telefonia,9
2017-04-23,telefonia,10
2017-04-30,telefonia,8
2017-05-07,telefonia,9
2017-05-14,telefonia,9
2017-05-21,telefonia,9
2017-05-28,telefonia,9
2017-06-04,telefonia,10
2017-06-11,telefonia,8
2017-06-18,telefonia,8
2017-06-25,telefonia,9
2017-07-02,telefonia,8
2017-07-09,telefonia,9
2017-07-16,telefonia,8
2017-07-23,telefonia,8
2017-07-30,telefonia,8
2017-08-06,telefonia,8
2017-08-13,telefonia,9
2017-08-20,telefonia,9
2017-08-27,telefonia,10
2017-09-03,telefonia,7
2017-09-10,telefonia,10
2017-09-17,telefonia,9
2017-09-24,telefonia,9
2017-10-01,telefonia,9
2017-10-08,telefonia,8
2017-10-15,telefonia,8
2017-10-22,telefonia,9
2017-10-29,telefonia,7
2017-11-05,telefonia,10
2017-11-12,telefonia,8
2017-11-19,telefonia,8
2017-11-26,telefonia,8
2017-12-03,telefonia,8
2017-12-10,telefonia,7
2017-12-17,telefonia,7
2017-12-24,telefonia,6
2017-12-31,telefonia,6
2018-01-07,telefonia,7
2018-01-14,telefonia,8
2018-01-21,telefonia,7
2018-01-28,telefonia,7
2018-02-04,telefonia,8
2018-02-11,telefonia,6
2018-02-18,telefonia,8
2018-02-25,telefonia,8
2018-03-04,telefonia,8
2018-03-11,telefonia,9
2018-03-18,telefonia,8
2018-03-25,telefonia,7
2018-04-01,telefonia,8
2018-04-08,telefonia,8
2018-04-15,telefonia,8
2018-04-22,telefonia,9
2018-04-29,telefonia,8
2018-05-06,telefonia,8
2018-05-13,telefonia,9
2018-05-20,telefonia,8
2018-05-27,telefonia,7
2018-06-03,telefonia,8
2018-06-10,telefonia,7
2018-06-17,telefonia,8
2018-06-24,telefonia,7
2018-07-01,telefonia,7
2018-07-08,telefonia,8
2018-07-15,telefonia,7
2018-07-22,telefonia,8
2018-07-29,telefonia,7
2018-08-05,telefonia,7
2018-08-12,telefonia,8
2018-08-19,telefonia,8
2018-08-26,telefonia,8
2018-09-02,telefonia,7
2018-09-09,telefonia,9
2018-09-16,telefonia,8
2018-09-23,telefonia,7
2018-09-30,telefonia,7
2018-10-07,telefonia,6
2018-10-14,telefonia,7
2018-10-21,telefonia,8
2018-10-28,telefonia,7
2018-11-04,telefonia,8
2018-11-11,telefonia,7
2018-11-18,telefonia,7
2018-11-25,telefonia,7
2018-12-02,telefonia,7
2018-12-09,telefonia,7
2018-12-16,telefonia,6
2018-12-23,telefonia,4
2018-12-30,telefonia,5
2015-12-27,papelaria,34
2016-01-03,papelaria,69
2016-01-10,papelaria,73
2016-01-17,papelaria,75
2016-01-24,papelaria,71
2016-01-31,papelaria,61
2016-02-07,papelaria,51
2016-02-14,papelaria,52
2016-02-21,papelaria,44
2016-02-28,papelaria,44
2016-03-06,papelaria,40
2016-03-13,papelaria,37
2016-03-20,papelaria,33
2016-03-27,papelaria,34
2016-04-03,papelaria,40
2016-04-10,papelaria,36
2016-04-17,papelaria,31
2016-04-24,papelaria,34
2016-05-01,papelaria,35
2016-05-08,papelaria,36
2016-05-15,papelaria,34
2016-05-22,papelaria,30
2016-05-29,papelaria,33
2016-06-05,papelaria,39
2016-06-12,papelaria,33
2016-06-19,papelaria,35
2016-06-26,papelaria,32
2016-07-03,papelaria,33
2016-07-10,papelaria,31
2016-07-17,papelaria,33
2016-07-24,papelaria,37
2016-07-31,papelaria,34
2016-08-07,papelaria,35
2016-08-14,papelaria,35
2016-08-21,papelaria,35
2016-08-28,papelaria,32
2016-09-04,papelaria,31
2016-09-11,papelaria,33
2016-09-18,papelaria,36
2016-09-25,papelaria,34
2016-10-02,papelaria,33
2016-10-09,papelaria,37
2016-10-16,papelaria,35
2016-10-23,papelaria,37
2016-10-30,papelaria,32
2016-11-06,papelaria,35
2016-11-13,papelaria,36
2016-11-20,papelaria,40
2016-11-27,papelaria,42
2016-12-04,papelaria,40
2016-12-11,papelaria,50
2016-12-18,papelaria,43
2016-12-25,papelaria,40
2017-01-01,papelaria,61
2017-01-08,papelaria,83
2017-01-15,papelaria,84
2017-01-22,papelaria,82
2017-01-29,papelaria,81
2017-02-05,papelaria,66
2017-02-12,papelaria,52
2017-02-19,papelaria,43
2017-02-26,papelaria,37
2017-03-05,papelaria,46
2017-03-12,papelaria,44
2017-03-19,papelaria,38
2017-03-26,papelaria,37
2017-04-02,papelaria,39
2017-04-09,papelaria,35
2017-04-16,papelaria,34
2017-04-23,papelaria,39
2017-04-30,papelaria,37
2017-05-07,papelaria,40
2017-05-14,papelaria,38
2017-05-21,papelaria,37
2017-05-28,papelaria,40
2017-06-04,papelaria,40
2017-06-11,papelaria,33
2017-06-18,papelaria,38
2017-06-25,papelaria,36
2017-07-02,papelaria,36
2017-07-09,papelaria,38
2017-07-16,papelaria,38
2017-07-23,papelaria,37
2017-07-30,papelaria,42
2017-08-06,papelaria,42
2017-08-13,papelaria,40
2017-08-20,papelaria,38
2017-08-27,papelaria,39
2017-09-03,papelaria,34
2017-09-10,papelaria,38
2017-09-17,papelaria,37
2017-09-24,papelaria,37
2017-10-01,papelaria,40
2017-10-08,papelaria,39
2017-10-15,papelaria,38
2017-10-22,papelaria,41
2017-10-29,papelaria,37
2017-11-05,papelaria,41
2017-11-12,papelaria,60
2017-11-19,papelaria,61
2017-11-26,papelaria,56
2017-12-03,papelaria,57
2017-12-10,papelaria,58
2017-12-17,papelaria,78
2017-12-24,papelaria,47
2017-12-31,papelaria,74
2018-01-07,papelaria,100
2018-01-14,papelaria,96
2018-01-21,papelaria,92
2018-01-28,papelaria,92
2018-02-04,papelaria,70
2018-02-11,papelaria,59
2018-02-18,papelaria,62
2018-02-25,papelaria,56
2018-03-04,papelaria,50
2018-03-11,papelaria,47
2018-03-18,papelaria,44
2018-03-25,papelaria,39
2018-04-01,papelaria,43
2018-04-08,papelaria,42
2018-04-15,papelaria,42
2018-04-22,papelaria,43
2018-04-29,papelaria,44
2018-05-06,papelaria,45
2018-05-13,papelaria,41
2018-05-20,papelaria,38
2018-05-27,papelaria,34
2018-06-03,papelaria,45
2018-06-10,papelaria,46
2018-06-17,papelaria,41
2018-06-24,papelaria,40
2018-07-01,papelaria,43
2018-07-08,papelaria,36
2018-07-15,papelaria,43
2018-07-22,papelaria,43
2018-07-29,papelaria,51
2018-08-05,papelaria,52
2018-08-12,papelaria,45
2018-08-19,papelaria,42
2018-08-26,papelaria,41
2018-09-02,papelaria,40
2018-09-09,papelaria,44
2018-09-16,papelaria,44
2018-09-23,papelaria,42
2018-09-30,papelaria,44
2018-10-07,papelaria,39
2018-10-14,papelaria,45
2018-10-21,papelaria,45
2018-10-28,papelaria,45
2018-11-04,papelaria,52
2018-11-11,papelaria,48
2018-11-18,papelaria,52
2018-11-25,papelaria,55
2018-12-02,papelaria,67
2018-12-09,papelaria,63
2018-12-16,papelaria,75
2018-12-23,papelaria,52
2018-12-30,papelaria,72
2015-12-27,fashion bolsas e acessorios,0
2016-01-03,fashion bolsas e acessorios,0
2016-01-10,fashion bolsas e acessorios,0
2016-01-17,fashion bolsas e acessorios,0
2016-01-24,fashion bolsas e acessorios,0
2016-01-31,fashion bolsas e acessorios,0
2016-02-07,fashion bolsas e acessorios,0
2016-02-14,fashion bolsas e acessorios,0
2016-02-21,fashion bolsas e acessorios,0
2016-02-28,fashion bolsas e acessorios,0
2016-03-06,fashion bolsas e acessorios,0
2016-03-13,fashion bolsas e acessorios,0
2016-03-20,fashion bolsas e acessorios,0
2016-03-27,fashion bolsas e acessorios,0
2016-04-03,fashion bolsas e acessorios,0
2016-04-10,fashion bolsas e acessorios,0
2016-04-17,fashion bolsas e acessorios,0
2016-04-24,fashion bolsas e acessorios,0
2016-05-01,fashion bolsas e acessorios,0
2016-05-08,fashion bolsas e acessorios,0
2016-05-15,fashion bolsas e acessorios,0
2016-05-22,fashion bolsas e acessorios,0
2016-05-29,fashion bolsas e acessorios,0
2016-06-05,fashion bolsas e acessorios,0
2016-06-12,fashion bolsas e acessorios,0
2016-06-19,fashion bolsas e acessorios,0
2016-06-26,fashion bolsas e acessorios,0
2016-07-03,fashion bolsas e acessorios,0
2016-07-10,fashion bolsas e acessorios,0
2016-07-17,fashion bolsas e acessorios,0
2016-07-24,fashion bolsas e acessorios,0
2016-07-31,fashion bolsas e acessorios,0
2016-08-07,fashion bolsas e acessorios,0
2016-08-14,fashion bolsas e acessorios,0
2016-08-21,fashion bolsas e acessorios,0
2016-08-28,fashion bolsas e acessorios,0
2016-09-04,fashion bolsas e acessorios,0
2016-09-11,fashion bolsas e acessorios,0
2016-09-18,fashion bolsas e acessorios,0
2016-09-25,fashion bolsas e acessorios,0
2016-10-02,fashion bolsas e acessorios,0
2016-10-09,fashion bolsas e acessorios,0
2016-10-16,fashion bolsas e acessorios,0
2016-10-23,fashion bolsas e acessorios,0
2016-10-30,fashion bolsas e acessorios,0
2016-11-06,fashion bolsas e acessorios,0
2016-11-13,fashion bolsas e acessorios,0
2016-11-20,fashion bolsas e acessorios,0
2016-11-27,fashion bolsas e acessorios,0
2016-12-04,fashion bolsas e acessorios,0
2016-12-11,fashion bolsas e acessorios,0
2016-12-18,fashion bolsas e acessorios,0
2016-12-25,fashion bolsas e acessorios,0
2017-01-01,fashion bolsas e acessorios,0
2017-01-08,fashion bolsas e acessorios,0
2017-01-15,fashion bolsas e acessorios,0
2017-01-22,fashion bolsas e acessorios,0
2017-01-29,fashion bolsas e acessorios,0
2017-02-05,fashion bolsas e acessorios,0
2017-02-12,fashion bolsas e acessorios,0
2017-02-19,fashion bolsas e acessorios,0
2017-02-26,fashion bolsas e acessorios,0
2017-03-05,fashion bolsas e acessorios,0
2017-03-12,fashion bolsas e acessorios,0
2017-03-19,fashion bolsas e acessorios,0
2017-03-26,fashion bolsas e acessorios,0
2017-04-02,fashion bolsas e acessorios,0
2017-04-09,fashion bolsas e acessorios,0
2017-04-16,fashion bolsas e acessorios,0
2017-04-23,fashion bolsas e acessorios,0
2017-04-30,fashion bolsas e acessorios,0
2017-05-07,fashion bolsas e acessorios,0
2017-05-14,fashion bolsas e acessorios,0
2017-05-21,fashion bolsas e acessorios,0
2017-05-28,fashion bolsas e acessorios,0
2017-06-04,fashion bolsas e acessorios,0
2017-06-11,fashion bolsas e acessorios,0
2017-06-18,fashion bolsas e acessorios,0
2017-06-25,fashion bolsas e acessorios,0
2017-07-02,fashion bolsas e acessorios,0
2017-07-09,fashion bolsas e acessorios,0
2017-07-16,fashion bolsas e acessorios,0
2017-07-23,fashion bolsas e acessorios,0
2017-07-30,fashion bolsas e acessorios,0
2017-08-06,fashion bolsas e acessorios,0
2017-08-13,fashion bolsas e acessorios,0
2017-08-20,fashion bolsas e acessorios,0
2017-08-27,fashion bolsas e acessorios,0
2017-09-03,fashion bolsas e acessorios,0
2017-09-10,fashion bolsas e acessorios,0
2017-09-17,fashion bolsas e acessorios,0
2017-09-24,fashion bolsas e acessorios,0
2017-10-01,fashion bolsas e acessorios,0
2017-10-08,fashion bolsas e acessorios,0
2017-10-15,fashion bolsas e acessorios,0
2017-10-22,fashion bolsas e acessorios,0
2017-10-29,fashion bolsas e acessorios,0
2017-11-05,fashion bolsas e acessorios,0
2017-11-12,fashion bolsas e acessorios,0
2017-11-19,fashion bolsas e acessorios,0
2017-11-26,fashion bolsas e acessorios,0
2017-12-03,fashion bolsas e acessorios,0
2017-12-10,fashion bolsas e acessorios,0
2017-12-17,fashion bolsas e acessorios,0
2017-12-24,fashion bolsas e acessorios,0
2017-12-31,fashion bolsas e acessorios,0
2018-01-07,fashion bolsas e acessorios,0
2018-01-14,fashion bolsas e acessorios,0
2018-01-21,fashion bolsas e acessorios,0
2018-01-28,fashion bolsas e acessorios,0
2018-02-04,fashion bolsas e acessorios,0
2018-02-11,fashion bolsas e acessorios,0
2018-02-18,fashion bolsas e acessorios,0
2018-02-25,fashion bolsas e acessorios,0
2018-03-04,fashion bolsas e acessorios,0
2018-03-11,fashion bolsas e acessorios,0
2018-03-18,fashion bolsas e acessorios,0
2018-03-25,fashion bolsas e acessorios,0
2018-04-01,fashion bolsas e acessorios,0
2018-04-08,fashion bolsas e acessorios,0
2018-04-15,fashion bolsas e acessorios,0
2018-04-22,fashion bolsas e acessorios,0
2018-04-29,fashion bolsas e acessorios,0
2018-05-06,fashion bolsas e acessorios,0
2018-05-13,fashion bolsas e acessorios,0
2018-05-20,fashion bolsas e acessorios,0
2018-05-27,fashion bolsas e acessorios,0
2018-06-03,fashion bolsas e acessorios,0
2018-06-10,fashion bolsas e acessorios,0
2018-06-17,fashion bolsas e acessorios,0
2018-06-24,fashion bolsas e acessorios,0
2018-07-01,fashion bolsas e acessorios,0
2018-07-08,fashion bolsas e acessorios,0
2018-07-15,fashion bolsas e acessorios,0
2018-07-22,fashion bolsas e acessorios,0
2018-07-29,fashion bolsas e acessorios,0
2018-08-05,fashion bolsas e acessorios,0
2018-08-12,fashion bolsas e acessorios,0
2018-08-19,fashion bolsas e acessorios,0
2018-08-26,fashion bolsas e acessorios,0
2018-09-02,fashion bolsas e acessorios,0
2018-09-09,fashion bolsas e acessorios,0
2018-09-16,fashion bolsas e acessorios,0
2018-09-23,fashion bolsas e acessorios,0
2018-09-30,fashion bolsas e acessorios,0
2018-10-07,fashion bolsas e acessorios,0
2018-10-14,fashion bolsas e acessorios,0
2018-10-21,fashion bolsas e acessorios,0
2018-10-28,fashion bolsas e acessorios,0
2018-11-04,fashion bolsas e acessorios,0
2018-11-11,fashion bolsas e acessorios,0
2018-11-18,fashion bolsas e acessorios,0
2018-11-25,fashion bolsas e acessorios,0
2018-12-02,fashion bolsas e acessorios,0
2018-12-09,fashion bolsas e acessorios,0
2018-12-16,fashion bolsas e acessorios,0
2018-12-23,fashion bolsas e acessorios,0
2018-12-30,fashion bolsas e acessorios,0
2015-12-27,pcs,4
2016-01-03,pcs,4
2016-01-10,pcs,4
2016-01-17,pcs,4
2016-01-24,pcs,4
2016-01-31,pcs,4
2016-02-07,pcs,4
2016-02-14,pcs,4
2016-02-21,pcs,4
2016-02-28,pcs,4
2016-03-06,pcs,4
2016-03-13,pcs,3
2016-03-20,pcs,4
2016-03-27,pcs,4
2016-04-03,pcs,4
2016-04-10,pcs,4
2016-04-17,pcs,4
2016-04-24,pcs,4
2016-05-01,pcs,4
2016-05-08,pcs,4
2016-05-15,pcs,4
2016-05-22,pcs,4
2016-05-29,pcs,5
2016-06-05,pcs,5
2016-06-12,pcs,4
2016-06-19,pcs,4
2016-06-26,pcs,6
2016-07-03,pcs,4
2016-07-10,pcs,4
2016-07-17,pcs,5
2016-07-24,pcs,4
2016-07-31,pcs,4
2016-08-07,pcs,3
2016-08-14,pcs,3
2016-08-21,pcs,3
2016-08-28,pcs,3
2016-09-04,pcs,3
2016-09-11,pcs,3
2016-09-18,pcs,3
2016-09-25,pcs,3
2016-10-02,pcs,3
2016-10-09,pcs,3
2016-10-16,pcs,3
2016-10-23,pcs,4
2016-10-30,pcs,3
2016-11-06,pcs,3
2016-11-13,pcs,4
2016-11-20,pcs,4
2016-11-27,pcs,3
2016-12-04,pcs,3
2016-12-11,pcs,4
2016-12-18,pcs,4
2016-12-25,pcs,3
2017-01-01,pcs,4
2017-01-08,pcs,4
2017-01-15,pcs,3
2017-01-22,pcs,3
2017-01-29,pcs,3
2017-02-05,pcs,3
2017-02-12,pcs,3
2017-02-19,pcs,3
2017-02-26,pcs,3
2017-03-05,pcs,4
2017-03-12,pcs,3
2017-03-19,pcs,3
2017-03-26,pcs,3
2017-04-02,pcs,3
2017-04-09,pcs,3
2017-04-16,pcs,3
2017-04-23,pcs,3
2017-04-30,pcs,4
2017-05-07,pcs,4
2017-05-14,pcs,4
2017-05-21,pcs,3
2017-05-28,pcs,4
2017-06-04,pcs,3
2017-06-11,pcs,3
2017-06-18,pcs,3
2017-06-25,pcs,3
2017-07-02,pcs,3
2017-07-09,pcs,4
2017-07-16,pcs,4
2017-07-23,pcs,4
2017-07-30,pcs,3
2017-08-06,pcs,3
2017-08-13,pcs,3
2017-08-20,pcs,3
2017-08-27,pcs,4
2017-09-03,pcs,3
2017-09-10,pcs,3
2017-09-17,pcs,3
2017-09-24,pcs,3
2017-10-01,pcs,3
2017-10-08,pcs,3
2017-10-15,pcs,3
2017-10-22,pcs,3
2017-10-29,pcs,3
2017-11-05,pcs,3
2017-11-12,pcs,3
2017-11-19,pcs,4
2017-11-26,pcs,3
2017-12-03,pcs,3
2017-12-10,pcs,3
2017-12-17,pcs,3
2017-12-24,pcs,3
2017-12-31,pcs,3
2018-01-07,pcs,4
2018-01-14,pcs,3
2018-01-21,pcs,3
2018-01-28,pcs,3
2018-02-04,pcs,3
2018-02-11,pcs,3
2018-02-18,pcs,3
2018-02-25,pcs,3
2018-03-04,pcs,3
2018-03-11,pcs,3
2018-03-18,pcs,3
2018-03-25,pcs,3
2018-04-01,pcs,3
2018-04-08,pcs,3
2018-04-15,pcs,3
2018-04-22,pcs,3
2018-04-29,pcs,3
2018-05-06,pcs,3
2018-05-13,pcs,3
2018-05-20,pcs,3
2018-05-27,pcs,3
2018-06-03,pcs,3
2018-06-10,pcs,3
2018-06-17,pcs,3
2018-06-24,pcs,3
2018-07-01,pcs,3
2018-07-08,pcs,4
2018-07-15,pcs,3
2018-07-22,pcs,3
2018-07-29,pcs,3
2018-08-05,pcs,4
2018-08-12,pcs,4
2018-08-19,pcs,3
2018-08-26,pcs,4
2018-09-02,pcs,3
2018-09-09,pcs,3
2018-09-16,pcs,3
2018-09-23,pcs,3
2018-09-30,pcs,3
2018-10-07,pcs,3
2018-10-14,pcs,3
2018-10-21,pcs,3
2018-10-28,pcs,3
2018-11-04,pcs,3
2018-11-11,pcs,3
2018-11-18,pcs,3
2018-11-25,pcs,3
2018-12-02,pcs,3
2018-12-09,pcs,3
2018-12-16,pcs,3
2018-12-23,pcs,3
2018-12-30,pcs,3
2015-12-27,casa construcao,2
2016-01-03,casa construcao,3
2016-01-10,casa construcao,3
2016-01-17,casa construcao,3
2016-01-24,casa construcao,2
2016-01-31,casa construcao,3
2016-02-07,casa construcao,3
2016-02-14,casa construcao,3
2016-02-21,casa construcao,3
2016-02-28,casa construcao,3
2016-03-06,casa construcao,2
2016-03-13,casa construcao,2
2016-03-20,casa construcao,2
2016-03-27,casa construcao,2
2016-04-03,casa construcao,2
2016-04-10,casa construcao,3
2016-04-17,casa construcao,3
2016-04-24,casa construcao,2
2016-05-01,casa construcao,2
2016-05-08,casa construcao,2
2016-05-15,casa construcao,2
2016-05-22,casa construcao,2
2016-05-29,casa construcao,2
2016-06-05,casa construcao,2
2016-06-12,casa construcao,2
2016-06-19,casa construcao,2
2016-06-26,casa construcao,2
2016-07-03,casa construcao,3
2016-07-10,casa construcao,3
2016-07-17,casa construcao,3
2016-07-24,casa construcao,3
2016-07-31,casa construcao,3
2016-08-07,casa construcao,3
2016-08-14,casa construcao,2
2016-08-21,casa construcao,2
2016-08-28,casa construcao,3
2016-09-04,casa construcao,3
2016-09-11,casa construcao,2
2016-09-18,casa construcao,3
2016-09-25,casa construcao,2
2016-10-02,casa construcao,2
2016-10-09,casa construcao,2
2016-10-16,casa construcao,3
2016-10-23,casa construcao,3
2016-10-30,casa construcao,3
2016-11-06,casa construcao,2
2016-11-13,casa construcao,3
2016-11-20,casa construcao,3
2016-11-27,casa construcao,3
2016-12-04,casa construcao,3
2016-12-11,casa construcao,3
2016-12-18,casa construcao,2
2016-12-25,casa construcao,2
2017-01-01,casa construcao,3
2017-01-08,casa construcao,3
2017-01-15,casa construcao,3
2017-01-22,casa construcao,3
2017-01-29,casa construcao,3
2017-02-05,casa construcao,3
2017-02-12,casa construcao,3
2017-02-19,casa construcao,2
2017-02-26,casa construcao,3
2017-03-05,casa construcao,3
2017-03-12,casa construcao,3
2017-03-19,casa construcao,3
2017-03-26,casa construcao,3
2017-04-02,casa construcao,3
2017-04-09,casa construcao,2
2017-04-16,casa construcao,3
2017-04-23,casa construcao,3
2017-04-30,casa construcao,3
2017-05-07,casa construcao,3
2017-05-14,casa construcao,3
2017-05-21,casa construcao,3
2017-05-28,casa construcao,3
2017-06-04,casa construcao,3
2017-06-11,casa construcao,3
2017-06-18,casa construcao,3
2017-06-25,casa construcao,3
2017-07-02,casa construcao,3
2017-07-09,casa construcao,3
2017-07-16,casa construcao,3
2017-07-23,casa construcao,3
2017-07-30,casa construcao,3
2017-08-06,casa construcao,3
2017-08-13,casa construcao,3
2017-08-20,casa construcao,3
2017-08-27,casa construcao,3
2017-09-03,casa construcao,3
2017-09-10,casa construcao,3
2017-09-17,casa construcao,3
2017-09-24,casa construcao,3
2017-10-01,casa construcao,3
2017-10-08,casa construcao,3
2017-10-15,casa construcao,3
2017-10-22,casa construcao,3
2017-10-29,casa construcao,3
2017-11-05,casa construcao,3
2017-11-12,casa construcao,3
2017-11-19,casa construcao,3
2017-11-26,casa construcao,3
2017-12-03,casa construcao,3
2017-12-10,casa construcao,3
2017-12-17,casa construcao,2
2017-12-24,casa construcao,3
2017-12-31,casa construcao,3
2018-01-07,casa construcao,3
2018-01-14,casa construcao,3
2018-01-21,casa construcao,3
2018-01-28,casa construcao,3
2018-02-04,casa construcao,3
2018-02-11,casa construcao,3
2018-02-18,casa construcao,3
2018-02-25,casa construcao,3
2018-03-04,casa construcao,3
2018-03-11,casa construcao,3
2018-03-18,casa construcao,3
2018-03-25,casa construcao,3
2018-04-01,casa construcao,3
2018-04-08,casa construcao,3
2018-04-15,casa construcao,2
2018-04-22,casa construcao,2
2018-04-29,casa construcao,3
2018-05-06,casa construcao,2
2018-05-13,casa construcao,2
2018-05-20,casa construcao,2
2018-05-27,casa construcao,2
2018-06-03,casa construcao,2
2018-06-10,casa construcao,2
2018-06-17,casa construcao,2
2018-06-24,casa construcao,2
2018-07-01,casa construcao,2
2018-07-08,casa construcao,3
2018-07-15,casa construcao,2
2018-07-22,casa construcao,3
2018-07-29,casa construcao,3
2018-08-05,casa construcao,2
2018-08-12,casa construcao,3
2018-08-19,casa construcao,2
2018-08-26,casa construcao,2
2018-09-02,casa construcao,2
2018-09-09,casa construcao,2
2018-09-16,casa construcao,2
2018-09-23,casa construcao,2
2018-09-30,casa construcao,3
2018-10-07,casa construcao,2
2018-10-14,casa construcao,2
2018-10-21,casa construcao,3
2018-10-28,casa construcao,3
2018-11-04,casa construcao,2
2018-11-11,casa construcao,3
2018-11-18,casa construcao,2
2018-11-25,casa construcao,3
2018-12-02,casa construcao,3
2018-12-09,casa construcao,2
2018-12-16,casa construcao,2
2018-12-23,casa construcao,2
2018-12-30,casa construcao,3
2015-12-27,relogios presentes,0
2016-01-03,relogios presentes,0
2016-01-10,relogios presentes,0
2016-01-17,relogios presentes,0
2016-01-24,relogios presentes,0
2016-01-31,relogios presentes,0
2016-02-07,relogios presentes,0
2016-02-14,relogios presentes,0
2016-02-21,relogios presentes,0
2016-02-28,relogios presentes,0
2016-03-06,relogios presentes,0
2016-03-13,relogios presentes,0
2016-03-20,relogios presentes,0
2016-03-27,relogios presentes,0
2016-04-03,relogios presentes,0
2016-04-10,relogios presentes,0
2016-04-17,relogios presentes,0
2016-04-24,relogios presentes,0
2016-05-01,relogios presentes,0
2016-05-08,relogios presentes,0
2016-05-15,relogios presentes,0
2016-05-22,relogios presentes,0
2016-05-29,relogios presentes,0
2016-06-05,relogios presentes,0
2016-06-12,relogios presentes,0
2016-06-19,relogios presentes,0
2016-06-26,relogios presentes,0
2016-07-03,relogios presentes,0
2016-07-10,relogios presentes,0
2016-07-17,relogios presentes,0
2016-07-24,relogios presentes,0
2016-07-31,relogios presentes,0
2016-08-07,relogios presentes,0
2016-08-14,relogios presentes,0
2016-08-21,relogios presentes,0
2016-08-28,relogios presentes,0
2016-09-04,relogios presentes,0
2016-09-11,relogios presentes,0
2016-09-18,relogios presentes,0
2016-09-25,relogios presentes,0
2016-10-02,relogios presentes,0
2016-10-09,relogios presentes,0
2016-10-16,relogios presentes,0
2016-10-23,relogios presentes,0
2016-10-30,relogios presentes,0
2016-11-06,relogios presentes,0
2016-11-13,relogios presentes,0
2016-11-20,relogios presentes,0
2016-11-27,relogios presentes,0
2016-12-04,relogios presentes,0
2016-12-11,relogios presentes,0
2016-12-18,relogios presentes,0
2016-12-25,relogios presentes,0
2017-01-01,relogios presentes,0
2017-01-08,relogios presentes,0
2017-01-15,relogios presentes,0
2017-01-22,relogios presentes,0
2017-01-29,relogios presentes,0
2017-02-05,relogios presentes,0
2017-02-12,relogios presentes,0
2017-02-19,relogios presentes,0
2017-02-26,relogios presentes,0
2017-03-05,relogios presentes,0
2017-03-12,relogios presentes,0
2017-03-19,relogios presentes,0
2017-03-26,relogios presentes,0
2017-04-02,relogios presentes,0
2017-04-09,relogios presentes,0
2017-04-16,relogios presentes,0
2017-04-23,relogios presentes,0
2017-04-30,relogios presentes,0
2017-05-07,relogios presentes,0
2017-05-14,relogios presentes,0
2017-05-21,relogios presentes,0
2017-05-28,relogios presentes,0
2017-06-04,relogios presentes,0
2017-06-11,relogios presentes,0
2017-06-18,relogios presentes,0
2017-06-25,relogios presentes,0
2017-07-02,relogios presentes,0
2017-07-09,relogios presentes,0
2017-07-16,relogios presentes,0
2017-07-23,relogios presentes,0
2017-07-30,relogios presentes,0
2017-08-06,relogios presentes,0
2017-08-13,relogios presentes,0
2017-08-20,relogios presentes,0
2017-08-27,relogios presentes,0
2017-09-03,relogios presentes,0
2017-09-10,relogios presentes,0
2017-09-17,relogios presentes,0
2017-09-24,relogios presentes,0
2017-10-01,relogios presentes,0
2017-10-08,relogios presentes,0
2017-10-15,relogios presentes,0
2017-10-22,relogios presentes,0
2017-10-29,relogios presentes,0
2017-11-05,relogios presentes,0
2017-11-12,relogios presentes,0
2017-11-19,relogios presentes,0
2017-11-26,relogios presentes,0
2017-12-03,relogios presentes,0
2017-12-10,relogios presentes,0
2017-12-17,relogios presentes,1
2017-12-24,relogios presentes,0
2017-12-31,relogios presentes,0
2018-01-07,relogios presentes,0
2018-01-14,relogios presentes,0
2018-01-21,relogios presentes,0
2018-01-28,relogios presentes,0
2018-02-04,relogios presentes,0
2018-02-11,relogios presentes,0
2018-02-18,relogios presentes,0
2018-02-25,relogios presentes,0
2018-03-04,relogios presentes,0
2018-03-11,relogios presentes,0
2018-03-18,relogios presentes,0
2018-03-25,relogios presentes,0
2018-04-01,relogios presentes,0
2018-04-08,relogios presentes,0
2018-04-15,relogios presentes,0
2018-04-22,relogios presentes,0
2018-04-29,relogios presentes,0
2018-05-06,relogios presentes,0
2018-05-13,relogios presentes,0
2018-05-20,relogios presentes,0
2018-05-27,relogios presentes,0
2018-06-03,relogios presentes,0
2018-06-10,relogios presentes,0
2018-06-17,relogios presentes,0
2018-06-24,relogios presentes,0
2018-07-01,relogios presentes,0
2018-07-08,relogios presentes,0
2018-07-15,relogios presentes,0
2018-07-22,relogios presentes,0
2018-07-29,relogios presentes,0
2018-08-05,relogios presentes,0
2018-08-12,relogios presentes,0
2018-08-19,relogios presentes,0
2018-08-26,relogios presentes,0
2018-09-02,relogios presentes,0
2018-09-09,relogios presentes,0
2018-09-16,relogios presentes,0
2018-09-23,relogios presentes,0
2018-09-30,relogios presentes,0
2018-10-07,relogios presentes,0
2018-10-14,relogios presentes,0
2018-10-21,relogios presentes,0
2018-10-28,relogios presentes,0
2018-11-04,relogios presentes,0
2018-11-11,relogios presentes,0
2018-11-18,relogios presentes,0
2018-11-25,relogios presentes,0
2018-12-02,relogios presentes,0
2018-12-09,relogios presentes,0
2018-12-16,relogios presentes,0
2018-12-23,relogios presentes,0
2018-12-30,relogios presentes,0
2015-12-27,construcao ferramentas construcao,0
2016-01-03,construcao ferramentas construcao,0
2016-01-10,construcao ferramentas construcao,0
2016-01-17,construcao ferramentas construcao,0
2016-01-24,construcao ferramentas construcao,0
2016-01-31,construcao ferramentas construcao,0
2016-02-07,construcao ferramentas construcao,0
2016-02-14,construcao ferramentas construcao,0
2016-02-21,construcao ferramentas construcao,0
2016-02-28,construcao ferramentas construcao,0
2016-03-06,construcao ferramentas construcao,0
2016-03-13,construcao ferramentas construcao,0
2016-03-20,construcao ferramentas construcao,0
2016-03-27,construcao ferramentas construcao,0
2016-04-03,construcao ferramentas construcao,0
2016-04-10,construcao ferramentas construcao,0
2016-04-17,construcao ferramentas construcao,0
2016-04-24,construcao ferramentas construcao,0
2016-05-01,construcao ferramentas construcao,0
2016-05-08,construcao ferramentas construcao,0
2016-05-15,construcao ferramentas construcao,0
2016-05-22,construcao ferramentas construcao,0
2016-05-29,construcao ferramentas construcao,0
2016-06-05,construcao ferramentas construcao,0
2016-06-12,construcao ferramentas construcao,0
2016-06-19,construcao ferramentas construcao,0
2016-06-26,construcao ferramentas construcao,0
2016-07-03,construcao ferramentas construcao,0
2016-07-10,construcao ferramentas construcao,0
2016-07-17,construcao ferramentas construcao,0
2016-07-24,construcao ferramentas construcao,0
2016-07-31,construcao ferramentas construcao,0
2016-08-07,construcao ferramentas construcao,0
2016-08-14,construcao ferramentas construcao,0
2016-08-21,construcao ferramentas construcao,0
2016-08-28,construcao ferramentas construcao,0
2016-09-04,construcao ferramentas construcao,0
2016-09-11,construcao ferramentas construcao,0
2016-09-18,construcao ferramentas construcao,0
2016-09-25,construcao ferramentas construcao,0
2016-10-02,construcao ferramentas construcao,0
2016-10-09,construcao ferramentas construcao,0
2016-10-16,construcao ferramentas construcao,0
2016-10-23,construcao ferramentas construcao,0
2016-10-30,construcao ferramentas construcao,0
2016-11-06,construcao ferramentas construcao,0
2016-11-13,construcao ferramentas construcao,0
2016-11-20,construcao ferramentas construcao,0
2016-11-27,construcao ferramentas construcao,0
2016-12-04,construcao ferramentas construcao,0
2016-12-11,construcao ferramentas construcao,0
2016-12-18,construcao ferramentas construcao,0
2016-12-25,construcao ferramentas construcao,0
2017-01-01,construcao ferramentas construcao,0
2017-01-08,construcao ferramentas construcao,0
2017-01-15,construcao ferramentas construcao,0
2017-01-22,construcao ferramentas construcao,0
2017-01-29,construcao ferramentas construcao,0
2017-02-05,construcao ferramentas construcao,0
2017-02-12,construcao ferramentas construcao,0
2017-02-19,construcao ferramentas construcao,0
2017-02-26,construcao ferramentas construcao,0
2017-03-05,construcao ferramentas construcao,0
2017-03-12,construcao ferramentas construcao,0
2017-03-19,construcao ferramentas construcao,0
2017-03-26,construcao ferramentas construcao,0
2017-04-02,construcao ferramentas construcao,0
2017-04-09,construcao ferramentas construcao,0
2017-04-16,construcao ferramentas construcao,0
2017-04-23,construcao ferramentas construcao,0
2017-04-30,construcao ferramentas construcao,0
2017-05-07,construcao ferramentas construcao,0
2017-05-14,construcao ferramentas construcao,0
2017-05-21,construcao ferramentas construcao,0
2017-05-28,construcao ferramentas construcao,0
2017-06-04,construcao ferramentas construcao,0
2017-06-11,construcao ferramentas construcao,0
2017-06-18,construcao ferramentas construcao,0
2017-06-25,construcao ferramentas construcao,0
2017-07-02,construcao ferramentas construcao,0
2017-07-09,construcao ferramentas construcao,0
2017-07-16,construcao ferramentas construcao,0
2017-07-23,construcao ferramentas construcao,0
2017-07-30,construcao ferramentas construcao,0
2017-08-06,construcao ferramentas construcao,0
2017-08-13,construcao ferramentas construcao,0
2017-08-20,construcao ferramentas construcao,0
2017-08-27,construcao ferramentas construcao,0
2017-09-03,construcao ferramentas construcao,0
2017-09-10,construcao ferramentas construcao,0
2017-09-17,construcao ferramentas construcao,0
2017-09-24,construcao ferramentas construcao,0
2017-10-01,construcao ferramentas construcao,0
2017-10-08,construcao ferramentas construcao,0
2017-10-15,construcao ferramentas construcao,0
2017-10-22,construcao ferramentas construcao,0
2017-10-29,construcao ferramentas construcao,0
2017-11-05,construcao ferramentas construcao,0
2017-11-12,construcao ferramentas construcao,0
2017-11-19,construcao ferramentas construcao,0
2017-11-26,construcao ferramentas construcao,0
2017-12-03,construcao ferramentas construcao,0
2017-12-10,construcao ferramentas construcao,0
2017-12-17,construcao ferramentas construcao,0
2017-12-24,construcao ferramentas construcao,0
2017-12-31,construcao ferramentas construcao,0
2018-01-07,construcao ferramentas construcao,0
2018-01-14,construcao ferramentas construcao,0
2018-01-21,construcao ferramentas construcao,0
2018-01-28,construcao ferramentas construcao,0
2018-02-04,construcao ferramentas construcao,0
2018-02-11,construcao ferramentas construcao,0
2018-02-18,construcao ferramentas construcao,0
2018-02-25,construcao ferramentas construcao,0
2018-03-04,construcao ferramentas construcao,0
2018-03-11,construcao ferramentas construcao,0
2018-03-18,construcao ferramentas construcao,0
2018-03-25,construcao ferramentas construcao,0
2018-04-01,construcao ferramentas construcao,0
2018-04-08,construcao ferramentas construcao,0
2018-04-15,construcao ferramentas construcao,0
2018-04-22,construcao ferramentas construcao,0
2018-04-29,construcao ferramentas construcao,0
2018-05-06,construcao ferramentas construcao,0
2018-05-13,construcao ferramentas construcao,0
2018-05-20,construcao ferramentas construcao,0
2018-05-27,construcao ferramentas construcao,0
2018-06-03,construcao ferramentas construcao,0
2018-06-10,construcao ferramentas construcao,0
2018-06-17,construcao ferramentas construcao,0
2018-06-24,construcao ferramentas construcao,0
2018-07-01,construcao ferramentas construcao,0
2018-07-08,construcao ferramentas construcao,0
2018-07-15,construcao ferramentas construcao,0
2018-07-22,construcao ferramentas construcao,0
2018-07-29,construcao ferramentas construcao,0
2018-08-05,construcao ferramentas construcao,0
2018-08-12,construcao ferramentas construcao,0
2018-08-19,construcao ferramentas construcao,0
2018-08-26,construcao ferramentas construcao,0
2018-09-02,construcao ferramentas construcao,0
2018-09-09,construcao ferramentas construcao,0
2018-09-16,construcao ferramentas construcao,0
2018-09-23,construcao ferramentas construcao,0
2018-09-30,construcao ferramentas construcao,0
2018-10-07,construcao ferramentas construcao,0
2018-10-14,construcao ferramentas construcao,0
2018-10-21,construcao ferramentas construcao,0
2018-10-28,construcao ferramentas construcao,0
2018-11-04,construcao ferramentas construcao,0
2018-11-11,construcao ferramentas construcao,0
2018-11-18,construcao ferramentas construcao,0
2018-11-25,construcao ferramentas construcao,0
2018-12-02,construcao ferramentas construcao,0
2018-12-09,construcao ferramentas construcao,0
2018-12-16,construcao ferramentas construcao,0
2018-12-23,construcao ferramentas construcao,0
2018-12-30,construcao ferramentas construcao,0
2015-12-27,pet shop,70
2016-01-03,pet shop,66
2016-01-10,pet shop,61
2016-01-17,pet shop,58
2016-01-24,pet shop,59
2016-01-31,pet shop,64
2016-02-07,pet shop,65
2016-02-14,pet shop,63
2016-02-21,pet shop,56
2016-02-28,pet shop,56
2016-03-06,pet shop,53
2016-03-13,pet shop,54
2016-03-20,pet shop,55
2016-03-27,pet shop,52
2016-04-03,pet shop,56
2016-04-10,pet shop,54
2016-04-17,pet shop,53
2016-04-24,pet shop,52
2016-05-01,pet shop,57
2016-05-08,pet shop,51
2016-05-15,pet shop,52
2016-05-22,pet shop,52
2016-05-29,pet shop,54
2016-06-05,pet shop,55
2016-06-12,pet shop,56
2016-06-19,pet shop,57
2016-06-26,pet shop,61
2016-07-03,pet shop,61
2016-07-10,pet shop,61
2016-07-17,pet shop,56
2016-07-24,pet shop,57
2016-07-31,pet shop,61
2016-08-07,pet shop,52
2016-08-14,pet shop,49
2016-08-21,pet shop,55
2016-08-28,pet shop,55
2016-09-04,pet shop,58
2016-09-11,pet shop,57
2016-09-18,pet shop,54
2016-09-25,pet shop,55
2016-10-02,pet shop,53
2016-10-09,pet shop,56
2016-10-16,pet shop,61
2016-10-23,pet shop,55
2016-10-30,pet shop,52
2016-11-06,pet shop,58
2016-11-13,pet shop,54
2016-11-20,pet shop,54
2016-11-27,pet shop,54
2016-12-04,pet shop,59
2016-12-11,pet shop,61
2016-12-18,pet shop,80
2016-12-25,pet shop,78
2017-01-01,pet shop,68
2017-01-08,pet shop,63
2017-01-15,pet shop,56
2017-01-22,pet shop,60
2017-01-29,pet shop,63
2017-02-05,pet shop,58
2017-02-12,pet shop,54
2017-02-19,pet shop,56
2017-02-26,pet shop,59
2017-03-05,pet shop,56
2017-03-12,pet shop,65
2017-03-19,pet shop,54
2017-03-26,pet shop,57
2017-04-02,pet shop,59
2017-04-09,pet shop,55
2017-04-16,pet shop,60
2017-04-23,pet shop,57
2017-04-30,pet shop,59
2017-05-07,pet shop,53
2017-05-14,pet shop,59
2017-05-21,pet shop,57
2017-05-28,pet shop,62
2017-06-04,pet shop,58
2017-06-11,pet shop,67
2017-06-18,pet shop,58
2017-06-25,pet shop,62
2017-07-02,pet shop,63
2017-07-09,pet shop,63
2017-07-16,pet shop,63
2017-07-23,pet shop,63
2017-07-30,pet shop,60
2017-08-06,pet shop,63
2017-08-13,pet shop,57
2017-08-20,pet shop,60
2017-08-27,pet shop,57
2017-09-03,pet shop,66
2017-09-10,pet shop,100
2017-09-17,pet shop,78
2017-09-24,pet shop,58
2017-10-01,pet shop,63
2017-10-08,pet shop,61
2017-10-15,pet shop,55
2017-10-22,pet shop,55
2017-10-29,pet shop,60
2017-11-05,pet shop,54
2017-11-12,pet shop,60
2017-11-19,pet shop,58
2017-11-26,pet shop,56
2017-12-03,pet shop,67
2017-12-10,pet shop,67
2017-12-17,pet shop,91
2017-12-24,pet shop,83
2017-12-31,pet shop,72
2018-01-07,pet shop,68
2018-01-14,pet shop,66
2018-01-21,pet shop,62
2018-01-28,pet shop,61
2018-02-04,pet shop,65
2018-02-11,pet shop,65
2018-02-18,pet shop,56
2018-02-25,pet shop,60
2018-03-04,pet shop,63
2018-03-11,pet shop,59
2018-03-18,pet shop,57
2018-03-25,pet shop,57
2018-04-01,pet shop,60
2018-04-08,pet shop,57
2018-04-15,pet shop,54
2018-04-22,pet shop,57
2018-04-29,pet shop,60
2018-05-06,pet shop,56
2018-05-13,pet shop,55
2018-05-20,pet shop,52
2018-05-27,pet shop,57
2018-06-03,pet shop,61
2018-06-10,pet shop,56
2018-06-17,pet shop,63
2018-06-24,pet shop,68
2018-07-01,pet shop,72
2018-07-08,pet shop,63
2018-07-15,pet shop,65
2018-07-22,pet shop,60
2018-07-29,pet shop,58
2018-08-05,pet shop,60
2018-08-12,pet shop,60
2018-08-19,pet shop,55
2018-08-26,pet shop,57
2018-09-02,pet shop,60
2018-09-09,pet shop,58
2018-09-16,pet shop,59
2018-09-23,pet shop,58
2018-09-30,pet shop,52
2018-10-07,pet shop,58
2018-10-14,pet shop,58
2018-10-21,pet shop,56
2018-10-28,pet shop,61
2018-11-04,pet shop,59
2018-11-11,pet shop,65
2018-11-18,pet shop,56
2018-11-25,pet shop,59
2018-12-02,pet shop,69
2018-12-09,pet shop,74
2018-12-16,pet shop,98
2018-12-23,pet shop,87
2018-12-30,pet shop,81
2015-12-27,eletroportateis,0
2016-01-03,eletroportateis,1
2016-01-10,eletroportateis,0
2016-01-17,eletroportateis,0
2016-01-24,eletroportateis,0
2016-01-31,eletroportateis,0
2016-02-07,eletroportateis,0
2016-02-14,eletroportateis,0
2016-02-21,eletroportateis,0
2016-02-28,eletroportateis,0
2016-03-06,eletroportateis,0
2016-03-13,eletroportateis,0
2016-03-20,eletroportateis,0
2016-03-27,eletroportateis,0
2016-04-03,eletroportateis,0
2016-04-10,eletroportateis,0
2016-04-17,eletroportateis,0
2016-04-24,eletroportateis,0
2016-05-01,eletroportateis,1
2016-05-08,eletroportateis,0
2016-05-15,eletroportateis,0
2016-05-22,eletroportateis,0
2016-05-29,eletroportateis,0
2016-06-05,eletroportateis,1
2016-06-12,eletroportateis,0
2016-06-19,eletroportateis,0
2016-06-26,eletroportateis,0
2016-07-03,eletroportateis,0
2016-07-10,eletroportateis,0
2016-07-17,eletroportateis,0
2016-07-24,eletroportateis,0
2016-07-31,eletroportateis,0
2016-08-07,eletroportateis,0
2016-08-14,eletroportateis,0
2016-08-21,eletroportateis,0
2016-08-28,eletroportateis,0
2016-09-04,eletroportateis,0
2016-09-11,eletroportateis,0
2016-09-18,eletroportateis,1
2016-09-25,eletroportateis,0
2016-10-02,eletroportateis,0
2016-10-09,eletroportateis,0
2016-10-16,eletroportateis,0
2016-10-23,eletroportateis,0
2016-10-30,eletroportateis,0
2016-11-06,eletroportateis,0
2016-11-13,eletroportateis,0
2016-11-20,eletroportateis,1
2016-11-27,eletroportateis,1
2016-12-04,eletroportateis,0
2016-12-11,eletroportateis,0
2016-12-18,eletroportateis,0
2016-12-25,eletroportateis,0
2017-01-01,eletroportateis,0
2017-01-08,eletroportateis,0
2017-01-15,eletroportateis,1
2017-01-22,eletroportateis,0
2017-01-29,eletroportateis,0
2017-02-05,eletroportateis,0
2017-02-12,eletroportateis,0
2017-02-19,eletroportateis,0
2017-02-26,eletroportateis,0
2017-03-05,eletroportateis,0
2017-03-12,eletroportateis,1
2017-03-19,eletroportateis,0
2017-03-26,eletroportateis,0
2017-04-02,eletroportateis,1
2017-04-09,eletroportateis,0
2017-04-16,eletroportateis,0
2017-04-23,eletroportateis,0
2017-04-30,eletroportateis,1
2017-05-07,eletroportateis,1
2017-05-14,eletroportateis,0
2017-05-21,eletroportateis,0
2017-05-28,eletroportateis,0
2017-06-04,eletroportateis,0
2017-06-11,eletroportateis,0
2017-06-18,eletroportateis,0
2017-06-25,eletroportateis,0
2017-07-02,eletroportateis,0
2017-07-09,eletroportateis,0
2017-07-16,eletroportateis,0
2017-07-23,eletroportateis,0
2017-07-30,eletroportateis,1
2017-08-06,eletroportateis,0
2017-08-13,eletroportateis,0
2017-08-20,eletroportateis,1
2017-08-27,eletroportateis,0
2017-09-03,eletroportateis,1
2017-09-10,eletroportateis,1
2017-09-17,eletroportateis,0
2017-09-24,eletroportateis,0
2017-10-01,eletroportateis,0
2017-10-08,eletroportateis,0
2017-10-15,eletroportateis,0
2017-10-22,eletroportateis,0
2017-10-29,eletroportateis,0
2017-11-05,eletroportateis,0
2017-11-12,eletroportateis,0
2017-11-19,eletroportateis,1
2017-11-26,eletroportateis,0
2017-12-03,eletroportateis,0
2017-12-10,eletroportateis,1
2017-12-17,eletroportateis,0
2017-12-24,eletroportateis,0
2017-12-31,eletroportateis,1
2018-01-07,eletroportateis,0
2018-01-14,eletroportateis,0
2018-01-21,eletroportateis,0
2018-01-28,eletroportateis,1
2018-02-04,eletroportateis,0
2018-02-11,eletroportateis,0
2018-02-18,eletroportateis,0
2018-02-25,eletroportateis,0
2018-03-04,eletroportateis,0
2018-03-11,eletroportateis,0
2018-03-18,eletroportateis,0
2018-03-25,eletroportateis,0
2018-04-01,eletroportateis,0
2018-04-08,eletroportateis,1
2018-04-15,eletroportateis,0
2018-04-22,eletroportateis,0
2018-04-29,eletroportateis,1
2018-05-06,eletroportateis,0
2018-05-13,eletroportateis,1
2018-05-20,eletroportateis,0
2018-05-27,eletroportateis,0
2018-06-03,eletroportateis,0
2018-06-10,eletroportateis,0
2018-06-17,eletroportateis,0
2018-06-24,eletroportateis,0
2018-07-01,eletroportateis,0
2018-07-08,eletroportateis,0
2018-07-15,eletroportateis,0
2018-07-22,eletroportateis,0
2018-07-29,eletroportateis,0
2018-08-05,eletroportateis,0
2018-08-12,eletroportateis,0
2018-08-19,eletroportateis,0
2018-08-26,eletroportateis,0
2018-09-02,eletroportateis,0
2018-09-09,eletroportateis,0
2018-09-16,eletroportateis,0
2018-09-23,eletroportateis,0
2018-09-30,eletroportateis,0
2018-10-07,eletroportateis,0
2018-10-14,eletroportateis,0
2018-10-21,eletroportateis,0
2018-10-28,eletroportateis,0
2018-11-04,eletroportateis,1
2018-11-11,eletroportateis,0
2018-11-18,eletroportateis,1
2018-11-25,eletroportateis,1
2018-12-02,eletroportateis,0
2018-12-09,eletroportateis,1
2018-12-16,eletroportateis,0
2018-12-23,eletroportateis,1
2018-12-30,eletroportateis,0
2015-12-27,agro industria e comercio,0
2016-01-03,agro industria e comercio,0
2016-01-10,agro industria e comercio,0
2016-01-17,agro industria e comercio,0
2016-01-24,agro industria e comercio,0
2016-01-31,agro industria e comercio,0
2016-02-07,agro industria e comercio,0
2016-02-14,agro industria e comercio,0
2016-02-21,agro industria e comercio,0
2016-02-28,agro industria e comercio,0
2016-03-06,agro industria e comercio,0
2016-03-13,agro industria e comercio,0
2016-03-20,agro industria e comercio,0
2016-03-27,agro industria e comercio,0
2016-04-03,agro industria e comercio,0
2016-04-10,agro industria e comercio,0
2016-04-17,agro industria e comercio,0
2016-04-24,agro industria e comercio,0
2016-05-01,agro industria e comercio,0
2016-05-08,agro industria e comercio,0
2016-05-15,agro industria e comercio,0
2016-05-22,agro industria e comercio,0
2016-05-29,agro industria e comercio,0
2016-06-05,agro industria e comercio,0
2016-06-12,agro industria e comercio,0
2016-06-19,agro industria e comercio,0
2016-06-26,agro industria e comercio,0
2016-07-03,agro industria e comercio,0
2016-07-10,agro industria e comercio,0
2016-07-17,agro industria e comercio,0
2016-07-24,agro industria e comercio,0
2016-07-31,agro industria e comercio,0
2016-08-07,agro industria e comercio,0
2016-08-14,agro industria e comercio,0
2016-08-21,agro industria e comercio,0
2016-08-28,agro industria e comercio,0
2016-09-04,agro industria e comercio,0
2016-09-11,agro industria e comercio,0
2016-09-18,agro industria e comercio,0
2016-09-25,agro industria e comercio,0
2016-10-02,agro industria e comercio,0
2016-10-09,agro industria e comercio,0
2016-10-16,agro industria e comercio,0
2016-10-23,agro industria e comercio,0
2016-10-30,agro industria e comercio,0
2016-11-06,agro industria e comercio,0
2016-11-13,agro industria e comercio,0
2016-11-20,agro industria e comercio,0
2016-11-27,agro industria e comercio,0
2016-12-04,agro industria e comercio,0
2016-12-11,agro industria e comercio,0
2016-12-18,agro industria e comercio,0
2016-12-25,agro industria e comercio,0
2017-01-01,agro industria e comercio,0
2017-01-08,agro industria e comercio,0
2017-01-15,agro industria e comercio,0
2017-01-22,agro industria e comercio,0
2017-01-29,agro industria e comercio,0
2017-02-05,agro industria e comercio,0
2017-02-12,agro industria e comercio,0
2017-02-19,agro industria e comercio,0
2017-02-26,agro industria e comercio,0
2017-03-05,agro industria e comercio,0
2017-03-12,agro industria e comercio,0
2017-03-19,agro industria e comercio,0
2017-03-26,agro industria e comercio,0
2017-04-02,agro industria e comercio,0
2017-04-09,agro industria e comercio,0
2017-04-16,agro industria e comercio,0
2017-04-23,agro industria e comercio,0
2017-04-30,agro industria e comercio,0
2017-05-07,agro industria e comercio,0
2017-05-14,agro industria e comercio,0
2017-05-21,agro industria e comercio,0
2017-05-28,agro industria e comercio,0
2017-06-04,agro industria e comercio,0
2017-06-11,agro industria e comercio,0
2017-06-18,agro industria e comercio,0
2017-06-25,agro industria e comercio,0
2017-07-02,agro industria e comercio,0
2017-07-09,agro industria e comercio,0
2017-07-16,agro industria e comercio,0
2017-07-23,agro industria e comercio,0
2017-07-30,agro industria e comercio,0
2017-08-06,agro industria e comercio,0
2017-08-13,agro industria e comercio,0
2017-08-20,agro industria e comercio,0
2017-08-27,agro industria e comercio,0
2017-09-03,agro industria e comercio,0
2017-09-10,agro industria e comercio,0
2017-09-17,agro industria e comercio,0
2017-09-24,agro industria e comercio,0
2017-10-01,agro industria e comercio,0
2017-10-08,agro industria e comercio,0
2017-10-15,agro industria e comercio,0
2017-10-22,agro industria e comercio,0
2017-10-29,agro industria e comercio,0
2017-11-05,agro industria e comercio,0
2017-11-12,agro industria e comercio,0
2017-11-19,agro industria e comercio,0
2017-11-26,agro industria e comercio,0
2017-12-03,agro industria e comercio,0
2017-12-10,agro industria e comercio,0
2017-12-17,agro industria e comercio,0
2017-12-24,agro industria e comercio,0
2017-12-31,agro industria e comercio,0
2018-01-07,agro industria e comercio,0
2018-01-14,agro industria e comercio,0
2018-01-21,agro industria e comercio,0
2018-01-28,agro industria e comercio,0
2018-02-04,agro industria e comercio,0
2018-02-11,agro industria e comercio,0
2018-02-18,agro industria e comercio,0
2018-02-25,agro industria e comercio,0
2018-03-04,agro industria e comercio,0
2018-03-11,agro industria e comercio,0
2018-03-18,agro industria e comercio,0
2018-03-25,agro industria e comercio,0
2018-04-01,agro industria e comercio,0
2018-04-08,agro industria e comercio,0
2018-04-15,agro industria e comercio,0
2018-04-22,agro industria e comercio,0
2018-04-29,agro industria e comercio,0
2018-05-06,agro industria e comercio,0
2018-05-13,agro industria e comercio,0
2018-05-20,agro industria e comercio,0
2018-05-27,agro industria e comercio,0
2018-06-03,agro industria e comercio,0
2018-06-10,agro industria e comercio,0
2018-06-17,agro industria e comercio,0
2018-06-24,agro industria e comercio,0
2018-07-01,agro industria e comercio,0
2018-07-08,agro industria e comercio,0
2018-07-15,agro industria e comercio,0
2018-07-22,agro industria e comercio,0
2018-07-29,agro industria e comercio,0
2018-08-05,agro industria e comercio,0
2018-08-12,agro industria e comercio,0
2018-08-19,agro industria e comercio,0
2018-08-26,agro industria e comercio,0
2018-09-02,agro industria e comercio,0
2018-09-09,agro industria e comercio,0
2018-09-16,agro industria e comercio,0
2018-09-23,agro industria e comercio,0
2018-09-30,agro industria e comercio,0
2018-10-07,agro industria e comercio,0
2018-10-14,agro industria e comercio,0
2018-10-21,agro industria e comercio,0
2018-10-28,agro industria e comercio,0
2018-11-04,agro industria e comercio,0
2018-11-11,agro industria e comercio,0
2018-11-18,agro industria e comercio,0
2018-11-25,agro industria e comercio,0
2018-12-02,agro industria e comercio,0
2018-12-09,agro industria e comercio,0
2018-12-16,agro industria e comercio,0
2018-12-23,agro industria e comercio,0
2018-12-30,agro industria e comercio,0
2015-12-27,moveis sala,67
2016-01-03,moveis sala,82
2016-01-10,moveis sala,81
2016-01-17,moveis sala,94
2016-01-24,moveis sala,78
2016-01-31,moveis sala,71
2016-02-07,moveis sala,80
2016-02-14,moveis sala,80
2016-02-21,moveis sala,87
2016-02-28,moveis sala,79
2016-03-06,moveis sala,79
2016-03-13,moveis sala,76
2016-03-20,moveis sala,74
2016-03-27,moveis sala,77
2016-04-03,moveis sala,72
2016-04-10,moveis sala,78
2016-04-17,moveis sala,76
2016-04-24,moveis sala,76
2016-05-01,moveis sala,73
2016-05-08,moveis sala,77
2016-05-15,moveis sala,83
2016-05-22,moveis sala,92
2016-05-29,moveis sala,86
2016-06-05,moveis sala,72
2016-06-12,moveis sala,72
2016-06-19,moveis sala,78
2016-06-26,moveis sala,84
2016-07-03,moveis sala,83
2016-07-10,moveis sala,87
2016-07-17,moveis sala,92
2016-07-24,moveis sala,95
2016-07-31,moveis sala,75
2016-08-07,moveis sala,67
2016-08-14,moveis sala,68
2016-08-21,moveis sala,78
2016-08-28,moveis sala,81
2016-09-04,moveis sala,81
2016-09-11,moveis sala,80
2016-09-18,moveis sala,82
2016-09-25,moveis sala,85
2016-10-02,moveis sala,68
2016-10-09,moveis sala,81
2016-10-16,moveis sala,78
2016-10-23,moveis sala,88
2016-10-30,moveis sala,80
2016-11-06,moveis sala,79
2016-11-13,moveis sala,100
2016-11-20,moveis sala,92
2016-11-27,moveis sala,79
2016-12-04,moveis sala,78
2016-12-11,moveis sala,72
2016-12-18,moveis sala,52
2016-12-25,moveis sala,58
2017-01-01,moveis sala,72
2017-01-08,moveis sala,80
2017-01-15,moveis sala,85
2017-01-22,moveis sala,81
2017-01-29,moveis sala,78
2017-02-05,moveis sala,74
2017-02-12,moveis sala,74
2017-02-19,moveis sala,67
2017-02-26,moveis sala,84
2017-03-05,moveis sala,65
2017-03-12,moveis sala,83
2017-03-19,moveis sala,77
2017-03-26,moveis sala,72
2017-04-02,moveis sala,68
2017-04-09,moveis sala,68
2017-04-16,moveis sala,78
2017-04-23,moveis sala,77
2017-04-30,moveis sala,76
2017-05-07,moveis sala,67
2017-05-14,moveis sala,77
2017-05-21,moveis sala,80
2017-05-28,moveis sala,79
2017-06-04,moveis sala,67
2017-06-11,moveis sala,68
2017-06-18,moveis sala,77
2017-06-25,moveis sala,76
2017-07-02,moveis sala,79
2017-07-09,moveis sala,81
2017-07-16,moveis sala,83
2017-07-23,moveis sala,85
2017-07-30,moveis sala,81
2017-08-06,moveis sala,70
2017-08-13,moveis sala,78
2017-08-20,moveis sala,88
2017-08-27,moveis sala,78
2017-09-03,moveis sala,78
2017-09-10,moveis sala,69
2017-09-17,moveis sala,68
2017-09-24,moveis sala,72
2017-10-01,moveis sala,70
2017-10-08,moveis sala,74
2017-10-15,moveis sala,78
2017-10-22,moveis sala,77
2017-10-29,moveis sala,96
2017-11-05,moveis sala,75
2017-11-12,moveis sala,81
2017-11-19,moveis sala,87
2017-11-26,moveis sala,84
2017-12-03,moveis sala,73
2017-12-10,moveis sala,69
2017-12-17,moveis sala,55
2017-12-24,moveis sala,65
2017-12-31,moveis sala,71
2018-01-07,moveis sala,83
2018-01-14,moveis sala,85
2018-01-21,moveis sala,74
2018-01-28,moveis sala,71
2018-02-04,moveis sala,66
2018-02-11,moveis sala,74
2018-02-18,moveis sala,65
2018-02-25,moveis sala,71
2018-03-04,moveis sala,67
2018-03-11,moveis sala,72
2018-03-18,moveis sala,58
2018-03-25,moveis sala,67
2018-04-01,moveis sala,65
2018-04-08,moveis sala,69
2018-04-15,moveis sala,66
2018-04-22,moveis sala,64
2018-04-29,moveis sala,72
2018-05-06,moveis sala,62
2018-05-13,moveis sala,68
2018-05-20,moveis sala,63
2018-05-27,moveis sala,70
2018-06-03,moveis sala,68
2018-06-10,moveis sala,56
2018-06-17,moveis sala,67
2018-06-24,moveis sala,61
2018-07-01,moveis sala,63
2018-07-08,moveis sala,68
2018-07-15,moveis sala,80
2018-07-22,moveis sala,75
2018-07-29,moveis sala,65
2018-08-05,moveis sala,64
2018-08-12,moveis sala,68
2018-08-19,moveis sala,67
2018-08-26,moveis sala,66
2018-09-02,moveis sala,70
2018-09-09,moveis sala,63
2018-09-16,moveis sala,63
2018-09-23,moveis sala,69
2018-09-30,moveis sala,54
2018-10-07,moveis sala,48
2018-10-14,moveis sala,69
2018-10-21,moveis sala,65
2018-10-28,moveis sala,65
2018-11-04,moveis sala,75
2018-11-11,moveis sala,72
2018-11-18,moveis sala,73
2018-11-25,moveis sala,75
2018-12-02,moveis sala,64
2018-12-09,moveis sala,55
2018-12-16,moveis sala,50
2018-12-23,moveis sala,52
2018-12-30,moveis sala,56
2015-12-27,sinalizacao e seguranca,0
2016-01-03,sinalizacao e seguranca,0
2016-01-10,sinalizacao e seguranca,0
2016-01-17,sinalizacao e seguranca,0
2016-01-24,sinalizacao e seguranca,0
2016-01-31,sinalizacao e seguranca,0
2016-02-07,sinalizacao e seguranca,0
2016-02-14,sinalizacao e seguranca,0
2016-02-21,sinalizacao e seguranca,0
2016-02-28,sinalizacao e seguranca,0
2016-03-06,sinalizacao e seguranca,0
2016-03-13,sinalizacao e seguranca,0
2016-03-20,sinalizacao e seguranca,0
2016-03-27,sinalizacao e seguranca,0
2016-04-03,sinalizacao e seguranca,0
2016-04-10,sinalizacao e seguranca,0
2016-04-17,sinalizacao e seguranca,0
2016-04-24,sinalizacao e seguranca,0
2016-05-01,sinalizacao e seguranca,0
2016-05-08,sinalizacao e seguranca,0
2016-05-15,sinalizacao e seguranca,0
2016-05-22,sinalizacao e seguranca,0
2016-05-29,sinalizacao e seguranca,0
2016-06-05,sinalizacao e seguranca,0
2016-06-12,sinalizacao e seguranca,0
2016-06-19,sinalizacao e seguranca,0
2016-06-26,sinalizacao e seguranca,0
2016-07-03,sinalizacao e seguranca,0
2016-07-10,sinalizacao e seguranca,0
2016-07-17,sinalizacao e seguranca,0
2016-07-24,sinalizacao e seguranca,0
2016-07-31,sinalizacao e seguranca,0
2016-08-07,sinalizacao e seguranca,0
2016-08-14,sinalizacao e seguranca,0
2016-08-21,sinalizacao e seguranca,0
2016-08-28,sinalizacao e seguranca,0
2016-09-04,sinalizacao e seguranca,0
2016-09-11,sinalizacao e seguranca,0
2016-09-18,sinalizacao e seguranca,0
2016-09-25,sinalizacao e seguranca,0
2016-10-02,sinalizacao e seguranca,0
2016-10-09,sinalizacao e seguranca,0
2016-10-16,sinalizacao e seguranca,0
2016-10-23,sinalizacao e seguranca,0
2016-10-30,sinalizacao e seguranca,0
2016-11-06,sinalizacao e seguranca,0
2016-11-13,sinalizacao e seguranca,0
2016-11-20,sinalizacao e seguranca,0
2016-11-27,sinalizacao e seguranca,0
2016-12-04,sinalizacao e seguranca,0
2016-12-11,sinalizacao e seguranca,0
2016-12-18,sinalizacao e seguranca,0
2016-12-25,sinalizacao e seguranca,0
2017-01-01,sinalizacao e seguranca,0
2017-01-08,sinalizacao e seguranca,0
2017-01-15,sinalizacao e seguranca,0
2017-01-22,sinalizacao e seguranca,0
2017-01-29,sinalizacao e seguranca,0
2017-02-05,sinalizacao e seguranca,0
2017-02-12,sinalizacao e seguranca,0
2017-02-19,sinalizacao e seguranca,0
2017-02-26,sinalizacao e seguranca,0
2017-03-05,sinalizacao e seguranca,0
2017-03-12,sinalizacao e seguranca,0
2017-03-19,sinalizacao e seguranca,0
2017-03-26,sinalizacao e seguranca,0
2017-04-02,sinalizacao e seguranca,0
2017-04-09,sinalizacao e seguranca,0
2017-04-16,sinalizacao e seguranca,0
2017-04-23,sinalizacao e seguranca,0
2017-04-30,sinalizacao e seguranca,0
2017-05-07,sinalizacao e seguranca,0
2017-05-14,sinalizacao e seguranca,0
2017-05-21,sinalizacao e seguranca,0
2017-05-28,sinalizacao e seguranca,0
2017-06-04,sinalizacao e seguranca,0
2017-06-11,sinalizacao e seguranca,0
2017-06-18,sinalizacao e seguranca,0
2017-06-25,sinalizacao e seguranca,0
2017-07-02,sinalizacao e seguranca,0
2017-07-09,sinalizacao e seguranca,0
2017-07-16,sinalizacao e seguranca,0
2017-07-23,sinalizacao e seguranca,0
2017-07-30,sinalizacao e seguranca,0
2017-08-06,sinalizacao e seguranca,0
2017-08-13,sinalizacao e seguranca,0
2017-08-20,sinalizacao e seguranca,0
2017-08-27,sinalizacao e seguranca,0
2017-09-03,sinalizacao e seguranca,0
2017-09-10,sinalizacao e seguranca,0
2017-09-17,sinalizacao e seguranca,0
2017-09-24,sinalizacao e seguranca,0
2017-10-01,sinalizacao e seguranca,0
2017-10-08,sinalizacao e seguranca,0
2017-10-15,sinalizacao e seguranca,0
2017-10-22,sinalizacao e seguranca,0
2017-10-29,sinalizacao e seguranca,0
2017-11-05,sinalizacao e seguranca,0
2017-11-12,sinalizacao e seguranca,0
2017-11-19,sinalizacao e seguranca,0
2017-11-26,sinalizacao e seguranca,0
2017-12-03,sinalizacao e seguranca,0
2017-12-10,sinalizacao e seguranca,0
2017-12-17,sinalizacao e seguranca,0
2017-12-24,sinalizacao e seguranca,0
2017-12-31,sinalizacao e seguranca,0
2018-01-07,sinalizacao e seguranca,0
2018-01-14,sinalizacao e seguranca,0
2018-01-21,sinalizacao e seguranca,0
2018-01-28,sinalizacao e seguranca,0
2018-02-04,sinalizacao e seguranca,0
2018-02-11,sinalizacao e seguranca,0
2018-02-18,sinalizacao e seguranca,0
2018-02-25,sinalizacao e seguranca,0
2018-03-04,sinalizacao e seguranca,0
2018-03-11,sinalizacao e seguranca,0
2018-03-18,sinalizacao e seguranca,0
2018-03-25,sinalizacao e seguranca,0
2018-04-01,sinalizacao e seguranca,0
2018-04-08,sinalizacao e seguranca,0
2018-04-15,sinalizacao e seguranca,0
2018-04-22,sinalizacao e seguranca,0
2018-04-29,sinalizacao e seguranca,0
2018-05-06,sinalizacao e seguranca,0
2018-05-13,sinalizacao e seguranca,0
2018-05-20,sinalizacao e seguranca,0
2018-05-27,sinalizacao e seguranca,0
2018-06-03,sinalizacao e seguranca,0
2018-06-10,sinalizacao e seguranca,0
2018-06-17,sinalizacao e seguranca,0
2018-06-24,sinalizacao e seguranca,0
2018-07-01,sinalizacao e seguranca,0
2018-07-08,sinalizacao e seguranca,0
2018-07-15,sinalizacao e seguranca,0
2018-07-22,sinalizacao e seguranca,0
2018-07-29,sinalizacao e seguranca,0
2018-08-05,sinalizacao e seguranca,0
2018-08-12,sinalizacao e seguranca,0
2018-08-19,sinalizacao e seguranca,0
2018-08-26,sinalizacao e seguranca,0
2018-09-02,sinalizacao e seguranca,0
2018-09-09,sinalizacao e seguranca,0
2018-09-16,sinalizacao e seguranca,0
2018-09-23,sinalizacao e seguranca,0
2018-09-30,sinalizacao e seguranca,0
2018-10-07,sinalizacao e seguranca,0
2018-10-14,sinalizacao e seguranca,0
2018-10-21,sinalizacao e seguranca,0
2018-10-28,sinalizacao e seguranca,0
2018-11-04,sinalizacao e seguranca,0
2018-11-11,sinalizacao e seguranca,0
2018-11-18,sinalizacao e seguranca,0
2018-11-25,sinalizacao e seguranca,0
2018-12-02,sinalizacao e seguranca,0
2018-12-09,sinalizacao e seguranca,0
2018-12-16,sinalizacao e seguranca,0
2018-12-23,sinalizacao e seguranca,0
2018-12-30,sinalizacao e seguranca,0
2015-12-27,climatizacao,4
2016-01-03,climatizacao,4
2016-01-10,climatizacao,6
2016-01-17,climatizacao,6
2016-01-24,climatizacao,6
2016-01-31,climatizacao,4
2016-02-07,climatizacao,4
2016-02-14,climatizacao,6
2016-02-21,climatizacao,5
2016-02-28,climatizacao,7
2016-03-06,climatizacao,0
2016-03-13,climatizacao,5
2016-03-20,climatizacao,0
2016-03-27,climatizacao,4
2016-04-03,climatizacao,3
2016-04-10,climatizacao,5
2016-04-17,climatizacao,4
2016-04-24,climatizacao,0
2016-05-01,climatizacao,4
2016-05-08,climatizacao,4
2016-05-15,climatizacao,4
2016-05-22,climatizacao,0
2016-05-29,climatizacao,3
2016-06-05,climatizacao,4
2016-06-12,climatizacao,7
2016-06-19,climatizacao,0
2016-06-26,climatizacao,4
2016-07-03,climatizacao,4
2016-07-10,climatizacao,0
2016-07-17,climatizacao,5
2016-07-24,climatizacao,4
2016-07-31,climatizacao,0
2016-08-07,climatizacao,0
2016-08-14,climatizacao,4
2016-08-21,climatizacao,6
2016-08-28,climatizacao,0
2016-09-04,climatizacao,4
2016-09-11,climatizacao,5
2016-09-18,climatizacao,0
2016-09-25,climatizacao,4
2016-10-02,climatizacao,3
2016-10-09,climatizacao,4
2016-10-16,climatizacao,6
2016-10-23,climatizacao,6
2016-10-30,climatizacao,9
2016-11-06,climatizacao,4
2016-11-13,climatizacao,4
2016-11-20,climatizacao,4
2016-11-27,climatizacao,5
2016-12-04,climatizacao,5
2016-12-11,climatizacao,5
2016-12-18,climatizacao,4
2016-12-25,climatizacao,7
2017-01-01,climatizacao,6
2017-01-08,climatizacao,6
2017-01-15,climatizacao,0
2017-01-22,climatizacao,6
2017-01-29,climatizacao,3
2017-02-05,climatizacao,5
2017-02-12,climatizacao,6
2017-02-19,climatizacao,7
2017-02-26,climatizacao,6
2017-03-05,climatizacao,4
2017-03-12,climatizacao,7
2017-03-19,climatizacao,5
2017-03-26,climatizacao,0
2017-04-02,climatizacao,4
2017-04-09,climatizacao,0
2017-04-16,climatizacao,5
2017-04-23,climatizacao,4
2017-04-30,climatizacao,0
2017-05-07,climatizacao,4
2017-05-14,climatizacao,4
2017-05-21,climatizacao,5
2017-05-28,climatizacao,0
2017-06-04,climatizacao,6
2017-06-11,climatizacao,3
2017-06-18,climatizacao,4
2017-06-25,climatizacao,0
2017-07-02,climatizacao,5
2017-07-09,climatizacao,0
2017-07-16,climatizacao,4
2017-07-23,climatizacao,3
2017-07-30,climatizacao,0
2017-08-06,climatizacao,0
2017-08-13,climatizacao,5
2017-08-20,climatizacao,5
2017-08-27,climatizacao,5
2017-09-03,climatizacao,4
2017-09-10,climatizacao,4
2017-09-17,climatizacao,4
2017-09-24,climatizacao,4
2017-10-01,climatizacao,6
2017-10-08,climatizacao,5
2017-10-15,climatizacao,6
2017-10-22,climatizacao,6
2017-10-29,climatizacao,0
2017-11-05,climatizacao,4
2017-11-12,climatizacao,5
2017-11-19,climatizacao,4
2017-11-26,climatizacao,4
2017-12-03,climatizacao,5
2017-12-10,climatizacao,6
2017-12-17,climatizacao,0
2017-12-24,climatizacao,4
2017-12-31,climatizacao,4
2018-01-07,climatizacao,5
2018-01-14,climatizacao,4
2018-01-21,climatizacao,4
2018-01-28,climatizacao,7
2018-02-04,climatizacao,3
2018-02-11,climatizacao,0
2018-02-18,climatizacao,5
2018-02-25,climatizacao,4
2018-03-04,climatizacao,5
2018-03-11,climatizacao,4
2018-03-18,climatizacao,5
2018-03-25,climatizacao,4
2018-04-01,climatizacao,4
2018-04-08,climatizacao,4
2018-04-15,climatizacao,4
2018-04-22,climatizacao,0
2018-04-29,climatizacao,5
2018-05-06,climatizacao,5
2018-05-13,climatizacao,6
2018-05-20,climatizacao,0
2018-05-27,climatizacao,4
2018-06-03,climatizacao,0
2018-06-10,climatizacao,5
2018-06-17,climatizacao,3
2018-06-24,climatizacao,3
2018-07-01,climatizacao,3
2018-07-08,climatizacao,4
2018-07-15,climatizacao,4
2018-07-22,climatizacao,0
2018-07-29,climatizacao,5
2018-08-05,climatizacao,5
2018-08-12,climatizacao,0
2018-08-19,climatizacao,4
2018-08-26,climatizacao,4
2018-09-02,climatizacao,3
2018-09-09,climatizacao,3
2018-09-16,climatizacao,0
2018-09-23,climatizacao,0
2018-09-30,climatizacao,7
2018-10-07,climatizacao,5
2018-10-14,climatizacao,6
2018-10-21,climatizacao,4
2018-10-28,climatizacao,0
2018-11-04,climatizacao,4
2018-11-11,climatizacao,5
2018-11-18,climatizacao,3
2018-11-25,climatizacao,5
2018-12-02,climatizacao,5
2018-12-09,climatizacao,8
2018-12-16,climatizacao,6
2018-12-23,climatizacao,0
2018-12-30,climatizacao,7
2015-12-27,consoles games,5
2016-01-03,consoles games,4
2016-01-10,consoles games,5
2016-01-17,consoles games,4
2016-01-24,consoles games,3
2016-01-31,consoles games,3
2016-02-07,consoles games,4
2016-02-14,consoles games,5
2016-02-21,consoles games,4
2016-02-28,consoles games,0
2016-03-06,consoles games,0
2016-03-13,consoles games,4
2016-03-20,consoles games,4
2016-03-27,consoles games,4
2016-04-03,consoles games,5
2016-04-10,consoles games,0
2016-04-17,consoles games,3
2016-04-24,consoles games,0
2016-05-01,consoles games,5
2016-05-08,consoles games,3
2016-05-15,consoles games,5
2016-05-22,consoles games,4
2016-05-29,consoles games,4
2016-06-05,consoles games,0
2016-06-12,consoles games,4
2016-06-19,consoles games,0
2016-06-26,consoles games,4
2016-07-03,consoles games,4
2016-07-10,consoles games,4
2016-07-17,consoles games,6
2016-07-24,consoles games,5
2016-07-31,consoles games,0
2016-08-07,consoles games,0
2016-08-14,consoles games,4
2016-08-21,consoles games,0
2016-08-28,consoles games,0
2016-09-04,consoles games,0
2016-09-11,consoles games,4
2016-09-18,consoles games,4
2016-09-25,consoles games,5
2016-10-02,consoles games,0
2016-10-09,consoles games,4
2016-10-16,consoles games,6
2016-10-23,consoles games,6
2016-10-30,consoles games,0
2016-11-06,consoles games,4
2016-11-13,consoles games,3
2016-11-20,consoles games,5
2016-11-27,consoles games,0
2016-12-04,consoles games,0
2016-12-11,consoles games,0
2016-12-18,consoles games,5
2016-12-25,consoles games,0
2017-01-01,consoles games,0
2017-01-08,consoles games,5
2017-01-15,consoles games,0
2017-01-22,consoles games,0
2017-01-29,consoles games,4
2017-02-05,consoles games,0
2017-02-12,consoles games,0
2017-02-19,consoles games,4
2017-02-26,consoles games,4
2017-03-05,consoles games,4
2017-03-12,consoles games,5
2017-03-19,consoles games,0
2017-03-26,consoles games,0
2017-04-02,consoles games,0
2017-04-09,consoles games,4
2017-04-16,consoles games,3
2017-04-23,consoles games,0
2017-04-30,consoles games,3
2017-05-07,consoles games,4
2017-05-14,consoles games,0
2017-05-21,consoles games,0
2017-05-28,consoles games,0
2017-06-04,consoles games,0
2017-06-11,consoles games,5
2017-06-18,consoles games,0
2017-06-25,consoles games,6
2017-07-02,consoles games,4
2017-07-09,consoles games,4
2017-07-16,consoles games,0
2017-07-23,consoles games,4
2017-07-30,consoles games,0
2017-08-06,consoles games,0
2017-08-13,consoles games,4
2017-08-20,consoles games,0
2017-08-27,consoles games,4
2017-09-03,consoles games,4
2017-09-10,consoles games,3
2017-09-17,consoles games,0
2017-09-24,consoles games,0
2017-10-01,consoles games,3
2017-10-08,consoles games,4
2017-10-15,consoles games,0
2017-10-22,consoles games,0
2017-10-29,consoles games,3
2017-11-05,consoles games,3
2017-11-12,consoles games,0
2017-11-19,consoles games,0
2017-11-26,consoles games,3
2017-12-03,consoles games,5
2017-12-10,consoles games,4
2017-12-17,consoles games,4
2017-12-24,consoles games,0
2017-12-31,consoles games,5
2018-01-07,consoles games,0
2018-01-14,consoles games,5
2018-01-21,consoles games,4
2018-01-28,consoles games,4
2018-02-04,consoles games,5
2018-02-11,consoles games,4
2018-02-18,consoles games,0
2018-02-25,consoles games,0
2018-03-04,consoles games,3
2018-03-11,consoles games,3
2018-03-18,consoles games,4
2018-03-25,consoles games,0
2018-04-01,consoles games,0
2018-04-08,consoles games,3
2018-04-15,consoles games,0
2018-04-22,consoles games,3
2018-04-29,consoles games,0
2018-05-06,consoles games,3
2018-05-13,consoles games,0
2018-05-20,consoles games,3
2018-05-27,consoles games,0
2018-06-03,consoles games,4
2018-06-10,consoles games,4
2018-06-17,consoles games,0
2018-06-24,consoles games,3
2018-07-01,consoles games,4
2018-07-08,consoles games,3
2018-07-15,consoles games,3
2018-07-22,consoles games,4
2018-07-29,consoles games,0
2018-08-05,consoles games,3
2018-08-12,consoles games,3
2018-08-19,consoles games,0
2018-08-26,consoles games,3
2018-09-02,consoles games,0
2018-09-09,consoles games,0
2018-09-16,consoles games,4
2018-09-23,consoles games,0
2018-09-30,consoles games,5
2018-10-07,consoles games,0
2018-10-14,consoles games,0
2018-10-21,consoles games,0
2018-10-28,consoles games,0
2018-11-04,consoles games,4
2018-11-11,consoles games,5
2018-11-18,consoles games,7
2018-11-25,consoles games,0
2018-12-02,consoles games,0
2018-12-09,consoles games,6
2018-12-16,consoles games,0
2018-12-23,consoles games,0
2018-12-30,consoles games,0
2015-12-27,livros interesse geral,0
2016-01-03,livros interesse geral,0
2016-01-10,livros interesse geral,0
2016-01-17,livros interesse geral,0
2016-01-24,livros interesse geral,0
2016-01-31,livros interesse geral,0
2016-02-07,livros interesse geral,0
2016-02-14,livros interesse geral,0
2016-02-21,livros interesse geral,0
2016-02-28,livros interesse geral,0
2016-03-06,livros interesse geral,0
2016-03-13,livros interesse geral,0
2016-03-20,livros interesse geral,0
2016-03-27,livros interesse geral,0
2016-04-03,livros interesse geral,0
2016-04-10,livros interesse geral,0
2016-04-17,livros interesse geral,0
2016-04-24,livros interesse geral,0
2016-05-01,livros interesse geral,0
2016-05-08,livros interesse geral,0
2016-05-15,livros interesse geral,0
2016-05-22,livros interesse geral,0
2016-05-29,livros interesse geral,0
2016-06-05,livros interesse geral,0
2016-06-12,livros interesse geral,0
2016-06-19,livros interesse geral,0
2016-06-26,livros interesse geral,0
2016-07-03,livros interesse geral,0
2016-07-10,livros interesse geral,0
2016-07-17,livros interesse geral,0
2016-07-24,livros interesse geral,0
2016-07-31,livros interesse geral,0
2016-08-07,livros interesse geral,0
2016-08-14,livros interesse geral,0
2016-08-21,livros interesse geral,0
2016-08-28,livros interesse geral,0
2016-09-04,livros interesse geral,0
2016-09-11,livros interesse geral,0
2016-09-18,livros interesse geral,0
2016-09-25,livros interesse geral,0
2016-10-02,livros interesse geral,0
2016-10-09,livros interesse geral,0
2016-10-16,livros interesse geral,0
2016-10-23,livros interesse geral,0
2016-10-30,livros interesse geral,0
2016-11-06,livros interesse geral,0
2016-11-13,livros interesse geral,0
2016-11-20,livros interesse geral,0
2016-11-27,livros interesse geral,0
2016-12-04,livros interesse geral,0
2016-12-11,livros interesse geral,0
2016-12-18,livros interesse geral,0
2016-12-25,livros interesse geral,0
2017-01-01,livros interesse geral,0
2017-01-08,livros interesse geral,0
2017-01-15,livros interesse geral,0
2017-01-22,livros interesse geral,0
2017-01-29,livros interesse geral,0
2017-02-05,livros interesse geral,0
2017-02-12,livros interesse geral,0
2017-02-19,livros interesse geral,0
2017-02-26,livros interesse geral,0
2017-03-05,livros interesse geral,0
2017-03-12,livros interesse geral,0
2017-03-19,livros interesse geral,0
2017-03-26,livros interesse geral,0
2017-04-02,livros interesse geral,0
2017-04-09,livros interesse geral,0
2017-04-16,livros interesse geral,0
2017-04-23,livros interesse geral,0
2017-04-30,livros interesse geral,0
2017-05-07,livros interesse geral,0
2017-05-14,livros interesse geral,0
2017-05-21,livros interesse geral,0
2017-05-28,livros interesse geral,0
2017-06-04,livros interesse geral,0
2017-06-11,livros interesse geral,0
2017-06-18,livros interesse geral,0
2017-06-25,livros interesse geral,0
2017-07-02,livros interesse geral,0
2017-07-09,livros interesse geral,0
2017-07-16,livros interesse geral,0
2017-07-23,livros interesse geral,0
2017-07-30,livros interesse geral,0
2017-08-06,livros interesse geral,0
2017-08-13,livros interesse geral,0
2017-08-20,livros interesse geral,0
2017-08-27,livros interesse geral,0
2017-09-03,livros interesse geral,0
2017-09-10,livros interesse geral,0
2017-09-17,livros interesse geral,0
2017-09-24,livros interesse geral,0
2017-10-01,livros interesse geral,0
2017-10-08,livros interesse geral,0
2017-10-15,livros interesse geral,0
2017-10-22,livros interesse geral,0
2017-10-29,livros interesse geral,0
2017-11-05,livros interesse geral,0
2017-11-12,livros interesse geral,0
2017-11-19,livros interesse geral,0
2017-11-26,livros interesse geral,0
2017-12-03,livros interesse geral,0
2017-12-10,livros interesse geral,0
2017-12-17,livros interesse geral,0
2017-12-24,livros interesse geral,0
2017-12-31,livros interesse geral,0
2018-01-07,livros interesse geral,0
2018-01-14,livros interesse geral,0
2018-01-21,livros interesse geral,0
2018-01-28,livros interesse geral,0
2018-02-04,livros interesse geral,0
2018-02-11,livros interesse geral,0
2018-02-18,livros interesse geral,0
2018-02-25,livros interesse geral,0
2018-03-04,livros interesse geral,0
2018-03-11,livros interesse geral,0
2018-03-18,livros interesse geral,0
2018-03-25,livros interesse geral,0
2018-04-01,livros interesse geral,0
2018-04-08,livros interesse geral,0
2018-04-15,livros interesse geral,0
2018-04-22,livros interesse geral,0
2018-04-29,livros interesse geral,0
2018-05-06,livros interesse geral,0
2018-05-13,livros interesse geral,0
2018-05-20,livros interesse geral,0
2018-05-27,livros interesse geral,0
2018-06-03,livros interesse geral,0
2018-06-10,livros interesse geral,0
2018-06-17,livros interesse geral,0
2018-06-24,livros interesse geral,0
2018-07-01,livros interesse geral,0
2018-07-08,livros interesse geral,0
2018-07-15,livros interesse geral,0
2018-07-22,livros interesse geral,0
2018-07-29,livros interesse geral,0
2018-08-05,livros interesse geral,0
2018-08-12,livros interesse geral,0
2018-08-19,livros interesse geral,0
2018-08-26,livros interesse geral,0
2018-09-02,livros interesse geral,0
2018-09-09,livros interesse geral,0
2018-09-16,livros interesse geral,0
2018-09-23,livros interesse geral,0
2018-09-30,livros interesse geral,0
2018-10-07,livros interesse geral,0
2018-10-14,livros interesse geral,0
2018-10-21,livros interesse geral,0
2018-10-28,livros interesse geral,0
2018-11-04,livros interesse geral,0
2018-11-11,livros interesse geral,0
2018-11-18,livros interesse geral,0
2018-11-25,livros interesse geral,0
2018-12-02,livros interesse geral,0
2018-12-09,livros interesse geral,0
2018-12-16,livros interesse geral,0
2018-12-23,livros interesse geral,0
2018-12-30,livros interesse geral,0
2015-12-27,construcao ferramentas ferramentas,0
2016-01-03,construcao ferramentas ferramentas,0
2016-01-10,construcao ferramentas ferramentas,0
2016-01-17,construcao ferramentas ferramentas,0
2016-01-24,construcao ferramentas ferramentas,0
2016-01-31,construcao ferramentas ferramentas,0
2016-02-07,construcao ferramentas ferramentas,0
2016-02-14,construcao ferramentas ferramentas,0
2016-02-21,construcao ferramentas ferramentas,0
2016-02-28,construcao ferramentas ferramentas,0
2016-03-06,construcao ferramentas ferramentas,0
2016-03-13,construcao ferramentas ferramentas,0
2016-03-20,construcao ferramentas ferramentas,0
2016-03-27,construcao ferramentas ferramentas,0
2016-04-03,construcao ferramentas ferramentas,0
2016-04-10,construcao ferramentas ferramentas,0
2016-04-17,construcao ferramentas ferramentas,0
2016-04-24,construcao ferramentas ferramentas,0
2016-05-01,construcao ferramentas ferramentas,0
2016-05-08,construcao ferramentas ferramentas,0
2016-05-15,construcao ferramentas ferramentas,0
2016-05-22,construcao ferramentas ferramentas,0
2016-05-29,construcao ferramentas ferramentas,0
2016-06-05,construcao ferramentas ferramentas,0
2016-06-12,construcao ferramentas ferramentas,0
2016-06-19,construcao ferramentas ferramentas,0
2016-06-26,construcao ferramentas ferramentas,0
2016-07-03,construcao ferramentas ferramentas,0
2016-07-10,construcao ferramentas ferramentas,0
2016-07-17,construcao ferramentas ferramentas,0
2016-07-24,construcao ferramentas ferramentas,0
2016-07-31,construcao ferramentas ferramentas,0
2016-08-07,construcao ferramentas ferramentas,0
2016-08-14,construcao ferramentas ferramentas,0
2016-08-21,construcao ferramentas ferramentas,0
2016-08-28,construcao ferramentas ferramentas,0
2016-09-04,construcao ferramentas ferramentas,0
2016-09-11,construcao ferramentas ferramentas,0
2016-09-18,construcao ferramentas ferramentas,0
2016-09-25,construcao ferramentas ferramentas,0
2016-10-02,construcao ferramentas ferramentas,0
2016-10-09,construcao ferramentas ferramentas,0
2016-10-16,construcao ferramentas ferramentas,0
2016-10-23,construcao ferramentas ferramentas,0
2016-10-30,construcao ferramentas ferramentas,0
2016-11-06,construcao ferramentas ferramentas,0
2016-11-13,construcao ferramentas ferramentas,0
2016-11-20,construcao ferramentas ferramentas,0
2016-11-27,construcao ferramentas ferramentas,0
2016-12-04,construcao ferramentas ferramentas,0
2016-12-11,construcao ferramentas ferramentas,0
2016-12-18,construcao ferramentas ferramentas,0
2016-12-25,construcao ferramentas ferramentas,0
2017-01-01,construcao ferramentas ferramentas,0
2017-01-08,construcao ferramentas ferramentas,0
2017-01-15,construcao ferramentas ferramentas,0
2017-01-22,construcao ferramentas ferramentas,0
2017-01-29,construcao ferramentas ferramentas,0
2017-02-05,construcao ferramentas ferramentas,0
2017-02-12,construcao ferramentas ferramentas,0
2017-02-19,construcao ferramentas ferramentas,0
2017-02-26,construcao ferramentas ferramentas,0
2017-03-05,construcao ferramentas ferramentas,0
2017-03-12,construcao ferramentas ferramentas,62
2017-03-19,construcao ferramentas ferramentas,0
2017-03-26,construcao ferramentas ferramentas,0
2017-04-02,construcao ferramentas ferramentas,0
2017-04-09,construcao ferramentas ferramentas,0
2017-04-16,construcao ferramentas ferramentas,0
2017-04-23,construcao ferramentas ferramentas,0
2017-04-30,construcao ferramentas ferramentas,0
2017-05-07,construcao ferramentas ferramentas,0
2017-05-14,construcao ferramentas ferramentas,0
2017-05-21,construcao ferramentas ferramentas,0
2017-05-28,construcao ferramentas ferramentas,0
2017-06-04,construcao ferramentas ferramentas,0
2017-06-11,construcao ferramentas ferramentas,0
2017-06-18,construcao ferramentas ferramentas,0
2017-06-25,construcao ferramentas ferramentas,0
2017-07-02,construcao ferramentas ferramentas,0
2017-07-09,construcao ferramentas ferramentas,0
2017-07-16,construcao ferramentas ferramentas,0
2017-07-23,construcao ferramentas ferramentas,0
2017-07-30,construcao ferramentas ferramentas,0
2017-08-06,construcao ferramentas ferramentas,0
2017-08-13,construcao ferramentas ferramentas,0
2017-08-20,construcao ferramentas ferramentas,0
2017-08-27,construcao ferramentas ferramentas,0
2017-09-03,construcao ferramentas ferramentas,0
2017-09-10,construcao ferramentas ferramentas,0
2017-09-17,construcao ferramentas ferramentas,0
2017-09-24,construcao ferramentas ferramentas,0
2017-10-01,construcao ferramentas ferramentas,0
2017-10-08,construcao ferramentas ferramentas,0
2017-10-15,construcao ferramentas ferramentas,0
2017-10-22,construcao ferramentas ferramentas,0
2017-10-29,construcao ferramentas ferramentas,0
2017-11-05,construcao ferramentas ferramentas,0
2017-11-12,construcao ferramentas ferramentas,0
2017-11-19,construcao ferramentas ferramentas,0
2017-11-26,construcao ferramentas ferramentas,0
2017-12-03,construcao ferramentas ferramentas,0
2017-12-10,construcao ferramentas ferramentas,0
2017-12-17,construcao ferramentas ferramentas,0
2017-12-24,construcao ferramentas ferramentas,0
2017-12-31,construcao ferramentas ferramentas,0
2018-01-07,construcao ferramentas ferramentas,0
2018-01-14,construcao ferramentas ferramentas,0
2018-01-21,construcao ferramentas ferramentas,0
2018-01-28,construcao ferramentas ferramentas,67
2018-02-04,construcao ferramentas ferramentas,0
2018-02-11,construcao ferramentas ferramentas,0
2018-02-18,construcao ferramentas ferramentas,0
2018-02-25,construcao ferramentas ferramentas,0
2018-03-04,construcao ferramentas ferramentas,0
2018-03-11,construcao ferramentas ferramentas,0
2018-03-18,construcao ferramentas ferramentas,0
2018-03-25,construcao ferramentas ferramentas,0
2018-04-01,construcao ferramentas ferramentas,0
2018-04-08,construcao ferramentas ferramentas,0
2018-04-15,construcao ferramentas ferramentas,0
2018-04-22,construcao ferramentas ferramentas,0
2018-04-29,construcao ferramentas ferramentas,0
2018-05-06,construcao ferramentas ferramentas,0
2018-05-13,construcao ferramentas ferramentas,0
2018-05-20,construcao ferramentas ferramentas,0
2018-05-27,construcao ferramentas ferramentas,0
2018-06-03,construcao ferramentas ferramentas,0
2018-06-10,construcao ferramentas ferramentas,0
2018-06-17,construcao ferramentas ferramentas,0
2018-06-24,construcao ferramentas ferramentas,0
2018-07-01,construcao ferramentas ferramentas,0
2018-07-08,construcao ferramentas ferramentas,0
2018-07-15,construcao ferramentas ferramentas,0
2018-07-22,construcao ferramentas ferramentas,0
2018-07-29,construcao ferramentas ferramentas,0
2018-08-05,construcao ferramentas ferramentas,0
2018-08-12,construcao ferramentas ferramentas,0
2018-08-19,construcao ferramentas ferramentas,0
2018-08-26,construcao ferramentas ferramentas,0
2018-09-02,construcao ferramentas ferramentas,0
2018-09-09,construcao ferramentas ferramentas,0
2018-09-16,construcao ferramentas ferramentas,0
2018-09-23,construcao ferramentas ferramentas,0
2018-09-30,construcao ferramentas ferramentas,58
2018-10-07,construcao ferramentas ferramentas,76
2018-10-14,construcao ferramentas ferramentas,82
2018-10-21,construcao ferramentas ferramentas,61
2018-10-28,construcao ferramentas ferramentas,0
2018-11-04,construcao ferramentas ferramentas,0
2018-11-11,construcao ferramentas ferramentas,0
2018-11-18,construcao ferramentas ferramentas,0
2018-11-25,construcao ferramentas ferramentas,0
2018-12-02,construcao ferramentas ferramentas,0
2018-12-09,construcao ferramentas ferramentas,0
2018-12-16,construcao ferramentas ferramentas,0
2018-12-23,construcao ferramentas ferramentas,0
2018-12-30,construcao ferramentas ferramentas,0
2015-12-27,fashion underwear e moda praia,0
2016-01-03,fashion underwear e moda praia,0
2016-01-10,fashion underwear e moda praia,0
2016-01-17,fashion underwear e moda praia,0
2016-01-24,fashion underwear e moda praia,0
2016-01-31,fashion underwear e moda praia,0
2016-02-07,fashion underwear e moda praia,0
2016-02-14,fashion underwear e moda praia,0
2016-02-21,fashion underwear e moda praia,0
2016-02-28,fashion underwear e moda praia,0
2016-03-06,fashion underwear e moda praia,0
2016-03-13,fashion underwear e moda praia,0
2016-03-20,fashion underwear e moda praia,0
2016-03-27,fashion underwear e moda praia,0
2016-04-03,fashion underwear e moda praia,0
2016-04-10,fashion underwear e moda praia,0
2016-04-17,fashion underwear e moda praia,0
2016-04-24,fashion underwear e moda praia,0
2016-05-01,fashion underwear e moda praia,0
2016-05-08,fashion underwear e moda praia,0
2016-05-15,fashion underwear e moda praia,0
2016-05-22,fashion underwear e moda praia,0
2016-05-29,fashion underwear e moda praia,0
2016-06-05,fashion underwear e moda praia,0
2016-06-12,fashion underwear e moda praia,0
2016-06-19,fashion underwear e moda praia,0
2016-06-26,fashion underwear e moda praia,0
2016-07-03,fashion underwear e moda praia,0
2016-07-10,fashion underwear e moda praia,0
2016-07-17,fashion underwear e moda praia,0
2016-07-24,fashion underwear e moda praia,0
2016-07-31,fashion underwear e moda praia,0
2016-08-07,fashion underwear e moda praia,0
2016-08-14,fashion underwear e moda praia,0
2016-08-21,fashion underwear e moda praia,0
2016-08-28,fashion underwear e moda praia,0
2016-09-04,fashion underwear e moda praia,0
2016-09-11,fashion underwear e moda praia,0
2016-09-18,fashion underwear e moda praia,0
2016-09-25,fashion underwear e moda praia,0
2016-10-02,fashion underwear e moda praia,0
2016-10-09,fashion underwear e moda praia,0
2016-10-16,fashion underwear e moda praia,0
2016-10-23,fashion underwear e moda praia,0
2016-10-30,fashion underwear e moda praia,0
2016-11-06,fashion underwear e moda praia,0
2016-11-13,fashion underwear e moda praia,0
2016-11-20,fashion underwear e moda praia,0
2016-11-27,fashion underwear e moda praia,0
2016-12-04,fashion underwear e moda praia,0
2016-12-11,fashion underwear e moda praia,0
2016-12-18,fashion underwear e moda praia,0
2016-12-25,fashion underwear e moda praia,0
2017-01-01,fashion underwear e moda praia,0
2017-01-08,fashion underwear e moda praia,0
2017-01-15,fashion underwear e moda praia,0
2017-01-22,fashion underwear e moda praia,0
2017-01-29,fashion underwear e moda praia,0
2017-02-05,fashion underwear e moda praia,0
2017-02-12,fashion underwear e moda praia,0
2017-02-19,fashion underwear e moda praia,0
2017-02-26,fashion underwear e moda praia,0
2017-03-05,fashion underwear e moda praia,0
2017-03-12,fashion underwear e moda praia,0
2017-03-19,fashion underwear e moda praia,0
2017-03-26,fashion underwear e moda praia,0
2017-04-02,fashion underwear e moda praia,0
2017-04-09,fashion underwear e moda praia,0
2017-04-16,fashion underwear e moda praia,0
2017-04-23,fashion underwear e moda praia,0
2017-04-30,fashion underwear e moda praia,0
2017-05-07,fashion underwear e moda praia,0
2017-05-14,fashion underwear e moda praia,0
2017-05-21,fashion underwear e moda praia,0
2017-05-28,fashion underwear e moda praia,0
2017-06-04,fashion underwear e moda praia,0
2017-06-11,fashion underwear e moda praia,0
2017-06-18,fashion underwear e moda praia,0
2017-06-25,fashion underwear e moda praia,0
2017-07-02,fashion underwear e moda praia,0
2017-07-09,fashion underwear e moda praia,0
2017-07-16,fashion underwear e moda praia,0
2017-07-23,fashion underwear e moda praia,0
2017-07-30,fashion underwear e moda praia,0
2017-08-06,fashion underwear e moda praia,0
2017-08-13,fashion underwear e moda praia,0
2017-08-20,fashion underwear e moda praia,0
2017-08-27,fashion underwear e moda praia,0
2017-09-03,fashion underwear e moda praia,0
2017-09-10,fashion underwear e moda praia,0
2017-09-17,fashion underwear e moda praia,0
2017-09-24,fashion underwear e moda praia,0
2017-10-01,fashion underwear e moda praia,0
2017-10-08,fashion underwear e moda praia,0
2017-10-15,fashion underwear e moda praia,0
2017-10-22,fashion underwear e moda praia,0
2017-10-29,fashion underwear e moda praia,0
2017-11-05,fashion underwear e moda praia,0
2017-11-12,fashion underwear e moda praia,0
2017-11-19,fashion underwear e moda praia,0
2017-11-26,fashion underwear e moda praia,0
2017-12-03,fashion underwear e moda praia,0
2017-12-10,fashion underwear e moda praia,0
2017-12-17,fashion underwear e moda praia,0
2017-12-24,fashion underwear e moda praia,0
2017-12-31,fashion underwear e moda praia,0
2018-01-07,fashion underwear e moda praia,0
2018-01-14,fashion underwear e moda praia,0
2018-01-21,fashion underwear e moda praia,0
2018-01-28,fashion underwear e moda praia,0
2018-02-04,fashion underwear e moda praia,0
2018-02-11,fashion underwear e moda praia,0
2018-02-18,fashion underwear e moda praia,0
2018-02-25,fashion underwear e moda praia,0
2018-03-04,fashion underwear e moda praia,0
2018-03-11,fashion underwear e moda praia,0
2018-03-18,fashion underwear e moda praia,0
2018-03-25,fashion underwear e moda praia,0
2018-04-01,fashion underwear e moda praia,0
2018-04-08,fashion underwear e moda praia,0
2018-04-15,fashion underwear e moda praia,0
2018-04-22,fashion underwear e moda praia,0
2018-04-29,fashion underwear e moda praia,0
2018-05-06,fashion underwear e moda praia,0
2018-05-13,fashion underwear e moda praia,0
2018-05-20,fashion underwear e moda praia,0
2018-05-27,fashion underwear e moda praia,0
2018-06-03,fashion underwear e moda praia,0
2018-06-10,fashion underwear e moda praia,0
2018-06-17,fashion underwear e moda praia,0
2018-06-24,fashion underwear e moda praia,0
2018-07-01,fashion underwear e moda praia,0
2018-07-08,fashion underwear e moda praia,0
2018-07-15,fashion underwear e moda praia,0
2018-07-22,fashion underwear e moda praia,0
2018-07-29,fashion underwear e moda praia,0
2018-08-05,fashion underwear e moda praia,0
2018-08-12,fashion underwear e moda praia,0
2018-08-19,fashion underwear e moda praia,0
2018-08-26,fashion underwear e moda praia,0
2018-09-02,fashion underwear e moda praia,0
2018-09-09,fashion underwear e moda praia,0
2018-09-16,fashion underwear e moda praia,0
2018-09-23,fashion underwear e moda praia,0
2018-09-30,fashion underwear e moda praia,0
2018-10-07,fashion underwear e moda praia,0
2018-10-14,fashion underwear e moda praia,0
2018-10-21,fashion underwear e moda praia,0
2018-10-28,fashion underwear e moda praia,0
2018-11-04,fashion underwear e moda praia,0
2018-11-11,fashion underwear e moda praia,0
2018-11-18,fashion underwear e moda praia,0
2018-11-25,fashion underwear e moda praia,0
2018-12-02,fashion underwear e moda praia,0
2018-12-09,fashion underwear e moda praia,0
2018-12-16,fashion underwear e moda praia,0
2018-12-23,fashion underwear e moda praia,0
2018-12-30,fashion underwear e moda praia,0
2015-12-27,fashion roupa masculina,0
2016-01-03,fashion roupa masculina,0
2016-01-10,fashion roupa masculina,0
2016-01-17,fashion roupa masculina,0
2016-01-24,fashion roupa masculina,0
2016-01-31,fashion roupa masculina,0
2016-02-07,fashion roupa masculina,0
2016-02-14,fashion roupa masculina,0
2016-02-21,fashion roupa masculina,0
2016-02-28,fashion roupa masculina,0
2016-03-06,fashion roupa masculina,0
2016-03-13,fashion roupa masculina,0
2016-03-20,fashion roupa masculina,0
2016-03-27,fashion roupa masculina,0
2016-04-03,fashion roupa masculina,0
2016-04-10,fashion roupa masculina,0
2016-04-17,fashion roupa masculina,0
2016-04-24,fashion roupa masculina,0
2016-05-01,fashion roupa masculina,0
2016-05-08,fashion roupa masculina,0
2016-05-15,fashion roupa masculina,0
2016-05-22,fashion roupa masculina,0
2016-05-29,fashion roupa masculina,0
2016-06-05,fashion roupa masculina,0
2016-06-12,fashion roupa masculina,0
2016-06-19,fashion roupa masculina,0
2016-06-26,fashion roupa masculina,0
2016-07-03,fashion roupa masculina,0
2016-07-10,fashion roupa masculina,0
2016-07-17,fashion roupa masculina,0
2016-07-24,fashion roupa masculina,0
2016-07-31,fashion roupa masculina,0
2016-08-07,fashion roupa masculina,0
2016-08-14,fashion roupa masculina,0
2016-08-21,fashion roupa masculina,0
2016-08-28,fashion roupa masculina,0
2016-09-04,fashion roupa masculina,0
2016-09-11,fashion roupa masculina,0
2016-09-18,fashion roupa masculina,0
2016-09-25,fashion roupa masculina,0
2016-10-02,fashion roupa masculina,0
2016-10-09,fashion roupa masculina,0
2016-10-16,fashion roupa masculina,0
2016-10-23,fashion roupa masculina,0
2016-10-30,fashion roupa masculina,0
2016-11-06,fashion roupa masculina,0
2016-11-13,fashion roupa masculina,0
2016-11-20,fashion roupa masculina,0
2016-11-27,fashion roupa masculina,0
2016-12-04,fashion roupa masculina,0
2016-12-11,fashion roupa masculina,0
2016-12-18,fashion roupa masculina,0
2016-12-25,fashion roupa masculina,0
2017-01-01,fashion roupa masculina,0
2017-01-08,fashion roupa masculina,0
2017-01-15,fashion roupa masculina,0
2017-01-22,fashion roupa masculina,0
2017-01-29,fashion roupa masculina,0
2017-02-05,fashion roupa masculina,0
2017-02-12,fashion roupa masculina,0
2017-02-19,fashion roupa masculina,0
2017-02-26,fashion roupa masculina,0
2017-03-05,fashion roupa masculina,0
2017-03-12,fashion roupa masculina,0
2017-03-19,fashion roupa masculina,0
2017-03-26,fashion roupa masculina,0
2017-04-02,fashion roupa masculina,0
2017-04-09,fashion roupa masculina,0
2017-04-16,fashion roupa masculina,0
2017-04-23,fashion roupa masculina,0
2017-04-30,fashion roupa masculina,0
2017-05-07,fashion roupa masculina,0
2017-05-14,fashion roupa masculina,0
2017-05-21,fashion roupa masculina,0
2017-05-28,fashion roupa masculina,0
2017-06-04,fashion roupa masculina,0
2017-06-11,fashion roupa masculina,0
2017-06-18,fashion roupa masculina,67
2017-06-25,fashion roupa masculina,0
2017-07-02,fashion roupa masculina,0
2017-07-09,fashion roupa masculina,0
2017-07-16,fashion roupa masculina,0
2017-07-23,fashion roupa masculina,0
2017-07-30,fashion roupa masculina,0
2017-08-06,fashion roupa masculina,0
2017-08-13,fashion roupa masculina,0
2017-08-20,fashion roupa masculina,0
2017-08-27,fashion roupa masculina,0
2017-09-03,fashion roupa masculina,0
2017-09-10,fashion roupa masculina,0
2017-09-17,fashion roupa masculina,0
2017-09-24,fashion roupa masculina,0
2017-10-01,fashion roupa masculina,0
2017-10-08,fashion roupa masculina,0
2017-10-15,fashion roupa masculina,0
2017-10-22,fashion roupa masculina,0
2017-10-29,fashion roupa masculina,0
2017-11-05,fashion roupa masculina,0
2017-11-12,fashion roupa masculina,0
2017-11-19,fashion roupa masculina,0
2017-11-26,fashion roupa masculina,0
2017-12-03,fashion roupa masculina,0
2017-12-10,fashion roupa masculina,0
2017-12-17,fashion roupa masculina,0
2017-12-24,fashion roupa masculina,0
2017-12-31,fashion roupa masculina,0
2018-01-07,fashion roupa masculina,0
2018-01-14,fashion roupa masculina,0
2018-01-21,fashion roupa masculina,0
2018-01-28,fashion roupa masculina,0
2018-02-04,fashion roupa masculina,0
2018-02-11,fashion roupa masculina,0
2018-02-18,fashion roupa masculina,0
2018-02-25,fashion roupa masculina,0
2018-03-04,fashion roupa masculina,0
2018-03-11,fashion roupa masculina,0
2018-03-18,fashion roupa masculina,0
2018-03-25,fashion roupa masculina,0
2018-04-01,fashion roupa masculina,59
2018-04-08,fashion roupa masculina,0
2018-04-15,fashion roupa masculina,0
2018-04-22,fashion roupa masculina,0
2018-04-29,fashion roupa masculina,0
2018-05-06,fashion roupa masculina,0
2018-05-13,fashion roupa masculina,0
2018-05-20,fashion roupa masculina,0
2018-05-27,fashion roupa masculina,0
2018-06-03,fashion roupa masculina,0
2018-06-10,fashion roupa masculina,0
2018-06-17,fashion roupa masculina,0
2018-06-24,fashion roupa masculina,0
2018-07-01,fashion roupa masculina,0
2018-07-08,fashion roupa masculina,0
2018-07-15,fashion roupa masculina,0
2018-07-22,fashion roupa masculina,0
2018-07-29,fashion roupa masculina,71
2018-08-05,fashion roupa masculina,0
2018-08-12,fashion roupa masculina,0
2018-08-19,fashion roupa masculina,0
2018-08-26,fashion roupa masculina,0
2018-09-02,fashion roupa masculina,0
2018-09-09,fashion roupa masculina,0
2018-09-16,fashion roupa masculina,0
2018-09-23,fashion roupa masculina,0
2018-09-30,fashion roupa masculina,0
2018-10-07,fashion roupa masculina,0
2018-10-14,fashion roupa masculina,0
2018-10-21,fashion roupa masculina,0
2018-10-28,fashion roupa masculina,0
2018-11-04,fashion roupa masculina,0
2018-11-11,fashion roupa masculina,0
2018-11-18,fashion roupa masculina,0
2018-11-25,fashion roupa masculina,0
2018-12-02,fashion roupa masculina,0
2018-12-09,fashion roupa masculina,0
2018-12-16,fashion roupa masculina,0
2018-12-23,fashion roupa masculina,0
2018-12-30,fashion roupa masculina,0
2015-12-27,moveis cozinha area de servico jantar e jardim,0
2016-01-03,moveis cozinha area de servico jantar e jardim,0
2016-01-10,moveis cozinha area de servico jantar e jardim,0
2016-01-17,moveis cozinha area de servico jantar e jardim,0
2016-01-24,moveis cozinha area de servico jantar e jardim,0
2016-01-31,moveis cozinha area de servico jantar e jardim,0
2016-02-07,moveis cozinha area de servico jantar e jardim,0
2016-02-14,moveis cozinha area de servico jantar e jardim,0
2016-02-21,moveis cozinha area de servico jantar e jardim,0
2016-02-28,moveis cozinha area de servico jantar e jardim,0
2016-03-06,moveis cozinha area de servico jantar e jardim,0
2016-03-13,moveis cozinha area de servico jantar e jardim,0
2016-03-20,moveis cozinha area de servico jantar e jardim,0
2016-03-27,moveis cozinha area de servico jantar e jardim,0
2016-04-03,moveis cozinha area de servico jantar e jardim,0
2016-04-10,moveis cozinha area de servico jantar e jardim,0
2016-04-17,moveis cozinha area de servico jantar e jardim,0
2016-04-24,moveis cozinha area de servico jantar e jardim,0
2016-05-01,moveis cozinha area de servico jantar e jardim,0
2016-05-08,moveis cozinha area de servico jantar e jardim,0
2016-05-15,moveis cozinha area de servico jantar e jardim,0
2016-05-22,moveis cozinha area de servico jantar e jardim,0
2016-05-29,moveis cozinha area de servico jantar e jardim,0
2016-06-05,moveis cozinha area de servico jantar e jardim,0
2016-06-12,moveis cozinha area de servico jantar e jardim,0
2016-06-19,moveis cozinha area de servico jantar e jardim,0
2016-06-26,moveis cozinha area de servico jantar e jardim,0
2016-07-03,moveis cozinha area de servico jantar e jardim,0
2016-07-10,moveis cozinha area de servico jantar e jardim,0
2016-07-17,moveis cozinha area de servico jantar e jardim,0
2016-07-24,moveis cozinha area de servico jantar e jardim,0
2016-07-31,moveis cozinha area de servico jantar e jardim,0
2016-08-07,moveis cozinha area de servico jantar e jardim,0
2016-08-14,moveis cozinha area de servico jantar e jardim,0
2016-08-21,moveis cozinha area de servico jantar e jardim,0
2016-08-28,moveis cozinha area de servico jantar e jardim,0
2016-09-04,moveis cozinha area de servico jantar e jardim,0
2016-09-11,moveis cozinha area de servico jantar e jardim,0
2016-09-18,moveis cozinha area de servico jantar e jardim,0
2016-09-25,moveis cozinha area de servico jantar e jardim,0
2016-10-02,moveis cozinha area de servico jantar e jardim,0
2016-10-09,moveis cozinha area de servico jantar e jardim,0
2016-10-16,moveis cozinha area de servico jantar e jardim,0
2016-10-23,moveis cozinha area de servico jantar e jardim,0
2016-10-30,moveis cozinha area de servico jantar e jardim,0
2016-11-06,moveis cozinha area de servico jantar e jardim,0
2016-11-13,moveis cozinha area de servico jantar e jardim,0
2016-11-20,moveis cozinha area de servico jantar e jardim,0
2016-11-27,moveis cozinha area de servico jantar e jardim,0
2016-12-04,moveis cozinha area de servico jantar e jardim,0
2016-12-11,moveis cozinha area de servico jantar e jardim,0
2016-12-18,moveis cozinha area de servico jantar e jardim,0
2016-12-25,moveis cozinha area de servico jantar e jardim,0
2017-01-01,moveis cozinha area de servico jantar e jardim,0
2017-01-08,moveis cozinha area de servico jantar e jardim,0
2017-01-15,moveis cozinha area de servico jantar e jardim,0
2017-01-22,moveis cozinha area de servico jantar e jardim,0
2017-01-29,moveis cozinha area de servico jantar e jardim,0
2017-02-05,moveis cozinha area de servico jantar e jardim,0
2017-02-12,moveis cozinha area de servico jantar e jardim,0
2017-02-19,moveis cozinha area de servico jantar e jardim,0
2017-02-26,moveis cozinha area de servico jantar e jardim,0
2017-03-05,moveis cozinha area de servico jantar e jardim,0
2017-03-12,moveis cozinha area de servico jantar e jardim,0
2017-03-19,moveis cozinha area de servico jantar e jardim,0
2017-03-26,moveis cozinha area de servico jantar e jardim,0
2017-04-02,moveis cozinha area de servico jantar e jardim,0
2017-04-09,moveis cozinha area de servico jantar e jardim,0
2017-04-16,moveis cozinha area de servico jantar e jardim,0
2017-04-23,moveis cozinha area de servico jantar e jardim,0
2017-04-30,moveis cozinha area de servico jantar e jardim,0
2017-05-07,moveis cozinha area de servico jantar e jardim,0
2017-05-14,moveis cozinha area de servico jantar e jardim,0
2017-05-21,moveis cozinha area de servico jantar e jardim,0
2017-05-28,moveis cozinha area de servico jantar e jardim,0
2017-06-04,moveis cozinha area de servico jantar e jardim,0
2017-06-11,moveis cozinha area de servico jantar e jardim,0
2017-06-18,moveis cozinha area de servico jantar e jardim,0
2017-06-25,moveis cozinha area de servico jantar e jardim,0
2017-07-02,moveis cozinha area de servico jantar e jardim,0
2017-07-09,moveis cozinha area de servico jantar e jardim,0
2017-07-16,moveis cozinha area de servico jantar e jardim,0
2017-07-23,moveis cozinha area de servico jantar e jardim,0
2017-07-30,moveis cozinha area de servico jantar e jardim,0
2017-08-06,moveis cozinha area de servico jantar e jardim,0
2017-08-13,moveis cozinha area de servico jantar e jardim,0
2017-08-20,moveis cozinha area de servico jantar e jardim,0
2017-08-27,moveis cozinha area de servico jantar e jardim,0
2017-09-03,moveis cozinha area de servico jantar e jardim,0
2017-09-10,moveis cozinha area de servico jantar e jardim,0
2017-09-17,moveis cozinha area de servico jantar e jardim,0
2017-09-24,moveis cozinha area de servico jantar e jardim,0
2017-10-01,moveis cozinha area de servico jantar e jardim,0
2017-10-08,moveis cozinha area de servico jantar e jardim,0
2017-10-15,moveis cozinha area de servico jantar e jardim,0
2017-10-22,moveis cozinha area de servico jantar e jardim,0
2017-10-29,moveis cozinha area de servico jantar e jardim,0
2017-11-05,moveis cozinha area de servico jantar e jardim,0
2017-11-12,moveis cozinha area de servico jantar e jardim,0
2017-11-19,moveis cozinha area de servico jantar e jardim,0
2017-11-26,moveis cozinha area de servico jantar e jardim,0
2017-12-03,moveis cozinha area de servico jantar e jardim,0
2017-12-10,moveis cozinha area de servico jantar e jardim,0
2017-12-17,moveis cozinha area de servico jantar e jardim,0
2017-12-24,moveis cozinha area de servico jantar e jardim,0
2017-12-31,moveis cozinha area de servico jantar e jardim,0
2018-01-07,moveis cozinha area de servico jantar e jardim,0
2018-01-14,moveis cozinha area de servico jantar e jardim,0
2018-01-21,moveis cozinha area de servico jantar e jardim,0
2018-01-28,moveis cozinha area de servico jantar e jardim,0
2018-02-04,moveis cozinha area de servico jantar e jardim,0
2018-02-11,moveis cozinha area de servico jantar e jardim,0
2018-02-18,moveis cozinha area de servico jantar e jardim,0
2018-02-25,moveis cozinha area de servico jantar e jardim,0
2018-03-04,moveis cozinha area de servico jantar e jardim,0
2018-03-11,moveis cozinha area de servico jantar e jardim,0
2018-03-18,moveis cozinha area de servico jantar e jardim,0
2018-03-25,moveis cozinha area de servico jantar e jardim,0
2018-04-01,moveis cozinha area de servico jantar e jardim,0
2018-04-08,moveis cozinha area de servico jantar e jardim,0
2018-04-15,moveis cozinha area de servico jantar e jardim,0
2018-04-22,moveis cozinha area de servico jantar e jardim,0
2018-04-29,moveis cozinha area de servico jantar e jardim,0
2018-05-06,moveis cozinha area de servico jantar e jardim,0
2018-05-13,moveis cozinha area de servico jantar e jardim,0
2018-05-20,moveis cozinha area de servico jantar e jardim,0
2018-05-27,moveis cozinha area de servico jantar e jardim,0
2018-06-03,moveis cozinha area de servico jantar e jardim,0
2018-06-10,moveis cozinha area de servico jantar e jardim,0
2018-06-17,moveis cozinha area de servico jantar e jardim,0
2018-06-24,moveis cozinha area de servico jantar e jardim,0
2018-07-01,moveis cozinha area de servico jantar e jardim,0
2018-07-08,moveis cozinha area de servico jantar e jardim,0
2018-07-15,moveis cozinha area de servico jantar e jardim,0
2018-07-22,moveis cozinha area de servico jantar e jardim,0
2018-07-29,moveis cozinha area de servico jantar e jardim,100
2018-08-05,moveis cozinha area de servico jantar e jardim,0
2018-08-12,moveis cozinha area de servico jantar e jardim,0
2018-08-19,moveis cozinha area de servico jantar e jardim,0
2018-08-26,moveis cozinha area de servico jantar e jardim,0
2018-09-02,moveis cozinha area de servico jantar e jardim,0
2018-09-09,moveis cozinha area de servico jantar e jardim,0
2018-09-16,moveis cozinha area de servico jantar e jardim,0
2018-09-23,moveis cozinha area de servico jantar e jardim,0
2018-09-30,moveis cozinha area de servico jantar e jardim,0
2018-10-07,moveis cozinha area de servico jantar e jardim,0
2018-10-14,moveis cozinha area de servico jantar e jardim,0
2018-10-21,moveis cozinha area de servico jantar e jardim,0
2018-10-28,moveis cozinha area de servico jantar e jardim,0
2018-11-04,moveis cozinha area de servico jantar e jardim,0
2018-11-11,moveis cozinha area de servico jantar e jardim,0
2018-11-18,moveis cozinha area de servico jantar e jardim,0
2018-11-25,moveis cozinha area de servico jantar e jardim,0
2018-12-02,moveis cozinha area de servico jantar e jardim,0
2018-12-09,moveis cozinha area de servico jantar e jardim,0
2018-12-16,moveis cozinha area de servico jantar e jardim,0
2018-12-23,moveis cozinha area de servico jantar e jardim,0
2018-12-30,moveis cozinha area de servico jantar e jardim,0
2015-12-27,industria comercio e negocios,0
2016-01-03,industria comercio e negocios,0
2016-01-10,industria comercio e negocios,0
2016-01-17,industria comercio e negocios,0
2016-01-24,industria comercio e negocios,0
2016-01-31,industria comercio e negocios,0
2016-02-07,industria comercio e negocios,0
2016-02-14,industria comercio e negocios,0
2016-02-21,industria comercio e negocios,0
2016-02-28,industria comercio e negocios,0
2016-03-06,industria comercio e negocios,0
2016-03-13,industria comercio e negocios,0
2016-03-20,industria comercio e negocios,0
2016-03-27,industria comercio e negocios,0
2016-04-03,industria comercio e negocios,0
2016-04-10,industria comercio e negocios,0
2016-04-17,industria comercio e negocios,0
2016-04-24,industria comercio e negocios,0
2016-05-01,industria comercio e negocios,0
2016-05-08,industria comercio e negocios,0
2016-05-15,industria comercio e negocios,0
2016-05-22,industria comercio e negocios,0
2016-05-29,industria comercio e negocios,0
2016-06-05,industria comercio e negocios,0
2016-06-12,industria comercio e negocios,0
2016-06-19,industria comercio e negocios,0
2016-06-26,industria comercio e negocios,0
2016-07-03,industria comercio e negocios,0
2016-07-10,industria comercio e negocios,0
2016-07-17,industria comercio e negocios,0
2016-07-24,industria comercio e negocios,0
2016-07-31,industria comercio e negocios,0
2016-08-07,industria comercio e negocios,0
2016-08-14,industria comercio e negocios,0
2016-08-21,industria comercio e negocios,0
2016-08-28,industria comercio e negocios,0
2016-09-04,industria comercio e negocios,0
2016-09-11,industria comercio e negocios,0
2016-09-18,industria comercio e negocios,0
2016-09-25,industria comercio e negocios,0
2016-10-02,industria comercio e negocios,0
2016-10-09,industria comercio e negocios,0
2016-10-16,industria comercio e negocios,0
2016-10-23,industria comercio e negocios,0
2016-10-30,industria comercio e negocios,0
2016-11-06,industria comercio e negocios,0
2016-11-13,industria comercio e negocios,0
2016-11-20,industria comercio e negocios,0
2016-11-27,industria comercio e negocios,0
2016-12-04,industria comercio e negocios,0
2016-12-11,industria comercio e negocios,0
2016-12-18,industria comercio e negocios,0
2016-12-25,industria comercio e negocios,0
2017-01-01,industria comercio e negocios,0
2017-01-08,industria comercio e negocios,0
2017-01-15,industria comercio e negocios,0
2017-01-22,industria comercio e negocios,0
2017-01-29,industria comercio e negocios,0
2017-02-05,industria comercio e negocios,0
2017-02-12,industria comercio e negocios,0
2017-02-19,industria comercio e negocios,0
2017-02-26,industria comercio e negocios,0
2017-03-05,industria comercio e negocios,0
2017-03-12,industria comercio e negocios,0
2017-03-19,industria comercio e negocios,0
2017-03-26,industria comercio e negocios,0
2017-04-02,industria comercio e negocios,0
2017-04-09,industria comercio e negocios,0
2017-04-16,industria comercio e negocios,0
2017-04-23,industria comercio e negocios,0
2017-04-30,industria comercio e negocios,0
2017-05-07,industria comercio e negocios,0
2017-05-14,industria comercio e negocios,0
2017-05-21,industria comercio e negocios,0
2017-05-28,industria comercio e negocios,0
2017-06-04,industria comercio e negocios,0
2017-06-11,industria comercio e negocios,0
2017-06-18,industria comercio e negocios,0
2017-06-25,industria comercio e negocios,0
2017-07-02,industria comercio e negocios,0
2017-07-09,industria comercio e negocios,0
2017-07-16,industria comercio e negocios,0
2017-07-23,industria comercio e negocios,0
2017-07-30,industria comercio e negocios,0
2017-08-06,industria comercio e negocios,0
2017-08-13,industria comercio e negocios,0
2017-08-20,industria comercio e negocios,0
2017-08-27,industria comercio e negocios,0
2017-09-03,industria comercio e negocios,0
2017-09-10,industria comercio e negocios,0
2017-09-17,industria comercio e negocios,0
2017-09-24,industria comercio e negocios,0
2017-10-01,industria comercio e negocios,0
2017-10-08,industria comercio e negocios,0
2017-10-15,industria comercio e negocios,0
2017-10-22,industria comercio e negocios,0
2017-10-29,industria comercio e negocios,0
2017-11-05,industria comercio e negocios,0
2017-11-12,industria comercio e negocios,0
2017-11-19,industria comercio e negocios,0
2017-11-26,industria comercio e negocios,0
2017-12-03,industria comercio e negocios,0
2017-12-10,industria comercio e negocios,0
2017-12-17,industria comercio e negocios,0
2017-12-24,industria comercio e negocios,0
2017-12-31,industria comercio e negocios,0
2018-01-07,industria comercio e negocios,0
2018-01-14,industria comercio e negocios,0
2018-01-21,industria comercio e negocios,0
2018-01-28,industria comercio e negocios,0
2018-02-04,industria comercio e negocios,0
2018-02-11,industria comercio e negocios,0
2018-02-18,industria comercio e negocios,0
2018-02-25,industria comercio e negocios,0
2018-03-04,industria comercio e negocios,0
2018-03-11,industria comercio e negocios,0
2018-03-18,industria comercio e negocios,0
2018-03-25,industria comercio e negocios,0
2018-04-01,industria comercio e negocios,0
2018-04-08,industria comercio e negocios,0
2018-04-15,industria comercio e negocios,0
2018-04-22,industria comercio e negocios,0
2018-04-29,industria comercio e negocios,0
2018-05-06,industria comercio e negocios,0
2018-05-13,industria comercio e negocios,0
2018-05-20,industria comercio e negocios,0
2018-05-27,industria comercio e negocios,0
2018-06-03,industria comercio e negocios,0
2018-06-10,industria comercio e negocios,0
2018-06-17,industria comercio e negocios,0
2018-06-24,industria comercio e negocios,0
2018-07-01,industria comercio e negocios,0
2018-07-08,industria comercio e negocios,0
2018-07-15,industria comercio e negocios,0
2018-07-22,industria comercio e negocios,0
2018-07-29,industria comercio e negocios,0
2018-08-05,industria comercio e negocios,0
2018-08-12,industria comercio e negocios,0
2018-08-19,industria comercio e negocios,0
2018-08-26,industria comercio e negocios,0
2018-09-02,industria comercio e negocios,0
2018-09-09,industria comercio e negocios,0
2018-09-16,industria comercio e negocios,0
2018-09-23,industria comercio e negocios,0
2018-09-30,industria comercio e negocios,0
2018-10-07,industria comercio e negocios,0
2018-10-14,industria comercio e negocios,0
2018-10-21,industria comercio e negocios,0
2018-10-28,industria comercio e negocios,0
2018-11-04,industria comercio e negocios,0
2018-11-11,industria comercio e negocios,0
2018-11-18,industria comercio e negocios,0
2018-11-25,industria comercio e negocios,0
2018-12-02,industria comercio e negocios,0
2018-12-09,industria comercio e negocios,0
2018-12-16,industria comercio e negocios,0
2018-12-23,industria comercio e negocios,0
2018-12-30,industria comercio e negocios,0
2015-12-27,telefonia fixa,17
2016-01-03,telefonia fixa,34
2016-01-10,telefonia fixa,35
2016-01-17,telefonia fixa,33
2016-01-24,telefonia fixa,33
2016-01-31,telefonia fixa,26
2016-02-07,telefonia fixa,22
2016-02-14,telefonia fixa,47
2016-02-21,telefonia fixa,39
2016-02-28,telefonia fixa,41
2016-03-06,telefonia fixa,36
2016-03-13,telefonia fixa,42
2016-03-20,telefonia fixa,27
2016-03-27,telefonia fixa,35
2016-04-03,telefonia fixa,35
2016-04-10,telefonia fixa,39
2016-04-17,telefonia fixa,39
2016-04-24,telefonia fixa,50
2016-05-01,telefonia fixa,43
2016-05-08,telefonia fixa,42
2016-05-15,telefonia fixa,36
2016-05-22,telefonia fixa,27
2016-05-29,telefonia fixa,39
2016-06-05,telefonia fixa,29
2016-06-12,telefonia fixa,27
2016-06-19,telefonia fixa,40
2016-06-26,telefonia fixa,31
2016-07-03,telefonia fixa,34
2016-07-10,telefonia fixa,37
2016-07-17,telefonia fixa,37
2016-07-24,telefonia fixa,33
2016-07-31,telefonia fixa,43
2016-08-07,telefonia fixa,33
2016-08-14,telefonia fixa,26
2016-08-21,telefonia fixa,37
2016-08-28,telefonia fixa,38
2016-09-04,telefonia fixa,29
2016-09-11,telefonia fixa,45
2016-09-18,telefonia fixa,42
2016-09-25,telefonia fixa,19
2016-10-02,telefonia fixa,35
2016-10-09,telefonia fixa,27
2016-10-16,telefonia fixa,40
2016-10-23,telefonia fixa,31
2016-10-30,telefonia fixa,31
2016-11-06,telefonia fixa,35
2016-11-13,telefonia fixa,37
2016-11-20,telefonia fixa,32
2016-11-27,telefonia fixa,38
2016-12-04,telefonia fixa,30
2016-12-11,telefonia fixa,37
2016-12-18,telefonia fixa,30
2016-12-25,telefonia fixa,31
2017-01-01,telefonia fixa,38
2017-01-08,telefonia fixa,39
2017-01-15,telefonia fixa,35
2017-01-22,telefonia fixa,33
2017-01-29,telefonia fixa,37
2017-02-05,telefonia fixa,34
2017-02-12,telefonia fixa,40
2017-02-19,telefonia fixa,36
2017-02-26,telefonia fixa,34
2017-03-05,telefonia fixa,36
2017-03-12,telefonia fixa,37
2017-03-19,telefonia fixa,31
2017-03-26,telefonia fixa,38
2017-04-02,telefonia fixa,36
2017-04-09,telefonia fixa,38
2017-04-16,telefonia fixa,34
2017-04-23,telefonia fixa,36
2017-04-30,telefonia fixa,24
2017-05-07,telefonia fixa,27
2017-05-14,telefonia fixa,20
2017-05-21,telefonia fixa,33
2017-05-28,telefonia fixa,25
2017-06-04,telefonia fixa,29
2017-06-11,telefonia fixa,25
2017-06-18,telefonia fixa,36
2017-06-25,telefonia fixa,29
2017-07-02,telefonia fixa,20
2017-07-09,telefonia fixa,23
2017-07-16,telefonia fixa,21
2017-07-23,telefonia fixa,23
2017-07-30,telefonia fixa,27
2017-08-06,telefonia fixa,29
2017-08-13,telefonia fixa,35
2017-08-20,telefonia fixa,32
2017-08-27,telefonia fixa,29
2017-09-03,telefonia fixa,26
2017-09-10,telefonia fixa,31
2017-09-17,telefonia fixa,34
2017-09-24,telefonia fixa,28
2017-10-01,telefonia fixa,36
2017-10-08,telefonia fixa,26
2017-10-15,telefonia fixa,30
2017-10-22,telefonia fixa,27
2017-10-29,telefonia fixa,22
2017-11-05,telefonia fixa,39
2017-11-12,telefonia fixa,26
2017-11-19,telefonia fixa,34
2017-11-26,telefonia fixa,26
2017-12-03,telefonia fixa,27
2017-12-10,telefonia fixa,25
2017-12-17,telefonia fixa,16
2017-12-24,telefonia fixa,14
2017-12-31,telefonia fixa,16
2018-01-07,telefonia fixa,15
2018-01-14,telefonia fixa,27
2018-01-21,telefonia fixa,17
2018-01-28,telefonia fixa,16
2018-02-04,telefonia fixa,21
2018-02-11,telefonia fixa,15
2018-02-18,telefonia fixa,22
2018-02-25,telefonia fixa,24
2018-03-04,telefonia fixa,35
2018-03-11,telefonia fixa,29
2018-03-18,telefonia fixa,19
2018-03-25,telefonia fixa,18
2018-04-01,telefonia fixa,20
2018-04-08,telefonia fixa,25
2018-04-15,telefonia fixa,20
2018-04-22,telefonia fixa,28
2018-04-29,telefonia fixa,20
2018-05-06,telefonia fixa,24
2018-05-13,telefonia fixa,26
2018-05-20,telefonia fixa,19
2018-05-27,telefonia fixa,18
2018-06-03,telefonia fixa,18
2018-06-10,telefonia fixa,25
2018-06-17,telefonia fixa,20
2018-06-24,telefonia fixa,22
2018-07-01,telefonia fixa,13
2018-07-08,telefonia fixa,21
2018-07-15,telefonia fixa,21
2018-07-22,telefonia fixa,21
2018-07-29,telefonia fixa,19
2018-08-05,telefonia fixa,25
2018-08-12,telefonia fixa,25
2018-08-19,telefonia fixa,22
2018-08-26,telefonia fixa,21
2018-09-02,telefonia fixa,16
2018-09-09,telefonia fixa,19
2018-09-16,telefonia fixa,24
2018-09-23,telefonia fixa,22
2018-09-30,telefonia fixa,24
2018-10-07,telefonia fixa,17
2018-10-14,telefonia fixa,18
2018-10-21,telefonia fixa,18
2018-10-28,telefonia fixa,13
2018-11-04,telefonia fixa,22
2018-11-11,telefonia fixa,21
2018-11-18,telefonia fixa,21
2018-11-25,telefonia fixa,26
2018-12-02,telefonia fixa,23
2018-12-09,telefonia fixa,26
2018-12-16,telefonia fixa,21
2018-12-23,telefonia fixa,9
2018-12-30,telefonia fixa,10
2015-12-27,construcao ferramentas iluminacao,0
2016-01-03,construcao ferramentas iluminacao,0
2016-01-10,construcao ferramentas iluminacao,0
2016-01-17,construcao ferramentas iluminacao,0
2016-01-24,construcao ferramentas iluminacao,0
2016-01-31,construcao ferramentas iluminacao,0
2016-02-07,construcao ferramentas iluminacao,0
2016-02-14,construcao ferramentas iluminacao,0
2016-02-21,construcao ferramentas iluminacao,0
2016-02-28,construcao ferramentas iluminacao,0
2016-03-06,construcao ferramentas iluminacao,0
2016-03-13,construcao ferramentas iluminacao,0
2016-03-20,construcao ferramentas iluminacao,0
2016-03-27,construcao ferramentas iluminacao,0
2016-04-03,construcao ferramentas iluminacao,0
2016-04-10,construcao ferramentas iluminacao,0
2016-04-17,construcao ferramentas iluminacao,0
2016-04-24,construcao ferramentas iluminacao,0
2016-05-01,construcao ferramentas iluminacao,0
2016-05-08,construcao ferramentas iluminacao,0
2016-05-15,construcao ferramentas iluminacao,0
2016-05-22,construcao ferramentas iluminacao,0
2016-05-29,construcao ferramentas iluminacao,0
2016-06-05,construcao ferramentas iluminacao,0
2016-06-12,construcao ferramentas iluminacao,0
2016-06-19,construcao ferramentas iluminacao,0
2016-06-26,construcao ferramentas iluminacao,0
2016-07-03,construcao ferramentas iluminacao,0
2016-07-10,construcao ferramentas iluminacao,0
2016-07-17,construcao ferramentas iluminacao,0
2016-07-24,construcao ferramentas iluminacao,0
2016-07-31,construcao ferramentas iluminacao,0
2016-08-07,construcao ferramentas iluminacao,0
2016-08-14,construcao ferramentas iluminacao,0
2016-08-21,construcao ferramentas iluminacao,0
2016-08-28,construcao ferramentas iluminacao,0
2016-09-04,construcao ferramentas iluminacao,0
2016-09-11,construcao ferramentas iluminacao,0
2016-09-18,construcao ferramentas iluminacao,0
2016-09-25,construcao ferramentas iluminacao,0
2016-10-02,construcao ferramentas iluminacao,0
2016-10-09,construcao ferramentas iluminacao,0
2016-10-16,construcao ferramentas iluminacao,0
2016-10-23,construcao ferramentas iluminacao,0
2016-10-30,construcao ferramentas iluminacao,0
2016-11-06,construcao ferramentas iluminacao,0
2016-11-13,construcao ferramentas iluminacao,0
2016-11-20,construcao ferramentas iluminacao,0
2016-11-27,construcao ferramentas iluminacao,0
2016-12-04,construcao ferramentas iluminacao,0
2016-12-11,construcao ferramentas iluminacao,0
2016-12-18,construcao ferramentas iluminacao,0
2016-12-25,construcao ferramentas iluminacao,0
2017-01-01,construcao ferramentas iluminacao,0
2017-01-08,construcao ferramentas iluminacao,0
2017-01-15,construcao ferramentas iluminacao,0
2017-01-22,construcao ferramentas iluminacao,0
2017-01-29,construcao ferramentas iluminacao,0
2017-02-05,construcao ferramentas iluminacao,0
2017-02-12,construcao ferramentas iluminacao,0
2017-02-19,construcao ferramentas iluminacao,0
2017-02-26,construcao ferramentas iluminacao,0
2017-03-05,construcao ferramentas iluminacao,0
2017-03-12,construcao ferramentas iluminacao,0
2017-03-19,construcao ferramentas iluminacao,0
2017-03-26,construcao ferramentas iluminacao,0
2017-04-02,construcao ferramentas iluminacao,0
2017-04-09,construcao ferramentas iluminacao,0
2017-04-16,construcao ferramentas iluminacao,0
2017-04-23,construcao ferramentas iluminacao,0
2017-04-30,construcao ferramentas iluminacao,0
2017-05-07,construcao ferramentas iluminacao,0
2017-05-14,construcao ferramentas iluminacao,0
2017-05-21,construcao ferramentas iluminacao,0
2017-05-28,construcao ferramentas iluminacao,0
2017-06-04,construcao ferramentas iluminacao,0
2017-06-11,construcao ferramentas iluminacao,0
2017-06-18,construcao ferramentas iluminacao,0
2017-06-25,construcao ferramentas iluminacao,0
2017-07-02,construcao ferramentas iluminacao,0
2017-07-09,construcao ferramentas iluminacao,0
2017-07-16,construcao ferramentas iluminacao,0
2017-07-23,construcao ferramentas iluminacao,0
2017-07-30,construcao ferramentas iluminacao,0
2017-08-06,construcao ferramentas iluminacao,0
2017-08-13,construcao ferramentas iluminacao,0
2017-08-20,construcao ferramentas iluminacao,0
2017-08-27,construcao ferramentas iluminacao,0
2017-09-03,construcao ferramentas iluminacao,0
2017-09-10,construcao ferramentas iluminacao,0
2017-09-17,construcao ferramentas iluminacao,0
2017-09-24,construcao ferramentas iluminacao,0
2017-10-01,construcao ferramentas iluminacao,0
2017-10-08,construcao ferramentas iluminacao,0
2017-10-15,construcao ferramentas iluminacao,0
2017-10-22,construcao ferramentas iluminacao,0
2017-10-29,construcao ferramentas iluminacao,0
2017-11-05,construcao ferramentas iluminacao,0
2017-11-12,construcao ferramentas iluminacao,0
2017-11-19,construcao ferramentas iluminacao,0
2017-11-26,construcao ferramentas iluminacao,0
2017-12-03,construcao ferramentas iluminacao,0
2017-12-10,construcao ferramentas iluminacao,0
2017-12-17,construcao ferramentas iluminacao,0
2017-12-24,construcao ferramentas iluminacao,0
2017-12-31,construcao ferramentas iluminacao,0
2018-01-07,construcao ferramentas iluminacao,0
2018-01-14,construcao ferramentas iluminacao,0
2018-01-21,construcao ferramentas iluminacao,0
2018-01-28,construcao ferramentas iluminacao,0
2018-02-04,construcao ferramentas iluminacao,0
2018-02-11,construcao ferramentas iluminacao,0
2018-02-18,construcao ferramentas iluminacao,0
2018-02-25,construcao ferramentas iluminacao,0
2018-03-04,construcao ferramentas iluminacao,0
2018-03-11,construcao ferramentas iluminacao,0
2018-03-18,construcao ferramentas iluminacao,0
2018-03-25,construcao ferramentas iluminacao,0
2018-04-01,construcao ferramentas iluminacao,0
2018-04-08,construcao ferramentas iluminacao,0
2018-04-15,construcao ferramentas iluminacao,0
2018-04-22,construcao ferramentas iluminacao,0
2018-04-29,construcao ferramentas iluminacao,0
2018-05-06,construcao ferramentas iluminacao,0
2018-05-13,construcao ferramentas iluminacao,0
2018-05-20,construcao ferramentas iluminacao,0
2018-05-27,construcao ferramentas iluminacao,0
2018-06-03,construcao ferramentas iluminacao,0
2018-06-10,construcao ferramentas iluminacao,0
2018-06-17,construcao ferramentas iluminacao,0
2018-06-24,construcao ferramentas iluminacao,0
2018-07-01,construcao ferramentas iluminacao,0
2018-07-08,construcao ferramentas iluminacao,0
2018-07-15,construcao ferramentas iluminacao,0
2018-07-22,construcao ferramentas iluminacao,0
2018-07-29,construcao ferramentas iluminacao,0
2018-08-05,construcao ferramentas iluminacao,0
2018-08-12,construcao ferramentas iluminacao,0
2018-08-19,construcao ferramentas iluminacao,0
2018-08-26,construcao ferramentas iluminacao,0
2018-09-02,construcao ferramentas iluminacao,0
2018-09-09,construcao ferramentas iluminacao,0
2018-09-16,construcao ferramentas iluminacao,0
2018-09-23,construcao ferramentas iluminacao,0
2018-09-30,construcao ferramentas iluminacao,0
2018-10-07,construcao ferramentas iluminacao,0
2018-10-14,construcao ferramentas iluminacao,0
2018-10-21,construcao ferramentas iluminacao,0
2018-10-28,construcao ferramentas iluminacao,0
2018-11-04,construcao ferramentas iluminacao,0
2018-11-11,construcao ferramentas iluminacao,0
2018-11-18,construcao ferramentas iluminacao,0
2018-11-25,construcao ferramentas iluminacao,0
2018-12-02,construcao ferramentas iluminacao,0
2018-12-09,construcao ferramentas iluminacao,0
2018-12-16,construcao ferramentas iluminacao,0
2018-12-23,construcao ferramentas iluminacao,0
2018-12-30,construcao ferramentas iluminacao,0
2015-12-27,livros tecnicos,0
2016-01-03,livros tecnicos,0
2016-01-10,livros tecnicos,8
2016-01-17,livros tecnicos,0
2016-01-24,livros tecnicos,0
2016-01-31,livros tecnicos,0
2016-02-07,livros tecnicos,12
2016-02-14,livros tecnicos,0
2016-02-21,livros tecnicos,12
2016-02-28,livros tecnicos,0
2016-03-06,livros tecnicos,0
2016-03-13,livros tecnicos,0
2016-03-20,livros tecnicos,0
2016-03-27,livros tecnicos,0
2016-04-03,livros tecnicos,0
2016-04-10,livros tecnicos,0
2016-04-17,livros tecnicos,8
2016-04-24,livros tecnicos,0
2016-05-01,livros tecnicos,0
2016-05-08,livros tecnicos,9
2016-05-15,livros tecnicos,0
2016-05-22,livros tecnicos,0
2016-05-29,livros tecnicos,0
2016-06-05,livros tecnicos,0
2016-06-12,livros tecnicos,0
2016-06-19,livros tecnicos,0
2016-06-26,livros tecnicos,0
2016-07-03,livros tecnicos,0
2016-07-10,livros tecnicos,0
2016-07-17,livros tecnicos,10
2016-07-24,livros tecnicos,0
2016-07-31,livros tecnicos,9
2016-08-07,livros tecnicos,0
2016-08-14,livros tecnicos,0
2016-08-21,livros tecnicos,17
2016-08-28,livros tecnicos,0
2016-09-04,livros tecnicos,0
2016-09-11,livros tecnicos,0
2016-09-18,livros tecnicos,10
2016-09-25,livros tecnicos,0
2016-10-02,livros tecnicos,0
2016-10-09,livros tecnicos,0
2016-10-16,livros tecnicos,0
2016-10-23,livros tecnicos,0
2016-10-30,livros tecnicos,0
2016-11-06,livros tecnicos,0
2016-11-13,livros tecnicos,0
2016-11-20,livros tecnicos,0
2016-11-27,livros tecnicos,0
2016-12-04,livros tecnicos,0
2016-12-11,livros tecnicos,0
2016-12-18,livros tecnicos,0
2016-12-25,livros tecnicos,0
2017-01-01,livros tecnicos,0
2017-01-08,livros tecnicos,0
2017-01-15,livros tecnicos,0
2017-01-22,livros tecnicos,0
2017-01-29,livros tecnicos,0
2017-02-05,livros tecnicos,14
2017-02-12,livros tecnicos,8
2017-02-19,livros tecnicos,0
2017-02-26,livros tecnicos,0
2017-03-05,livros tecnicos,0
2017-03-12,livros tecnicos,0
2017-03-19,livros tecnicos,0
2017-03-26,livros tecnicos,10
2017-04-02,livros tecnicos,0
2017-04-09,livros tecnicos,0
2017-04-16,livros tecnicos,0
2017-04-23,livros tecnicos,0
2017-04-30,livros tecnicos,0
2017-05-07,livros tecnicos,0
2017-05-14,livros tecnicos,0
2017-05-21,livros tecnicos,0
2017-05-28,livros tecnicos,0
2017-06-04,livros tecnicos,0
2017-06-11,livros tecnicos,8
2017-06-18,livros tecnicos,11
2017-06-25,livros tecnicos,0
2017-07-02,livros tecnicos,0
2017-07-09,livros tecnicos,0
2017-07-16,livros tecnicos,0
2017-07-23,livros tecnicos,0
2017-07-30,livros tecnicos,0
2017-08-06,livros tecnicos,0
2017-08-13,livros tecnicos,0
2017-08-20,livros tecnicos,0
2017-08-27,livros tecnicos,0
2017-09-03,livros tecnicos,0
2017-09-10,livros tecnicos,0
2017-09-17,livros tecnicos,0
2017-09-24,livros tecnicos,0
2017-10-01,livros tecnicos,0
2017-10-08,livros tecnicos,0
2017-10-15,livros tecnicos,0
2017-10-22,livros tecnicos,0
2017-10-29,livros tecnicos,0
2017-11-05,livros tecnicos,0
2017-11-12,livros tecnicos,0
2017-11-19,livros tecnicos,0
2017-11-26,livros tecnicos,0
2017-12-03,livros tecnicos,0
2017-12-10,livros tecnicos,0
2017-12-17,livros tecnicos,0
2017-12-24,livros tecnicos,0
2017-12-31,livros tecnicos,0
2018-01-07,livros tecnicos,0
2018-01-14,livros tecnicos,0
2018-01-21,livros tecnicos,0
2018-01-28,livros tecnicos,7
2018-02-04,livros tecnicos,0
2018-02-11,livros tecnicos,0
2018-02-18,livros tecnicos,8
2018-02-25,livros tecnicos,0
2018-03-04,livros tecnicos,0
2018-03-11,livros tecnicos,0
2018-03-18,livros tecnicos,10
2018-03-25,livros tecnicos,0
2018-04-01,livros tecnicos,0
2018-04-08,livros tecnicos,0
2018-04-15,livros tecnicos,0
2018-04-22,livros tecnicos,0
2018-04-29,livros tecnicos,0
2018-05-06,livros tecnicos,0
2018-05-13,livros tecnicos,0
2018-05-20,livros tecnicos,0
2018-05-27,livros tecnicos,0
2018-06-03,livros tecnicos,0
2018-06-10,livros tecnicos,0
2018-06-17,livros tecnicos,0
2018-06-24,livros tecnicos,9
2018-07-01,livros tecnicos,0
2018-07-08,livros tecnicos,0
2018-07-15,livros tecnicos,0
2018-07-22,livros tecnicos,0
2018-07-29,livros tecnicos,0
2018-08-05,livros tecnicos,0
2018-08-12,livros tecnicos,0
2018-08-19,livros tecnicos,0
2018-08-26,livros tecnicos,0
2018-09-02,livros tecnicos,0
2018-09-09,livros tecnicos,0
2018-09-16,livros tecnicos,0
2018-09-23,livros tecnicos,0
2018-09-30,livros tecnicos,8
2018-10-07,livros tecnicos,0
2018-10-14,livros tecnicos,0
2018-10-21,livros tecnicos,0
2018-10-28,livros tecnicos,0
2018-11-04,livros tecnicos,0
2018-11-11,livros tecnicos,0
2018-11-18,livros tecnicos,0
2018-11-25,livros tecnicos,0
2018-12-02,livros tecnicos,0
2018-12-09,livros tecnicos,0
2018-12-16,livros tecnicos,0
2018-12-23,livros tecnicos,0
2018-12-30,livros tecnicos,0
2015-12-27,eletrodomesticos 2,0
2016-01-03,eletrodomesticos 2,0
2016-01-10,eletrodomesticos 2,0
2016-01-17,eletrodomesticos 2,0
2016-01-24,eletrodomesticos 2,0
2016-01-31,eletrodomesticos 2,0
2016-02-07,eletrodomesticos 2,0
2016-02-14,eletrodomesticos 2,0
2016-02-21,eletrodomesticos 2,0
2016-02-28,eletrodomesticos 2,0
2016-03-06,eletrodomesticos 2,0
2016-03-13,eletrodomesticos 2,0
2016-03-20,eletrodomesticos 2,10
2016-03-27,eletrodomesticos 2,0
2016-04-03,eletrodomesticos 2,0
2016-04-10,eletrodomesticos 2,0
2016-04-17,eletrodomesticos 2,0
2016-04-24,eletrodomesticos 2,0
2016-05-01,eletrodomesticos 2,0
2016-05-08,eletrodomesticos 2,0
2016-05-15,eletrodomesticos 2,0
2016-05-22,eletrodomesticos 2,0
2016-05-29,eletrodomesticos 2,0
2016-06-05,eletrodomesticos 2,0
2016-06-12,eletrodomesticos 2,0
2016-06-19,eletrodomesticos 2,0
2016-06-26,eletrodomesticos 2,0
2016-07-03,eletrodomesticos 2,0
2016-07-10,eletrodomesticos 2,0
2016-07-17,eletrodomesticos 2,0
2016-07-24,eletrodomesticos 2,0
2016-07-31,eletrodomesticos 2,0
2016-08-07,eletrodomesticos 2,0
2016-08-14,eletrodomesticos 2,0
2016-08-21,eletrodomesticos 2,0
2016-08-28,eletrodomesticos 2,0
2016-09-04,eletrodomesticos 2,0
2016-09-11,eletrodomesticos 2,0
2016-09-18,eletrodomesticos 2,0
2016-09-25,eletrodomesticos 2,0
2016-10-02,eletrodomesticos 2,0
2016-10-09,eletrodomesticos 2,0
2016-10-16,eletrodomesticos 2,0
2016-10-23,eletrodomesticos 2,0
2016-10-30,eletrodomesticos 2,0
2016-11-06,eletrodomesticos 2,0
2016-11-13,eletrodomesticos 2,0
2016-11-20,eletrodomesticos 2,0
2016-11-27,eletrodomesticos 2,0
2016-12-04,eletrodomesticos 2,0
2016-12-11,eletrodomesticos 2,0
2016-12-18,eletrodomesticos 2,0
2016-12-25,eletrodomesticos 2,0
2017-01-01,eletrodomesticos 2,0
2017-01-08,eletrodomesticos 2,0
2017-01-15,eletrodomesticos 2,0
2017-01-22,eletrodomesticos 2,0
2017-01-29,eletrodomesticos 2,0
2017-02-05,eletrodomesticos 2,0
2017-02-12,eletrodomesticos 2,0
2017-02-19,eletrodomesticos 2,0
2017-02-26,eletrodomesticos 2,0
2017-03-05,eletrodomesticos 2,0
2017-03-12,eletrodomesticos 2,0
2017-03-19,eletrodomesticos 2,0
2017-03-26,eletrodomesticos 2,0
2017-04-02,eletrodomesticos 2,0
2017-04-09,eletrodomesticos 2,0
2017-04-16,eletrodomesticos 2,0
2017-04-23,eletrodomesticos 2,0
2017-04-30,eletrodomesticos 2,0
2017-05-07,eletrodomesticos 2,0
2017-05-14,eletrodomesticos 2,0
2017-05-21,eletrodomesticos 2,0
2017-05-28,eletrodomesticos 2,0
2017-06-04,eletrodomesticos 2,0
2017-06-11,eletrodomesticos 2,0
2017-06-18,eletrodomesticos 2,0
2017-06-25,eletrodomesticos 2,0
2017-07-02,eletrodomesticos 2,0
2017-07-09,eletrodomesticos 2,11
2017-07-16,eletrodomesticos 2,0
2017-07-23,eletrodomesticos 2,0
2017-07-30,eletrodomesticos 2,0
2017-08-06,eletrodomesticos 2,0
2017-08-13,eletrodomesticos 2,0
2017-08-20,eletrodomesticos 2,0
2017-08-27,eletrodomesticos 2,0
2017-09-03,eletrodomesticos 2,0
2017-09-10,eletrodomesticos 2,0
2017-09-17,eletrodomesticos 2,0
2017-09-24,eletrodomesticos 2,0
2017-10-01,eletrodomesticos 2,0
2017-10-08,eletrodomesticos 2,0
2017-10-15,eletrodomesticos 2,0
2017-10-22,eletrodomesticos 2,0
2017-10-29,eletrodomesticos 2,0
2017-11-05,eletrodomesticos 2,0
2017-11-12,eletrodomesticos 2,0
2017-11-19,eletrodomesticos 2,0
2017-11-26,eletrodomesticos 2,0
2017-12-03,eletrodomesticos 2,0
2017-12-10,eletrodomesticos 2,0
2017-12-17,eletrodomesticos 2,0
2017-12-24,eletrodomesticos 2,0
2017-12-31,eletrodomesticos 2,0
2018-01-07,eletrodomesticos 2,0
2018-01-14,eletrodomesticos 2,0
2018-01-21,eletrodomesticos 2,0
2018-01-28,eletrodomesticos 2,0
2018-02-04,eletrodomesticos 2,0
2018-02-11,eletrodomesticos 2,0
2018-02-18,eletrodomesticos 2,0
2018-02-25,eletrodomesticos 2,0
2018-03-04,eletrodomesticos 2,0
2018-03-11,eletrodomesticos 2,0
2018-03-18,eletrodomesticos 2,0
2018-03-25,eletrodomesticos 2,0
2018-04-01,eletrodomesticos 2,0
2018-04-08,eletrodomesticos 2,0
2018-04-15,eletrodomesticos 2,0
2018-04-22,eletrodomesticos 2,0
2018-04-29,eletrodomesticos 2,0
2018-05-06,eletrodomesticos 2,0
2018-05-13,eletrodomesticos 2,0
2018-05-20,eletrodomesticos 2,0
2018-05-27,eletrodomesticos 2,0
2018-06-03,eletrodomesticos 2,0
2018-06-10,eletrodomesticos 2,0
2018-06-17,eletrodomesticos 2,0
2018-06-24,eletrodomesticos 2,0
2018-07-01,eletrodomesticos 2,0
2018-07-08,eletrodomesticos 2,0
2018-07-15,eletrodomesticos 2,0
2018-07-22,eletrodomesticos 2,0
2018-07-29,eletrodomesticos 2,0
2018-08-05,eletrodomesticos 2,0
2018-08-12,eletrodomesticos 2,0
2018-08-19,eletrodomesticos 2,0
2018-08-26,eletrodomesticos 2,0
2018-09-02,eletrodomesticos 2,0
2018-09-09,eletrodomesticos 2,0
2018-09-16,eletrodomesticos 2,0
2018-09-23,eletrodomesticos 2,0
2018-09-30,eletrodomesticos 2,0
2018-10-07,eletrodomesticos 2,0
2018-10-14,eletrodomesticos 2,0
2018-10-21,eletrodomesticos 2,0
2018-10-28,eletrodomesticos 2,0
2018-11-04,eletrodomesticos 2,0
2018-11-11,eletrodomesticos 2,0
2018-11-18,eletrodomesticos 2,0
2018-11-25,eletrodomesticos 2,0
2018-12-02,eletrodomesticos 2,0
2018-12-09,eletrodomesticos 2,0
2018-12-16,eletrodomesticos 2,0
2018-12-23,eletrodomesticos 2,0
2018-12-30,eletrodomesticos 2,0
2015-12-27,artigos de festas,55
2016-01-03,artigos de festas,82
2016-01-10,artigos de festas,100
2016-01-17,artigos de festas,97
2016-01-24,artigos de festas,86
2016-01-31,artigos de festas,80
2016-02-07,artigos de festas,79
2016-02-14,artigos de festas,85
2016-02-21,artigos de festas,84
2016-02-28,artigos de festas,89
2016-03-06,artigos de festas,85
2016-03-13,artigos de festas,99
2016-03-20,artigos de festas,83
2016-03-27,artigos de festas,72
2016-04-03,artigos de festas,84
2016-04-10,artigos de festas,72
2016-04-17,artigos de festas,73
2016-04-24,artigos de festas,75
2016-05-01,artigos de festas,78
2016-05-08,artigos de festas,81
2016-05-15,artigos de festas,90
2016-05-22,artigos de festas,87
2016-05-29,artigos de festas,95
2016-06-05,artigos de festas,76
2016-06-12,artigos de festas,77
2016-06-19,artigos de festas,69
2016-06-26,artigos de festas,69
2016-07-03,artigos de festas,73
2016-07-10,artigos de festas,73
2016-07-17,artigos de festas,78
2016-07-24,artigos de festas,76
2016-07-31,artigos de festas,67
2016-08-07,artigos de festas,57
2016-08-14,artigos de festas,61
2016-08-21,artigos de festas,81
2016-08-28,artigos de festas,74
2016-09-04,artigos de festas,62
2016-09-11,artigos de festas,57
2016-09-18,artigos de festas,70
2016-09-25,artigos de festas,85
2016-10-02,artigos de festas,59
2016-10-09,artigos de festas,72
2016-10-16,artigos de festas,78
2016-10-23,artigos de festas,83
2016-10-30,artigos de festas,74
2016-11-06,artigos de festas,71
2016-11-13,artigos de festas,62
2016-11-20,artigos de festas,64
2016-11-27,artigos de festas,60
2016-12-04,artigos de festas,69
2016-12-11,artigos de festas,64
2016-12-18,artigos de festas,41
2016-12-25,artigos de festas,48
2017-01-01,artigos de festas,60
2017-01-08,artigos de festas,79
2017-01-15,artigos de festas,70
2017-01-22,artigos de festas,72
2017-01-29,artigos de festas,68
2017-02-05,artigos de festas,73
2017-02-12,artigos de festas,74
2017-02-19,artigos de festas,71
2017-02-26,artigos de festas,63
2017-03-05,artigos de festas,74
2017-03-12,artigos de festas,86
2017-03-19,artigos de festas,76
2017-03-26,artigos de festas,74
2017-04-02,artigos de festas,80
2017-04-09,artigos de festas,75
2017-04-16,artigos de festas,64
2017-04-23,artigos de festas,68
2017-04-30,artigos de festas,65
2017-05-07,artigos de festas,77
2017-05-14,artigos de festas,89
2017-05-21,artigos de festas,71
2017-05-28,artigos de festas,63
2017-06-04,artigos de festas,59
2017-06-11,artigos de festas,68
2017-06-18,artigos de festas,70
2017-06-25,artigos de festas,65
2017-07-02,artigos de festas,81
2017-07-09,artigos de festas,68
2017-07-16,artigos de festas,60
2017-07-23,artigos de festas,71
2017-07-30,artigos de festas,78
2017-08-06,artigos de festas,55
2017-08-13,artigos de festas,74
2017-08-20,artigos de festas,78
2017-08-27,artigos de festas,65
2017-09-03,artigos de festas,60
2017-09-10,artigos de festas,72
2017-09-17,artigos de festas,65
2017-09-24,artigos de festas,72
2017-10-01,artigos de festas,72
2017-10-08,artigos de festas,53
2017-10-15,artigos de festas,71
2017-10-22,artigos de festas,80
2017-10-29,artigos de festas,66
2017-11-05,artigos de festas,61
2017-11-12,artigos de festas,60
2017-11-19,artigos de festas,70
2017-11-26,artigos de festas,66
2017-12-03,artigos de festas,77
2017-12-10,artigos de festas,51
2017-12-17,artigos de festas,53
2017-12-24,artigos de festas,45
2017-12-31,artigos de festas,53
2018-01-07,artigos de festas,65
2018-01-14,artigos de festas,75
2018-01-21,artigos de festas,61
2018-01-28,artigos de festas,68
2018-02-04,artigos de festas,80
2018-02-11,artigos de festas,67
2018-02-18,artigos de festas,64
2018-02-25,artigos de festas,73
2018-03-04,artigos de festas,71
2018-03-11,artigos de festas,68
2018-03-18,artigos de festas,59
2018-03-25,artigos de festas,61
2018-04-01,artigos de festas,51
2018-04-08,artigos de festas,66
2018-04-15,artigos de festas,58
2018-04-22,artigos de festas,58
2018-04-29,artigos de festas,65
2018-05-06,artigos de festas,66
2018-05-13,artigos de festas,68
2018-05-20,artigos de festas,59
2018-05-27,artigos de festas,57
2018-06-03,artigos de festas,58
2018-06-10,artigos de festas,69
2018-06-17,artigos de festas,64
2018-06-24,artigos de festas,62
2018-07-01,artigos de festas,57
2018-07-08,artigos de festas,64
2018-07-15,artigos de festas,60
2018-07-22,artigos de festas,66
2018-07-29,artigos de festas,51
2018-08-05,artigos de festas,57
2018-08-12,artigos de festas,66
2018-08-19,artigos de festas,60
2018-08-26,artigos de festas,58
2018-09-02,artigos de festas,52
2018-09-09,artigos de festas,53
2018-09-16,artigos de festas,71
2018-09-23,artigos de festas,63
2018-09-30,artigos de festas,51
2018-10-07,artigos de festas,64
2018-10-14,artigos de festas,63
2018-10-21,artigos de festas,71
2018-10-28,artigos de festas,66
2018-11-04,artigos de festas,74
2018-11-11,artigos de festas,57
2018-11-18,artigos de festas,52
2018-11-25,artigos de festas,54
2018-12-02,artigos de festas,55
2018-12-09,artigos de festas,54
2018-12-16,artigos de festas,41
2018-12-23,artigos de festas,33
2018-12-30,artigos de festas,39
2015-12-27,bebidas,76
2016-01-03,bebidas,56
2016-01-10,bebidas,62
2016-01-17,bebidas,57
2016-01-24,bebidas,58
2016-01-31,bebidas,70
2016-02-07,bebidas,58
2016-02-14,bebidas,53
2016-02-21,bebidas,56
2016-02-28,bebidas,55
2016-03-06,bebidas,50
2016-03-13,bebidas,52
2016-03-20,bebidas,51
2016-03-27,bebidas,61
2016-04-03,bebidas,56
2016-04-10,bebidas,57
2016-04-17,bebidas,57
2016-04-24,bebidas,57
2016-05-01,bebidas,56
2016-05-08,bebidas,53
2016-05-15,bebidas,53
2016-05-22,bebidas,54
2016-05-29,bebidas,61
2016-06-05,bebidas,62
2016-06-12,bebidas,59
2016-06-19,bebidas,60
2016-06-26,bebidas,59
2016-07-03,bebidas,57
2016-07-10,bebidas,57
2016-07-17,bebidas,59
2016-07-24,bebidas,56
2016-07-31,bebidas,53
2016-08-07,bebidas,50
2016-08-14,bebidas,59
2016-08-21,bebidas,56
2016-08-28,bebidas,53
2016-09-04,bebidas,59
2016-09-11,bebidas,64
2016-09-18,bebidas,60
2016-09-25,bebidas,61
2016-10-02,bebidas,59
2016-10-09,bebidas,58
2016-10-16,bebidas,70
2016-10-23,bebidas,62
2016-10-30,bebidas,63
2016-11-06,bebidas,59
2016-11-13,bebidas,64
2016-11-20,bebidas,67
2016-11-27,bebidas,62
2016-12-04,bebidas,65
2016-12-11,bebidas,66
2016-12-18,bebidas,78
2016-12-25,bebidas,78
2017-01-01,bebidas,58
2017-01-08,bebidas,60
2017-01-15,bebidas,58
2017-01-22,bebidas,54
2017-01-29,bebidas,60
2017-02-05,bebidas,55
2017-02-12,bebidas,60
2017-02-19,bebidas,64
2017-02-26,bebidas,60
2017-03-05,bebidas,54
2017-03-12,bebidas,55
2017-03-19,bebidas,54
2017-03-26,bebidas,56
2017-04-02,bebidas,55
2017-04-09,bebidas,55
2017-04-16,bebidas,56
2017-04-23,bebidas,57
2017-04-30,bebidas,55
2017-05-07,bebidas,59
2017-05-14,bebidas,60
2017-05-21,bebidas,60
2017-05-28,bebidas,61
2017-06-04,bebidas,62
2017-06-11,bebidas,63
2017-06-18,bebidas,60
2017-06-25,bebidas,56
2017-07-02,bebidas,60
2017-07-09,bebidas,59
2017-07-16,bebidas,62
2017-07-23,bebidas,58
2017-07-30,bebidas,55
2017-08-06,bebidas,63
2017-08-13,bebidas,58
2017-08-20,bebidas,58
2017-08-27,bebidas,59
2017-09-03,bebidas,61
2017-09-10,bebidas,63
2017-09-17,bebidas,58
2017-09-24,bebidas,58
2017-10-01,bebidas,59
2017-10-08,bebidas,58
2017-10-15,bebidas,63
2017-10-22,bebidas,60
2017-10-29,bebidas,61
2017-11-05,bebidas,60
2017-11-12,bebidas,66
2017-11-19,bebidas,66
2017-11-26,bebidas,67
2017-12-03,bebidas,76
2017-12-10,bebidas,63
2017-12-17,bebidas,82
2017-12-24,bebidas,80
2017-12-31,bebidas,63
2018-01-07,bebidas,57
2018-01-14,bebidas,65
2018-01-21,bebidas,57
2018-01-28,bebidas,61
2018-02-04,bebidas,61
2018-02-11,bebidas,59
2018-02-18,bebidas,52
2018-02-25,bebidas,55
2018-03-04,bebidas,55
2018-03-11,bebidas,56
2018-03-18,bebidas,56
2018-03-25,bebidas,58
2018-04-01,bebidas,57
2018-04-08,bebidas,53
2018-04-15,bebidas,55
2018-04-22,bebidas,58
2018-04-29,bebidas,63
2018-05-06,bebidas,60
2018-05-13,bebidas,62
2018-05-20,bebidas,58
2018-05-27,bebidas,56
2018-06-03,bebidas,57
2018-06-10,bebidas,60
2018-06-17,bebidas,59
2018-06-24,bebidas,54
2018-07-01,bebidas,57
2018-07-08,bebidas,56
2018-07-15,bebidas,61
2018-07-22,bebidas,61
2018-07-29,bebidas,57
2018-08-05,bebidas,61
2018-08-12,bebidas,61
2018-08-19,bebidas,55
2018-08-26,bebidas,57
2018-09-02,bebidas,60
2018-09-09,bebidas,55
2018-09-16,bebidas,57
2018-09-23,bebidas,61
2018-09-30,bebidas,69
2018-10-07,bebidas,58
2018-10-14,bebidas,59
2018-10-21,bebidas,55
2018-10-28,bebidas,60
2018-11-04,bebidas,64
2018-11-11,bebidas,65
2018-11-18,bebidas,72
2018-11-25,bebidas,66
2018-12-02,bebidas,74
2018-12-09,bebidas,76
2018-12-16,bebidas,92
2018-12-23,bebidas,100
2018-12-30,bebidas,72
2015-12-27,market place,9
2016-01-03,market place,7
2016-01-10,market place,8
2016-01-17,market place,7
2016-01-24,market place,7
2016-01-31,market place,7
2016-02-07,market place,8
2016-02-14,market place,7
2016-02-21,market place,7
2016-02-28,market place,8
2016-03-06,market place,7
2016-03-13,market place,8
2016-03-20,market place,8
2016-03-27,market place,6
2016-04-03,market place,6
2016-04-10,market place,6
2016-04-17,market place,9
2016-04-24,market place,7
2016-05-01,market place,7
2016-05-08,market place,6
2016-05-15,market place,7
2016-05-22,market place,7
2016-05-29,market place,6
2016-06-05,market place,7
2016-06-12,market place,7
2016-06-19,market place,7
2016-06-26,market place,7
2016-07-03,market place,9
2016-07-10,market place,10
2016-07-17,market place,10
2016-07-24,market place,8
2016-07-31,market place,7
2016-08-07,market place,6
2016-08-14,market place,5
2016-08-21,market place,6
2016-08-28,market place,6
2016-09-04,market place,8
2016-09-11,market place,6
2016-09-18,market place,5
2016-09-25,market place,6
2016-10-02,market place,7
2016-10-09,market place,7
2016-10-16,market place,6
2016-10-23,market place,7
2016-10-30,market place,7
2016-11-06,market place,6
2016-11-13,market place,9
2016-11-20,market place,7
2016-11-27,market place,7
2016-12-04,market place,7
2016-12-11,market place,9
2016-12-18,market place,9
2016-12-25,market place,9
2017-01-01,market place,8
2017-01-08,market place,9
2017-01-15,market place,9
2017-01-22,market place,9
2017-01-29,market place,8
2017-02-05,market place,7
2017-02-12,market place,7
2017-02-19,market place,7
2017-02-26,market place,10
2017-03-05,market place,9
2017-03-12,market place,9
2017-03-19,market place,10
2017-03-26,market place,8
2017-04-02,market place,7
2017-04-09,market place,9
2017-04-16,market place,8
2017-04-23,market place,7
2017-04-30,market place,8
2017-05-07,market place,7
2017-05-14,market place,7
2017-05-21,market place,7
2017-05-28,market place,7
2017-06-04,market place,7
2017-06-11,market place,9
2017-06-18,market place,7
2017-06-25,market place,7
2017-07-02,market place,9
2017-07-09,market place,8
2017-07-16,market place,8
2017-07-23,market place,9
2017-07-30,market place,7
2017-08-06,market place,6
2017-08-13,market place,6
2017-08-20,market place,6
2017-08-27,market place,7
2017-09-03,market place,8
2017-09-10,market place,6
2017-09-17,market place,6
2017-09-24,market place,7
2017-10-01,market place,7
2017-10-08,market place,8
2017-10-15,market place,7
2017-10-22,market place,7
2017-10-29,market place,7
2017-11-05,market place,7
2017-11-12,market place,7
2017-11-19,market place,8
2017-11-26,market place,7
2017-12-03,market place,9
2017-12-10,market place,9
2017-12-17,market place,10
2017-12-24,market place,10
2017-12-31,market place,9
2018-01-07,market place,9
2018-01-14,market place,8
2018-01-21,market place,9
2018-01-28,market place,7
2018-02-04,market place,7
2018-02-11,market place,9
2018-02-18,market place,8
2018-02-25,market place,8
2018-03-04,market place,7
2018-03-11,market place,8
2018-03-18,market place,8
2018-03-25,market place,8
2018-04-01,market place,6
2018-04-08,market place,7
2018-04-15,market place,7
2018-04-22,market place,8
2018-04-29,market place,9
2018-05-06,market place,7
2018-05-13,market place,7
2018-05-20,market place,7
2018-05-27,market place,7
2018-06-03,market place,6
2018-06-10,market place,6
2018-06-17,market place,6
2018-06-24,market place,7
2018-07-01,market place,8
2018-07-08,market place,8
2018-07-15,market place,8
2018-07-22,market place,9
2018-07-29,market place,7
2018-08-05,market place,7
2018-08-12,market place,6
2018-08-19,market place,6
2018-08-26,market place,6
2018-09-02,market place,7
2018-09-09,market place,7
2018-09-16,market place,6
2018-09-23,market place,6
2018-09-30,market place,7
2018-10-07,market place,7
2018-10-14,market place,8
2018-10-21,market place,6
2018-10-28,market place,8
2018-11-04,market place,8
2018-11-11,market place,9
2018-11-18,market place,8
2018-11-25,market place,8
2018-12-02,market place,8
2018-12-09,market place,9
2018-12-16,market place,10
2018-12-23,market place,9
2018-12-30,market place,9
2015-12-27,la cuisine,1
2016-01-03,la cuisine,1
2016-01-10,la cuisine,1
2016-01-17,la cuisine,1
2016-01-24,la cuisine,1
2016-01-31,la cuisine,1
2016-02-07,la cuisine,1
2016-02-14,la cuisine,1
2016-02-21,la cuisine,1
2016-02-28,la cuisine,1
2016-03-06,la cuisine,1
2016-03-13,la cuisine,1
2016-03-20,la cuisine,1
2016-03-27,la cuisine,1
2016-04-03,la cuisine,1
2016-04-10,la cuisine,1
2016-04-17,la cuisine,1
2016-04-24,la cuisine,1
2016-05-01,la cuisine,1
2016-05-08,la cuisine,1
2016-05-15,la cuisine,1
2016-05-22,la cuisine,1
2016-05-29,la cuisine,1
2016-06-05,la cuisine,1
2016-06-12,la cuisine,1
2016-06-19,la cuisine,1
2016-06-26,la cuisine,1
2016-07-03,la cuisine,1
2016-07-10,la cuisine,1
2016-07-17,la cuisine,2
2016-07-24,la cuisine,1
2016-07-31,la cuisine,1
2016-08-07,la cuisine,1
2016-08-14,la cuisine,1
2016-08-21,la cuisine,3
2016-08-28,la cuisine,2
2016-09-04,la cuisine,2
2016-09-11,la cuisine,1
2016-09-18,la cuisine,1
2016-09-25,la cuisine,1
2016-10-02,la cuisine,1
2016-10-09,la cuisine,1
2016-10-16,la cuisine,2
2016-10-23,la cuisine,2
2016-10-30,la cuisine,1
2016-11-06,la cuisine,2
2016-11-13,la cuisine,1
2016-11-20,la cuisine,3
2016-11-27,la cuisine,2
2016-12-04,la cuisine,2
2016-12-11,la cuisine,2
2016-12-18,la cuisine,2
2016-12-25,la cuisine,1
2017-01-01,la cuisine,1
2017-01-08,la cuisine,1
2017-01-15,la cuisine,2
2017-01-22,la cuisine,1
2017-01-29,la cuisine,1
2017-02-05,la cuisine,1
2017-02-12,la cuisine,1
2017-02-19,la cuisine,1
2017-02-26,la cuisine,2
2017-03-05,la cuisine,1
2017-03-12,la cuisine,1
2017-03-19,la cuisine,1
2017-03-26,la cuisine,2
2017-04-02,la cuisine,1
2017-04-09,la cuisine,1
2017-04-16,la cuisine,1
2017-04-23,la cuisine,1
2017-04-30,la cuisine,1
2017-05-07,la cuisine,1
2017-05-14,la cuisine,1
2017-05-21,la cuisine,2
2017-05-28,la cuisine,1
2017-06-04,la cuisine,1
2017-06-11,la cuisine,1
2017-06-18,la cuisine,1
2017-06-25,la cuisine,1
2017-07-02,la cuisine,1
2017-07-09,la cuisine,1
2017-07-16,la cuisine,1
2017-07-23,la cuisine,1
2017-07-30,la cuisine,1
2017-08-06,la cuisine,1
2017-08-13,la cuisine,1
2017-08-20,la cuisine,2
2017-08-27,la cuisine,1
2017-09-03,la cuisine,1
2017-09-10,la cuisine,1
2017-09-17,la cuisine,2
2017-09-24,la cuisine,1
2017-10-01,la cuisine,1
2017-10-08,la cuisine,1
2017-10-15,la cuisine,1
2017-10-22,la cuisine,1
2017-10-29,la cuisine,1
2017-11-05,la cuisine,1
2017-11-12,la cuisine,1
2017-11-19,la cuisine,2
2017-11-26,la cuisine,1
2017-12-03,la cuisine,1
2017-12-10,la cuisine,1
2017-12-17,la cuisine,1
2017-12-24,la cuisine,1
2017-12-31,la cuisine,1
2018-01-07,la cuisine,1
2018-01-14,la cuisine,1
2018-01-21,la cuisine,1
2018-01-28,la cuisine,1
2018-02-04,la cuisine,1
2018-02-11,la cuisine,1
2018-02-18,la cuisine,1
2018-02-25,la cuisine,1
2018-03-04,la cuisine,1
2018-03-11,la cuisine,1
2018-03-18,la cuisine,1
2018-03-25,la cuisine,1
2018-04-01,la cuisine,1
2018-04-08,la cuisine,1
2018-04-15,la cuisine,1
2018-04-22,la cuisine,1
2018-04-29,la cuisine,1
2018-05-06,la cuisine,1
2018-05-13,la cuisine,1
2018-05-20,la cuisine,1
2018-05-27,la cuisine,1
2018-06-03,la cuisine,1
2018-06-10,la cuisine,1
2018-06-17,la cuisine,1
2018-06-24,la cuisine,1
2018-07-01,la cuisine,1
2018-07-08,la cuisine,1
2018-07-15,la cuisine,1
2018-07-22,la cuisine,1
2018-07-29,la cuisine,1
2018-08-05,la cuisine,1
2018-08-12,la cuisine,2
2018-08-19,la cuisine,2
2018-08-26,la cuisine,2
2018-09-02,la cuisine,1
2018-09-09,la cuisine,1
2018-09-16,la cuisine,2
2018-09-23,la cuisine,2
2018-09-30,la cuisine,2
2018-10-07,la cuisine,2
2018-10-14,la cuisine,2
2018-10-21,la cuisine,1
2018-10-28,la cuisine,1
2018-11-04,la cuisine,1
2018-11-11,la cuisine,1
2018-11-18,la cuisine,2
2018-11-25,la cuisine,2
2018-12-02,la cuisine,1
2018-12-09,la cuisine,2
2018-12-16,la cuisine,2
2018-12-23,la cuisine,1
2018-12-30,la cuisine,2
2015-12-27,construcao ferramentas jardim,0
2016-01-03,construcao ferramentas jardim,0
2016-01-10,construcao ferramentas jardim,0
2016-01-17,construcao ferramentas jardim,0
2016-01-24,construcao ferramentas jardim,0
2016-01-31,construcao ferramentas jardim,0
2016-02-07,construcao ferramentas jardim,0
2016-02-14,construcao ferramentas jardim,0
2016-02-21,construcao ferramentas jardim,0
2016-02-28,construcao ferramentas jardim,0
2016-03-06,construcao ferramentas jardim,0
2016-03-13,construcao ferramentas jardim,0
2016-03-20,construcao ferramentas jardim,0
2016-03-27,construcao ferramentas jardim,0
2016-04-03,construcao ferramentas jardim,0
2016-04-10,construcao ferramentas jardim,0
2016-04-17,construcao ferramentas jardim,0
2016-04-24,construcao ferramentas jardim,0
2016-05-01,construcao ferramentas jardim,0
2016-05-08,construcao ferramentas jardim,0
2016-05-15,construcao ferramentas jardim,0
2016-05-22,construcao ferramentas jardim,0
2016-05-29,construcao ferramentas jardim,0
2016-06-05,construcao ferramentas jardim,0
2016-06-12,construcao ferramentas jardim,0
2016-06-19,construcao ferramentas jardim,0
2016-06-26,construcao ferramentas jardim,0
2016-07-03,construcao ferramentas jardim,0
2016-07-10,construcao ferramentas jardim,0
2016-07-17,construcao ferramentas jardim,0
2016-07-24,construcao ferramentas jardim,0
2016-07-31,construcao ferramentas jardim,0
2016-08-07,construcao ferramentas jardim,0
2016-08-14,construcao ferramentas jardim,0
2016-08-21,construcao ferramentas jardim,0
2016-08-28,construcao ferramentas jardim,0
2016-09-04,construcao ferramentas jardim,0
2016-09-11,construcao ferramentas jardim,0
2016-09-18,construcao ferramentas jardim,0
2016-09-25,construcao ferramentas jardim,0
2016-10-02,construcao ferramentas jardim,0
2016-10-09,construcao ferramentas jardim,0
2016-10-16,construcao ferramentas jardim,0
2016-10-23,construcao ferramentas jardim,0
2016-10-30,construcao ferramentas jardim,0
2016-11-06,construcao ferramentas jardim,0
2016-11-13,construcao ferramentas jardim,0
2016-11-20,construcao ferramentas jardim,0
2016-11-27,construcao ferramentas jardim,0
2016-12-04,construcao ferramentas jardim,0
2016-12-11,construcao ferramentas jardim,0
2016-12-18,construcao ferramentas jardim,0
2016-12-25,construcao ferramentas jardim,0
2017-01-01,construcao ferramentas jardim,0
2017-01-08,construcao ferramentas jardim,0
2017-01-15,construcao ferramentas jardim,0
2017-01-22,construcao ferramentas jardim,0
2017-01-29,construcao ferramentas jardim,0
2017-02-05,construcao ferramentas jardim,0
2017-02-12,construcao ferramentas jardim,0
2017-02-19,construcao ferramentas jardim,0
2017-02-26,construcao ferramentas jardim,0
2017-03-05,construcao ferramentas jardim,0
2017-03-12,construcao ferramentas jardim,0
2017-03-19,construcao ferramentas jardim,0
2017-03-26,construcao ferramentas jardim,0
2017-04-02,construcao ferramentas jardim,0
2017-04-09,construcao ferramentas jardim,0
2017-04-16,construcao ferramentas jardim,0
2017-04-23,construcao ferramentas jardim,0
2017-04-30,construcao ferramentas jardim,0
2017-05-07,construcao ferramentas jardim,0
2017-05-14,construcao ferramentas jardim,0
2017-05-21,construcao ferramentas jardim,0
2017-05-28,construcao ferramentas jardim,0
2017-06-04,construcao ferramentas jardim,0
2017-06-11,construcao ferramentas jardim,0
2017-06-18,construcao ferramentas jardim,0
2017-06-25,construcao ferramentas jardim,0
2017-07-02,construcao ferramentas jardim,0
2017-07-09,construcao ferramentas jardim,0
2017-07-16,construcao ferramentas jardim,0
2017-07-23,construcao ferramentas jardim,0
2017-07-30,construcao ferramentas jardim,0
2017-08-06,construcao ferramentas jardim,0
2017-08-13,construcao ferramentas jardim,0
2017-08-20,construcao ferramentas jardim,0
2017-08-27,construcao ferramentas jardim,0
2017-09-03,construcao ferramentas jardim,0
2017-09-10,construcao ferramentas jardim,0
2017-09-17,construcao ferramentas jardim,0
2017-09-24,construcao ferramentas jardim,0
2017-10-01,construcao ferramentas jardim,0
2017-10-08,construcao ferramentas jardim,0
2017-10-15,construcao ferramentas jardim,0
2017-10-22,construcao ferramentas jardim,0
2017-10-29,construcao ferramentas jardim,0
2017-11-05,construcao ferramentas jardim,0
2017-11-12,construcao ferramentas jardim,0
2017-11-19,construcao ferramentas jardim,0
2017-11-26,construcao ferramentas jardim,0
2017-12-03,construcao ferramentas jardim,0
2017-12-10,construcao ferramentas jardim,0
2017-12-17,construcao ferramentas jardim,0
2017-12-24,construcao ferramentas jardim,0
2017-12-31,construcao ferramentas jardim,0
2018-01-07,construcao ferramentas jardim,0
2018-01-14,construcao ferramentas jardim,0
2018-01-21,construcao ferramentas jardim,0
2018-01-28,construcao ferramentas jardim,0
2018-02-04,construcao ferramentas jardim,0
2018-02-11,construcao ferramentas jardim,0
2018-02-18,construcao ferramentas jardim,0
2018-02-25,construcao ferramentas jardim,0
2018-03-04,construcao ferramentas jardim,0
2018-03-11,construcao ferramentas jardim,0
2018-03-18,construcao ferramentas jardim,0
2018-03-25,construcao ferramentas jardim,0
2018-04-01,construcao ferramentas jardim,0
2018-04-08,construcao ferramentas jardim,0
2018-04-15,construcao ferramentas jardim,0
2018-04-22,construcao ferramentas jardim,0
2018-04-29,construcao ferramentas jardim,0
2018-05-06,construcao ferramentas jardim,0
2018-05-13,construcao ferramentas jardim,0
2018-05-20,construcao ferramentas jardim,0
2018-05-27,construcao ferramentas jardim,0
2018-06-03,construcao ferramentas jardim,0
2018-06-10,construcao ferramentas jardim,0
2018-06-17,construcao ferramentas jardim,0
2018-06-24,construcao ferramentas jardim,0
2018-07-01,construcao ferramentas jardim,0
2018-07-08,construcao ferramentas jardim,0
2018-07-15,construcao ferramentas jardim,0
2018-07-22,construcao ferramentas jardim,0
2018-07-29,construcao ferramentas jardim,0
2018-08-05,construcao ferramentas jardim,0
2018-08-12,construcao ferramentas jardim,0
2018-08-19,construcao ferramentas jardim,0
2018-08-26,construcao ferramentas jardim,0
2018-09-02,construcao ferramentas jardim,0
2018-09-09,construcao ferramentas jardim,0
2018-09-16,construcao ferramentas jardim,0
2018-09-23,construcao ferramentas jardim,0
2018-09-30,construcao ferramentas jardim,0
2018-10-07,construcao ferramentas jardim,0
2018-10-14,construcao ferramentas jardim,0
2018-10-21,construcao ferramentas jardim,0
2018-10-28,construcao ferramentas jardim,0
2018-11-04,construcao ferramentas jardim,0
2018-11-11,construcao ferramentas jardim,0
2018-11-18,construcao ferramentas jardim,0
2018-11-25,construcao ferramentas jardim,0
2018-12-02,construcao ferramentas jardim,0
2018-12-09,construcao ferramentas jardim,0
2018-12-16,construcao ferramentas jardim,0
2018-12-23,construcao ferramentas jardim,0
2018-12-30,construcao ferramentas jardim,0
2015-12-27,fashion roupa feminina,0
2016-01-03,fashion roupa feminina,0
2016-01-10,fashion roupa feminina,0
2016-01-17,fashion roupa feminina,0
2016-01-24,fashion roupa feminina,0
2016-01-31,fashion roupa feminina,0
2016-02-07,fashion roupa feminina,0
2016-02-14,fashion roupa feminina,0
2016-02-21,fashion roupa feminina,0
2016-02-28,fashion roupa feminina,0
2016-03-06,fashion roupa feminina,0
2016-03-13,fashion roupa feminina,0
2016-03-20,fashion roupa feminina,0
2016-03-27,fashion roupa feminina,0
2016-04-03,fashion roupa feminina,0
2016-04-10,fashion roupa feminina,0
2016-04-17,fashion roupa feminina,0
2016-04-24,fashion roupa feminina,0
2016-05-01,fashion roupa feminina,0
2016-05-08,fashion roupa feminina,0
2016-05-15,fashion roupa feminina,0
2016-05-22,fashion roupa feminina,0
2016-05-29,fashion roupa feminina,0
2016-06-05,fashion roupa feminina,0
2016-06-12,fashion roupa feminina,0
2016-06-19,fashion roupa feminina,0
2016-06-26,fashion roupa feminina,0
2016-07-03,fashion roupa feminina,0
2016-07-10,fashion roupa feminina,0
2016-07-17,fashion roupa feminina,0
2016-07-24,fashion roupa feminina,0
2016-07-31,fashion roupa feminina,0
2016-08-07,fashion roupa feminina,0
2016-08-14,fashion roupa feminina,0
2016-08-21,fashion roupa feminina,0
2016-08-28,fashion roupa feminina,0
2016-09-04,fashion roupa feminina,0
2016-09-11,fashion roupa feminina,0
2016-09-18,fashion roupa feminina,0
2016-09-25,fashion roupa feminina,0
2016-10-02,fashion roupa feminina,0
2016-10-09,fashion roupa feminina,0
2016-10-16,fashion roupa feminina,0
2016-10-23,fashion roupa feminina,0
2016-10-30,fashion roupa feminina,0
2016-11-06,fashion roupa feminina,0
2016-11-13,fashion roupa feminina,0
2016-11-20,fashion roupa feminina,0
2016-11-27,fashion roupa feminina,0
2016-12-04,fashion roupa feminina,0
2016-12-11,fashion roupa feminina,0
2016-12-18,fashion roupa feminina,0
2016-12-25,fashion roupa feminina,0
2017-01-01,fashion roupa feminina,0
2017-01-08,fashion roupa feminina,0
2017-01-15,fashion roupa feminina,0
2017-01-22,fashion roupa feminina,0
2017-01-29,fashion roupa feminina,0
2017-02-05,fashion roupa feminina,0
2017-02-12,fashion roupa feminina,0
2017-02-19,fashion roupa feminina,0
2017-02-26,fashion roupa feminina,0
2017-03-05,fashion roupa feminina,0
2017-03-12,fashion roupa feminina,0
2017-03-19,fashion roupa feminina,0
2017-03-26,fashion roupa feminina,0
2017-04-02,fashion roupa feminina,0
2017-04-09,fashion roupa feminina,0
2017-04-16,fashion roupa feminina,0
2017-04-23,fashion roupa feminina,0
2017-04-30,fashion roupa feminina,0
2017-05-07,fashion roupa feminina,0
2017-05-14,fashion roupa feminina,0
2017-05-21,fashion roupa feminina,0
2017-05-28,fashion roupa feminina,0
2017-06-04,fashion roupa feminina,0
2017-06-11,fashion roupa feminina,0
2017-06-18,fashion roupa feminina,0
2017-06-25,fashion roupa feminina,0
2017-07-02,fashion roupa feminina,0
2017-07-09,fashion roupa feminina,0
2017-07-16,fashion roupa feminina,0
2017-07-23,fashion roupa feminina,0
2017-07-30,fashion roupa feminina,0
2017-08-06,fashion roupa feminina,0
2017-08-13,fashion roupa feminina,0
2017-08-20,fashion roupa feminina,0
2017-08-27,fashion roupa feminina,0
2017-09-03,fashion roupa feminina,0
2017-09-10,fashion roupa feminina,0
2017-09-17,fashion roupa feminina,0
2017-09-24,fashion roupa feminina,0
2017-10-01,fashion roupa feminina,0
2017-10-08,fashion roupa feminina,0
2017-10-15,fashion roupa feminina,0
2017-10-22,fashion roupa feminina,0
2017-10-29,fashion roupa feminina,0
2017-11-05,fashion roupa feminina,0
2017-11-12,fashion roupa feminina,0
2017-11-19,fashion roupa feminina,0
2017-11-26,fashion roupa feminina,0
2017-12-03,fashion roupa feminina,0
2017-12-10,fashion roupa feminina,0
2017-12-17,fashion roupa feminina,0
2017-12-24,fashion roupa feminina,0
2017-12-31,fashion roupa feminina,0
2018-01-07,fashion roupa feminina,0
2018-01-14,fashion roupa feminina,0
2018-01-21,fashion roupa feminina,0
2018-01-28,fashion roupa feminina,0
2018-02-04,fashion roupa feminina,0
2018-02-11,fashion roupa feminina,0
2018-02-18,fashion roupa feminina,0
2018-02-25,fashion roupa feminina,0
2018-03-04,fashion roupa feminina,0
2018-03-11,fashion roupa feminina,0
2018-03-18,fashion roupa feminina,0
2018-03-25,fashion roupa feminina,0
2018-04-01,fashion roupa feminina,0
2018-04-08,fashion roupa feminina,0
2018-04-15,fashion roupa feminina,0
2018-04-22,fashion roupa feminina,0
2018-04-29,fashion roupa feminina,0
2018-05-06,fashion roupa feminina,0
2018-05-13,fashion roupa feminina,0
2018-05-20,fashion roupa feminina,0
2018-05-27,fashion roupa feminina,0
2018-06-03,fashion roupa feminina,0
2018-06-10,fashion roupa feminina,0
2018-06-17,fashion roupa feminina,0
2018-06-24,fashion roupa feminina,0
2018-07-01,fashion roupa feminina,0
2018-07-08,fashion roupa feminina,0
2018-07-15,fashion roupa feminina,0
2018-07-22,fashion roupa feminina,0
2018-07-29,fashion roupa feminina,0
2018-08-05,fashion roupa feminina,0
2018-08-12,fashion roupa feminina,0
2018-08-19,fashion roupa feminina,0
2018-08-26,fashion roupa feminina,0
2018-09-02,fashion roupa feminina,0
2018-09-09,fashion roupa feminina,0
2018-09-16,fashion roupa feminina,0
2018-09-23,fashion roupa feminina,0
2018-09-30,fashion roupa feminina,0
2018-10-07,fashion roupa feminina,0
2018-10-14,fashion roupa feminina,0
2018-10-21,fashion roupa feminina,0
2018-10-28,fashion roupa feminina,0
2018-11-04,fashion roupa feminina,0
2018-11-11,fashion roupa feminina,0
2018-11-18,fashion roupa feminina,0
2018-11-25,fashion roupa feminina,0
2018-12-02,fashion roupa feminina,0
2018-12-09,fashion roupa feminina,0
2018-12-16,fashion roupa feminina,0
2018-12-23,fashion roupa feminina,0
2018-12-30,fashion roupa feminina,0
2015-12-27,casa conforto,0
2016-01-03,casa conforto,0
2016-01-10,casa conforto,0
2016-01-17,casa conforto,0
2016-01-24,casa conforto,0
2016-01-31,casa conforto,0
2016-02-07,casa conforto,0
2016-02-14,casa conforto,0
2016-02-21,casa conforto,0
2016-02-28,casa conforto,0
2016-03-06,casa conforto,0
2016-03-13,casa conforto,0
2016-03-20,casa conforto,0
2016-03-27,casa conforto,0
2016-04-03,casa conforto,0
2016-04-10,casa conforto,0
2016-04-17,casa conforto,0
2016-04-24,casa conforto,0
2016-05-01,casa conforto,0
2016-05-08,casa conforto,0
2016-05-15,casa conforto,0
2016-05-22,casa conforto,0
2016-05-29,casa conforto,0
2016-06-05,casa conforto,0
2016-06-12,casa conforto,0
2016-06-19,casa conforto,0
2016-06-26,casa conforto,0
2016-07-03,casa conforto,0
2016-07-10,casa conforto,0
2016-07-17,casa conforto,0
2016-07-24,casa conforto,0
2016-07-31,casa conforto,0
2016-08-07,casa conforto,0
2016-08-14,casa conforto,0
2016-08-21,casa conforto,0
2016-08-28,casa conforto,0
2016-09-04,casa conforto,0
2016-09-11,casa conforto,0
2016-09-18,casa conforto,0
2016-09-25,casa conforto,0
2016-10-02,casa conforto,0
2016-10-09,casa conforto,0
2016-10-16,casa conforto,0
2016-10-23,casa conforto,0
2016-10-30,casa conforto,0
2016-11-06,casa conforto,0
2016-11-13,casa conforto,0
2016-11-20,casa conforto,0
2016-11-27,casa conforto,0
2016-12-04,casa conforto,0
2016-12-11,casa conforto,0
2016-12-18,casa conforto,0
2016-12-25,casa conforto,0
2017-01-01,casa conforto,0
2017-01-08,casa conforto,0
2017-01-15,casa conforto,0
2017-01-22,casa conforto,0
2017-01-29,casa conforto,0
2017-02-05,casa conforto,0
2017-02-12,casa conforto,0
2017-02-19,casa conforto,0
2017-02-26,casa conforto,0
2017-03-05,casa conforto,0
2017-03-12,casa conforto,0
2017-03-19,casa conforto,0
2017-03-26,casa conforto,0
2017-04-02,casa conforto,0
2017-04-09,casa conforto,0
2017-04-16,casa conforto,0
2017-04-23,casa conforto,0
2017-04-30,casa conforto,0
2017-05-07,casa conforto,0
2017-05-14,casa conforto,0
2017-05-21,casa conforto,0
2017-05-28,casa conforto,0
2017-06-04,casa conforto,0
2017-06-11,casa conforto,0
2017-06-18,casa conforto,0
2017-06-25,casa conforto,0
2017-07-02,casa conforto,0
2017-07-09,casa conforto,0
2017-07-16,casa conforto,0
2017-07-23,casa conforto,0
2017-07-30,casa conforto,0
2017-08-06,casa conforto,0
2017-08-13,casa conforto,0
2017-08-20,casa conforto,0
2017-08-27,casa conforto,0
2017-09-03,casa conforto,0
2017-09-10,casa conforto,0
2017-09-17,casa conforto,0
2017-09-24,casa conforto,0
2017-10-01,casa conforto,0
2017-10-08,casa conforto,0
2017-10-15,casa conforto,0
2017-10-22,casa conforto,0
2017-10-29,casa conforto,0
2017-11-05,casa conforto,0
2017-11-12,casa conforto,0
2017-11-19,casa conforto,0
2017-11-26,casa conforto,0
2017-12-03,casa conforto,0
2017-12-10,casa conforto,0
2017-12-17,casa conforto,0
2017-12-24,casa conforto,0
2017-12-31,casa conforto,0
2018-01-07,casa conforto,0
2018-01-14,casa conforto,0
2018-01-21,casa conforto,0
2018-01-28,casa conforto,0
2018-02-04,casa conforto,0
2018-02-11,casa conforto,0
2018-02-18,casa conforto,0
2018-02-25,casa conforto,0
2018-03-04,casa conforto,0
2018-03-11,casa conforto,0
2018-03-18,casa conforto,0
2018-03-25,casa conforto,0
2018-04-01,casa conforto,0
2018-04-08,casa conforto,0
2018-04-15,casa conforto,0
2018-04-22,casa conforto,0
2018-04-29,casa conforto,0
2018-05-06,casa conforto,0
2018-05-13,casa conforto,0
2018-05-20,casa conforto,0
2018-05-27,casa conforto,0
2018-06-03,casa conforto,0
2018-06-10,casa conforto,0
2018-06-17,casa conforto,0
2018-06-24,casa conforto,0
2018-07-01,casa conforto,0
2018-07-08,casa conforto,0
2018-07-15,casa conforto,0
2018-07-22,casa conforto,0
2018-07-29,casa conforto,0
2018-08-05,casa conforto,0
2018-08-12,casa conforto,0
2018-08-19,casa conforto,0
2018-08-26,casa conforto,0
2018-09-02,casa conforto,0
2018-09-09,casa conforto,0
2018-09-16,casa conforto,0
2018-09-23,casa conforto,0
2018-09-30,casa conforto,0
2018-10-07,casa conforto,0
2018-10-14,casa conforto,0
2018-10-21,casa conforto,0
2018-10-28,casa conforto,0
2018-11-04,casa conforto,0
2018-11-11,casa conforto,0
2018-11-18,casa conforto,0
2018-11-25,casa conforto,0
2018-12-02,casa conforto,0
2018-12-09,casa conforto,0
2018-12-16,casa conforto,0
2018-12-23,casa conforto,0
2018-12-30,casa conforto,0
2015-12-27,audio,5
2016-01-03,audio,5
2016-01-10,audio,5
2016-01-17,audio,5
2016-01-24,audio,5
2016-01-31,audio,5
2016-02-07,audio,5
2016-02-14,audio,5
2016-02-21,audio,5
2016-02-28,audio,5
2016-03-06,audio,5
2016-03-13,audio,7
2016-03-20,audio,6
2016-03-27,audio,5
2016-04-03,audio,5
2016-04-10,audio,6
2016-04-17,audio,6
2016-04-24,audio,5
2016-05-01,audio,5
2016-05-08,audio,5
2016-05-15,audio,5
2016-05-22,audio,8
2016-05-29,audio,6
2016-06-05,audio,7
2016-06-12,audio,5
2016-06-19,audio,5
2016-06-26,audio,5
2016-07-03,audio,5
2016-07-10,audio,5
2016-07-17,audio,5
2016-07-24,audio,5
2016-07-31,audio,5
2016-08-07,audio,4
2016-08-14,audio,5
2016-08-21,audio,5
2016-08-28,audio,5
2016-09-04,audio,5
2016-09-11,audio,5
2016-09-18,audio,5
2016-09-25,audio,5
2016-10-02,audio,5
2016-10-09,audio,5
2016-10-16,audio,5
2016-10-23,audio,5
2016-10-30,audio,5
2016-11-06,audio,5
2016-11-13,audio,5
2016-11-20,audio,5
2016-11-27,audio,6
2016-12-04,audio,5
2016-12-11,audio,5
2016-12-18,audio,5
2016-12-25,audio,5
2017-01-01,audio,5
2017-01-08,audio,5
2017-01-15,audio,5
2017-01-22,audio,5
2017-01-29,audio,5
2017-02-05,audio,5
2017-02-12,audio,5
2017-02-19,audio,5
2017-02-26,audio,5
2017-03-05,audio,5
2017-03-12,audio,5
2017-03-19,audio,5
2017-03-26,audio,5
2017-04-02,audio,5
2017-04-09,audio,5
2017-04-16,audio,5
2017-04-23,audio,5
2017-04-30,audio,5
2017-05-07,audio,5
2017-05-14,audio,7
2017-05-21,audio,5
2017-05-28,audio,5
2017-06-04,audio,5
2017-06-11,audio,5
2017-06-18,audio,5
2017-06-25,audio,4
2017-07-02,audio,5
2017-07-09,audio,5
2017-07-16,audio,5
2017-07-23,audio,5
2017-07-30,audio,5
2017-08-06,audio,6
2017-08-13,audio,5
2017-08-20,audio,5
2017-08-27,audio,5
2017-09-03,audio,6
2017-09-10,audio,5
2017-09-17,audio,5
2017-09-24,audio,5
2017-10-01,audio,4
2017-10-08,audio,5
2017-10-15,audio,4
2017-10-22,audio,5
2017-10-29,audio,4
2017-11-05,audio,4
2017-11-12,audio,4
2017-11-19,audio,4
2017-11-26,audio,4
2017-12-03,audio,5
2017-12-10,audio,5
2017-12-17,audio,5
2017-12-24,audio,5
2017-12-31,audio,4
2018-01-07,audio,4
2018-01-14,audio,4
2018-01-21,audio,4
2018-01-28,audio,4
2018-02-04,audio,4
2018-02-11,audio,4
2018-02-18,audio,4
2018-02-25,audio,4
2018-03-04,audio,4
2018-03-11,audio,4
2018-03-18,audio,4
2018-03-25,audio,4
2018-04-01,audio,4
2018-04-08,audio,5
2018-04-15,audio,4
2018-04-22,audio,4
2018-04-29,audio,5
2018-05-06,audio,4
2018-05-13,audio,5
2018-05-20,audio,5
2018-05-27,audio,5
2018-06-03,audio,4
2018-06-10,audio,4
2018-06-17,audio,4
2018-06-24,audio,4
2018-07-01,audio,4
2018-07-08,audio,4
2018-07-15,audio,4
2018-07-22,audio,4
2018-07-29,audio,4
2018-08-05,audio,4
2018-08-12,audio,4
2018-08-19,audio,4
2018-08-26,audio,4
2018-09-02,audio,5
2018-09-09,audio,5
2018-09-16,audio,6
2018-09-23,audio,4
2018-09-30,audio,4
2018-10-07,audio,4
2018-10-14,audio,4
2018-10-21,audio,4
2018-10-28,audio,4
2018-11-04,audio,4
2018-11-11,audio,4
2018-11-18,audio,4
2018-11-25,audio,4
2018-12-02,audio,4
2018-12-09,audio,4
2018-12-16,audio,4
2018-12-23,audio,4
2018-12-30,audio,4
2015-12-27,alimentos bebidas,0
2016-01-03,alimentos bebidas,0
2016-01-10,alimentos bebidas,0
2016-01-17,alimentos bebidas,0
2016-01-24,alimentos bebidas,0
2016-01-31,alimentos bebidas,0
2016-02-07,alimentos bebidas,0
2016-02-14,alimentos bebidas,0
2016-02-21,alimentos bebidas,0
2016-02-28,alimentos bebidas,0
2016-03-06,alimentos bebidas,0
2016-03-13,alimentos bebidas,0
2016-03-20,alimentos bebidas,0
2016-03-27,alimentos bebidas,0
2016-04-03,alimentos bebidas,0
2016-04-10,alimentos bebidas,0
2016-04-17,alimentos bebidas,0
2016-04-24,alimentos bebidas,0
2016-05-01,alimentos bebidas,0
2016-05-08,alimentos bebidas,0
2016-05-15,alimentos bebidas,0
2016-05-22,alimentos bebidas,0
2016-05-29,alimentos bebidas,0
2016-06-05,alimentos bebidas,0
2016-06-12,alimentos bebidas,0
2016-06-19,alimentos bebidas,0
2016-06-26,alimentos bebidas,0
2016-07-03,alimentos bebidas,0
2016-07-10,alimentos bebidas,0
2016-07-17,alimentos bebidas,0
2016-07-24,alimentos bebidas,0
2016-07-31,alimentos bebidas,0
2016-08-07,alimentos bebidas,0
2016-08-14,alimentos bebidas,0
2016-08-21,alimentos bebidas,0
2016-08-28,alimentos bebidas,0
2016-09-04,alimentos bebidas,0
2016-09-11,alimentos bebidas,0
2016-09-18,alimentos bebidas,0
2016-09-25,alimentos bebidas,0
2016-10-02,alimentos bebidas,0
2016-10-09,alimentos bebidas,0
2016-10-16,alimentos bebidas,0
2016-10-23,alimentos bebidas,0
2016-10-30,alimentos bebidas,0
2016-11-06,alimentos bebidas,0
2016-11-13,alimentos bebidas,0
2016-11-20,alimentos bebidas,0
2016-11-27,alimentos bebidas,0
2016-12-04,alimentos bebidas,0
2016-12-11,alimentos bebidas,0
2016-12-18,alimentos bebidas,0
2016-12-25,alimentos bebidas,0
2017-01-01,alimentos bebidas,0
2017-01-08,alimentos bebidas,0
2017-01-15,alimentos bebidas,0
2017-01-22,alimentos bebidas,0
2017-01-29,alimentos bebidas,0
2017-02-05,alimentos bebidas,0
2017-02-12,alimentos bebidas,0
2017-02-19,alimentos bebidas,0
2017-02-26,alimentos bebidas,0
2017-03-05,alimentos bebidas,0
2017-03-12,alimentos bebidas,0
2017-03-19,alimentos bebidas,0
2017-03-26,alimentos bebidas,0
2017-04-02,alimentos bebidas,0
2017-04-09,alimentos bebidas,0
2017-04-16,alimentos bebidas,0
2017-04-23,alimentos bebidas,0
2017-04-30,alimentos bebidas,0
2017-05-07,alimentos bebidas,0
2017-05-14,alimentos bebidas,0
2017-05-21,alimentos bebidas,0
2017-05-28,alimentos bebidas,0
2017-06-04,alimentos bebidas,0
2017-06-11,alimentos bebidas,0
2017-06-18,alimentos bebidas,0
2017-06-25,alimentos bebidas,0
2017-07-02,alimentos bebidas,0
2017-07-09,alimentos bebidas,0
2017-07-16,alimentos bebidas,0
2017-07-23,alimentos bebidas,0
2017-07-30,alimentos bebidas,0
2017-08-06,alimentos bebidas,0
2017-08-13,alimentos bebidas,0
2017-08-20,alimentos bebidas,0
2017-08-27,alimentos bebidas,0
2017-09-03,alimentos bebidas,0
2017-09-10,alimentos bebidas,0
2017-09-17,alimentos bebidas,0
2017-09-24,alimentos bebidas,0
2017-10-01,alimentos bebidas,0
2017-10-08,alimentos bebidas,0
2017-10-15,alimentos bebidas,0
2017-10-22,alimentos bebidas,0
2017-10-29,alimentos bebidas,0
2017-11-05,alimentos bebidas,0
2017-11-12,alimentos bebidas,0
2017-11-19,alimentos bebidas,0
2017-11-26,alimentos bebidas,0
2017-12-03,alimentos bebidas,0
2017-12-10,alimentos bebidas,0
2017-12-17,alimentos bebidas,0
2017-12-24,alimentos bebidas,0
2017-12-31,alimentos bebidas,0
2018-01-07,alimentos bebidas,0
2018-01-14,alimentos bebidas,0
2018-01-21,alimentos bebidas,0
2018-01-28,alimentos bebidas,0
2018-02-04,alimentos bebidas,0
2018-02-11,alimentos bebidas,0
2018-02-18,alimentos bebidas,0
2018-02-25,alimentos bebidas,0
2018-03-04,alimentos bebidas,0
2018-03-11,alimentos bebidas,0
2018-03-18,alimentos bebidas,0
2018-03-25,alimentos bebidas,0
2018-04-01,alimentos bebidas,0
2018-04-08,alimentos bebidas,0
2018-04-15,alimentos bebidas,0
2018-04-22,alimentos bebidas,0
2018-04-29,alimentos bebidas,0
2018-05-06,alimentos bebidas,0
2018-05-13,alimentos bebidas,0
2018-05-20,alimentos bebidas,0
2018-05-27,alimentos bebidas,0
2018-06-03,alimentos bebidas,0
2018-06-10,alimentos bebidas,0
2018-06-17,alimentos bebidas,0
2018-06-24,alimentos bebidas,0
2018-07-01,alimentos bebidas,0
2018-07-08,alimentos bebidas,0
2018-07-15,alimentos bebidas,0
2018-07-22,alimentos bebidas,0
2018-07-29,alimentos bebidas,0
2018-08-05,alimentos bebidas,0
2018-08-12,alimentos bebidas,0
2018-08-19,alimentos bebidas,0
2018-08-26,alimentos bebidas,0
2018-09-02,alimentos bebidas,0
2018-09-09,alimentos bebidas,0
2018-09-16,alimentos bebidas,0
2018-09-23,alimentos bebidas,0
2018-09-30,alimentos bebidas,0
2018-10-07,alimentos bebidas,0
2018-10-14,alimentos bebidas,0
2018-10-21,alimentos bebidas,0
2018-10-28,alimentos bebidas,0
2018-11-04,alimentos bebidas,0
2018-11-11,alimentos bebidas,0
2018-11-18,alimentos bebidas,0
2018-11-25,alimentos bebidas,0
2018-12-02,alimentos bebidas,0
2018-12-09,alimentos bebidas,0
2018-12-16,alimentos bebidas,0
2018-12-23,alimentos bebidas,0
2018-12-30,alimentos bebidas,0
2015-12-27,musica,100
2016-01-03,musica,83
2016-01-10,musica,88
2016-01-17,musica,90
2016-01-24,musica,89
2016-01-31,musica,96
2016-02-07,musica,100
2016-02-14,musica,84
2016-02-21,musica,83
2016-02-28,musica,82
2016-03-06,musica,83
2016-03-13,musica,84
2016-03-20,musica,88
2016-03-27,musica,81
2016-04-03,musica,85
2016-04-10,musica,85
2016-04-17,musica,90
2016-04-24,musica,86
2016-05-01,musica,93
2016-05-08,musica,85
2016-05-15,musica,87
2016-05-22,musica,90
2016-05-29,musica,91
2016-06-05,musica,83
2016-06-12,musica,85
2016-06-19,musica,86
2016-06-26,musica,84
2016-07-03,musica,87
2016-07-10,musica,87
2016-07-17,musica,85
2016-07-24,musica,83
2016-07-31,musica,86
2016-08-07,musica,82
2016-08-14,musica,85
2016-08-21,musica,85
2016-08-28,musica,84
2016-09-04,musica,87
2016-09-11,musica,83
2016-09-18,musica,82
2016-09-25,musica,79
2016-10-02,musica,75
2016-10-09,musica,83
2016-10-16,musica,77
2016-10-23,musica,77
2016-10-30,musica,77
2016-11-06,musica,76
2016-11-13,musica,80
2016-11-20,musica,76
2016-11-27,musica,77
2016-12-04,musica,81
2016-12-11,musica,82
2016-12-18,musica,85
2016-12-25,musica,92
2017-01-01,musica,80
2017-01-08,musica,76
2017-01-15,musica,77
2017-01-22,musica,77
2017-01-29,musica,76
2017-02-05,musica,75
2017-02-12,musica,79
2017-02-19,musica,75
2017-02-26,musica,79
2017-03-05,musica,73
2017-03-12,musica,73
2017-03-19,musica,78
2017-03-26,musica,74
2017-04-02,musica,74
2017-04-09,musica,72
2017-04-16,musica,76
2017-04-23,musica,74
2017-04-30,musica,78
2017-05-07,musica,85
2017-05-14,musica,78
2017-05-21,musica,77
2017-05-28,musica,74
2017-06-04,musica,75
2017-06-11,musica,80
2017-06-18,musica,75
2017-06-25,musica,71
2017-07-02,musica,68
2017-07-09,musica,68
2017-07-16,musica,72
2017-07-23,musica,72
2017-07-30,musica,74
2017-08-06,musica,72
2017-08-13,musica,67
2017-08-20,musica,74
2017-08-27,musica,70
2017-09-03,musica,76
2017-09-10,musica,72
2017-09-17,musica,71
2017-09-24,musica,68
2017-10-01,musica,67
2017-10-08,musica,72
2017-10-15,musica,68
2017-10-22,musica,68
2017-10-29,musica,70
2017-11-05,musica,65
2017-11-12,musica,68
2017-11-19,musica,63
2017-11-26,musica,67
2017-12-03,musica,67
2017-12-10,musica,69
2017-12-17,musica,71
2017-12-24,musica,77
2017-12-31,musica,69
2018-01-07,musica,64
2018-01-14,musica,66
2018-01-21,musica,66
2018-01-28,musica,66
2018-02-04,musica,64
2018-02-11,musica,67
2018-02-18,musica,63
2018-02-25,musica,63
2018-03-04,musica,66
2018-03-11,musica,64
2018-03-18,musica,61
2018-03-25,musica,68
2018-04-01,musica,64
2018-04-08,musica,61
2018-04-15,musica,64
2018-04-22,musica,65
2018-04-29,musica,65
2018-05-06,musica,68
2018-05-13,musica,64
2018-05-20,musica,63
2018-05-27,musica,64
2018-06-03,musica,63
2018-06-10,musica,64
2018-06-17,musica,60
2018-06-24,musica,63
2018-07-01,musica,63
2018-07-08,musica,60
2018-07-15,musica,63
2018-07-22,musica,60
2018-07-29,musica,57
2018-08-05,musica,59
2018-08-12,musica,62
2018-08-19,musica,58
2018-08-26,musica,59
2018-09-02,musica,58
2018-09-09,musica,53
2018-09-16,musica,58
2018-09-23,musica,59
2018-09-30,musica,57
2018-10-07,musica,51
2018-10-14,musica,56
2018-10-21,musica,56
2018-10-28,musica,55
2018-11-04,musica,54
2018-11-11,musica,58
2018-11-18,musica,54
2018-11-25,musica,54
2018-12-02,musica,56
2018-12-09,musica,53
2018-12-16,musica,53
2018-12-23,musica,62
2018-12-30,musica,56
2015-12-27,alimentos,5
2016-01-03,alimentos,7
2016-01-10,alimentos,7
2016-01-17,alimentos,7
2016-01-24,alimentos,7
2016-01-31,alimentos,7
2016-02-07,alimentos,7
2016-02-14,alimentos,8
2016-02-21,alimentos,8
2016-02-28,alimentos,8
2016-03-06,alimentos,8
2016-03-13,alimentos,8
2016-03-20,alimentos,8
2016-03-27,alimentos,9
2016-04-03,alimentos,9
2016-04-10,alimentos,8
2016-04-17,alimentos,8
2016-04-24,alimentos,9
2016-05-01,alimentos,8
2016-05-08,alimentos,8
2016-05-15,alimentos,9
2016-05-22,alimentos,8
2016-05-29,alimentos,9
2016-06-05,alimentos,8
2016-06-12,alimentos,8
2016-06-19,alimentos,8
2016-06-26,alimentos,7
2016-07-03,alimentos,8
2016-07-10,alimentos,7
2016-07-17,alimentos,7
2016-07-24,alimentos,8
2016-07-31,alimentos,8
2016-08-07,alimentos,7
2016-08-14,alimentos,8
2016-08-21,alimentos,8
2016-08-28,alimentos,9
2016-09-04,alimentos,8
2016-09-11,alimentos,9
2016-09-18,alimentos,9
2016-09-25,alimentos,8
2016-10-02,alimentos,7
2016-10-09,alimentos,7
2016-10-16,alimentos,9
2016-10-23,alimentos,8
2016-10-30,alimentos,8
2016-11-06,alimentos,8
2016-11-13,alimentos,8
2016-11-20,alimentos,8
2016-11-27,alimentos,7
2016-12-04,alimentos,7
2016-12-11,alimentos,7
2016-12-18,alimentos,5
2016-12-25,alimentos,5
2017-01-01,alimentos,6
2017-01-08,alimentos,7
2017-01-15,alimentos,7
2017-01-22,alimentos,7
2017-01-29,alimentos,7
2017-02-05,alimentos,7
2017-02-12,alimentos,8
2017-02-19,alimentos,7
2017-02-26,alimentos,6
2017-03-05,alimentos,8
2017-03-12,alimentos,9
2017-03-19,alimentos,9
2017-03-26,alimentos,9
2017-04-02,alimentos,8
2017-04-09,alimentos,7
2017-04-16,alimentos,8
2017-04-23,alimentos,8
2017-04-30,alimentos,8
2017-05-07,alimentos,8
2017-05-14,alimentos,8
2017-05-21,alimentos,8
2017-05-28,alimentos,9
2017-06-04,alimentos,8
2017-06-11,alimentos,7
2017-06-18,alimentos,8
2017-06-25,alimentos,7
2017-07-02,alimentos,7
2017-07-09,alimentos,7
2017-07-16,alimentos,6
2017-07-23,alimentos,7
2017-07-30,alimentos,8
2017-08-06,alimentos,8
2017-08-13,alimentos,8
2017-08-20,alimentos,8
2017-08-27,alimentos,8
2017-09-03,alimentos,7
2017-09-10,alimentos,9
2017-09-17,alimentos,9
2017-09-24,alimentos,9
2017-10-01,alimentos,8
2017-10-08,alimentos,7
2017-10-15,alimentos,8
2017-10-22,alimentos,8
2017-10-29,alimentos,7
2017-11-05,alimentos,8
2017-11-12,alimentos,8
2017-11-19,alimentos,8
2017-11-26,alimentos,8
2017-12-03,alimentos,7
2017-12-10,alimentos,6
2017-12-17,alimentos,5
2017-12-24,alimentos,5
2017-12-31,alimentos,6
2018-01-07,alimentos,7
2018-01-14,alimentos,7
2018-01-21,alimentos,7
2018-01-28,alimentos,7
2018-02-04,alimentos,7
2018-02-11,alimentos,6
2018-02-18,alimentos,8
2018-02-25,alimentos,9
2018-03-04,alimentos,8
2018-03-11,alimentos,9
2018-03-18,alimentos,9
2018-03-25,alimentos,7
2018-04-01,alimentos,8
2018-04-08,alimentos,9
2018-04-15,alimentos,8
2018-04-22,alimentos,9
2018-04-29,alimentos,8
2018-05-06,alimentos,8
2018-05-13,alimentos,9
2018-05-20,alimentos,8
2018-05-27,alimentos,7
2018-06-03,alimentos,8
2018-06-10,alimentos,8
2018-06-17,alimentos,7
2018-06-24,alimentos,8
2018-07-01,alimentos,7
2018-07-08,alimentos,7
2018-07-15,alimentos,7
2018-07-22,alimentos,7
2018-07-29,alimentos,8
2018-08-05,alimentos,8
2018-08-12,alimentos,8
2018-08-19,alimentos,8
2018-08-26,alimentos,8
2018-09-02,alimentos,8
2018-09-09,alimentos,8
2018-09-16,alimentos,8
2018-09-23,alimentos,8
2018-09-30,alimentos,8
2018-10-07,alimentos,6
2018-10-14,alimentos,8
2018-10-21,alimentos,8
2018-10-28,alimentos,7
2018-11-04,alimentos,8
2018-11-11,alimentos,7
2018-11-18,alimentos,8
2018-11-25,alimentos,8
2018-12-02,alimentos,7
2018-12-09,alimentos,6
2018-12-16,alimentos,5
2018-12-23,alimentos,5
2018-12-30,alimentos,5
2015-12-27,tablets impressao imagem,0
2016-01-03,tablets impressao imagem,0
2016-01-10,tablets impressao imagem,0
2016-01-17,tablets impressao imagem,0
2016-01-24,tablets impressao imagem,0
2016-01-31,tablets impressao imagem,0
2016-02-07,tablets impressao imagem,27
2016-02-14,tablets impressao imagem,0
2016-02-21,tablets impressao imagem,0
2016-02-28,tablets impressao imagem,0
2016-03-06,tablets impressao imagem,0
2016-03-13,tablets impressao imagem,0
2016-03-20,tablets impressao imagem,0
2016-03-27,tablets impressao imagem,0
2016-04-03,tablets impressao imagem,0
2016-04-10,tablets impressao imagem,0
2016-04-17,tablets impressao imagem,0
2016-04-24,tablets impressao imagem,0
2016-05-01,tablets impressao imagem,0
2016-05-08,tablets impressao imagem,0
2016-05-15,tablets impressao imagem,0
2016-05-22,tablets impressao imagem,0
2016-05-29,tablets impressao imagem,0
2016-06-05,tablets impressao imagem,0
2016-06-12,tablets impressao imagem,0
2016-06-19,tablets impressao imagem,0
2016-06-26,tablets impressao imagem,0
2016-07-03,tablets impressao imagem,0
2016-07-10,tablets impressao imagem,0
2016-07-17,tablets impressao imagem,0
2016-07-24,tablets impressao imagem,0
2016-07-31,tablets impressao imagem,0
2016-08-07,tablets impressao imagem,0
2016-08-14,tablets impressao imagem,0
2016-08-21,tablets impressao imagem,0
2016-08-28,tablets impressao imagem,0
2016-09-04,tablets impressao imagem,0
2016-09-11,tablets impressao imagem,0
2016-09-18,tablets impressao imagem,0
2016-09-25,tablets impressao imagem,0
2016-10-02,tablets impressao imagem,0
2016-10-09,tablets impressao imagem,0
2016-10-16,tablets impressao imagem,0
2016-10-23,tablets impressao imagem,0
2016-10-30,tablets impressao imagem,0
2016-11-06,tablets impressao imagem,0
2016-11-13,tablets impressao imagem,0
2016-11-20,tablets impressao imagem,0
2016-11-27,tablets impressao imagem,0
2016-12-04,tablets impressao imagem,0
2016-12-11,tablets impressao imagem,0
2016-12-18,tablets impressao imagem,0
2016-12-25,tablets impressao imagem,0
2017-01-01,tablets impressao imagem,0
2017-01-08,tablets impressao imagem,0
2017-01-15,tablets impressao imagem,0
2017-01-22,tablets impressao imagem,0
2017-01-29,tablets impressao imagem,0
2017-02-05,tablets impressao imagem,0
2017-02-12,tablets impressao imagem,0
2017-02-19,tablets impressao imagem,0
2017-02-26,tablets impressao imagem,0
2017-03-05,tablets impressao imagem,0
2017-03-12,tablets impressao imagem,0
2017-03-19,tablets impressao imagem,0
2017-03-26,tablets impressao imagem,0
2017-04-02,tablets impressao imagem,0
2017-04-09,tablets impressao imagem,0
2017-04-16,tablets impressao imagem,0
2017-04-23,tablets impressao imagem,0
2017-04-30,tablets impressao imagem,0
2017-05-07,tablets impressao imagem,0
2017-05-14,tablets impressao imagem,0
2017-05-21,tablets impressao imagem,0
2017-05-28,tablets impressao imagem,0
2017-06-04,tablets impressao imagem,0
2017-06-11,tablets impressao imagem,0
2017-06-18,tablets impressao imagem,0
2017-06-25,tablets impressao imagem,0
2017-07-02,tablets impressao imagem,0
2017-07-09,tablets impressao imagem,0
2017-07-16,tablets impressao imagem,0
2017-07-23,tablets impressao imagem,0
2017-07-30,tablets impressao imagem,0
2017-08-06,tablets impressao imagem,0
2017-08-13,tablets impressao imagem,0
2017-08-20,tablets impressao imagem,0
2017-08-27,tablets impressao imagem,0
2017-09-03,tablets impressao imagem,0
2017-09-10,tablets impressao imagem,0
2017-09-17,tablets impressao imagem,0
2017-09-24,tablets impressao imagem,0
2017-10-01,tablets impressao imagem,0
2017-10-08,tablets impressao imagem,0
2017-10-15,tablets impressao imagem,0
2017-10-22,tablets impressao imagem,0
2017-10-29,tablets impressao imagem,0
2017-11-05,tablets impressao imagem,0
2017-11-12,tablets impressao imagem,0
2017-11-19,tablets impressao imagem,0
2017-11-26,tablets impressao imagem,0
2017-12-03,tablets impressao imagem,0
2017-12-10,tablets impressao imagem,0
2017-12-17,tablets impressao imagem,0
2017-12-24,tablets impressao imagem,0
2017-12-31,tablets impressao imagem,0
2018-01-07,tablets impressao imagem,0
2018-01-14,tablets impressao imagem,0
2018-01-21,tablets impressao imagem,0
2018-01-28,tablets impressao imagem,0
2018-02-04,tablets impressao imagem,0
2018-02-11,tablets impressao imagem,0
2018-02-18,tablets impressao imagem,0
2018-02-25,tablets impressao imagem,0
2018-03-04,tablets impressao imagem,0
2018-03-11,tablets impressao imagem,0
2018-03-18,tablets impressao imagem,0
2018-03-25,tablets impressao imagem,0
2018-04-01,tablets impressao imagem,0
2018-04-08,tablets impressao imagem,0
2018-04-15,tablets impressao imagem,0
2018-04-22,tablets impressao imagem,0
2018-04-29,tablets impressao imagem,0
2018-05-06,tablets impressao imagem,0
2018-05-13,tablets impressao imagem,0
2018-05-20,tablets impressao imagem,0
2018-05-27,tablets impressao imagem,0
2018-06-03,tablets impressao imagem,0
2018-06-10,tablets impressao imagem,0
2018-06-17,tablets impressao imagem,0
2018-06-24,tablets impressao imagem,0
2018-07-01,tablets impressao imagem,0
2018-07-08,tablets impressao imagem,0
2018-07-15,tablets impressao imagem,0
2018-07-22,tablets impressao imagem,0
2018-07-29,tablets impressao imagem,0
2018-08-05,tablets impressao imagem,0
2018-08-12,tablets impressao imagem,0
2018-08-19,tablets impressao imagem,0
2018-08-26,tablets impressao imagem,0
2018-09-02,tablets impressao imagem,0
2018-09-09,tablets impressao imagem,0
2018-09-16,tablets impressao imagem,0
2018-09-23,tablets impressao imagem,0
2018-09-30,tablets impressao imagem,0
2018-10-07,tablets impressao imagem,0
2018-10-14,tablets impressao imagem,0
2018-10-21,tablets impressao imagem,0
2018-10-28,tablets impressao imagem,0
2018-11-04,tablets impressao imagem,0
2018-11-11,tablets impressao imagem,0
2018-11-18,tablets impressao imagem,0
2018-11-25,tablets impressao imagem,0
2018-12-02,tablets impressao imagem,0
2018-12-09,tablets impressao imagem,0
2018-12-16,tablets impressao imagem,0
2018-12-23,tablets impressao imagem,0
2018-12-30,tablets impressao imagem,0
2015-12-27,livros importados,0
2016-01-03,livros importados,0
2016-01-10,livros importados,0
2016-01-17,livros importados,0
2016-01-24,livros importados,0
2016-01-31,livros importados,0
2016-02-07,livros importados,0
2016-02-14,livros importados,0
2016-02-21,livros importados,0
2016-02-28,livros importados,0
2016-03-06,livros importados,0
2016-03-13,livros importados,0
2016-03-20,livros importados,0
2016-03-27,livros importados,0
2016-04-03,livros importados,0
2016-04-10,livros importados,0
2016-04-17,livros importados,0
2016-04-24,livros importados,0
2016-05-01,livros importados,0
2016-05-08,livros importados,0
2016-05-15,livros importados,0
2016-05-22,livros importados,0
2016-05-29,livros importados,0
2016-06-05,livros importados,0
2016-06-12,livros importados,0
2016-06-19,livros importados,0
2016-06-26,livros importados,0
2016-07-03,livros importados,0
2016-07-10,livros importados,0
2016-07-17,livros importados,0
2016-07-24,livros importados,0
2016-07-31,livros importados,0
2016-08-07,livros importados,0
2016-08-14,livros importados,21
2016-08-21,livros importados,0
2016-08-28,livros importados,0
2016-09-04,livros importados,0
2016-09-11,livros importados,0
2016-09-18,livros importados,0
2016-09-25,livros importados,0
2016-10-02,livros importados,0
2016-10-09,livros importados,0
2016-10-16,livros importados,0
2016-10-23,livros importados,0
2016-10-30,livros importados,0
2016-11-06,livros importados,0
2016-11-13,livros importados,0
2016-11-20,livros importados,0
2016-11-27,livros importados,0
2016-12-04,livros importados,0
2016-12-11,livros importados,0
2016-12-18,livros importados,0
2016-12-25,livros importados,0
2017-01-01,livros importados,0
2017-01-08,livros importados,0
2017-01-15,livros importados,0
2017-01-22,livros importados,0
2017-01-29,livros importados,0
2017-02-05,livros importados,0
2017-02-12,livros importados,0
2017-02-19,livros importados,0
2017-02-26,livros importados,0
2017-03-05,livros importados,0
2017-03-12,livros importados,22
2017-03-19,livros importados,0
2017-03-26,livros importados,0
2017-04-02,livros importados,0
2017-04-09,livros importados,0
2017-04-16,livros importados,0
2017-04-23,livros importados,0
2017-04-30,livros importados,0
2017-05-07,livros importados,0
2017-05-14,livros importados,0
2017-05-21,livros importados,0
2017-05-28,livros importados,0
2017-06-04,livros importados,0
2017-06-11,livros importados,0
2017-06-18,livros importados,21
2017-06-25,livros importados,0
2017-07-02,livros importados,22
2017-07-09,livros importados,0
2017-07-16,livros importados,0
2017-07-23,livros importados,0
2017-07-30,livros importados,0
2017-08-06,livros importados,0
2017-08-13,livros importados,0
2017-08-20,livros importados,0
2017-08-27,livros importados,0
2017-09-03,livros importados,0
2017-09-10,livros importados,0
2017-09-17,livros importados,0
2017-09-24,livros importados,0
2017-10-01,livros importados,0
2017-10-08,livros importados,0
2017-10-15,livros importados,0
2017-10-22,livros importados,0
2017-10-29,livros importados,0
2017-11-05,livros importados,0
2017-11-12,livros importados,0
2017-11-19,livros importados,0
2017-11-26,livros importados,0
2017-12-03,livros importados,0
2017-12-10,livros importados,0
2017-12-17,livros importados,0
2017-12-24,livros importados,0
2017-12-31,livros importados,0
2018-01-07,livros importados,0
2018-01-14,livros importados,0
2018-01-21,livros importados,0
2018-01-28,livros importados,0
2018-02-04,livros importados,0
2018-02-11,livros importados,0
2018-02-18,livros importados,0
2018-02-25,livros importados,0
2018-03-04,livros importados,0
2018-03-11,livros importados,0
2018-03-18,livros importados,0
2018-03-25,livros importados,0
2018-04-01,livros importados,0
2018-04-08,livros importados,0
2018-04-15,livros importados,0
2018-04-22,livros importados,0
2018-04-29,livros importados,0
2018-05-06,livros importados,0
2018-05-13,livros importados,0
2018-05-20,livros importados,0
2018-05-27,livros importados,0
2018-06-03,livros importados,0
2018-06-10,livros importados,0
2018-06-17,livros importados,0
2018-06-24,livros importados,0
2018-07-01,livros importados,0
2018-07-08,livros importados,0
2018-07-15,livros importados,0
2018-07-22,livros importados,0
2018-07-29,livros importados,0
2018-08-05,livros importados,0
2018-08-12,livros importados,0
2018-08-19,livros importados,0
2018-08-26,livros importados,0
2018-09-02,livros importados,0
2018-09-09,livros importados,0
2018-09-16,livros importados,0
2018-09-23,livros importados,0
2018-09-30,livros importados,0
2018-10-07,livros importados,0
2018-10-14,livros importados,0
2018-10-21,livros importados,0
2018-10-28,livros importados,0
2018-11-04,livros importados,0
2018-11-11,livros importados,0
2018-11-18,livros importados,0
2018-11-25,livros importados,0
2018-12-02,livros importados,0
2018-12-09,livros importados,0
2018-12-16,livros importados,0
2018-12-23,livros importados,0
2018-12-30,livros importados,0
2015-12-27,portateis casa forno e cafe,0
2016-01-03,portateis casa forno e cafe,0
2016-01-10,portateis casa forno e cafe,0
2016-01-17,portateis casa forno e cafe,0
2016-01-24,portateis casa forno e cafe,0
2016-01-31,portateis casa forno e cafe,0
2016-02-07,portateis casa forno e cafe,0
2016-02-14,portateis casa forno e cafe,0
2016-02-21,portateis casa forno e cafe,0
2016-02-28,portateis casa forno e cafe,0
2016-03-06,portateis casa forno e cafe,0
2016-03-13,portateis casa forno e cafe,0
2016-03-20,portateis casa forno e cafe,0
2016-03-27,portateis casa forno e cafe,0
2016-04-03,portateis casa forno e cafe,0
2016-04-10,portateis casa forno e cafe,0
2016-04-17,portateis casa forno e cafe,0
2016-04-24,portateis casa forno e cafe,0
2016-05-01,portateis casa forno e cafe,0
2016-05-08,portateis casa forno e cafe,0
2016-05-15,portateis casa forno e cafe,0
2016-05-22,portateis casa forno e cafe,0
2016-05-29,portateis casa forno e cafe,0
2016-06-05,portateis casa forno e cafe,0
2016-06-12,portateis casa forno e cafe,0
2016-06-19,portateis casa forno e cafe,0
2016-06-26,portateis casa forno e cafe,0
2016-07-03,portateis casa forno e cafe,0
2016-07-10,portateis casa forno e cafe,0
2016-07-17,portateis casa forno e cafe,0
2016-07-24,portateis casa forno e cafe,0
2016-07-31,portateis casa forno e cafe,0
2016-08-07,portateis casa forno e cafe,0
2016-08-14,portateis casa forno e cafe,0
2016-08-21,portateis casa forno e cafe,0
2016-08-28,portateis casa forno e cafe,0
2016-09-04,portateis casa forno e cafe,0
2016-09-11,portateis casa forno e cafe,0
2016-09-18,portateis casa forno e cafe,0
2016-09-25,portateis casa forno e cafe,0
2016-10-02,portateis casa forno e cafe,0
2016-10-09,portateis casa forno e cafe,0
2016-10-16,portateis casa forno e cafe,0
2016-10-23,portateis casa forno e cafe,0
2016-10-30,portateis casa forno e cafe,0
2016-11-06,portateis casa forno e cafe,0
2016-11-13,portateis casa forno e cafe,0
2016-11-20,portateis casa forno e cafe,0
2016-11-27,portateis casa forno e cafe,0
2016-12-04,portateis casa forno e cafe,0
2016-12-11,portateis casa forno e cafe,0
2016-12-18,portateis casa forno e cafe,0
2016-12-25,portateis casa forno e cafe,0
2017-01-01,portateis casa forno e cafe,0
2017-01-08,portateis casa forno e cafe,0
2017-01-15,portateis casa forno e cafe,0
2017-01-22,portateis casa forno e cafe,0
2017-01-29,portateis casa forno e cafe,0
2017-02-05,portateis casa forno e cafe,0
2017-02-12,portateis casa forno e cafe,0
2017-02-19,portateis casa forno e cafe,0
2017-02-26,portateis casa forno e cafe,0
2017-03-05,portateis casa forno e cafe,0
2017-03-12,portateis casa forno e cafe,0
2017-03-19,portateis casa forno e cafe,0
2017-03-26,portateis casa forno e cafe,0
2017-04-02,portateis casa forno e cafe,0
2017-04-09,portateis casa forno e cafe,0
2017-04-16,portateis casa forno e cafe,0
2017-04-23,portateis casa forno e cafe,0
2017-04-30,portateis casa forno e cafe,0
2017-05-07,portateis casa forno e cafe,0
2017-05-14,portateis casa forno e cafe,0
2017-05-21,portateis casa forno e cafe,0
2017-05-28,portateis casa forno e cafe,0
2017-06-04,portateis casa forno e cafe,0
2017-06-11,portateis casa forno e cafe,0
2017-06-18,portateis casa forno e cafe,0
2017-06-25,portateis casa forno e cafe,0
2017-07-02,portateis casa forno e cafe,0
2017-07-09,portateis casa forno e cafe,0
2017-07-16,portateis casa forno e cafe,0
2017-07-23,portateis casa forno e cafe,0
2017-07-30,portateis casa forno e cafe,0
2017-08-06,portateis casa forno e cafe,0
2017-08-13,portateis casa forno e cafe,0
2017-08-20,portateis casa forno e cafe,0
2017-08-27,portateis casa forno e cafe,0
2017-09-03,portateis casa forno e cafe,0
2017-09-10,portateis casa forno e cafe,0
2017-09-17,portateis casa forno e cafe,0
2017-09-24,portateis casa forno e cafe,0
2017-10-01,portateis casa forno e cafe,0
2017-10-08,portateis casa forno e cafe,0
2017-10-15,portateis casa forno e cafe,0
2017-10-22,portateis casa forno e cafe,0
2017-10-29,portateis casa forno e cafe,0
2017-11-05,portateis casa forno e cafe,0
2017-11-12,portateis casa forno e cafe,0
2017-11-19,portateis casa forno e cafe,0
2017-11-26,portateis casa forno e cafe,0
2017-12-03,portateis casa forno e cafe,0
2017-12-10,portateis casa forno e cafe,0
2017-12-17,portateis casa forno e cafe,0
2017-12-24,portateis casa forno e cafe,0
2017-12-31,portateis casa forno e cafe,0
2018-01-07,portateis casa forno e cafe,0
2018-01-14,portateis casa forno e cafe,0
2018-01-21,portateis casa forno e cafe,0
2018-01-28,portateis casa forno e cafe,0
2018-02-04,portateis casa forno e cafe,0
2018-02-11,portateis casa forno e cafe,0
2018-02-18,portateis casa forno e cafe,0
2018-02-25,portateis casa forno e cafe,0
2018-03-04,portateis casa forno e cafe,0
2018-03-11,portateis casa forno e cafe,0
2018-03-18,portateis casa forno e cafe,0
2018-03-25,portateis casa forno e cafe,0
2018-04-01,portateis casa forno e cafe,0
2018-04-08,portateis casa forno e cafe,0
2018-04-15,portateis casa forno e cafe,0
2018-04-22,portateis casa forno e cafe,0
2018-04-29,portateis casa forno e cafe,0
2018-05-06,portateis casa forno e cafe,0
2018-05-13,portateis casa forno e cafe,0
2018-05-20,portateis casa forno e cafe,0
2018-05-27,portateis casa forno e cafe,0
2018-06-03,portateis casa forno e cafe,0
2018-06-10,portateis casa forno e cafe,0
2018-06-17,portateis casa forno e cafe,0
2018-06-24,portateis casa forno e cafe,0
2018-07-01,portateis casa forno e cafe,0
2018-07-08,portateis casa forno e cafe,0
2018-07-15,portateis casa forno e cafe,0
2018-07-22,portateis casa forno e cafe,0
2018-07-29,portateis casa forno e cafe,0
2018-08-05,portateis casa forno e cafe,0
2018-08-12,portateis casa forno e cafe,0
2018-08-19,portateis casa forno e cafe,0
2018-08-26,portateis casa forno e cafe,0
2018-09-02,portateis casa forno e cafe,0
2018-09-09,portateis casa forno e cafe,0
2018-09-16,portateis casa forno e cafe,0
2018-09-23,portateis casa forno e cafe,0
2018-09-30,portateis casa forno e cafe,0
2018-10-07,portateis casa forno e cafe,0
2018-10-14,portateis casa forno e cafe,0
2018-10-21,portateis casa forno e cafe,0
2018-10-28,portateis casa forno e cafe,0
2018-11-04,portateis casa forno e cafe,0
2018-11-11,portateis casa forno e cafe,0
2018-11-18,portateis casa forno e cafe,0
2018-11-25,portateis casa forno e cafe,0
2018-12-02,portateis casa forno e cafe,0
2018-12-09,portateis casa forno e cafe,0
2018-12-16,portateis casa forno e cafe,0
2018-12-23,portateis casa forno e cafe,0
2018-12-30,portateis casa forno e cafe,0
2015-12-27,fashion esporte,0
2016-01-03,fashion esporte,0
2016-01-10,fashion esporte,0
2016-01-17,fashion esporte,0
2016-01-24,fashion esporte,0
2016-01-31,fashion esporte,0
2016-02-07,fashion esporte,0
2016-02-14,fashion esporte,0
2016-02-21,fashion esporte,0
2016-02-28,fashion esporte,0
2016-03-06,fashion esporte,0
2016-03-13,fashion esporte,0
2016-03-20,fashion esporte,0
2016-03-27,fashion esporte,0
2016-04-03,fashion esporte,0
2016-04-10,fashion esporte,0
2016-04-17,fashion esporte,0
2016-04-24,fashion esporte,0
2016-05-01,fashion esporte,0
2016-05-08,fashion esporte,0
2016-05-15,fashion esporte,0
2016-05-22,fashion esporte,0
2016-05-29,fashion esporte,0
2016-06-05,fashion esporte,0
2016-06-12,fashion esporte,0
2016-06-19,fashion esporte,0
2016-06-26,fashion esporte,0
2016-07-03,fashion esporte,20
2016-07-10,fashion esporte,0
2016-07-17,fashion esporte,0
2016-07-24,fashion esporte,0
2016-07-31,fashion esporte,0
2016-08-07,fashion esporte,0
2016-08-14,fashion esporte,0
2016-08-21,fashion esporte,0
2016-08-28,fashion esporte,0
2016-09-04,fashion esporte,0
2016-09-11,fashion esporte,19
2016-09-18,fashion esporte,0
2016-09-25,fashion esporte,0
2016-10-02,fashion esporte,0
2016-10-09,fashion esporte,0
2016-10-16,fashion esporte,0
2016-10-23,fashion esporte,0
2016-10-30,fashion esporte,0
2016-11-06,fashion esporte,0
2016-11-13,fashion esporte,0
2016-11-20,fashion esporte,0
2016-11-27,fashion esporte,0
2016-12-04,fashion esporte,0
2016-12-11,fashion esporte,0
2016-12-18,fashion esporte,0
2016-12-25,fashion esporte,0
2017-01-01,fashion esporte,0
2017-01-08,fashion esporte,0
2017-01-15,fashion esporte,0
2017-01-22,fashion esporte,0
2017-01-29,fashion esporte,0
2017-02-05,fashion esporte,0
2017-02-12,fashion esporte,0
2017-02-19,fashion esporte,0
2017-02-26,fashion esporte,0
2017-03-05,fashion esporte,0
2017-03-12,fashion esporte,0
2017-03-19,fashion esporte,0
2017-03-26,fashion esporte,0
2017-04-02,fashion esporte,0
2017-04-09,fashion esporte,0
2017-04-16,fashion esporte,0
2017-04-23,fashion esporte,0
2017-04-30,fashion esporte,0
2017-05-07,fashion esporte,0
2017-05-14,fashion esporte,0
2017-05-21,fashion esporte,0
2017-05-28,fashion esporte,0
2017-06-04,fashion esporte,0
2017-06-11,fashion esporte,0
2017-06-18,fashion esporte,0
2017-06-25,fashion esporte,0
2017-07-02,fashion esporte,0
2017-07-09,fashion esporte,0
2017-07-16,fashion esporte,0
2017-07-23,fashion esporte,0
2017-07-30,fashion esporte,0
2017-08-06,fashion esporte,0
2017-08-13,fashion esporte,0
2017-08-20,fashion esporte,0
2017-08-27,fashion esporte,0
2017-09-03,fashion esporte,0
2017-09-10,fashion esporte,0
2017-09-17,fashion esporte,0
2017-09-24,fashion esporte,0
2017-10-01,fashion esporte,0
2017-10-08,fashion esporte,0
2017-10-15,fashion esporte,0
2017-10-22,fashion esporte,0
2017-10-29,fashion esporte,0
2017-11-05,fashion esporte,0
2017-11-12,fashion esporte,0
2017-11-19,fashion esporte,0
2017-11-26,fashion esporte,0
2017-12-03,fashion esporte,0
2017-12-10,fashion esporte,0
2017-12-17,fashion esporte,0
2017-12-24,fashion esporte,0
2017-12-31,fashion esporte,0
2018-01-07,fashion esporte,0
2018-01-14,fashion esporte,0
2018-01-21,fashion esporte,0
2018-01-28,fashion esporte,0
2018-02-04,fashion esporte,0
2018-02-11,fashion esporte,0
2018-02-18,fashion esporte,0
2018-02-25,fashion esporte,0
2018-03-04,fashion esporte,0
2018-03-11,fashion esporte,0
2018-03-18,fashion esporte,0
2018-03-25,fashion esporte,0
2018-04-01,fashion esporte,0
2018-04-08,fashion esporte,0
2018-04-15,fashion esporte,0
2018-04-22,fashion esporte,0
2018-04-29,fashion esporte,0
2018-05-06,fashion esporte,0
2018-05-13,fashion esporte,0
2018-05-20,fashion esporte,0
2018-05-27,fashion esporte,0
2018-06-03,fashion esporte,0
2018-06-10,fashion esporte,0
2018-06-17,fashion esporte,0
2018-06-24,fashion esporte,0
2018-07-01,fashion esporte,0
2018-07-08,fashion esporte,0
2018-07-15,fashion esporte,0
2018-07-22,fashion esporte,0
2018-07-29,fashion esporte,0
2018-08-05,fashion esporte,0
2018-08-12,fashion esporte,0
2018-08-19,fashion esporte,0
2018-08-26,fashion esporte,0
2018-09-02,fashion esporte,0
2018-09-09,fashion esporte,0
2018-09-16,fashion esporte,0
2018-09-23,fashion esporte,0
2018-09-30,fashion esporte,0
2018-10-07,fashion esporte,0
2018-10-14,fashion esporte,0
2018-10-21,fashion esporte,0
2018-10-28,fashion esporte,0
2018-11-04,fashion esporte,0
2018-11-11,fashion esporte,0
2018-11-18,fashion esporte,0
2018-11-25,fashion esporte,0
2018-12-02,fashion esporte,0
2018-12-09,fashion esporte,0
2018-12-16,fashion esporte,0
2018-12-23,fashion esporte,0
2018-12-30,fashion esporte,0
2015-12-27,artigos de natal,0
2016-01-03,artigos de natal,0
2016-01-10,artigos de natal,0
2016-01-17,artigos de natal,0
2016-01-24,artigos de natal,0
2016-01-31,artigos de natal,0
2016-02-07,artigos de natal,0
2016-02-14,artigos de natal,0
2016-02-21,artigos de natal,0
2016-02-28,artigos de natal,0
2016-03-06,artigos de natal,0
2016-03-13,artigos de natal,0
2016-03-20,artigos de natal,0
2016-03-27,artigos de natal,0
2016-04-03,artigos de natal,0
2016-04-10,artigos de natal,0
2016-04-17,artigos de natal,0
2016-04-24,artigos de natal,0
2016-05-01,artigos de natal,0
2016-05-08,artigos de natal,0
2016-05-15,artigos de natal,0
2016-05-22,artigos de natal,0
2016-05-29,artigos de natal,0
2016-06-05,artigos de natal,0
2016-06-12,artigos de natal,0
2016-06-19,artigos de natal,0
2016-06-26,artigos de natal,0
2016-07-03,artigos de natal,0
2016-07-10,artigos de natal,0
2016-07-17,artigos de natal,33
2016-07-24,artigos de natal,0
2016-07-31,artigos de natal,0
2016-08-07,artigos de natal,0
2016-08-14,artigos de natal,0
2016-08-21,artigos de natal,0
2016-08-28,artigos de natal,24
2016-09-04,artigos de natal,0
2016-09-11,artigos de natal,0
2016-09-18,artigos de natal,25
2016-09-25,artigos de natal,28
2016-10-02,artigos de natal,28
2016-10-09,artigos de natal,38
2016-10-16,artigos de natal,55
2016-10-23,artigos de natal,60
2016-10-30,artigos de natal,60
2016-11-06,artigos de natal,78
2016-11-13,artigos de natal,86
2016-11-20,artigos de natal,82
2016-11-27,artigos de natal,65
2016-12-04,artigos de natal,66
2016-12-11,artigos de natal,42
2016-12-18,artigos de natal,43
2016-12-25,artigos de natal,0
2017-01-01,artigos de natal,0
2017-01-08,artigos de natal,0
2017-01-15,artigos de natal,0
2017-01-22,artigos de natal,0
2017-01-29,artigos de natal,0
2017-02-05,artigos de natal,0
2017-02-12,artigos de natal,0
2017-02-19,artigos de natal,0
2017-02-26,artigos de natal,0
2017-03-05,artigos de natal,19
2017-03-12,artigos de natal,22
2017-03-19,artigos de natal,20
2017-03-26,artigos de natal,0
2017-04-02,artigos de natal,0
2017-04-09,artigos de natal,0
2017-04-16,artigos de natal,0
2017-04-23,artigos de natal,0
2017-04-30,artigos de natal,0
2017-05-07,artigos de natal,0
2017-05-14,artigos de natal,0
2017-05-21,artigos de natal,0
2017-05-28,artigos de natal,0
2017-06-04,artigos de natal,0
2017-06-11,artigos de natal,0
2017-06-18,artigos de natal,0
2017-06-25,artigos de natal,0
2017-07-02,artigos de natal,0
2017-07-09,artigos de natal,0
2017-07-16,artigos de natal,0
2017-07-23,artigos de natal,0
2017-07-30,artigos de natal,0
2017-08-06,artigos de natal,28
2017-08-13,artigos de natal,27
2017-08-20,artigos de natal,0
2017-08-27,artigos de natal,18
2017-09-03,artigos de natal,21
2017-09-10,artigos de natal,21
2017-09-17,artigos de natal,18
2017-09-24,artigos de natal,27
2017-10-01,artigos de natal,27
2017-10-08,artigos de natal,45
2017-10-15,artigos de natal,57
2017-10-22,artigos de natal,66
2017-10-29,artigos de natal,83
2017-11-05,artigos de natal,100
2017-11-12,artigos de natal,71
2017-11-19,artigos de natal,90
2017-11-26,artigos de natal,85
2017-12-03,artigos de natal,86
2017-12-10,artigos de natal,46
2017-12-17,artigos de natal,63
2017-12-24,artigos de natal,30
2017-12-31,artigos de natal,0
2018-01-07,artigos de natal,0
2018-01-14,artigos de natal,17
2018-01-21,artigos de natal,0
2018-01-28,artigos de natal,0
2018-02-04,artigos de natal,0
2018-02-11,artigos de natal,0
2018-02-18,artigos de natal,0
2018-02-25,artigos de natal,0
2018-03-04,artigos de natal,0
2018-03-11,artigos de natal,0
2018-03-18,artigos de natal,0
2018-03-25,artigos de natal,0
2018-04-01,artigos de natal,0
2018-04-08,artigos de natal,0
2018-04-15,artigos de natal,0
2018-04-22,artigos de natal,0
2018-04-29,artigos de natal,0
2018-05-06,artigos de natal,22
2018-05-13,artigos de natal,0
2018-05-20,artigos de natal,21
2018-05-27,artigos de natal,0
2018-06-03,artigos de natal,0
2018-06-10,artigos de natal,0
2018-06-17,artigos de natal,0
2018-06-24,artigos de natal,0
2018-07-01,artigos de natal,0
2018-07-08,artigos de natal,0
2018-07-15,artigos de natal,0
2018-07-22,artigos de natal,0
2018-07-29,artigos de natal,0
2018-08-05,artigos de natal,0
2018-08-12,artigos de natal,0
2018-08-19,artigos de natal,0
2018-08-26,artigos de natal,25
2018-09-02,artigos de natal,25
2018-09-09,artigos de natal,17
2018-09-16,artigos de natal,0
2018-09-23,artigos de natal,31
2018-09-30,artigos de natal,26
2018-10-07,artigos de natal,0
2018-10-14,artigos de natal,39
2018-10-21,artigos de natal,59
2018-10-28,artigos de natal,59
2018-11-04,artigos de natal,92
2018-11-11,artigos de natal,95
2018-11-18,artigos de natal,78
2018-11-25,artigos de natal,71
2018-12-02,artigos de natal,63
2018-12-09,artigos de natal,46
2018-12-16,artigos de natal,38
2018-12-23,artigos de natal,0
2018-12-30,artigos de natal,0
2015-12-27,fashion roupa infanto juvenil,0
2016-01-03,fashion roupa infanto juvenil,0
2016-01-10,fashion roupa infanto juvenil,0
2016-01-17,fashion roupa infanto juvenil,0
2016-01-24,fashion roupa infanto juvenil,0
2016-01-31,fashion roupa infanto juvenil,0
2016-02-07,fashion roupa infanto juvenil,0
2016-02-14,fashion roupa infanto juvenil,0
2016-02-21,fashion roupa infanto juvenil,0
2016-02-28,fashion roupa infanto juvenil,0
2016-03-06,fashion roupa infanto juvenil,0
2016-03-13,fashion roupa infanto juvenil,0
2016-03-20,fashion roupa infanto juvenil,0
2016-03-27,fashion roupa infanto juvenil,0
2016-04-03,fashion roupa infanto juvenil,0
2016-04-10,fashion roupa infanto juvenil,0
2016-04-17,fashion roupa infanto juvenil,0
2016-04-24,fashion roupa infanto juvenil,0
2016-05-01,fashion roupa infanto juvenil,0
2016-05-08,fashion roupa infanto juvenil,0
2016-05-15,fashion roupa infanto juvenil,0
2016-05-22,fashion roupa infanto juvenil,0
2016-05-29,fashion roupa infanto juvenil,0
2016-06-05,fashion roupa infanto juvenil,0
2016-06-12,fashion roupa infanto juvenil,0
2016-06-19,fashion roupa infanto juvenil,0
2016-06-26,fashion roupa infanto juvenil,0
2016-07-03,fashion roupa infanto juvenil,0
2016-07-10,fashion roupa infanto juvenil,0
2016-07-17,fashion roupa infanto juvenil,0
2016-07-24,fashion roupa infanto juvenil,0
2016-07-31,fashion roupa infanto juvenil,0
2016-08-07,fashion roupa infanto juvenil,0
2016-08-14,fashion roupa infanto juvenil,0
2016-08-21,fashion roupa infanto juvenil,0
2016-08-28,fashion roupa infanto juvenil,0
2016-09-04,fashion roupa infanto juvenil,0
2016-09-11,fashion roupa infanto juvenil,0
2016-09-18,fashion roupa infanto juvenil,0
2016-09-25,fashion roupa infanto juvenil,0
2016-10-02,fashion roupa infanto juvenil,0
2016-10-09,fashion roupa infanto juvenil,0
2016-10-16,fashion roupa infanto juvenil,0
2016-10-23,fashion roupa infanto juvenil,0
2016-10-30,fashion roupa infanto juvenil,0
2016-11-06,fashion roupa infanto juvenil,0
2016-11-13,fashion roupa infanto juvenil,0
2016-11-20,fashion roupa infanto juvenil,0
2016-11-27,fashion roupa infanto juvenil,0
2016-12-04,fashion roupa infanto juvenil,0
2016-12-11,fashion roupa infanto juvenil,0
2016-12-18,fashion roupa infanto juvenil,0
2016-12-25,fashion roupa infanto juvenil,0
2017-01-01,fashion roupa infanto juvenil,0
2017-01-08,fashion roupa infanto juvenil,0
2017-01-15,fashion roupa infanto juvenil,0
2017-01-22,fashion roupa infanto juvenil,0
2017-01-29,fashion roupa infanto juvenil,0
2017-02-05,fashion roupa infanto juvenil,0
2017-02-12,fashion roupa infanto juvenil,0
2017-02-19,fashion roupa infanto juvenil,0
2017-02-26,fashion roupa infanto juvenil,0
2017-03-05,fashion roupa infanto juvenil,0
2017-03-12,fashion roupa infanto juvenil,0
2017-03-19,fashion roupa infanto juvenil,0
2017-03-26,fashion roupa infanto juvenil,0
2017-04-02,fashion roupa infanto juvenil,0
2017-04-09,fashion roupa infanto juvenil,0
2017-04-16,fashion roupa infanto juvenil,0
2017-04-23,fashion roupa infanto juvenil,0
2017-04-30,fashion roupa infanto juvenil,0
2017-05-07,fashion roupa infanto juvenil,0
2017-05-14,fashion roupa infanto juvenil,0
2017-05-21,fashion roupa infanto juvenil,0
2017-05-28,fashion roupa infanto juvenil,0
2017-06-04,fashion roupa infanto juvenil,0
2017-06-11,fashion roupa infanto juvenil,0
2017-06-18,fashion roupa infanto juvenil,0
2017-06-25,fashion roupa infanto juvenil,0
2017-07-02,fashion roupa infanto juvenil,0
2017-07-09,fashion roupa infanto juvenil,0
2017-07-16,fashion roupa infanto juvenil,0
2017-07-23,fashion roupa infanto juvenil,0
2017-07-30,fashion roupa infanto juvenil,0
2017-08-06,fashion roupa infanto juvenil,0
2017-08-13,fashion roupa infanto juvenil,0
2017-08-20,fashion roupa infanto juvenil,0
2017-08-27,fashion roupa infanto juvenil,0
2017-09-03,fashion roupa infanto juvenil,0
2017-09-10,fashion roupa infanto juvenil,0
2017-09-17,fashion roupa infanto juvenil,0
2017-09-24,fashion roupa infanto juvenil,0
2017-10-01,fashion roupa infanto juvenil,0
2017-10-08,fashion roupa infanto juvenil,0
2017-10-15,fashion roupa infanto juvenil,0
2017-10-22,fashion roupa infanto juvenil,0
2017-10-29,fashion roupa infanto juvenil,0
2017-11-05,fashion roupa infanto juvenil,0
2017-11-12,fashion roupa infanto juvenil,0
2017-11-19,fashion roupa infanto juvenil,0
2017-11-26,fashion roupa infanto juvenil,0
2017-12-03,fashion roupa infanto juvenil,0
2017-12-10,fashion roupa infanto juvenil,0
2017-12-17,fashion roupa infanto juvenil,0
2017-12-24,fashion roupa infanto juvenil,0
2017-12-31,fashion roupa infanto juvenil,0
2018-01-07,fashion roupa infanto juvenil,0
2018-01-14,fashion roupa infanto juvenil,0
2018-01-21,fashion roupa infanto juvenil,0
2018-01-28,fashion roupa infanto juvenil,0
2018-02-04,fashion roupa infanto juvenil,0
2018-02-11,fashion roupa infanto juvenil,0
2018-02-18,fashion roupa infanto juvenil,0
2018-02-25,fashion roupa infanto juvenil,0
2018-03-04,fashion roupa infanto juvenil,0
2018-03-11,fashion roupa infanto juvenil,0
2018-03-18,fashion roupa infanto juvenil,0
2018-03-25,fashion roupa infanto juvenil,0
2018-04-01,fashion roupa infanto juvenil,0
2018-04-08,fashion roupa infanto juvenil,0
2018-04-15,fashion roupa infanto juvenil,0
2018-04-22,fashion roupa infanto juvenil,0
2018-04-29,fashion roupa infanto juvenil,0
2018-05-06,fashion roupa infanto juvenil,0
2018-05-13,fashion roupa infanto juvenil,0
2018-05-20,fashion roupa infanto juvenil,0
2018-05-27,fashion roupa infanto juvenil,0
2018-06-03,fashion roupa infanto juvenil,0
2018-06-10,fashion roupa infanto juvenil,0
2018-06-17,fashion roupa infanto juvenil,0
2018-06-24,fashion roupa infanto juvenil,0
2018-07-01,fashion roupa infanto juvenil,0
2018-07-08,fashion roupa infanto juvenil,0
2018-07-15,fashion roupa infanto juvenil,0
2018-07-22,fashion roupa infanto juvenil,0
2018-07-29,fashion roupa infanto juvenil,0
2018-08-05,fashion roupa infanto juvenil,0
2018-08-12,fashion roupa infanto juvenil,0
2018-08-19,fashion roupa infanto juvenil,0
2018-08-26,fashion roupa infanto juvenil,0
2018-09-02,fashion roupa infanto juvenil,0
2018-09-09,fashion roupa infanto juvenil,0
2018-09-16,fashion roupa infanto juvenil,0
2018-09-23,fashion roupa infanto juvenil,0
2018-09-30,fashion roupa infanto juvenil,0
2018-10-07,fashion roupa infanto juvenil,0
2018-10-14,fashion roupa infanto juvenil,0
2018-10-21,fashion roupa infanto juvenil,0
2018-10-28,fashion roupa infanto juvenil,0
2018-11-04,fashion roupa infanto juvenil,0
2018-11-11,fashion roupa infanto juvenil,0
2018-11-18,fashion roupa infanto juvenil,0
2018-11-25,fashion roupa infanto juvenil,0
2018-12-02,fashion roupa infanto juvenil,0
2018-12-09,fashion roupa infanto juvenil,0
2018-12-16,fashion roupa infanto juvenil,0
2018-12-23,fashion roupa infanto juvenil,0
2018-12-30,fashion roupa infanto juvenil,0
2015-12-27,dvds blu ray,0
2016-01-03,dvds blu ray,0
2016-01-10,dvds blu ray,0
2016-01-17,dvds blu ray,0
2016-01-24,dvds blu ray,0
2016-01-31,dvds blu ray,0
2016-02-07,dvds blu ray,0
2016-02-14,dvds blu ray,0
2016-02-21,dvds blu ray,0
2016-02-28,dvds blu ray,0
2016-03-06,dvds blu ray,0
2016-03-13,dvds blu ray,0
2016-03-20,dvds blu ray,0
2016-03-27,dvds blu ray,0
2016-04-03,dvds blu ray,0
2016-04-10,dvds blu ray,0
2016-04-17,dvds blu ray,0
2016-04-24,dvds blu ray,0
2016-05-01,dvds blu ray,0
2016-05-08,dvds blu ray,0
2016-05-15,dvds blu ray,0
2016-05-22,dvds blu ray,0
2016-05-29,dvds blu ray,0
2016-06-05,dvds blu ray,0
2016-06-12,dvds blu ray,0
2016-06-19,dvds blu ray,1
2016-06-26,dvds blu ray,0
2016-07-03,dvds blu ray,0
2016-07-10,dvds blu ray,0
2016-07-17,dvds blu ray,0
2016-07-24,dvds blu ray,0
2016-07-31,dvds blu ray,0
2016-08-07,dvds blu ray,0
2016-08-14,dvds blu ray,0
2016-08-21,dvds blu ray,0
2016-08-28,dvds blu ray,0
2016-09-04,dvds blu ray,0
2016-09-11,dvds blu ray,0
2016-09-18,dvds blu ray,0
2016-09-25,dvds blu ray,0
2016-10-02,dvds blu ray,0
2016-10-09,dvds blu ray,0
2016-10-16,dvds blu ray,0
2016-10-23,dvds blu ray,0
2016-10-30,dvds blu ray,0
2016-11-06,dvds blu ray,0
2016-11-13,dvds blu ray,0
2016-11-20,dvds blu ray,0
2016-11-27,dvds blu ray,0
2016-12-04,dvds blu ray,0
2016-12-11,dvds blu ray,0
2016-12-18,dvds blu ray,0
2016-12-25,dvds blu ray,0
2017-01-01,dvds blu ray,0
2017-01-08,dvds blu ray,0
2017-01-15,dvds blu ray,0
2017-01-22,dvds blu ray,0
2017-01-29,dvds blu ray,0
2017-02-05,dvds blu ray,0
2017-02-12,dvds blu ray,0
2017-02-19,dvds blu ray,0
2017-02-26,dvds blu ray,0
2017-03-05,dvds blu ray,0
2017-03-12,dvds blu ray,0
2017-03-19,dvds blu ray,0
2017-03-26,dvds blu ray,0
2017-04-02,dvds blu ray,0
2017-04-09,dvds blu ray,0
2017-04-16,dvds blu ray,0
2017-04-23,dvds blu ray,0
2017-04-30,dvds blu ray,0
2017-05-07,dvds blu ray,0
2017-05-14,dvds blu ray,0
2017-05-21,dvds blu ray,0
2017-05-28,dvds blu ray,0
2017-06-04,dvds blu ray,0
2017-06-11,dvds blu ray,0
2017-06-18,dvds blu ray,0
2017-06-25,dvds blu ray,0
2017-07-02,dvds blu ray,0
2017-07-09,dvds blu ray,0
2017-07-16,dvds blu ray,0
2017-07-23,dvds blu ray,0
2017-07-30,dvds blu ray,0
2017-08-06,dvds blu ray,0
2017-08-13,dvds blu ray,0
2017-08-20,dvds blu ray,0
2017-08-27,dvds blu ray,0
2017-09-03,dvds blu ray,0
2017-09-10,dvds blu ray,0
2017-09-17,dvds blu ray,0
2017-09-24,dvds blu ray,0
2017-10-01,dvds blu ray,0
2017-10-08,dvds blu ray,0
2017-10-15,dvds blu ray,0
2017-10-22,dvds blu ray,0
2017-10-29,dvds blu ray,0
2017-11-05,dvds blu ray,0
2017-11-12,dvds blu ray,0
2017-11-19,dvds blu ray,0
2017-11-26,dvds blu ray,0
2017-12-03,dvds blu ray,0
2017-12-10,dvds blu ray,0
2017-12-17,dvds blu ray,0
2017-12-24,dvds blu ray,0
2017-12-31,dvds blu ray,0
2018-01-07,dvds blu ray,0
2018-01-14,dvds blu ray,0
2018-01-21,dvds blu ray,0
2018-01-28,dvds blu ray,0
2018-02-04,dvds blu ray,0
2018-02-11,dvds blu ray,0
2018-02-18,dvds blu ray,0
2018-02-25,dvds blu ray,0
2018-03-04,dvds blu ray,0
2018-03-11,dvds blu ray,0
2018-03-18,dvds blu ray,0
2018-03-25,dvds blu ray,0
2018-04-01,dvds blu ray,0
2018-04-08,dvds blu ray,0
2018-04-15,dvds blu ray,0
2018-04-22,dvds blu ray,0
2018-04-29,dvds blu ray,0
2018-05-06,dvds blu ray,0
2018-05-13,dvds blu ray,0
2018-05-20,dvds blu ray,0
2018-05-27,dvds blu ray,0
2018-06-03,dvds blu ray,0
2018-06-10,dvds blu ray,0
2018-06-17,dvds blu ray,0
2018-06-24,dvds blu ray,0
2018-07-01,dvds blu ray,0
2018-07-08,dvds blu ray,0
2018-07-15,dvds blu ray,0
2018-07-22,dvds blu ray,0
2018-07-29,dvds blu ray,0
2018-08-05,dvds blu ray,0
2018-08-12,dvds blu ray,0
2018-08-19,dvds blu ray,0
2018-08-26,dvds blu ray,0
2018-09-02,dvds blu ray,0
2018-09-09,dvds blu ray,0
2018-09-16,dvds blu ray,0
2018-09-23,dvds blu ray,0
2018-09-30,dvds blu ray,0
2018-10-07,dvds blu ray,0
2018-10-14,dvds blu ray,0
2018-10-21,dvds blu ray,0
2018-10-28,dvds blu ray,0
2018-11-04,dvds blu ray,0
2018-11-11,dvds blu ray,0
2018-11-18,dvds blu ray,0
2018-11-25,dvds blu ray,0
2018-12-02,dvds blu ray,0
2018-12-09,dvds blu ray,0
2018-12-16,dvds blu ray,0
2018-12-23,dvds blu ray,0
2018-12-30,dvds blu ray,0
2015-12-27,artes e artesanato,0
2016-01-03,artes e artesanato,0
2016-01-10,artes e artesanato,0
2016-01-17,artes e artesanato,1
2016-01-24,artes e artesanato,1
2016-01-31,artes e artesanato,1
2016-02-07,artes e artesanato,1
2016-02-14,artes e artesanato,1
2016-02-21,artes e artesanato,0
2016-02-28,artes e artesanato,1
2016-03-06,artes e artesanato,1
2016-03-13,artes e artesanato,0
2016-03-20,artes e artesanato,1
2016-03-27,artes e artesanato,0
2016-04-03,artes e artesanato,1
2016-04-10,artes e artesanato,0
2016-04-17,artes e artesanato,1
2016-04-24,artes e artesanato,0
2016-05-01,artes e artesanato,1
2016-05-08,artes e artesanato,1
2016-05-15,artes e artesanato,0
2016-05-22,artes e artesanato,1
2016-05-29,artes e artesanato,0
2016-06-05,artes e artesanato,0
2016-06-12,artes e artesanato,0
2016-06-19,artes e artesanato,0
2016-06-26,artes e artesanato,1
2016-07-03,artes e artesanato,0
2016-07-10,artes e artesanato,0
2016-07-17,artes e artesanato,0
2016-07-24,artes e artesanato,0
2016-07-31,artes e artesanato,0
2016-08-07,artes e artesanato,0
2016-08-14,artes e artesanato,0
2016-08-21,artes e artesanato,0
2016-08-28,artes e artesanato,1
2016-09-04,artes e artesanato,0
2016-09-11,artes e artesanato,0
2016-09-18,artes e artesanato,0
2016-09-25,artes e artesanato,1
2016-10-02,artes e artesanato,1
2016-10-09,artes e artesanato,0
2016-10-16,artes e artesanato,1
2016-10-23,artes e artesanato,0
2016-10-30,artes e artesanato,0
2016-11-06,artes e artesanato,0
2016-11-13,artes e artesanato,0
2016-11-20,artes e artesanato,1
2016-11-27,artes e artesanato,0
2016-12-04,artes e artesanato,0
2016-12-11,artes e artesanato,0
2016-12-18,artes e artesanato,0
2016-12-25,artes e artesanato,0
2017-01-01,artes e artesanato,0
2017-01-08,artes e artesanato,0
2017-01-15,artes e artesanato,1
2017-01-22,artes e artesanato,0
2017-01-29,artes e artesanato,0
2017-02-05,artes e artesanato,0
2017-02-12,artes e artesanato,1
2017-02-19,artes e artesanato,0
2017-02-26,artes e artesanato,0
2017-03-05,artes e artesanato,1
2017-03-12,artes e artesanato,0
2017-03-19,artes e artesanato,1
2017-03-26,artes e artesanato,1
2017-04-02,artes e artesanato,1
2017-04-09,artes e artesanato,0
2017-04-16,artes e artesanato,0
2017-04-23,artes e artesanato,1
2017-04-30,artes e artesanato,0
2017-05-07,artes e artesanato,1
2017-05-14,artes e artesanato,0
2017-05-21,artes e artesanato,1
2017-05-28,artes e artesanato,0
2017-06-04,artes e artesanato,0
2017-06-11,artes e artesanato,0
2017-06-18,artes e artesanato,0
2017-06-25,artes e artesanato,0
2017-07-02,artes e artesanato,1
2017-07-09,artes e artesanato,1
2017-07-16,artes e artesanato,0
2017-07-23,artes e artesanato,1
2017-07-30,artes e artesanato,0
2017-08-06,artes e artesanato,0
2017-08-13,artes e artesanato,0
2017-08-20,artes e artesanato,1
2017-08-27,artes e artesanato,0
2017-09-03,artes e artesanato,0
2017-09-10,artes e artesanato,1
2017-09-17,artes e artesanato,1
2017-09-24,artes e artesanato,0
2017-10-01,artes e artesanato,0
2017-10-08,artes e artesanato,0
2017-10-15,artes e artesanato,0
2017-10-22,artes e artesanato,0
2017-10-29,artes e artesanato,0
2017-11-05,artes e artesanato,0
2017-11-12,artes e artesanato,1
2017-11-19,artes e artesanato,0
2017-11-26,artes e artesanato,0
2017-12-03,artes e artesanato,0
2017-12-10,artes e artesanato,0
2017-12-17,artes e artesanato,0
2017-12-24,artes e artesanato,0
2017-12-31,artes e artesanato,0
2018-01-07,artes e artesanato,0
2018-01-14,artes e artesanato,0
2018-01-21,artes e artesanato,0
2018-01-28,artes e artesanato,0
2018-02-04,artes e artesanato,0
2018-02-11,artes e artesanato,1
2018-02-18,artes e artesanato,1
2018-02-25,artes e artesanato,1
2018-03-04,artes e artesanato,1
2018-03-11,artes e artesanato,0
2018-03-18,artes e artesanato,0
2018-03-25,artes e artesanato,0
2018-04-01,artes e artesanato,0
2018-04-08,artes e artesanato,1
2018-04-15,artes e artesanato,1
2018-04-22,artes e artesanato,0
2018-04-29,artes e artesanato,0
2018-05-06,artes e artesanato,0
2018-05-13,artes e artesanato,0
2018-05-20,artes e artesanato,0
2018-05-27,artes e artesanato,1
2018-06-03,artes e artesanato,0
2018-06-10,artes e artesanato,0
2018-06-17,artes e artesanato,0
2018-06-24,artes e artesanato,0
2018-07-01,artes e artesanato,0
2018-07-08,artes e artesanato,0
2018-07-15,artes e artesanato,0
2018-07-22,artes e artesanato,0
2018-07-29,artes e artesanato,0
2018-08-05,artes e artesanato,0
2018-08-12,artes e artesanato,0
2018-08-19,artes e artesanato,0
2018-08-26,artes e artesanato,0
2018-09-02,artes e artesanato,0
2018-09-09,artes e artesanato,0
2018-09-16,artes e artesanato,0
2018-09-23,artes e artesanato,0
2018-09-30,artes e artesanato,0
2018-10-07,artes e artesanato,0
2018-10-14,artes e artesanato,0
2018-10-21,artes e artesanato,0
2018-10-28,artes e artesanato,0
2018-11-04,artes e artesanato,0
2018-11-11,artes e artesanato,0
2018-11-18,artes e artesanato,0
2018-11-25,artes e artesanato,1
2018-12-02,artes e artesanato,0
2018-12-09,artes e artesanato,0
2018-12-16,artes e artesanato,0
2018-12-23,artes e artesanato,0
2018-12-30,artes e artesanato,0
2015-12-27,pc gamer,58
2016-01-03,pc gamer,53
2016-01-10,pc gamer,50
2016-01-17,pc gamer,55
2016-01-24,pc gamer,52
2016-01-31,pc gamer,50
2016-02-07,pc gamer,57
2016-02-14,pc gamer,45
2016-02-21,pc gamer,43
2016-02-28,pc gamer,45
2016-03-06,pc gamer,46
2016-03-13,pc gamer,46
2016-03-20,pc gamer,45
2016-03-27,pc gamer,44
2016-04-03,pc gamer,45
2016-04-10,pc gamer,43
2016-04-17,pc gamer,48
2016-04-24,pc gamer,39
2016-05-01,pc gamer,45
2016-05-08,pc gamer,47
2016-05-15,pc gamer,48
2016-05-22,pc gamer,52
2016-05-29,pc gamer,49
2016-06-05,pc gamer,47
2016-06-12,pc gamer,46
2016-06-19,pc gamer,50
2016-06-26,pc gamer,50
2016-07-03,pc gamer,52
2016-07-10,pc gamer,51
2016-07-17,pc gamer,51
2016-07-24,pc gamer,56
2016-07-31,pc gamer,48
2016-08-07,pc gamer,38
2016-08-14,pc gamer,38
2016-08-21,pc gamer,38
2016-08-28,pc gamer,44
2016-09-04,pc gamer,50
2016-09-11,pc gamer,48
2016-09-18,pc gamer,46
2016-09-25,pc gamer,49
2016-10-02,pc gamer,48
2016-10-09,pc gamer,53
2016-10-16,pc gamer,49
2016-10-23,pc gamer,50
2016-10-30,pc gamer,49
2016-11-06,pc gamer,49
2016-11-13,pc gamer,57
2016-11-20,pc gamer,71
2016-11-27,pc gamer,60
2016-12-04,pc gamer,61
2016-12-11,pc gamer,62
2016-12-18,pc gamer,65
2016-12-25,pc gamer,62
2017-01-01,pc gamer,60
2017-01-08,pc gamer,60
2017-01-15,pc gamer,57
2017-01-22,pc gamer,61
2017-01-29,pc gamer,61
2017-02-05,pc gamer,53
2017-02-12,pc gamer,53
2017-02-19,pc gamer,50
2017-02-26,pc gamer,60
2017-03-05,pc gamer,54
2017-03-12,pc gamer,53
2017-03-19,pc gamer,49
2017-03-26,pc gamer,51
2017-04-02,pc gamer,48
2017-04-09,pc gamer,50
2017-04-16,pc gamer,51
2017-04-23,pc gamer,48
2017-04-30,pc gamer,55
2017-05-07,pc gamer,47
2017-05-14,pc gamer,45
2017-05-21,pc gamer,43
2017-05-28,pc gamer,48
2017-06-04,pc gamer,46
2017-06-11,pc gamer,50
2017-06-18,pc gamer,49
2017-06-25,pc gamer,49
2017-07-02,pc gamer,52
2017-07-09,pc gamer,54
2017-07-16,pc gamer,55
2017-07-23,pc gamer,56
2017-07-30,pc gamer,56
2017-08-06,pc gamer,54
2017-08-13,pc gamer,53
2017-08-20,pc gamer,55
2017-08-27,pc gamer,54
2017-09-03,pc gamer,61
2017-09-10,pc gamer,54
2017-09-17,pc gamer,54
2017-09-24,pc gamer,58
2017-10-01,pc gamer,58
2017-10-08,pc gamer,63
2017-10-15,pc gamer,53
2017-10-22,pc gamer,55
2017-10-29,pc gamer,63
2017-11-05,pc gamer,61
2017-11-12,pc gamer,65
2017-11-19,pc gamer,87
2017-11-26,pc gamer,68
2017-12-03,pc gamer,65
2017-12-10,pc gamer,72
2017-12-17,pc gamer,68
2017-12-24,pc gamer,76
2017-12-31,pc gamer,74
2018-01-07,pc gamer,73
2018-01-14,pc gamer,72
2018-01-21,pc gamer,65
2018-01-28,pc gamer,71
2018-02-04,pc gamer,63
2018-02-11,pc gamer,69
2018-02-18,pc gamer,60
2018-02-25,pc gamer,65
2018-03-04,pc gamer,60
2018-03-11,pc gamer,62
2018-03-18,pc gamer,60
2018-03-25,pc gamer,62
2018-04-01,pc gamer,60
2018-04-08,pc gamer,56
2018-04-15,pc gamer,57
2018-04-22,pc gamer,57
2018-04-29,pc gamer,62
2018-05-06,pc gamer,62
2018-05-13,pc gamer,66
2018-05-20,pc gamer,62
2018-05-27,pc gamer,66
2018-06-03,pc gamer,64
2018-06-10,pc gamer,64
2018-06-17,pc gamer,58
2018-06-24,pc gamer,59
2018-07-01,pc gamer,66
2018-07-08,pc gamer,64
2018-07-15,pc gamer,69
2018-07-22,pc gamer,72
2018-07-29,pc gamer,64
2018-08-05,pc gamer,66
2018-08-12,pc gamer,67
2018-08-19,pc gamer,62
2018-08-26,pc gamer,60
2018-09-02,pc gamer,63
2018-09-09,pc gamer,59
2018-09-16,pc gamer,60
2018-09-23,pc gamer,58
2018-09-30,pc gamer,58
2018-10-07,pc gamer,52
2018-10-14,pc gamer,65
2018-10-21,pc gamer,59
2018-10-28,pc gamer,65
2018-11-04,pc gamer,67
2018-11-11,pc gamer,72
2018-11-18,pc gamer,100
2018-11-25,pc gamer,78
2018-12-02,pc gamer,74
2018-12-09,pc gamer,69
2018-12-16,pc gamer,74
2018-12-23,pc gamer,78
2018-12-30,pc gamer,73
2015-12-27,moveis quarto,26
2016-01-03,moveis quarto,28
2016-01-10,moveis quarto,29
2016-01-17,moveis quarto,33
2016-01-24,moveis quarto,29
2016-01-31,moveis quarto,28
2016-02-07,moveis quarto,31
2016-02-14,moveis quarto,27
2016-02-21,moveis quarto,27
2016-02-28,moveis quarto,27
2016-03-06,moveis quarto,24
2016-03-13,moveis quarto,25
2016-03-20,moveis quarto,27
2016-03-27,moveis quarto,25
2016-04-03,moveis quarto,26
2016-04-10,moveis quarto,26
2016-04-17,moveis quarto,25
2016-04-24,moveis quarto,27
2016-05-01,moveis quarto,25
2016-05-08,moveis quarto,25
2016-05-15,moveis quarto,27
2016-05-22,moveis quarto,30
2016-05-29,moveis quarto,25
2016-06-05,moveis quarto,25
2016-06-12,moveis quarto,23
2016-06-19,moveis quarto,28
2016-06-26,moveis quarto,29
2016-07-03,moveis quarto,27
2016-07-10,moveis quarto,27
2016-07-17,moveis quarto,28
2016-07-24,moveis quarto,28
2016-07-31,moveis quarto,26
2016-08-07,moveis quarto,22
2016-08-14,moveis quarto,24
2016-08-21,moveis quarto,24
2016-08-28,moveis quarto,25
2016-09-04,moveis quarto,26
2016-09-11,moveis quarto,24
2016-09-18,moveis quarto,25
2016-09-25,moveis quarto,25
2016-10-02,moveis quarto,24
2016-10-09,moveis quarto,26
2016-10-16,moveis quarto,26
2016-10-23,moveis quarto,26
2016-10-30,moveis quarto,27
2016-11-06,moveis quarto,23
2016-11-13,moveis quarto,26
2016-11-20,moveis quarto,26
2016-11-27,moveis quarto,23
2016-12-04,moveis quarto,22
2016-12-11,moveis quarto,25
2016-12-18,moveis quarto,20
2016-12-25,moveis quarto,20
2017-01-01,moveis quarto,26
2017-01-08,moveis quarto,29
2017-01-15,moveis quarto,29
2017-01-22,moveis quarto,27
2017-01-29,moveis quarto,25
2017-02-05,moveis quarto,23
2017-02-12,moveis quarto,25
2017-02-19,moveis quarto,24
2017-02-26,moveis quarto,29
2017-03-05,moveis quarto,24
2017-03-12,moveis quarto,26
2017-03-19,moveis quarto,26
2017-03-26,moveis quarto,26
2017-04-02,moveis quarto,20
2017-04-09,moveis quarto,23
2017-04-16,moveis quarto,24
2017-04-23,moveis quarto,23
2017-04-30,moveis quarto,24
2017-05-07,moveis quarto,20
2017-05-14,moveis quarto,23
2017-05-21,moveis quarto,26
2017-05-28,moveis quarto,23
2017-06-04,moveis quarto,23
2017-06-11,moveis quarto,21
2017-06-18,moveis quarto,22
2017-06-25,moveis quarto,25
2017-07-02,moveis quarto,22
2017-07-09,moveis quarto,23
2017-07-16,moveis quarto,24
2017-07-23,moveis quarto,26
2017-07-30,moveis quarto,24
2017-08-06,moveis quarto,23
2017-08-13,moveis quarto,22
2017-08-20,moveis quarto,24
2017-08-27,moveis quarto,22
2017-09-03,moveis quarto,24
2017-09-10,moveis quarto,21
2017-09-17,moveis quarto,20
2017-09-24,moveis quarto,22
2017-10-01,moveis quarto,22
2017-10-08,moveis quarto,23
2017-10-15,moveis quarto,23
2017-10-22,moveis quarto,23
2017-10-29,moveis quarto,26
2017-11-05,moveis quarto,23
2017-11-12,moveis quarto,23
2017-11-19,moveis quarto,24
2017-11-26,moveis quarto,20
2017-12-03,moveis quarto,22
2017-12-10,moveis quarto,20
2017-12-17,moveis quarto,17
2017-12-24,moveis quarto,19
2017-12-31,moveis quarto,26
2018-01-07,moveis quarto,27
2018-01-14,moveis quarto,26
2018-01-21,moveis quarto,26
2018-01-28,moveis quarto,25
2018-02-04,moveis quarto,22
2018-02-11,moveis quarto,25
2018-02-18,moveis quarto,23
2018-02-25,moveis quarto,21
2018-03-04,moveis quarto,22
2018-03-11,moveis quarto,20
2018-03-18,moveis quarto,21
2018-03-25,moveis quarto,21
2018-04-01,moveis quarto,21
2018-04-08,moveis quarto,20
2018-04-15,moveis quarto,19
2018-04-22,moveis quarto,22
2018-04-29,moveis quarto,24
2018-05-06,moveis quarto,19
2018-05-13,moveis quarto,22
2018-05-20,moveis quarto,20
2018-05-27,moveis quarto,21
2018-06-03,moveis quarto,19
2018-06-10,moveis quarto,19
2018-06-17,moveis quarto,19
2018-06-24,moveis quarto,19
2018-07-01,moveis quarto,19
2018-07-08,moveis quarto,23
2018-07-15,moveis quarto,23
2018-07-22,moveis quarto,23
2018-07-29,moveis quarto,22
2018-08-05,moveis quarto,19
2018-08-12,moveis quarto,22
2018-08-19,moveis quarto,21
2018-08-26,moveis quarto,22
2018-09-02,moveis quarto,18
2018-09-09,moveis quarto,19
2018-09-16,moveis quarto,18
2018-09-23,moveis quarto,20
2018-09-30,moveis quarto,18
2018-10-07,moveis quarto,16
2018-10-14,moveis quarto,19
2018-10-21,moveis quarto,20
2018-10-28,moveis quarto,21
2018-11-04,moveis quarto,19
2018-11-11,moveis quarto,19
2018-11-18,moveis quarto,22
2018-11-25,moveis quarto,18
2018-12-02,moveis quarto,17
2018-12-09,moveis quarto,16
2018-12-16,moveis quarto,13
2018-12-23,moveis quarto,16
2018-12-30,moveis quarto,18
2015-12-27,cine foto,0
2016-01-03,cine foto,0
2016-01-10,cine foto,0
2016-01-17,cine foto,0
2016-01-24,cine foto,0
2016-01-31,cine foto,0
2016-02-07,cine foto,0
2016-02-14,cine foto,0
2016-02-21,cine foto,0
2016-02-28,cine foto,0
2016-03-06,cine foto,0
2016-03-13,cine foto,0
2016-03-20,cine foto,0
2016-03-27,cine foto,0
2016-04-03,cine foto,0
2016-04-10,cine foto,0
2016-04-17,cine foto,0
2016-04-24,cine foto,0
2016-05-01,cine foto,0
2016-05-08,cine foto,0
2016-05-15,cine foto,0
2016-05-22,cine foto,0
2016-05-29,cine foto,0
2016-06-05,cine foto,0
2016-06-12,cine foto,0
2016-06-19,cine foto,0
2016-06-26,cine foto,0
2016-07-03,cine foto,0
2016-07-10,cine foto,0
2016-07-17,cine foto,0
2016-07-24,cine foto,0
2016-07-31,cine foto,0
2016-08-07,cine foto,0
2016-08-14,cine foto,0
2016-08-21,cine foto,0
2016-08-28,cine foto,0
2016-09-04,cine foto,0
2016-09-11,cine foto,0
2016-09-18,cine foto,0
2016-09-25,cine foto,0
2016-10-02,cine foto,0
2016-10-09,cine foto,0
2016-10-16,cine foto,0
2016-10-23,cine foto,0
2016-10-30,cine foto,0
2016-11-06,cine foto,0
2016-11-13,cine foto,0
2016-11-20,cine foto,0
2016-11-27,cine foto,0
2016-12-04,cine foto,0
2016-12-11,cine foto,0
2016-12-18,cine foto,0
2016-12-25,cine foto,0
2017-01-01,cine foto,0
2017-01-08,cine foto,0
2017-01-15,cine foto,0
2017-01-22,cine foto,0
2017-01-29,cine foto,0
2017-02-05,cine foto,0
2017-02-12,cine foto,0
2017-02-19,cine foto,0
2017-02-26,cine foto,0
2017-03-05,cine foto,0
2017-03-12,cine foto,0
2017-03-19,cine foto,0
2017-03-26,cine foto,0
2017-04-02,cine foto,0
2017-04-09,cine foto,0
2017-04-16,cine foto,0
2017-04-23,cine foto,0
2017-04-30,cine foto,0
2017-05-07,cine foto,0
2017-05-14,cine foto,0
2017-05-21,cine foto,0
2017-05-28,cine foto,0
2017-06-04,cine foto,0
2017-06-11,cine foto,0
2017-06-18,cine foto,0
2017-06-25,cine foto,0
2017-07-02,cine foto,0
2017-07-09,cine foto,0
2017-07-16,cine foto,0
2017-07-23,cine foto,0
2017-07-30,cine foto,0
2017-08-06,cine foto,0
2017-08-13,cine foto,0
2017-08-20,cine foto,0
2017-08-27,cine foto,0
2017-09-03,cine foto,0
2017-09-10,cine foto,0
2017-09-17,cine foto,0
2017-09-24,cine foto,0
2017-10-01,cine foto,0
2017-10-08,cine foto,0
2017-10-15,cine foto,0
2017-10-22,cine foto,0
2017-10-29,cine foto,0
2017-11-05,cine foto,0
2017-11-12,cine foto,0
2017-11-19,cine foto,0
2017-11-26,cine foto,0
2017-12-03,cine foto,0
2017-12-10,cine foto,0
2017-12-17,cine foto,0
2017-12-24,cine foto,0
2017-12-31,cine foto,0
2018-01-07,cine foto,0
2018-01-14,cine foto,0
2018-01-21,cine foto,0
2018-01-28,cine foto,0
2018-02-04,cine foto,0
2018-02-11,cine foto,0
2018-02-18,cine foto,0
2018-02-25,cine foto,0
2018-03-04,cine foto,0
2018-03-11,cine foto,0
2018-03-18,cine foto,0
2018-03-25,cine foto,0
2018-04-01,cine foto,0
2018-04-08,cine foto,0
2018-04-15,cine foto,0
2018-04-22,cine foto,0
2018-04-29,cine foto,0
2018-05-06,cine foto,0
2018-05-13,cine foto,0
2018-05-20,cine foto,0
2018-05-27,cine foto,0
2018-06-03,cine foto,0
2018-06-10,cine foto,0
2018-06-17,cine foto,0
2018-06-24,cine foto,0
2018-07-01,cine foto,0
2018-07-08,cine foto,0
2018-07-15,cine foto,0
2018-07-22,cine foto,0
2018-07-29,cine foto,0
2018-08-05,cine foto,0
2018-08-12,cine foto,0
2018-08-19,cine foto,0
2018-08-26,cine foto,0
2018-09-02,cine foto,0
2018-09-09,cine foto,0
2018-09-16,cine foto,0
2018-09-23,cine foto,0
2018-09-30,cine foto,0
2018-10-07,cine foto,0
2018-10-14,cine foto,0
2018-10-21,cine foto,0
2018-10-28,cine foto,0
2018-11-04,cine foto,0
2018-11-11,cine foto,0
2018-11-18,cine foto,0
2018-11-25,cine foto,0
2018-12-02,cine foto,0
2018-12-09,cine foto,0
2018-12-16,cine foto,0
2018-12-23,cine foto,0
2018-12-30,cine foto,0
2015-12-27,fraldas higiene,0
2016-01-03,fraldas higiene,0
2016-01-10,fraldas higiene,0
2016-01-17,fraldas higiene,0
2016-01-24,fraldas higiene,0
2016-01-31,fraldas higiene,0
2016-02-07,fraldas higiene,0
2016-02-14,fraldas higiene,0
2016-02-21,fraldas higiene,0
2016-02-28,fraldas higiene,0
2016-03-06,fraldas higiene,0
2016-03-13,fraldas higiene,0
2016-03-20,fraldas higiene,0
2016-03-27,fraldas higiene,0
2016-04-03,fraldas higiene,0
2016-04-10,fraldas higiene,0
2016-04-17,fraldas higiene,0
2016-04-24,fraldas higiene,0
2016-05-01,fraldas higiene,0
2016-05-08,fraldas higiene,0
2016-05-15,fraldas higiene,0
2016-05-22,fraldas higiene,0
2016-05-29,fraldas higiene,0
2016-06-05,fraldas higiene,0
2016-06-12,fraldas higiene,0
2016-06-19,fraldas higiene,0
2016-06-26,fraldas higiene,0
2016-07-03,fraldas higiene,0
2016-07-10,fraldas higiene,0
2016-07-17,fraldas higiene,0
2016-07-24,fraldas higiene,0
2016-07-31,fraldas higiene,0
2016-08-07,fraldas higiene,0
2016-08-14,fraldas higiene,0
2016-08-21,fraldas higiene,0
2016-08-28,fraldas higiene,0
2016-09-04,fraldas higiene,0
2016-09-11,fraldas higiene,0
2016-09-18,fraldas higiene,0
2016-09-25,fraldas higiene,0
2016-10-02,fraldas higiene,0
2016-10-09,fraldas higiene,0
2016-10-16,fraldas higiene,0
2016-10-23,fraldas higiene,0
2016-10-30,fraldas higiene,0
2016-11-06,fraldas higiene,0
2016-11-13,fraldas higiene,0
2016-11-20,fraldas higiene,0
2016-11-27,fraldas higiene,0
2016-12-04,fraldas higiene,0
2016-12-11,fraldas higiene,0
2016-12-18,fraldas higiene,0
2016-12-25,fraldas higiene,0
2017-01-01,fraldas higiene,0
2017-01-08,fraldas higiene,0
2017-01-15,fraldas higiene,0
2017-01-22,fraldas higiene,0
2017-01-29,fraldas higiene,0
2017-02-05,fraldas higiene,0
2017-02-12,fraldas higiene,0
2017-02-19,fraldas higiene,0
2017-02-26,fraldas higiene,0
2017-03-05,fraldas higiene,0
2017-03-12,fraldas higiene,0
2017-03-19,fraldas higiene,0
2017-03-26,fraldas higiene,0
2017-04-02,fraldas higiene,0
2017-04-09,fraldas higiene,0
2017-04-16,fraldas higiene,0
2017-04-23,fraldas higiene,0
2017-04-30,fraldas higiene,0
2017-05-07,fraldas higiene,0
2017-05-14,fraldas higiene,0
2017-05-21,fraldas higiene,0
2017-05-28,fraldas higiene,0
2017-06-04,fraldas higiene,0
2017-06-11,fraldas higiene,0
2017-06-18,fraldas higiene,0
2017-06-25,fraldas higiene,0
2017-07-02,fraldas higiene,0
2017-07-09,fraldas higiene,0
2017-07-16,fraldas higiene,0
2017-07-23,fraldas higiene,0
2017-07-30,fraldas higiene,0
2017-08-06,fraldas higiene,0
2017-08-13,fraldas higiene,0
2017-08-20,fraldas higiene,0
2017-08-27,fraldas higiene,0
2017-09-03,fraldas higiene,0
2017-09-10,fraldas higiene,0
2017-09-17,fraldas higiene,0
2017-09-24,fraldas higiene,0
2017-10-01,fraldas higiene,0
2017-10-08,fraldas higiene,0
2017-10-15,fraldas higiene,0
2017-10-22,fraldas higiene,0
2017-10-29,fraldas higiene,0
2017-11-05,fraldas higiene,0
2017-11-12,fraldas higiene,0
2017-11-19,fraldas higiene,0
2017-11-26,fraldas higiene,0
2017-12-03,fraldas higiene,0
2017-12-10,fraldas higiene,0
2017-12-17,fraldas higiene,0
2017-12-24,fraldas higiene,0
2017-12-31,fraldas higiene,0
2018-01-07,fraldas higiene,0
2018-01-14,fraldas higiene,0
2018-01-21,fraldas higiene,0
2018-01-28,fraldas higiene,0
2018-02-04,fraldas higiene,0
2018-02-11,fraldas higiene,0
2018-02-18,fraldas higiene,0
2018-02-25,fraldas higiene,0
2018-03-04,fraldas higiene,0
2018-03-11,fraldas higiene,0
2018-03-18,fraldas higiene,0
2018-03-25,fraldas higiene,0
2018-04-01,fraldas higiene,0
2018-04-08,fraldas higiene,0
2018-04-15,fraldas higiene,0
2018-04-22,fraldas higiene,0
2018-04-29,fraldas higiene,0
2018-05-06,fraldas higiene,0
2018-05-13,fraldas higiene,0
2018-05-20,fraldas higiene,0
2018-05-27,fraldas higiene,0
2018-06-03,fraldas higiene,0
2018-06-10,fraldas higiene,0
2018-06-17,fraldas higiene,0
2018-06-24,fraldas higiene,0
2018-07-01,fraldas higiene,0
2018-07-08,fraldas higiene,0
2018-07-15,fraldas higiene,0
2018-07-22,fraldas higiene,0
2018-07-29,fraldas higiene,0
2018-08-05,fraldas higiene,0
2018-08-12,fraldas higiene,0
2018-08-19,fraldas higiene,0
2018-08-26,fraldas higiene,0
2018-09-02,fraldas higiene,0
2018-09-09,fraldas higiene,0
2018-09-16,fraldas higiene,0
2018-09-23,fraldas higiene,0
2018-09-30,fraldas higiene,0
2018-10-07,fraldas higiene,0
2018-10-14,fraldas higiene,0
2018-10-21,fraldas higiene,0
2018-10-28,fraldas higiene,0
2018-11-04,fraldas higiene,0
2018-11-11,fraldas higiene,0
2018-11-18,fraldas higiene,0
2018-11-25,fraldas higiene,0
2018-12-02,fraldas higiene,0
2018-12-09,fraldas higiene,0
2018-12-16,fraldas higiene,0
2018-12-23,fraldas higiene,0
2018-12-30,fraldas higiene,0
2015-12-27,flores,68
2016-01-03,flores,68
2016-01-10,flores,69
2016-01-17,flores,72
2016-01-24,flores,74
2016-01-31,flores,73
2016-02-07,flores,69
2016-02-14,flores,74
2016-02-21,flores,70
2016-02-28,flores,77
2016-03-06,flores,92
2016-03-13,flores,72
2016-03-20,flores,70
2016-03-27,flores,74
2016-04-03,flores,75
2016-04-10,flores,75
2016-04-17,flores,79
2016-04-24,flores,83
2016-05-01,flores,94
2016-05-08,flores,82
2016-05-15,flores,83
2016-05-22,flores,78
2016-05-29,flores,78
2016-06-05,flores,75
2016-06-12,flores,73
2016-06-19,flores,74
2016-06-26,flores,71
2016-07-03,flores,71
2016-07-10,flores,70
2016-07-17,flores,76
2016-07-24,flores,75
2016-07-31,flores,71
2016-08-07,flores,68
2016-08-14,flores,70
2016-08-21,flores,77
2016-08-28,flores,85
2016-09-04,flores,85
2016-09-11,flores,83
2016-09-18,flores,91
2016-09-25,flores,88
2016-10-02,flores,79
2016-10-09,flores,79
2016-10-16,flores,79
2016-10-23,flores,77
2016-10-30,flores,79
2016-11-06,flores,79
2016-11-13,flores,77
2016-11-20,flores,76
2016-11-27,flores,70
2016-12-04,flores,74
2016-12-11,flores,71
2016-12-18,flores,65
2016-12-25,flores,64
2017-01-01,flores,63
2017-01-08,flores,72
2017-01-15,flores,71
2017-01-22,flores,77
2017-01-29,flores,71
2017-02-05,flores,74
2017-02-12,flores,69
2017-02-19,flores,72
2017-02-26,flores,74
2017-03-05,flores,100
2017-03-12,flores,75
2017-03-19,flores,76
2017-03-26,flores,77
2017-04-02,flores,74
2017-04-09,flores,68
2017-04-16,flores,76
2017-04-23,flores,80
2017-04-30,flores,87
2017-05-07,flores,95
2017-05-14,flores,84
2017-05-21,flores,77
2017-05-28,flores,80
2017-06-04,flores,79
2017-06-11,flores,87
2017-06-18,flores,68
2017-06-25,flores,70
2017-07-02,flores,70
2017-07-09,flores,70
2017-07-16,flores,69
2017-07-23,flores,73
2017-07-30,flores,71
2017-08-06,flores,73
2017-08-13,flores,73
2017-08-20,flores,76
2017-08-27,flores,79
2017-09-03,flores,82
2017-09-10,flores,81
2017-09-17,flores,93
2017-09-24,flores,91
2017-10-01,flores,84
2017-10-08,flores,84
2017-10-15,flores,77
2017-10-22,flores,83
2017-10-29,flores,83
2017-11-05,flores,82
2017-11-12,flores,79
2017-11-19,flores,72
2017-11-26,flores,73
2017-12-03,flores,73
2017-12-10,flores,67
2017-12-17,flores,65
2017-12-24,flores,64
2017-12-31,flores,64
2018-01-07,flores,75
2018-01-14,flores,72
2018-01-21,flores,71
2018-01-28,flores,73
2018-02-04,flores,68
2018-02-11,flores,70
2018-02-18,flores,74
2018-02-25,flores,77
2018-03-04,flores,99
2018-03-11,flores,76
2018-03-18,flores,72
2018-03-25,flores,70
2018-04-01,flores,73
2018-04-08,flores,68
2018-04-15,flores,74
2018-04-22,flores,82
2018-04-29,flores,85
2018-05-06,flores,99
2018-05-13,flores,80
2018-05-20,flores,67
2018-05-27,flores,73
2018-06-03,flores,75
2018-06-10,flores,86
2018-06-17,flores,72
2018-06-24,flores,69
2018-07-01,flores,68
2018-07-08,flores,72
2018-07-15,flores,73
2018-07-22,flores,68
2018-07-29,flores,70
2018-08-05,flores,71
2018-08-12,flores,73
2018-08-19,flores,76
2018-08-26,flores,75
2018-09-02,flores,79
2018-09-09,flores,78
2018-09-16,flores,85
2018-09-23,flores,84
2018-09-30,flores,74
2018-10-07,flores,71
2018-10-14,flores,75
2018-10-21,flores,71
2018-10-28,flores,74
2018-11-04,flores,72
2018-11-11,flores,75
2018-11-18,flores,74
2018-11-25,flores,73
2018-12-02,flores,69
2018-12-09,flores,73
2018-12-16,flores,63
2018-12-23,flores,63
2018-12-30,flores,60
2015-12-27,casa conforto 2,0
2016-01-03,casa conforto 2,0
2016-01-10,casa conforto 2,0
2016-01-17,casa conforto 2,0
2016-01-24,casa conforto 2,0
2016-01-31,casa conforto 2,0
2016-02-07,casa conforto 2,0
2016-02-14,casa conforto 2,0
2016-02-21,casa conforto 2,0
2016-02-28,casa conforto 2,0
2016-03-06,casa conforto 2,0
2016-03-13,casa conforto 2,0
2016-03-20,casa conforto 2,0
2016-03-27,casa conforto 2,0
2016-04-03,casa conforto 2,0
2016-04-10,casa conforto 2,0
2016-04-17,casa conforto 2,0
2016-04-24,casa conforto 2,0
2016-05-01,casa conforto 2,0
2016-05-08,casa conforto 2,0
2016-05-15,casa conforto 2,0
2016-05-22,casa conforto 2,0
2016-05-29,casa conforto 2,0
2016-06-05,casa conforto 2,0
2016-06-12,casa conforto 2,0
2016-06-19,casa conforto 2,0
2016-06-26,casa conforto 2,0
2016-07-03,casa conforto 2,0
2016-07-10,casa conforto 2,0
2016-07-17,casa conforto 2,0
2016-07-24,casa conforto 2,0
2016-07-31,casa conforto 2,0
2016-08-07,casa conforto 2,0
2016-08-14,casa conforto 2,0
2016-08-21,casa conforto 2,0
2016-08-28,casa conforto 2,0
2016-09-04,casa conforto 2,0
2016-09-11,casa conforto 2,0
2016-09-18,casa conforto 2,0
2016-09-25,casa conforto 2,0
2016-10-02,casa conforto 2,0
2016-10-09,casa conforto 2,0
2016-10-16,casa conforto 2,0
2016-10-23,casa conforto 2,0
2016-10-30,casa conforto 2,0
2016-11-06,casa conforto 2,0
2016-11-13,casa conforto 2,0
2016-11-20,casa conforto 2,0
2016-11-27,casa conforto 2,0
2016-12-04,casa conforto 2,0
2016-12-11,casa conforto 2,0
2016-12-18,casa conforto 2,0
2016-12-25,casa conforto 2,0
2017-01-01,casa conforto 2,0
2017-01-08,casa conforto 2,0
2017-01-15,casa conforto 2,0
2017-01-22,casa conforto 2,0
2017-01-29,casa conforto 2,0
2017-02-05,casa conforto 2,0
2017-02-12,casa conforto 2,0
2017-02-19,casa conforto 2,0
2017-02-26,casa conforto 2,0
2017-03-05,casa conforto 2,0
2017-03-12,casa conforto 2,0
2017-03-19,casa conforto 2,0
2017-03-26,casa conforto 2,0
2017-04-02,casa conforto 2,0
2017-04-09,casa conforto 2,0
2017-04-16,casa conforto 2,0
2017-04-23,casa conforto 2,0
2017-04-30,casa conforto 2,0
2017-05-07,casa conforto 2,0
2017-05-14,casa conforto 2,0
2017-05-21,casa conforto 2,0
2017-05-28,casa conforto 2,0
2017-06-04,casa conforto 2,0
2017-06-11,casa conforto 2,0
2017-06-18,casa conforto 2,0
2017-06-25,casa conforto 2,0
2017-07-02,casa conforto 2,0
2017-07-09,casa conforto 2,0
2017-07-16,casa conforto 2,0
2017-07-23,casa conforto 2,0
2017-07-30,casa conforto 2,0
2017-08-06,casa conforto 2,0
2017-08-13,casa conforto 2,0
2017-08-20,casa conforto 2,0
2017-08-27,casa conforto 2,0
2017-09-03,casa conforto 2,0
2017-09-10,casa conforto 2,0
2017-09-17,casa conforto 2,0
2017-09-24,casa conforto 2,0
2017-10-01,casa conforto 2,0
2017-10-08,casa conforto 2,0
2017-10-15,casa conforto 2,0
2017-10-22,casa conforto 2,0
2017-10-29,casa conforto 2,0
2017-11-05,casa conforto 2,0
2017-11-12,casa conforto 2,0
2017-11-19,casa conforto 2,0
2017-11-26,casa conforto 2,0
2017-12-03,casa conforto 2,0
2017-12-10,casa conforto 2,0
2017-12-17,casa conforto 2,0
2017-12-24,casa conforto 2,0
2017-12-31,casa conforto 2,0
2018-01-07,casa conforto 2,0
2018-01-14,casa conforto 2,0
2018-01-21,casa conforto 2,0
2018-01-28,casa conforto 2,0
2018-02-04,casa conforto 2,0
2018-02-11,casa conforto 2,0
2018-02-18,casa conforto 2,0
2018-02-25,casa conforto 2,0
2018-03-04,casa conforto 2,0
2018-03-11,casa conforto 2,0
2018-03-18,casa conforto 2,0
2018-03-25,casa conforto 2,0
2018-04-01,casa conforto 2,0
2018-04-08,casa conforto 2,0
2018-04-15,casa conforto 2,0
2018-04-22,casa conforto 2,0
2018-04-29,casa conforto 2,0
2018-05-06,casa conforto 2,0
2018-05-13,casa conforto 2,0
2018-05-20,casa conforto 2,0
2018-05-27,casa conforto 2,0
2018-06-03,casa conforto 2,0
2018-06-10,casa conforto 2,0
2018-06-17,casa conforto 2,0
2018-06-24,casa conforto 2,0
2018-07-01,casa conforto 2,0
2018-07-08,casa conforto 2,0
2018-07-15,casa conforto 2,0
2018-07-22,casa conforto 2,0
2018-07-29,casa conforto 2,0
2018-08-05,casa conforto 2,0
2018-08-12,casa conforto 2,0
2018-08-19,casa conforto 2,0
2018-08-26,casa conforto 2,0
2018-09-02,casa conforto 2,0
2018-09-09,casa conforto 2,0
2018-09-16,casa conforto 2,0
2018-09-23,casa conforto 2,0
2018-09-30,casa conforto 2,0
2018-10-07,casa conforto 2,0
2018-10-14,casa conforto 2,0
2018-10-21,casa conforto 2,0
2018-10-28,casa conforto 2,0
2018-11-04,casa conforto 2,0
2018-11-11,casa conforto 2,0
2018-11-18,casa conforto 2,0
2018-11-25,casa conforto 2,0
2018-12-02,casa conforto 2,0
2018-12-09,casa conforto 2,0
2018-12-16,casa conforto 2,0
2018-12-23,casa conforto 2,0
2018-12-30,casa conforto 2,0
2015-12-27,portateis cozinha e preparadores de alimentos,0
2016-01-03,portateis cozinha e preparadores de alimentos,0
2016-01-10,portateis cozinha e preparadores de alimentos,0
2016-01-17,portateis cozinha e preparadores de alimentos,0
2016-01-24,portateis cozinha e preparadores de alimentos,0
2016-01-31,portateis cozinha e preparadores de alimentos,0
2016-02-07,portateis cozinha e preparadores de alimentos,0
2016-02-14,portateis cozinha e preparadores de alimentos,0
2016-02-21,portateis cozinha e preparadores de alimentos,0
2016-02-28,portateis cozinha e preparadores de alimentos,0
2016-03-06,portateis cozinha e preparadores de alimentos,0
2016-03-13,portateis cozinha e preparadores de alimentos,0
2016-03-20,portateis cozinha e preparadores de alimentos,0
2016-03-27,portateis cozinha e preparadores de alimentos,0
2016-04-03,portateis cozinha e preparadores de alimentos,0
2016-04-10,portateis cozinha e preparadores de alimentos,0
2016-04-17,portateis cozinha e preparadores de alimentos,0
2016-04-24,portateis cozinha e preparadores de alimentos,0
2016-05-01,portateis cozinha e preparadores de alimentos,0
2016-05-08,portateis cozinha e preparadores de alimentos,0
2016-05-15,portateis cozinha e preparadores de alimentos,0
2016-05-22,portateis cozinha e preparadores de alimentos,0
2016-05-29,portateis cozinha e preparadores de alimentos,0
2016-06-05,portateis cozinha e preparadores de alimentos,0
2016-06-12,portateis cozinha e preparadores de alimentos,0
2016-06-19,portateis cozinha e preparadores de alimentos,0
2016-06-26,portateis cozinha e preparadores de alimentos,0
2016-07-03,portateis cozinha e preparadores de alimentos,0
2016-07-10,portateis cozinha e preparadores de alimentos,0
2016-07-17,portateis cozinha e preparadores de alimentos,0
2016-07-24,portateis cozinha e preparadores de alimentos,0
2016-07-31,portateis cozinha e preparadores de alimentos,0
2016-08-07,portateis cozinha e preparadores de alimentos,0
2016-08-14,portateis cozinha e preparadores de alimentos,0
2016-08-21,portateis cozinha e preparadores de alimentos,0
2016-08-28,portateis cozinha e preparadores de alimentos,0
2016-09-04,portateis cozinha e preparadores de alimentos,0
2016-09-11,portateis cozinha e preparadores de alimentos,0
2016-09-18,portateis cozinha e preparadores de alimentos,0
2016-09-25,portateis cozinha e preparadores de alimentos,0
2016-10-02,portateis cozinha e preparadores de alimentos,0
2016-10-09,portateis cozinha e preparadores de alimentos,0
2016-10-16,portateis cozinha e preparadores de alimentos,0
2016-10-23,portateis cozinha e preparadores de alimentos,0
2016-10-30,portateis cozinha e preparadores de alimentos,0
2016-11-06,portateis cozinha e preparadores de alimentos,0
2016-11-13,portateis cozinha e preparadores de alimentos,0
2016-11-20,portateis cozinha e preparadores de alimentos,0
2016-11-27,portateis cozinha e preparadores de alimentos,0
2016-12-04,portateis cozinha e preparadores de alimentos,0
2016-12-11,portateis cozinha e preparadores de alimentos,0
2016-12-18,portateis cozinha e preparadores de alimentos,0
2016-12-25,portateis cozinha e preparadores de alimentos,0
2017-01-01,portateis cozinha e preparadores de alimentos,0
2017-01-08,portateis cozinha e preparadores de alimentos,0
2017-01-15,portateis cozinha e preparadores de alimentos,0
2017-01-22,portateis cozinha e preparadores de alimentos,0
2017-01-29,portateis cozinha e preparadores de alimentos,0
2017-02-05,portateis cozinha e preparadores de alimentos,0
2017-02-12,portateis cozinha e preparadores de alimentos,0
2017-02-19,portateis cozinha e preparadores de alimentos,0
2017-02-26,portateis cozinha e preparadores de alimentos,0
2017-03-05,portateis cozinha e preparadores de alimentos,0
2017-03-12,portateis cozinha e preparadores de alimentos,0
2017-03-19,portateis cozinha e preparadores de alimentos,0
2017-03-26,portateis cozinha e preparadores de alimentos,0
2017-04-02,portateis cozinha e preparadores de alimentos,0
2017-04-09,portateis cozinha e preparadores de alimentos,0
2017-04-16,portateis cozinha e preparadores de alimentos,0
2017-04-23,portateis cozinha e preparadores de alimentos,0
2017-04-30,portateis cozinha e preparadores de alimentos,0
2017-05-07,portateis cozinha e preparadores de alimentos,0
2017-05-14,portateis cozinha e preparadores de alimentos,0
2017-05-21,portateis cozinha e preparadores de alimentos,0
2017-05-28,portateis cozinha e preparadores de alimentos,0
2017-06-04,portateis cozinha e preparadores de alimentos,0
2017-06-11,portateis cozinha e preparadores de alimentos,0
2017-06-18,portateis cozinha e preparadores de alimentos,0
2017-06-25,portateis cozinha e preparadores de alimentos,0
2017-07-02,portateis cozinha e preparadores de alimentos,0
2017-07-09,portateis cozinha e preparadores de alimentos,0
2017-07-16,portateis cozinha e preparadores de alimentos,0
2017-07-23,portateis cozinha e preparadores de alimentos,0
2017-07-30,portateis cozinha e preparadores de alimentos,0
2017-08-06,portateis cozinha e preparadores de alimentos,0
2017-08-13,portateis cozinha e preparadores de alimentos,0
2017-08-20,portateis cozinha e preparadores de alimentos,0
2017-08-27,portateis cozinha e preparadores de alimentos,0
2017-09-03,portateis cozinha e preparadores de alimentos,0
2017-09-10,portateis cozinha e preparadores de alimentos,0
2017-09-17,portateis cozinha e preparadores de alimentos,0
2017-09-24,portateis cozinha e preparadores de alimentos,0
2017-10-01,portateis cozinha e preparadores de alimentos,0
2017-10-08,portateis cozinha e preparadores de alimentos,0
2017-10-15,portateis cozinha e preparadores de alimentos,0
2017-10-22,portateis cozinha e preparadores de alimentos,0
2017-10-29,portateis cozinha e preparadores de alimentos,0
2017-11-05,portateis cozinha e preparadores de alimentos,0
2017-11-12,portateis cozinha e preparadores de alimentos,0
2017-11-19,portateis cozinha e preparadores de alimentos,0
2017-11-26,portateis cozinha e preparadores de alimentos,0
2017-12-03,portateis cozinha e preparadores de alimentos,0
2017-12-10,portateis cozinha e preparadores de alimentos,0
2017-12-17,portateis cozinha e preparadores de alimentos,0
2017-12-24,portateis cozinha e preparadores de alimentos,0
2017-12-31,portateis cozinha e preparadores de alimentos,0
2018-01-07,portateis cozinha e preparadores de alimentos,0
2018-01-14,portateis cozinha e preparadores de alimentos,0
2018-01-21,portateis cozinha e preparadores de alimentos,0
2018-01-28,portateis cozinha e preparadores de alimentos,0
2018-02-04,portateis cozinha e preparadores de alimentos,0
2018-02-11,portateis cozinha e preparadores de alimentos,0
2018-02-18,portateis cozinha e preparadores de alimentos,0
2018-02-25,portateis cozinha e preparadores de alimentos,0
2018-03-04,portateis cozinha e preparadores de alimentos,0
2018-03-11,portateis cozinha e preparadores de alimentos,0
2018-03-18,portateis cozinha e preparadores de alimentos,0
2018-03-25,portateis cozinha e preparadores de alimentos,0
2018-04-01,portateis cozinha e preparadores de alimentos,0
2018-04-08,portateis cozinha e preparadores de alimentos,0
2018-04-15,portateis cozinha e preparadores de alimentos,0
2018-04-22,portateis cozinha e preparadores de alimentos,0
2018-04-29,portateis cozinha e preparadores de alimentos,0
2018-05-06,portateis cozinha e preparadores de alimentos,0
2018-05-13,portateis cozinha e preparadores de alimentos,0
2018-05-20,portateis cozinha e preparadores de alimentos,0
2018-05-27,portateis cozinha e preparadores de alimentos,0
2018-06-03,portateis cozinha e preparadores de alimentos,0
2018-06-10,portateis cozinha e preparadores de alimentos,0
2018-06-17,portateis cozinha e preparadores de alimentos,0
2018-06-24,portateis cozinha e preparadores de alimentos,0
2018-07-01,portateis cozinha e preparadores de alimentos,0
2018-07-08,portateis cozinha e preparadores de alimentos,0
2018-07-15,portateis cozinha e preparadores de alimentos,0
2018-07-22,portateis cozinha e preparadores de alimentos,0
2018-07-29,portateis cozinha e preparadores de alimentos,0
2018-08-05,portateis cozinha e preparadores de alimentos,0
2018-08-12,portateis cozinha e preparadores de alimentos,0
2018-08-19,portateis cozinha e preparadores de alimentos,0
2018-08-26,portateis cozinha e preparadores de alimentos,0
2018-09-02,portateis cozinha e preparadores de alimentos,0
2018-09-09,portateis cozinha e preparadores de alimentos,0
2018-09-16,portateis cozinha e preparadores de alimentos,0
2018-09-23,portateis cozinha e preparadores de alimentos,0
2018-09-30,portateis cozinha e preparadores de alimentos,0
2018-10-07,portateis cozinha e preparadores de alimentos,0
2018-10-14,portateis cozinha e preparadores de alimentos,0
2018-10-21,portateis cozinha e preparadores de alimentos,0
2018-10-28,portateis cozinha e preparadores de alimentos,0
2018-11-04,portateis cozinha e preparadores de alimentos,0
2018-11-11,portateis cozinha e preparadores de alimentos,0
2018-11-18,portateis cozinha e preparadores de alimentos,0
2018-11-25,portateis cozinha e preparadores de alimentos,0
2018-12-02,portateis cozinha e preparadores de alimentos,0
2018-12-09,portateis cozinha e preparadores de alimentos,0
2018-12-16,portateis cozinha e preparadores de alimentos,0
2018-12-23,portateis cozinha e preparadores de alimentos,0
2018-12-30,portateis cozinha e preparadores de alimentos,0
2015-12-27,seguros e servicos,0
2016-01-03,seguros e servicos,0
2016-01-10,seguros e servicos,0
2016-01-17,seguros e servicos,0
2016-01-24,seguros e servicos,0
2016-01-31,seguros e servicos,0
2016-02-07,seguros e servicos,0
2016-02-14,seguros e servicos,0
2016-02-21,seguros e servicos,0
2016-02-28,seguros e servicos,0
2016-03-06,seguros e servicos,0
2016-03-13,seguros e servicos,0
2016-03-20,seguros e servicos,0
2016-03-27,seguros e servicos,0
2016-04-03,seguros e servicos,0
2016-04-10,seguros e servicos,0
2016-04-17,seguros e servicos,0
2016-04-24,seguros e servicos,0
2016-05-01,seguros e servicos,0
2016-05-08,seguros e servicos,0
2016-05-15,seguros e servicos,0
2016-05-22,seguros e servicos,0
2016-05-29,seguros e servicos,0
2016-06-05,seguros e servicos,0
2016-06-12,seguros e servicos,0
2016-06-19,seguros e servicos,91
2016-06-26,seguros e servicos,0
2016-07-03,seguros e servicos,0
2016-07-10,seguros e servicos,0
2016-07-17,seguros e servicos,0
2016-07-24,seguros e servicos,0
2016-07-31,seguros e servicos,0
2016-08-07,seguros e servicos,0
2016-08-14,seguros e servicos,0
2016-08-21,seguros e servicos,0
2016-08-28,seguros e servicos,0
2016-09-04,seguros e servicos,0
2016-09-11,seguros e servicos,0
2016-09-18,seguros e servicos,0
2016-09-25,seguros e servicos,0
2016-10-02,seguros e servicos,0
2016-10-09,seguros e servicos,0
2016-10-16,seguros e servicos,0
2016-10-23,seguros e servicos,0
2016-10-30,seguros e servicos,0
2016-11-06,seguros e servicos,0
2016-11-13,seguros e servicos,0
2016-11-20,seguros e servicos,0
2016-11-27,seguros e servicos,0
2016-12-04,seguros e servicos,0
2016-12-11,seguros e servicos,0
2016-12-18,seguros e servicos,0
2016-12-25,seguros e servicos,0
2017-01-01,seguros e servicos,0
2017-01-08,seguros e servicos,0
2017-01-15,seguros e servicos,0
2017-01-22,seguros e servicos,0
2017-01-29,seguros e servicos,0
2017-02-05,seguros e servicos,100
2017-02-12,seguros e servicos,0
2017-02-19,seguros e servicos,0
2017-02-26,seguros e servicos,0
2017-03-05,seguros e servicos,0
2017-03-12,seguros e servicos,0
2017-03-19,seguros e servicos,0
2017-03-26,seguros e servicos,0
2017-04-02,seguros e servicos,0
2017-04-09,seguros e servicos,0
2017-04-16,seguros e servicos,0
2017-04-23,seguros e servicos,0
2017-04-30,seguros e servicos,0
2017-05-07,seguros e servicos,79
2017-05-14,seguros e servicos,0
2017-05-21,seguros e servicos,0
2017-05-28,seguros e servicos,0
2017-06-04,seguros e servicos,0
2017-06-11,seguros e servicos,0
2017-06-18,seguros e servicos,0
2017-06-25,seguros e servicos,0
2017-07-02,seguros e servicos,77
2017-07-09,seguros e servicos,0
2017-07-16,seguros e servicos,0
2017-07-23,seguros e servicos,0
2017-07-30,seguros e servicos,0
2017-08-06,seguros e servicos,0
2017-08-13,seguros e servicos,0
2017-08-20,seguros e servicos,0
2017-08-27,seguros e servicos,0
2017-09-03,seguros e servicos,0
2017-09-10,seguros e servicos,0
2017-09-17,seguros e servicos,0
2017-09-24,seguros e servicos,0
2017-10-01,seguros e servicos,0
2017-10-08,seguros e servicos,0
2017-10-15,seguros e servicos,0
2017-10-22,seguros e servicos,0
2017-10-29,seguros e servicos,0
2017-11-05,seguros e servicos,0
2017-11-12,seguros e servicos,0
2017-11-19,seguros e servicos,0
2017-11-26,seguros e servicos,0
2017-12-03,seguros e servicos,0
2017-12-10,seguros e servicos,0
2017-12-17,seguros e servicos,0
2017-12-24,seguros e servicos,0
2017-12-31,seguros e servicos,0
2018-01-07,seguros e servicos,0
2018-01-14,seguros e servicos,0
2018-01-21,seguros e servicos,0
2018-01-28,seguros e servicos,0
2018-02-04,seguros e servicos,0
2018-02-11,seguros e servicos,0
2018-02-18,seguros e servicos,0
2018-02-25,seguros e servicos,0
2018-03-04,seguros e servicos,0
2018-03-11,seguros e servicos,0
2018-03-18,seguros e servicos,100
2018-03-25,seguros e servicos,0
2018-04-01,seguros e servicos,0
2018-04-08,seguros e servicos,0
2018-04-15,seguros e servicos,0
2018-04-22,seguros e servicos,63
2018-04-29,seguros e servicos,0
2018-05-06,seguros e servicos,0
2018-05-13,seguros e servicos,0
2018-05-20,seguros e servicos,0
2018-05-27,seguros e servicos,0
2018-06-03,seguros e servicos,0
2018-06-10,seguros e servicos,0
2018-06-17,seguros e servicos,0
2018-06-24,seguros e servicos,0
2018-07-01,seguros e servicos,0
2018-07-08,seguros e servicos,0
2018-07-15,seguros e servicos,0
2018-07-22,seguros e servicos,0
2018-07-29,seguros e servicos,0
2018-08-05,seguros e servicos,0
2018-08-12,seguros e servicos,0
2018-08-19,seguros e servicos,0
2018-08-26,seguros e servicos,0
2018-09-02,seguros e servicos,0
2018-09-09,seguros e servicos,0
2018-09-16,seguros e servicos,0
2018-09-23,seguros e servicos,0
2018-09-30,seguros e servicos,0
2018-10-07,seguros e servicos,0
2018-10-14,seguros e servicos,0
2018-10-21,seguros e servicos,0
2018-10-28,seguros e servicos,0
2018-11-04,seguros e servicos,0
2018-11-11,seguros e servicos,0
2018-11-18,seguros e servicos,0
2018-11-25,seguros e servicos,0
2018-12-02,seguros e servicos,0
2018-12-09,seguros e servicos,0
2018-12-16,seguros e servicos,0
2018-12-23,seguros e servicos,0
2018-12-30,seguros e servicos,0
2015-12-27,moveis colchao e estofado,0
2016-01-03,moveis colchao e estofado,0
2016-01-10,moveis colchao e estofado,0
2016-01-17,moveis colchao e estofado,0
2016-01-24,moveis colchao e estofado,0
2016-01-31,moveis colchao e estofado,0
2016-02-07,moveis colchao e estofado,0
2016-02-14,moveis colchao e estofado,0
2016-02-21,moveis colchao e estofado,0
2016-02-28,moveis colchao e estofado,0
2016-03-06,moveis colchao e estofado,0
2016-03-13,moveis colchao e estofado,0
2016-03-20,moveis colchao e estofado,0
2016-03-27,moveis colchao e estofado,0
2016-04-03,moveis colchao e estofado,0
2016-04-10,moveis colchao e estofado,0
2016-04-17,moveis colchao e estofado,0
2016-04-24,moveis colchao e estofado,0
2016-05-01,moveis colchao e estofado,0
2016-05-08,moveis colchao e estofado,0
2016-05-15,moveis colchao e estofado,0
2016-05-22,moveis colchao e estofado,0
2016-05-29,moveis colchao e estofado,0
2016-06-05,moveis colchao e estofado,0
2016-06-12,moveis colchao e estofado,0
2016-06-19,moveis colchao e estofado,0
2016-06-26,moveis colchao e estofado,0
2016-07-03,moveis colchao e estofado,0
2016-07-10,moveis colchao e estofado,0
2016-07-17,moveis colchao e estofado,0
2016-07-24,moveis colchao e estofado,0
2016-07-31,moveis colchao e estofado,0
2016-08-07,moveis colchao e estofado,94
2016-08-14,moveis colchao e estofado,0
2016-08-21,moveis colchao e estofado,0
2016-08-28,moveis colchao e estofado,0
2016-09-04,moveis colchao e estofado,0
2016-09-11,moveis colchao e estofado,0
2016-09-18,moveis colchao e estofado,0
2016-09-25,moveis colchao e estofado,0
2016-10-02,moveis colchao e estofado,0
2016-10-09,moveis colchao e estofado,0
2016-10-16,moveis colchao e estofado,0
2016-10-23,moveis colchao e estofado,0
2016-10-30,moveis colchao e estofado,0
2016-11-06,moveis colchao e estofado,0
2016-11-13,moveis colchao e estofado,0
2016-11-20,moveis colchao e estofado,0
2016-11-27,moveis colchao e estofado,0
2016-12-04,moveis colchao e estofado,0
2016-12-11,moveis colchao e estofado,0
2016-12-18,moveis colchao e estofado,0
2016-12-25,moveis colchao e estofado,0
2017-01-01,moveis colchao e estofado,0
2017-01-08,moveis colchao e estofado,0
2017-01-15,moveis colchao e estofado,0
2017-01-22,moveis colchao e estofado,0
2017-01-29,moveis colchao e estofado,0
2017-02-05,moveis colchao e estofado,0
2017-02-12,moveis colchao e estofado,0
2017-02-19,moveis colchao e estofado,0
2017-02-26,moveis colchao e estofado,0
2017-03-05,moveis colchao e estofado,0
2017-03-12,moveis colchao e estofado,0
2017-03-19,moveis colchao e estofado,0
2017-03-26,moveis colchao e estofado,0
2017-04-02,moveis colchao e estofado,0
2017-04-09,moveis colchao e estofado,0
2017-04-16,moveis colchao e estofado,0
2017-04-23,moveis colchao e estofado,0
2017-04-30,moveis colchao e estofado,0
2017-05-07,moveis colchao e estofado,0
2017-05-14,moveis colchao e estofado,0
2017-05-21,moveis colchao e estofado,0
2017-05-28,moveis colchao e estofado,0
2017-06-04,moveis colchao e estofado,0
2017-06-11,moveis colchao e estofado,0
2017-06-18,moveis colchao e estofado,0
2017-06-25,moveis colchao e estofado,0
2017-07-02,moveis colchao e estofado,0
2017-07-09,moveis colchao e estofado,0
2017-07-16,moveis colchao e estofado,0
2017-07-23,moveis colchao e estofado,0
2017-07-30,moveis colchao e estofado,0
2017-08-06,moveis colchao e estofado,0
2017-08-13,moveis colchao e estofado,0
2017-08-20,moveis colchao e estofado,0
2017-08-27,moveis colchao e estofado,0
2017-09-03,moveis colchao e estofado,0
2017-09-10,moveis colchao e estofado,0
2017-09-17,moveis colchao e estofado,0
2017-09-24,moveis colchao e estofado,0
2017-10-01,moveis colchao e estofado,0
2017-10-08,moveis colchao e estofado,0
2017-10-15,moveis colchao e estofado,0
2017-10-22,moveis colchao e estofado,0
2017-10-29,moveis colchao e estofado,0
2017-11-05,moveis colchao e estofado,0
2017-11-12,moveis colchao e estofado,0
2017-11-19,moveis colchao e estofado,0
2017-11-26,moveis colchao e estofado,0
2017-12-03,moveis colchao e estofado,0
2017-12-10,moveis colchao e estofado,0
2017-12-17,moveis colchao e estofado,0
2017-12-24,moveis colchao e estofado,0
2017-12-31,moveis colchao e estofado,0
2018-01-07,moveis colchao e estofado,0
2018-01-14,moveis colchao e estofado,0
2018-01-21,moveis colchao e estofado,0
2018-01-28,moveis colchao e estofado,0
2018-02-04,moveis colchao e estofado,0
2018-02-11,moveis colchao e estofado,0
2018-02-18,moveis colchao e estofado,0
2018-02-25,moveis colchao e estofado,0
2018-03-04,moveis colchao e estofado,0
2018-03-11,moveis colchao e estofado,0
2018-03-18,moveis colchao e estofado,0
2018-03-25,moveis colchao e estofado,0
2018-04-01,moveis colchao e estofado,0
2018-04-08,moveis colchao e estofado,0
2018-04-15,moveis colchao e estofado,0
2018-04-22,moveis colchao e estofado,0
2018-04-29,moveis colchao e estofado,0
2018-05-06,moveis colchao e estofado,0
2018-05-13,moveis colchao e estofado,0
2018-05-20,moveis colchao e estofado,0
2018-05-27,moveis colchao e estofado,0
2018-06-03,moveis colchao e estofado,0
2018-06-10,moveis colchao e estofado,0
2018-06-17,moveis colchao e estofado,0
2018-06-24,moveis colchao e estofado,0
2018-07-01,moveis colchao e estofado,0
2018-07-08,moveis colchao e estofado,0
2018-07-15,moveis colchao e estofado,0
2018-07-22,moveis colchao e estofado,0
2018-07-29,moveis colchao e estofado,0
2018-08-05,moveis colchao e estofado,0
2018-08-12,moveis colchao e estofado,0
2018-08-19,moveis colchao e estofado,0
2018-08-26,moveis colchao e estofado,0
2018-09-02,moveis colchao e estofado,0
2018-09-09,moveis colchao e estofado,0
2018-09-16,moveis colchao e estofado,0
2018-09-23,moveis colchao e estofado,0
2018-09-30,moveis colchao e estofado,0
2018-10-07,moveis colchao e estofado,0
2018-10-14,moveis colchao e estofado,0
2018-10-21,moveis colchao e estofado,0
2018-10-28,moveis colchao e estofado,0
2018-11-04,moveis colchao e estofado,0
2018-11-11,moveis colchao e estofado,0
2018-11-18,moveis colchao e estofado,0
2018-11-25,moveis colchao e estofado,0
2018-12-02,moveis colchao e estofado,0
2018-12-09,moveis colchao e estofado,0
2018-12-16,moveis colchao e estofado,0
2018-12-23,moveis colchao e estofado,0
2018-12-30,moveis colchao e estofado,0
2015-12-27,cds dvds musicais,0
2016-01-03,cds dvds musicais,0
2016-01-10,cds dvds musicais,0
2016-01-17,cds dvds musicais,0
2016-01-24,cds dvds musicais,0
2016-01-31,cds dvds musicais,0
2016-02-07,cds dvds musicais,0
2016-02-14,cds dvds musicais,0
2016-02-21,cds dvds musicais,0
2016-02-28,cds dvds musicais,0
2016-03-06,cds dvds musicais,0
2016-03-13,cds dvds musicais,0
2016-03-20,cds dvds musicais,0
2016-03-27,cds dvds musicais,0
2016-04-03,cds dvds musicais,0
2016-04-10,cds dvds musicais,0
2016-04-17,cds dvds musicais,0
2016-04-24,cds dvds musicais,0
2016-05-01,cds dvds musicais,0
2016-05-08,cds dvds musicais,0
2016-05-15,cds dvds musicais,0
2016-05-22,cds dvds musicais,0
2016-05-29,cds dvds musicais,0
2016-06-05,cds dvds musicais,0
2016-06-12,cds dvds musicais,0
2016-06-19,cds dvds musicais,0
2016-06-26,cds dvds musicais,0
2016-07-03,cds dvds musicais,0
2016-07-10,cds dvds musicais,0
2016-07-17,cds dvds musicais,0
2016-07-24,cds dvds musicais,0
2016-07-31,cds dvds musicais,0
2016-08-07,cds dvds musicais,0
2016-08-14,cds dvds musicais,0
2016-08-21,cds dvds musicais,0
2016-08-28,cds dvds musicais,0
2016-09-04,cds dvds musicais,0
2016-09-11,cds dvds musicais,0
2016-09-18,cds dvds musicais,0
2016-09-25,cds dvds musicais,0
2016-10-02,cds dvds musicais,0
2016-10-09,cds dvds musicais,0
2016-10-16,cds dvds musicais,0
2016-10-23,cds dvds musicais,0
2016-10-30,cds dvds musicais,0
2016-11-06,cds dvds musicais,0
2016-11-13,cds dvds musicais,0
2016-11-20,cds dvds musicais,0
2016-11-27,cds dvds musicais,0
2016-12-04,cds dvds musicais,0
2016-12-11,cds dvds musicais,0
2016-12-18,cds dvds musicais,0
2016-12-25,cds dvds musicais,0
2017-01-01,cds dvds musicais,0
2017-01-08,cds dvds musicais,0
2017-01-15,cds dvds musicais,0
2017-01-22,cds dvds musicais,0
2017-01-29,cds dvds musicais,0
2017-02-05,cds dvds musicais,0
2017-02-12,cds dvds musicais,0
2017-02-19,cds dvds musicais,0
2017-02-26,cds dvds musicais,0
2017-03-05,cds dvds musicais,0
2017-03-12,cds dvds musicais,0
2017-03-19,cds dvds musicais,0
2017-03-26,cds dvds musicais,0
2017-04-02,cds dvds musicais,0
2017-04-09,cds dvds musicais,0
2017-04-16,cds dvds musicais,0
2017-04-23,cds dvds musicais,0
2017-04-30,cds dvds musicais,0
2017-05-07,cds dvds musicais,0
2017-05-14,cds dvds musicais,0
2017-05-21,cds dvds musicais,0
2017-05-28,cds dvds musicais,0
2017-06-04,cds dvds musicais,0
2017-06-11,cds dvds musicais,0
2017-06-18,cds dvds musicais,0
2017-06-25,cds dvds musicais,0
2017-07-02,cds dvds musicais,0
2017-07-09,cds dvds musicais,0
2017-07-16,cds dvds musicais,0
2017-07-23,cds dvds musicais,0
2017-07-30,cds dvds musicais,0
2017-08-06,cds dvds musicais,0
2017-08-13,cds dvds musicais,0
2017-08-20,cds dvds musicais,0
2017-08-27,cds dvds musicais,0
2017-09-03,cds dvds musicais,0
2017-09-10,cds dvds musicais,0
2017-09-17,cds dvds musicais,0
2017-09-24,cds dvds musicais,0
2017-10-01,cds dvds musicais,0
2017-10-08,cds dvds musicais,0
2017-10-15,cds dvds musicais,0
2017-10-22,cds dvds musicais,0
2017-10-29,cds dvds musicais,0
2017-11-05,cds dvds musicais,0
2017-11-12,cds dvds musicais,0
2017-11-19,cds dvds musicais,0
2017-11-26,cds dvds musicais,0
2017-12-03,cds dvds musicais,0
2017-12-10,cds dvds musicais,0
2017-12-17,cds dvds musicais,0
2017-12-24,cds dvds musicais,0
2017-12-31,cds dvds musicais,0
2018-01-07,cds dvds musicais,0
2018-01-14,cds dvds musicais,0
2018-01-21,cds dvds musicais,0
2018-01-28,cds dvds musicais,0
2018-02-04,cds dvds musicais,0
2018-02-11,cds dvds musicais,0
2018-02-18,cds dvds musicais,0
2018-02-25,cds dvds musicais,0
2018-03-04,cds dvds musicais,0
2018-03-11,cds dvds musicais,0
2018-03-18,cds dvds musicais,0
2018-03-25,cds dvds musicais,0
2018-04-01,cds dvds musicais,0
2018-04-08,cds dvds musicais,0
2018-04-15,cds dvds musicais,0
2018-04-22,cds dvds musicais,0
2018-04-29,cds dvds musicais,0
2018-05-06,cds dvds musicais,0
2018-05-13,cds dvds musicais,0
2018-05-20,cds dvds musicais,0
2018-05-27,cds dvds musicais,0
2018-06-03,cds dvds musicais,0
2018-06-10,cds dvds musicais,0
2018-06-17,cds dvds musicais,0
2018-06-24,cds dvds musicais,0
2018-07-01,cds dvds musicais,0
2018-07-08,cds dvds musicais,0
2018-07-15,cds dvds musicais,0
2018-07-22,cds dvds musicais,0
2018-07-29,cds dvds musicais,0
2018-08-05,cds dvds musicais,0
2018-08-12,cds dvds musicais,0
2018-08-19,cds dvds musicais,0
2018-08-26,cds dvds musicais,0
2018-09-02,cds dvds musicais,0
2018-09-09,cds dvds musicais,0
2018-09-16,cds dvds musicais,0
2018-09-23,cds dvds musicais,0
2018-09-30,cds dvds musicais,0
2018-10-07,cds dvds musicais,0
2018-10-14,cds dvds musicais,0
2018-10-21,cds dvds musicais,0
2018-10-28,cds dvds musicais,0
2018-11-04,cds dvds musicais,0
2018-11-11,cds dvds musicais,0
2018-11-18,cds dvds musicais,0
2018-11-25,cds dvds musicais,0
2018-12-02,cds dvds musicais,0
2018-12-09,cds dvds musicais,0
2018-12-16,cds dvds musicais,0
2018-12-23,cds dvds musicais,0
2018-12-30,cds dvds musicais,0
