model,customer_id,feature,shap_value,feature_value,shap_abs,feature_importance,jitter
LogisticRegression,0,log_Fresh,-0.0046341873016356085,1.167228500027419,0.0046341873016356085,0.0026520304743115177,0.04630518192097313
LogisticRegression,0,log_Milk,0.4616172737951058,0.7341749739905937,0.4616172737951058,0.4417338383535025,0.029690518254116782
LogisticRegression,0,log_Grocery,0.4653604679389554,0.5422882718797886,0.4653604679389554,0.6590026752781761,0.007817431675971431
LogisticRegression,0,log_Frozen,-0.11261337372660005,0.4195349852849734,0.11261337372660005,0.20447797910987936,-0.1974441833987386
LogisticRegression,0,log_Detergents_Paper,0.6481287019100077,0.3827861363921274,0.6481287019100077,1.0837102343622873,0.020116957029917254
LogisticRegression,0,log_Delicassen,0.1533963724930959,1.005270206647807,0.1533963724930959,0.12095191443228182,0.1873353729255181
LogisticRegression,0,Region_2,-0.08072683455263313,-0.34582202838753073,0.08072683455263313,0.13276562046259496,-0.040776121439459745
LogisticRegression,0,Region_3,0.10118067870446866,0.6264224319827152,0.10118067870446866,0.13838905732482165,-0.19366503831843193
LogisticRegression,1,log_Fresh,-0.001988024176892844,0.4559723569339648,0.001988024176892844,0.0026520304743115177,-0.10249903488224713
LogisticRegression,1,log_Milk,1.1857664895600843,1.9732659498530924,1.1857664895600843,0.4417338383535025,0.17858011861451112
LogisticRegression,1,log_Grocery,1.692345489504796,1.9335796678875796,1.692345489504796,0.6590026752781761,0.15840452346432676
LogisticRegression,1,log_Frozen,-0.23299981739720227,0.9059700552255879,0.23299981739720227,0.20447797910987936,-0.010485245281433186
LogisticRegression,1,log_Detergents_Paper,2.6178639382575706,1.80478902903933,2.6178639382575706,1.0837102343622873,-0.15313722023381895
LogisticRegression,1,log_Delicassen,0.15237571420462456,0.9990966698386028,0.15237571420462456,0.12095191443228182,-0.1684769113376104
LogisticRegression,1,Region_2,-0.08072683455263313,-0.34582202838753073,0.08072683455263313,0.13276562046259496,0.19311501530165193
LogisticRegression,1,Region_3,-0.22520860743897858,-1.5963668427946611,0.22520860743897858,0.13838905732482165,-0.17421762119015294
LogisticRegression,2,log_Fresh,-0.0009645462476552234,0.18087406171394135,0.0009645462476552234,0.0026520304743115177,-0.0042066999280516715
LogisticRegression,2,log_Milk,0.005095529562373424,-0.046978911491724035,0.005095529562373424,0.4417338383535025,-0.0363973059664639
LogisticRegression,2,log_Grocery,0.31246997960696027,0.36892411729844427,0.31246997960696027,0.6590026752781761,0.10604127326461293
LogisticRegression,2,log_Frozen,-0.004980133716329678,-0.015369319850805158,0.004980133716329678,0.20447797910987936,-0.1709942189658422
LogisticRegression,2,log_Detergents_Paper,1.2761410268789464,0.8361645022987362,1.2761410268789464,1.0837102343622873,-0.0006078124011864305
LogisticRegression,2,log_Delicassen,-0.0632588759405538,-0.30518713859717234,0.0632588759405538,0.12095191443228182,0.145038491791793
LogisticRegression,2,Region_2,0.6531534795622134,2.8916607905595657,0.6531534795622134,0.13276562046259496,-0.03521024191787542
LogisticRegression,2,Region_3,-0.22520860743897858,-1.5963668427946611,0.22520860743897858,0.13838905732482165,0.1107244801800022
LogisticRegression,3,log_Fresh,0.0003999022900385156,-0.1858729446573656,0.0003999022900385156,0.0026520304743115177,0.017883745310591476
LogisticRegression,3,log_Milk,-0.6070872483266395,-1.0944842310402552,0.6070872483266395,0.4417338383535025,-0.12507620814750597
LogisticRegression,3,log_Grocery,-1.2510289627090692,-1.4039440007944275,1.2510289627090692,0.6590026752781761,0.10929484925061139
LogisticRegression,3,log_Frozen,-0.2619008274115117,1.0227478617544639,0.2619008274115117,0.20447797910987936,-0.09936139638119071
LogisticRegression,3,log_Detergents_Paper,-1.101749616191654,-0.8804963516316159,1.101749616191654,1.0837102343622873,0.04235700361680714
LogisticRegression,3,log_Delicassen,-0.3489675534656313,-2.0333199106847553,0.3489675534656313,0.12095191443228182,-0.08799112175452035
LogisticRegression,3,Region_2,-0.08072683455263313,-0.34582202838753073,0.08072683455263313,0.13276562046259496,0.19887913945364094
LogisticRegression,3,Region_3,-0.22520860743897858,-1.5963668427946611,0.22520860743897858,0.13838905732482165,-0.07322784073374061
LogisticRegression,4,log_Fresh,0.013776947114708088,-3.7814582730968747,0.013776947114708088,0.0026520304743115177,-0.0754457973064918
LogisticRegression,4,log_Milk,-0.1037974768778071,-0.2333056224473227,0.1037974768778071,0.4417338383535025,-0.009775918557305557
LogisticRegression,4,log_Grocery,0.4317419685628443,0.5041678970532187,0.4317419685628443,0.6590026752781761,-0.05034260599379531
LogisticRegression,4,log_Frozen,0.4395432476764378,-1.8115164235037393,0.4395432476764378,0.20447797910987936,0.06985284070428144
LogisticRegression,4,log_Detergents_Paper,1.3107836751004707,0.8611739274595067,1.3107836751004707,1.0837102343622873,0.029107991215450962
LogisticRegression,4,log_Delicassen,-0.1773775340608896,-0.9954433629188895,0.1773775340608896,0.12095191443228182,-0.03337756964558594
LogisticRegression,4,Region_2,-0.08072683455263313,-0.34582202838753073,0.08072683455263313,0.13276562046259496,-0.1312132562723305
LogisticRegression,4,Region_3,0.10118067870446866,0.6264224319827152,0.10118067870446866,0.13838905732482165,-0.14178815668570768
LogisticRegression,5,log_Fresh,-0.0011090333957685587,0.21971043228110115,0.0011090333957685587,0.0026520304743115177,-0.09374165764283499
LogisticRegression,5,log_Milk,0.24466612894695078,0.36295009390782296,0.24466612894695078,0.4417338383535025,0.18512478094091078
LogisticRegression,5,log_Grocery,2.1116840787675617,2.4090721645366306,2.1116840787675617,0.6590026752781761,-0.006538872896574066
LogisticRegression,5,log_Frozen,0.45902721804059154,-1.890243614023135,0.45902721804059154,0.20447797910987936,-0.0160840274697312
LogisticRegression,5,log_Detergents_Paper,3.1649796115332385,2.1997660064798366,3.1649796115332385,1.0837102343622873,0.05786072857091018
LogisticRegression,5,log_Delicassen,0.04248524315540458,0.3344149877653299,0.04248524315540458,0.12095191443228182,-0.048384281695343645
LogisticRegression,5,Region_2,0.6531534795622134,2.8916607905595657,0.6531534795622134,0.13276562046259496,0.05642735335489041
LogisticRegression,5,Region_3,-0.22520860743897858,-1.5963668427946611,0.22520860743897858,0.13838905732482165,0.19381345179217585
LogisticRegression,6,log_Fresh,5.113333382552759e-05,-0.09212813342208163,5.113333382552759e-05,0.0026520304743115177,0.013083608033677807
LogisticRegression,6,log_Milk,0.6184308905841718,1.0024985918659923,0.6184308905841718,0.4417338383535025,-0.05738528855282107
LogisticRegression,6,log_Grocery,0.6351080649022879,0.7347668816403966,0.6351080649022879,0.6590026752781761,0.008355639283625982
LogisticRegression,6,log_Frozen,0.6946872777420049,-2.842454794351068,0.6946872777420049,0.20447797910987936,0.0021083112579942664
LogisticRegression,6,log_Detergents_Paper,1.8543223857767637,1.2535686029391495,1.8543223857767637,1.0837102343622873,-0.08320330759497813
LogisticRegression,6,log_Delicassen,0.04934584437546022,0.37591190661044116,0.04934584437546022,0.12095191443228182,-0.12379699059908021
LogisticRegression,6,Region_2,-0.08072683455263313,-0.34582202838753073,0.08072683455263313,0.13276562046259496,0.08502494567582164
LogisticRegression,6,Region_3,0.10118067870446866,0.6264224319827152,0.10118067870446866,0.13838905732482165,-0.001208060455596488
LogisticRegression,7,log_Fresh,-0.002274231240646882,0.5329012999716654,0.002274231240646882,0.0026520304743115177,-0.09779025662521389
LogisticRegression,7,log_Milk,-1.1977288443784895,-2.1051304565750684,1.1977288443784895,0.4417338383535025,0.10650736795087667
LogisticRegression,7,log_Grocery,-1.7983622597897733,-2.02457106110292,1.7983622597897733,0.6590026752781761,0.16685615716186292
LogisticRegression,7,log_Frozen,-0.0737338773218082,0.2624379735593991,0.0737338773218082,0.20447797910987936,0.033483315871859126
LogisticRegression,7,log_Detergents_Paper,-2.303625716587466,-1.7481618428249799,2.303625716587466,1.0837102343622873,-0.17669697029086065
LogisticRegression,7,log_Delicassen,-0.03568099211287171,-0.13838000750029322,0.03568099211287171,0.12095191443228182,0.019773952633355213
LogisticRegression,7,Region_2,-0.08072683455263313,-0.34582202838753073,0.08072683455263313,0.13276562046259496,0.05835425155514212
LogisticRegression,7,Region_3,-0.22520860743897858,-1.5963668427946611,0.22520860743897858,0.13838905732482165,0.12482895703337926
LogisticRegression,8,log_Fresh,-0.0027175782343362457,0.6520675259065191,0.0027175782343362457,0.0026520304743115177,-0.1401585551240276
LogisticRegression,8,log_Milk,0.15630939038022915,0.21176296971959632,0.15630939038022915,0.4417338383535025,0.14588868403668453
LogisticRegression,8,log_Grocery,0.37885187785617475,0.44419525937557747,0.37885187785617475,0.6590026752781761,0.0254361370993684
LogisticRegression,8,log_Frozen,0.37679134392301694,-1.557960244248849,0.37679134392301694,0.20447797910987936,-0.024063845620273833
LogisticRegression,8,log_Detergents_Paper,1.3373489806178855,0.8803521096805182,1.3373489806178855,1.0837102343622873,-0.1958697932667373
LogisticRegression,8,log_Delicassen,-0.3467428985970217,-2.019863900113669,0.3467428985970217,0.12095191443228182,-0.12664983144992137
LogisticRegression,8,Region_2,-0.08072683455263313,-0.34582202838753073,0.08072683455263313,0.13276562046259496,-0.08870232575938948
LogisticRegression,8,Region_3,0.10118067870446866,0.6264224319827152,0.10118067870446866,0.13838905732482165,0.17135215909392337
LogisticRegression,9,log_Fresh,0.0007577167975435713,-0.2820490889665603,0.0007577167975435713,0.0026520304743115177,-0.04605318187890908
LogisticRegression,9,log_Milk,1.2149001014121534,2.023116443030862,1.2149001014121534,0.4417338383535025,0.016557485913500758
LogisticRegression,9,log_Grocery,1.3823005849188417,1.5820164453993353,1.3823005849188417,0.6590026752781761,0.05371731543731062
LogisticRegression,9,log_Frozen,-0.11830964107815382,0.44255139911920094,0.11830964107815382,0.20447797910987936,0.10563015298313427
LogisticRegression,9,log_Detergents_Paper,2.544887203451321,1.7521052337375518,2.544887203451321,1.0837102343622873,-0.13633504541216024
LogisticRegression,9,log_Delicassen,0.05500151936118301,0.41012072860271565,0.05500151936118301,0.12095191443228182,-0.14948016195276115
LogisticRegression,9,Region_2,-0.08072683455263313,-0.34582202838753073,0.08072683455263313,0.13276562046259496,0.06877131162841843
LogisticRegression,9,Region_3,0.10118067870446866,0.6264224319827152,0.10118067870446866,0.13838905732482165,-0.13400531243424135
LogisticRegression,10,log_Fresh,-0.002102623588712818,0.4867752711193014,0.002102623588712818,0.0026520304743115177,0.17786029626035949
LogisticRegression,10,log_Milk,0.0124894350855065,-0.03432720738069245,0.0124894350855065,0.4417338383535025,-0.047072620666164744
LogisticRegression,10,log_Grocery,-0.09979671917904258,-0.09854948735038206,0.09979671917904258,0.6590026752781761,0.09529695254923232
LogisticRegression,10,log_Frozen,0.14765542994470726,-0.6321106141449935,0.14765542994470726,0.20447797910987936,-0.11124674364739406
LogisticRegression,10,log_Detergents_Paper,-0.008513352842721951,-0.09126077309181481,0.008513352842721951,1.0837102343622873,-0.08391365651526744
LogisticRegression,10,log_Delicassen,-0.0131695343959178,-0.0022175774154829906,0.0131695343959178,0.12095191443228182,0.16730646706459745
LogisticRegression,10,Region_2,-0.08072683455263313,-0.34582202838753073,0.08072683455263313,0.13276562046259496,-0.1277219311325558
LogisticRegression,10,Region_3,-0.22520860743897858,-1.5963668427946611,0.22520860743897858,0.13838905732482165,-0.030912245669402927
LogisticRegression,11,log_Fresh,0.0017311445195292137,-0.543694503282074,0.0017311445195292137,0.0026520304743115177,0.17047735027456928
LogisticRegression,11,log_Milk,-0.12253093502526974,-0.2653604233528205,0.12253093502526974,0.4417338383535025,-0.10762348766001889
LogisticRegression,11,log_Grocery,0.08785142777622575,0.11422674687169242,0.08785142777622575,0.6590026752781761,0.050023308485900086
LogisticRegression,11,log_Frozen,-0.2657965588538491,1.038489006179399,0.2657965588538491,0.20447797910987936,-0.13282115271058842
LogisticRegression,11,log_Detergents_Paper,0.019732405327109813,-0.07086942856929297,0.019732405327109813,1.0837102343622873,-0.1182572921152731
LogisticRegression,11,log_Delicassen,0.05689517986301423,0.42157469213217513,0.05689517986301423,0.12095191443228182,-0.10473912158619836
LogisticRegression,11,Region_2,-0.08072683455263313,-0.34582202838753073,0.08072683455263313,0.13276562046259496,0.16628978866178007
LogisticRegression,11,Region_3,-0.22520860743897858,-1.5963668427946611,0.22520860743897858,0.13838905732482165,-0.158815462391867
LogisticRegression,12,log_Fresh,-0.0027324181935780823,0.6560563246602008,0.0027324181935780823,0.0026520304743115177,0.004566442547778271
LogisticRegression,12,log_Milk,-0.9057715101991634,-1.6055625633248958,0.9057715101991634,0.4417338383535025,-0.12826049168615805
LogisticRegression,12,log_Grocery,-1.0251662012376326,-1.1478358077924093,1.0251662012376326,0.6590026752781761,-0.11524663850714921
LogisticRegression,12,log_Frozen,0.09927532470270284,-0.436625315638119,0.09927532470270284,0.20447797910987936,-0.17903927307169198
LogisticRegression,12,log_Detergents_Paper,-0.44301392150159863,-0.4049379892416683,0.44301392150159863,1.0837102343622873,-0.09957299378708627
LogisticRegression,12,log_Delicassen,-0.1553336566071023,-0.8621091310650856,0.1553336566071023,0.12095191443228182,-0.1857981420340229
LogisticRegression,12,Region_2,-0.08072683455263313,-0.34582202838753073,0.08072683455263313,0.13276562046259496,-0.14686054909796945
LogisticRegression,12,Region_3,0.10118067870446866,0.6264224319827152,0.10118067870446866,0.13838905732482165,-0.06556413563370533
LogisticRegression,13,log_Fresh,0.00012368418806606897,-0.11162891184453022,0.00012368418806606897,0.0026520304743115177,0.06742313261698296
LogisticRegression,13,log_Milk,0.08135462389443267,0.08350794612985325,0.08135462389443267,0.4417338383535025,-0.11531085527440457
LogisticRegression,13,log_Grocery,0.047631831869812,0.06862131831960398,0.047631831869812,0.6590026752781761,-0.11596798287152509
LogisticRegression,13,log_Frozen,0.056737996567557465,-0.2647484202368214,0.056737996567557465,0.20447797910987936,0.13191719003817992
LogisticRegression,13,log_Detergents_Paper,0.7843350329619537,0.48111701517148914,0.7843350329619537,1.0837102343622873,0.10910446134112883
LogisticRegression,13,log_Delicassen,0.03321597683577583,0.27834905711556135,0.03321597683577583,0.12095191443228182,0.05195091163229609
LogisticRegression,13,Region_2,-0.08072683455263313,-0.34582202838753073,0.08072683455263313,0.13276562046259496,-0.05657577523335405
LogisticRegression,13,Region_3,0.10118067870446866,0.6264224319827152,0.10118067870446866,0.13838905732482165,-0.09673329245683489
LogisticRegression,14,log_Fresh,-0.0012909760788300045,0.2686143905474452,0.0012909760788300045,0.0026520304743115177,0.1258801738931825
LogisticRegression,14,log_Milk,0.03376310718918601,0.002074151004099548,0.03376310718918601,0.4417338383535025,0.051995379734780356
LogisticRegression,14,log_Grocery,-0.4404209296788843,-0.4847869107996025,0.4404209296788843,0.6590026752781761,-0.15499982304132207
LogisticRegression,14,log_Frozen,0.018867099724058072,-0.11172676935072648,0.018867099724058072,0.20447797910987936,-0.18116916723521415
LogisticRegression,14,log_Detergents_Paper,0.27665853288332515,0.1146121985244287,0.27665853288332515,1.0837102343622873,-0.18254377575374106
LogisticRegression,14,log_Delicassen,-0.0644667643375575,-0.3124931523380509,0.0644667643375575,0.12095191443228182,-0.08235016645498892
LogisticRegression,14,Region_2,-0.08072683455263313,-0.34582202838753073,0.08072683455263313,0.13276562046259496,0.05909096956085397
LogisticRegression,14,Region_3,0.10118067870446866,0.6264224319827152,0.10118067870446866,0.13838905732482165,-0.07559121741809559
LogisticRegression,15,log_Fresh,0.005877299162337943,-1.6581299408932104,0.005877299162337943,0.0026520304743115177,0.18431793240283306
LogisticRegression,15,log_Milk,-0.6817109063828294,-1.2221726953377616,0.6817109063828294,0.4417338383535025,-0.037357539263978834
LogisticRegression,15,log_Grocery,-0.8267674249846587,-0.9228693204045064,0.8267674249846587,0.6590026752781761,0.18655777749541486
LogisticRegression,15,log_Frozen,0.2376245227720881,-0.9956409305793481,0.2376245227720881,0.20447797910987936,0.12882675006047095
LogisticRegression,15,log_Detergents_Paper,-1.7504091970774605,-1.3487805064469187,1.7504091970774605,1.0837102343622873,-0.09885682806721632
LogisticRegression,15,log_Delicassen,-0.06544135519114068,-0.31838804642402435,0.06544135519114068,0.12095191443228182,0.0446614698538339
LogisticRegression,15,Region_2,0.6531534795622134,2.8916607905595657,0.6531534795622134,0.13276562046259496,-0.1310103223938826
LogisticRegression,15,Region_3,-0.22520860743897858,-1.5963668427946611,0.22520860743897858,0.13838905732482165,0.08086950851869462
LogisticRegression,16,log_Fresh,-1.0288180657463073e-05,-0.07561878481630456,1.0288180657463073e-05,0.0026520304743115177,-0.16288921898009817
LogisticRegression,16,log_Milk,0.7527038399989519,1.2322528970564477,0.7527038399989519,0.4417338383535025,0.08929616542430885
LogisticRegression,16,log_Grocery,1.007836171502851,1.1574072551160652,1.007836171502851,0.6590026752781761,0.12858267834537213
LogisticRegression,16,log_Frozen,0.09566664398813077,-0.42204403221231024,0.09566664398813077,0.20447797910987936,0.06806030974004529
LogisticRegression,16,log_Detergents_Paper,2.2557030746514855,1.5433357199101276,2.2557030746514855,1.0837102343622873,-0.17381292304296722
LogisticRegression,16,log_Delicassen,-0.011394037450929623,0.008521663982273086,0.011394037450929623,0.12095191443228182,-0.11785887870210271
LogisticRegression,16,Region_2,-0.08072683455263313,-0.34582202838753073,0.08072683455263313,0.13276562046259496,-0.1757990376046363
LogisticRegression,16,Region_3,-0.22520860743897858,-1.5963668427946611,0.22520860743897858,0.13838905732482165,0.126740460878004
LogisticRegression,17,log_Fresh,0.004420946123968713,-1.2666801336733222,0.004420946123968713,0.0026520304743115177,-0.1993560117890052
LogisticRegression,17,log_Milk,0.24510074837371804,0.3636937707604906,0.24510074837371804,0.4417338383535025,-0.02822960748977535
LogisticRegression,17,log_Grocery,-0.2792923881119897,-0.30208153983491326,0.2792923881119897,0.6590026752781761,-0.05843097133674591
LogisticRegression,17,log_Frozen,0.08000666081257259,-0.3587680953292967,0.08000666081257259,0.20447797910987936,-0.12442292355906055
LogisticRegression,17,log_Detergents_Paper,-0.5112858820443501,-0.45422528612655677,0.5112858820443501,1.0837102343622873,0.08105023525539673
LogisticRegression,17,log_Delicassen,-0.6001415737872547,-3.552566927523056,0.6001415737872547,0.12095191443228182,0.17421789371791546
LogisticRegression,17,Region_2,-0.08072683455263313,-0.34582202838753073,0.08072683455263313,0.13276562046259496,-0.1624695402568789
LogisticRegression,17,Region_3,-0.22520860743897858,-1.5963668427946611,0.22520860743897858,0.13838905732482165,-0.05728384067758002
LogisticRegression,18,log_Fresh,-0.002100425666849585,0.48618449672121283,0.002100425666849585,0.0026520304743115177,0.036238277678394715
LogisticRegression,18,log_Milk,0.6031192364500761,0.9762988362768859,0.6031192364500761,0.4417338383535025,0.19257215757832075
LogisticRegression,18,log_Grocery,0.37528847982644714,0.4401546843627022,0.37528847982644714,0.6590026752781761,-0.1794084845255681
LogisticRegression,18,log_Frozen,0.3647361353259808,-1.5092498076062226,0.3647361353259808,0.20447797910987936,0.07274790991243302
LogisticRegression,18,log_Detergents_Paper,1.0101563467695456,0.6441432714571971,1.0101563467695456,1.0837102343622873,-0.03857728546368183
LogisticRegression,18,log_Delicassen,0.05481060226493155,0.4089659506182248,0.05481060226493155,0.12095191443228182,0.05862130479601779
LogisticRegression,18,Region_2,-0.08072683455263313,-0.34582202838753073,0.08072683455263313,0.13276562046259496,0.11576908781256112
LogisticRegression,18,Region_3,0.10118067870446866,0.6264224319827152,0.10118067870446866,0.13838905732482165,0.1870558600646391
LogisticRegression,19,log_Fresh,-0.001773342766817071,0.3982686310008927,0.001773342766817071,0.0026520304743115177,0.0014635898750562648
LogisticRegression,19,log_Milk,-0.7495578439983287,-1.3382655202819447,0.7495578439983287,0.4417338383535025,0.055753292753740635
LogisticRegression,19,log_Grocery,-0.36199868657353423,-0.39586309333615516,0.36199868657353423,0.6590026752781761,0.06692276207890946
LogisticRegression,19,log_Frozen,-0.12548659543039994,0.47155069659697796,0.12548659543039994,0.20447797910987936,0.14706440529058906
LogisticRegression,19,log_Detergents_Paper,-0.8293891711166069,-0.6838722908986853,0.8293891711166069,1.0837102343622873,-0.19965781315625636
LogisticRegression,19,log_Delicassen,-0.04554867916292417,-0.19806553586301903,0.04554867916292417,0.12095191443228182,0.19032360139344967
LogisticRegression,19,Region_2,-0.08072683455263313,-0.34582202838753073,0.08072683455263313,0.13276562046259496,-0.18356105294528158
LogisticRegression,19,Region_3,0.10118067870446866,0.6264224319827152,0.10118067870446866,0.13838905732482165,0.1658018465803055
LogisticRegression,20,log_Fresh,0.005025780604016964,-1.4292522122676352,0.005025780604016964,0.0026520304743115177,0.11372649231840481
LogisticRegression,20,log_Milk,0.9599018812842376,1.5867892516967965,0.9599018812842376,0.4417338383535025,-0.14023861240732105
LogisticRegression,20,log_Grocery,-0.8286780019996235,-0.9250357440491394,0.8286780019996235,0.6590026752781761,0.1626143724892964
LogisticRegression,20,log_Frozen,-0.282353186392134,1.1053879362333732,0.282353186392134,0.20447797910987936,-0.07141228004254901
LogisticRegression,20,log_Detergents_Paper,-0.29239118950047355,-0.29619953716361913,0.29239118950047355,1.0837102343622873,-0.15670932272101742
LogisticRegression,20,log_Delicassen,0.19798621973108313,1.2749756177044285,0.19798621973108313,0.12095191443228182,-0.13143845935920218
LogisticRegression,20,Region_2,-0.08072683455263313,-0.34582202838753073,0.08072683455263313,0.13276562046259496,-0.18690073145047903
LogisticRegression,20,Region_3,0.10118067870446866,0.6264224319827152,0.10118067870446866,0.13838905732482165,0.0012249883277181683
LogisticRegression,21,log_Fresh,0.001255952840689761,-0.41596881715140205,0.001255952840689761,0.0026520304743115177,-0.1403759725907343
LogisticRegression,21,log_Milk,-0.051010348551598174,-0.14298162163817285,0.051010348551598174,0.4417338383535025,-0.033161675657955886
LogisticRegression,21,log_Grocery,-0.5258076791118896,-0.5816078562318518,0.5258076791118896,0.6590026752781761,-0.036516961812715076
LogisticRegression,21,log_Frozen,0.07193516043586899,-0.32615428325415624,0.07193516043586899,0.20447797910987936,-0.1363885609197633
LogisticRegression,21,log_Detergents_Paper,-1.2350320847010383,-0.976716418299531,1.2350320847010383,1.0837102343622873,-0.13856159929311274
LogisticRegression,21,log_Delicassen,0.030241088551175452,0.260355197137451,0.030241088551175452,0.12095191443228182,0.032197782883119475
LogisticRegression,21,Region_2,-0.08072683455263313,-0.34582202838753073,0.08072683455263313,0.13276562046259496,-0.1805564354324743
LogisticRegression,21,Region_3,0.10118067870446866,0.6264224319827152,0.10118067870446866,0.13838905732482165,0.02855861089338957
LogisticRegression,22,log_Fresh,-0.0011950734263456244,0.24283693560497902,0.0011950734263456244,0.0026520304743115177,0.09850078866466744
LogisticRegression,22,log_Milk,0.09585541354160268,0.10832023233209383,0.09585541354160268,0.4417338383535025,0.07105951528683885
LogisticRegression,22,log_Grocery,-0.5968252996639877,-0.6621354932465129,0.5968252996639877,0.6590026752781761,-0.04460909105744207
LogisticRegression,22,log_Frozen,0.15571633145558442,-0.6646816003015141,0.15571633145558442,0.20447797910987936,-0.18783342842159378
LogisticRegression,22,log_Detergents_Paper,0.5835534342230416,0.3361675778417891,0.5835534342230416,1.0837102343622873,-0.15406556973780405
LogisticRegression,22,log_Delicassen,0.07119672132492126,0.5080787588121995,0.07119672132492126,0.12095191443228182,-0.12196761781162607
LogisticRegression,22,Region_2,-0.08072683455263313,-0.34582202838753073,0.08072683455263313,0.13276562046259496,-0.08097754806512714
LogisticRegression,22,Region_3,0.10118067870446866,0.6264224319827152,0.10118067870446866,0.13838905732482165,-0.1665328001156616
LogisticRegression,23,log_Fresh,-0.0017079076465311273,0.38068047445745934,0.0017079076465311273,0.0026520304743115177,-0.11775819814899952
LogisticRegression,23,log_Milk,0.470284915498033,0.7490061667645319,0.470284915498033,0.4417338383535025,-0.03989479747716368
LogisticRegression,23,log_Grocery,0.9173163037383532,1.0547658120870471,0.9173163037383532,0.6590026752781761,0.016079781785658748
LogisticRegression,23,log_Frozen,0.38964875051849845,-1.6099120528232493,0.38964875051849845,0.20447797910987936,0.17901617864681868
LogisticRegression,23,log_Detergents_Paper,1.7788258171389972,1.1990656743186967,1.7788258171389972,1.0837102343622873,-0.09054846453069985
LogisticRegression,23,log_Delicassen,-0.37364271610609745,-2.182569690512804,0.37364271610609745,0.12095191443228182,-0.15441954234964378
LogisticRegression,23,Region_2,-0.08072683455263313,-0.34582202838753073,0.08072683455263313,0.13276562046259496,0.011060075392576751
LogisticRegression,23,Region_3,0.10118067870446866,0.6264224319827152,0.10118067870446866,0.13838905732482165,0.0667794780307237
LogisticRegression,24,log_Fresh,-0.004741270647232991,1.1960111879376896,0.004741270647232991,0.0026520304743115177,-0.016322821274254162
LogisticRegression,24,log_Milk,1.3500682296996966,2.2544024878667877,1.3500682296996966,0.4417338383535025,0.0078082350583229265
LogisticRegression,24,log_Grocery,2.015168725969826,2.2996323771146283,2.015168725969826,0.6590026752781761,0.1637722087828365
LogisticRegression,24,log_Frozen,-0.1604772599423593,0.6129344423093692,0.1604772599423593,0.20447797910987936,-0.04286792162354161
LogisticRegression,24,log_Detergents_Paper,2.8765541211303116,1.9915441733634898,2.8765541211303116,1.0837102343622873,0.1368159268715346
LogisticRegression,24,log_Delicassen,0.1072790366054889,0.7263256530587784,0.1072790366054889,0.12095191443228182,-0.10183026616289569
LogisticRegression,24,Region_2,-0.08072683455263313,-0.34582202838753073,0.08072683455263313,0.13276562046259496,0.10600716460018889
LogisticRegression,24,Region_3,0.10118067870446866,0.6264224319827152,0.10118067870446866,0.13838905732482165,-0.060234742647563094
LogisticRegression,25,log_Fresh,0.0013642998414359938,-0.44509116004324495,0.0013642998414359938,0.0026520304743115177,0.02745066542394131
LogisticRegression,25,log_Milk,0.02093517392276392,-0.019875712371225353,0.02093517392276392,0.4417338383535025,0.0735615228918407
LogisticRegression,25,log_Grocery,-0.7206408691154984,-0.8025312873613053,0.7206408691154984,0.6590026752781761,-0.015677576988894465
LogisticRegression,25,log_Frozen,0.31161988265040164,-1.294627568611234,0.31161988265040164,0.20447797910987936,-0.1869295114558737
LogisticRegression,25,log_Detergents_Paper,-1.9568835654347247,-1.4978397016339648,1.9568835654347247,1.0837102343622873,0.13208392694436816
LogisticRegression,25,log_Delicassen,0.03139347860437311,0.2673255245157079,0.03139347860437311,0.12095191443228182,-0.18958230242881982
LogisticRegression,25,Region_2,-0.08072683455263313,-0.34582202838753073,0.08072683455263313,0.13276562046259496,0.030759622604368042
LogisticRegression,25,Region_3,0.10118067870446866,0.6264224319827152,0.10118067870446866,0.13838905732482165,-0.07071557643054369
LogisticRegression,26,log_Fresh,0.0032404267955065567,-0.9493710394008779,0.0032404267955065567,0.0026520304743115177,-0.02019112108009158
LogisticRegression,26,log_Milk,0.09082419473752847,0.09971131902804166,0.09082419473752847,0.4417338383535025,0.045500956889055366
LogisticRegression,26,log_Grocery,0.1698957474594655,0.20725767557930821,0.1698957474594655,0.6590026752781761,-0.08933910411290458
LogisticRegression,26,log_Frozen,-0.05231228824541579,0.17588161502848745,0.05231228824541579,0.20447797910987936,-0.13269092305645308
LogisticRegression,26,log_Detergents_Paper,1.200397005081278,0.7814829308319343,1.200397005081278,1.0837102343622873,-0.09996278203347031
LogisticRegression,26,log_Delicassen,-0.009959468051233988,0.017198776679455467,0.009959468051233988,0.12095191443228182,0.025705411645844223
LogisticRegression,26,Region_2,-0.08072683455263313,-0.34582202838753073,0.08072683455263313,0.13276562046259496,-0.18233654961136697
LogisticRegression,26,Region_3,-0.22520860743897858,-1.5963668427946611,0.22520860743897858,0.13838905732482165,0.013360114581890237
LogisticRegression,27,log_Fresh,-0.001895884698045633,0.43120639683924145,0.001895884698045633,0.0026520304743115177,-0.1317746925427683
LogisticRegression,27,log_Milk,-0.2089631440195219,-0.41325448697547257,0.2089631440195219,0.4417338383535025,-0.16042902601393494
LogisticRegression,27,log_Grocery,0.2938360284019619,0.34779488138319387,0.2938360284019619,0.6590026752781761,-0.1342165407098797
LogisticRegression,27,log_Frozen,-0.1760441613216543,0.6758342716449302,0.1760441613216543,0.20447797910987936,0.18359874116385194
LogisticRegression,27,log_Detergents_Paper,-0.21192324794140008,-0.2381076456490288,0.21192324794140008,1.0837102343622873,0.08379921461510598
LogisticRegression,27,log_Delicassen,-0.028520435946281356,-0.09506878613645321,0.028520435946281356,0.12095191443228182,-0.16439032028454892
LogisticRegression,27,Region_2,-0.08072683455263313,-0.34582202838753073,0.08072683455263313,0.13276562046259496,0.04264352955465983
LogisticRegression,27,Region_3,-0.22520860743897858,-1.5963668427946611,0.22520860743897858,0.13838905732482165,0.19688451189138884
LogisticRegression,28,log_Fresh,0.0005456461695762967,-0.225047109194027,0.0005456461695762967,0.0026520304743115177,0.10934415973264422
LogisticRegression,28,log_Milk,0.2748941493999683,0.41467322851338073,0.2748941493999683,0.4417338383535025,0.07985865827507338
LogisticRegression,28,log_Grocery,0.819473419596802,0.9438207227223824,0.819473419596802,0.6590026752781761,-0.01956556704956905
LogisticRegression,28,log_Frozen,0.7730573360715222,-3.159117897292101,0.7730573360715222,0.20447797910987936,0.11014732895044832
LogisticRegression,28,log_Detergents_Paper,1.769246710593627,1.1921502691590924,1.769246710593627,1.0837102343622873,-0.16792963867419136
LogisticRegression,28,log_Delicassen,0.05995970117957408,0.4401107049819887,0.05995970117957408,0.12095191443228182,-0.1630862964607009
LogisticRegression,28,Region_2,-0.08072683455263313,-0.34582202838753073,0.08072683455263313,0.13276562046259496,0.04846427553525934
LogisticRegression,28,Region_3,0.10118067870446866,0.6264224319827152,0.10118067870446866,0.13838905732482165,0.0054645328690101636
LogisticRegression,29,log_Fresh,-0.002041372376135316,0.4703116975737716,0.002041372376135316,0.0026520304743115177,-0.08712531607813917
LogisticRegression,29,log_Milk,-0.7025611862083619,-1.257849587632305,0.7025611862083619,0.4417338383535025,-0.035512199175749076
LogisticRegression,29,log_Grocery,-0.306576292418169,-0.33301904978287006,0.306576292418169,0.6590026752781761,0.14525933069930674
LogisticRegression,29,log_Frozen,0.0027387257611980035,-0.04655824640541388,0.0027387257611980035,0.20447797910987936,0.0016585602937336241
LogisticRegression,29,log_Detergents_Paper,-1.3269641992414003,-1.0430845932660175,1.3269641992414003,1.0837102343622873,0.09280583546105964
LogisticRegression,29,log_Delicassen,-0.08382129513961716,-0.42956064660231624,0.08382129513961716,0.12095191443228182,-0.1565344231961885
LogisticRegression,29,Region_2,-0.08072683455263313,-0.34582202838753073,0.08072683455263313,0.13276562046259496,-0.1033961944293635
LogisticRegression,29,Region_3,0.10118067870446866,0.6264224319827152,0.10118067870446866,0.13838905732482165,0.13372743353921862
LogisticRegression,30,log_Fresh,-0.0019894865381463148,0.4563654216756006,0.0019894865381463148,0.0026520304743115177,0.03257653931440441
LogisticRegression,30,log_Milk,0.005095529562373424,-0.046978911491724035,0.005095529562373424,0.4417338383535025,-0.18028557231339137
LogisticRegression,30,log_Grocery,0.3112184514355474,0.36750499616318705,0.3112184514355474,0.6590026752781761,0.031759137130065784
LogisticRegression,30,log_Frozen,0.20909792774531294,-0.880375990242835,0.20909792774531294,0.20447797910987936,0.15255278835037345
LogisticRegression,30,log_Detergents_Paper,1.1404282846139235,0.7381899580509556,1.1404282846139235,1.0837102343622873,-0.14029716474772053
LogisticRegression,30,log_Delicassen,-0.05993623638401974,-0.2850898760386102,0.05993623638401974,0.12095191443228182,0.00045203279428132626
LogisticRegression,30,Region_2,-0.08072683455263313,-0.34582202838753073,0.08072683455263313,0.13276562046259496,-0.10967465813690419
LogisticRegression,30,Region_3,0.10118067870446866,0.6264224319827152,0.10118067870446866,0.13838905732482165,-0.05872751784552685
LogisticRegression,31,log_Fresh,0.0016454936326615614,-0.5206725970071379,0.0016454936326615614,0.0026520304743115177,-0.024476706778097018
LogisticRegression,31,log_Milk,0.27858221974098724,0.4209838818682631,0.27858221974098724,0.4417338383535025,-0.17695152093415056
LogisticRegression,31,log_Grocery,0.5800782671622207,0.6723680073476218,0.5800782671622207,0.6590026752781761,0.07548548280540324
LogisticRegression,31,log_Frozen,0.2624385926326873,-1.0959049922138842,0.2624385926326873,0.20447797910987936,0.16466317780607898
LogisticRegression,31,log_Detergents_Paper,1.6968767807088658,1.1399045420492755,1.6968767807088658,1.0837102343622873,0.18485961563641917
LogisticRegression,31,log_Delicassen,-0.05761467663900075,-0.2710477282379909,0.05761467663900075,0.12095191443228182,0.1866734746280067
LogisticRegression,31,Region_2,0.6531534795622134,2.8916607905595657,0.6531534795622134,0.13276562046259496,-0.0029370259443736446
LogisticRegression,31,Region_3,-0.22520860743897858,-1.5963668427946611,0.22520860743897858,0.13838905732482165,0.10972166975187486
LogisticRegression,32,log_Fresh,0.0002625989231858162,-0.1489674862492072,0.0002625989231858162,0.0026520304743115177,0.13770933445656985
LogisticRegression,32,log_Milk,0.23135122529350924,0.3401669760057626,0.23135122529350924,0.4417338383535025,0.0661447975030579
LogisticRegression,32,log_Grocery,0.2712896742787215,0.3222293300914776,0.2712896742787215,0.6590026752781761,-0.16945687681800337
LogisticRegression,32,log_Frozen,-0.4895947241206097,1.9427708576475453,0.4895947241206097,0.20447797910987936,-0.12191719313680337
LogisticRegression,32,log_Detergents_Paper,0.13814276409821494,0.014614076820054524,0.13814276409821494,1.0837102343622873,-0.11459050760918221
LogisticRegression,32,log_Delicassen,0.13135898292943626,0.8719752173387111,0.13135898292943626,0.12095191443228182,0.04607791632120911
LogisticRegression,32,Region_2,-0.08072683455263313,-0.34582202838753073,0.08072683455263313,0.13276562046259496,0.09234596414382079
LogisticRegression,32,Region_3,0.10118067870446866,0.6264224319827152,0.10118067870446866,0.13838905732482165,-0.025220177729880444
LogisticRegression,33,log_Fresh,0.005496895602919979,-1.5558821369083577,0.005496895602919979,0.0026520304743115177,0.10209130838279695
LogisticRegression,33,log_Milk,0.6783243527096069,1.1049822331061354,0.6783243527096069,0.4417338383535025,0.1702557478172197
LogisticRegression,33,log_Grocery,1.2926322698964408,1.4803405871024065,1.2926322698964408,0.6590026752781761,0.03764041779811067
LogisticRegression,33,log_Frozen,0.11368681748301937,-0.49485658557847195,0.11368681748301937,0.20447797910987936,0.1236520762587367
LogisticRegression,33,log_Detergents_Paper,2.0407808753866554,1.3881778167518375,2.0407808753866554,1.0837102343622873,-0.032981222219699236
LogisticRegression,33,log_Delicassen,-0.31732047781513617,-1.8418999333634316,0.31732047781513617,0.12095191443228182,0.16820534301166495
LogisticRegression,33,Region_2,-0.08072683455263313,-0.34582202838753073,0.08072683455263313,0.13276562046259496,0.026781235968811268
LogisticRegression,33,Region_3,0.10118067870446866,0.6264224319827152,0.10118067870446866,0.13838905732482165,-0.11742106547030096
LogisticRegression,34,log_Fresh,-0.003509128585149856,0.8648265369892875,0.003509128585149856,0.0026520304743115177,0.19572861705088385
LogisticRegression,34,log_Milk,0.06524485995495725,0.055942545676312565,0.06524485995495725,0.4417338383535025,-0.017753765607721267
LogisticRegression,34,log_Grocery,0.31869821175943297,0.37598637613108754,0.31869821175943297,0.6590026752781761,-0.17533292406213632
LogisticRegression,34,log_Frozen,-0.40313350065293324,1.593414484933957,0.40313350065293324,0.20447797910987936,0.032989410709503536
LogisticRegression,34,log_Detergents_Paper,-0.6536638794563598,-0.5570116507268137,0.6536638794563598,1.0837102343622873,-0.16458597730720778
LogisticRegression,34,log_Delicassen,0.1379595119423741,0.9118990677417903,0.1379595119423741,0.12095191443228182,0.18615297893754496
LogisticRegression,34,Region_2,-0.08072683455263313,-0.34582202838753073,0.08072683455263313,0.13276562046259496,0.07114248713295335
LogisticRegression,34,Region_3,-0.22520860743897858,-1.5963668427946611,0.22520860743897858,0.13838905732482165,0.052069527360122936
LogisticRegression,35,log_Fresh,0.0024252093591053377,-0.7302506064330011,0.0024252093591053377,0.0026520304743115177,0.11017633192694148
LogisticRegression,35,log_Milk,-0.3695167921432154,-0.6879776686082998,0.3695167921432154,0.4417338383535025,0.18645782287736584
LogisticRegression,35,log_Grocery,-0.5186545058249153,-0.5734967967866277,0.5186545058249153,0.6590026752781761,0.12444352058917407
LogisticRegression,35,log_Frozen,0.17936042841252967,-0.7602182538171199,0.17936042841252967,0.20447797910987936,0.16130874923953475
LogisticRegression,35,log_Detergents_Paper,-1.1790651373494045,-0.9363124291957824,1.1790651373494045,1.0837102343622873,0.054573350694903044
LogisticRegression,35,log_Delicassen,-0.025800678687568187,-0.07861810745346932,0.025800678687568187,0.12095191443228182,-0.08150667945077834
LogisticRegression,35,Region_2,-0.08072683455263313,-0.34582202838753073,0.08072683455263313,0.13276562046259496,0.09613730184283209
LogisticRegression,35,Region_3,0.10118067870446866,0.6264224319827152,0.10118067870446866,0.13838905732482165,-0.1428354181494112
LogisticRegression,36,log_Fresh,-0.004748869401660892,1.1980536397866204,0.004748869401660892,0.0026520304743115177,0.19479443614038094
LogisticRegression,36,log_Milk,-0.3558343925404812,-0.6645657287666155,0.3558343925404812,0.4417338383535025,-0.09449964794031432
LogisticRegression,36,log_Grocery,-0.3692064975156107,-0.4040361070009545,0.3692064975156107,0.6590026752781761,-0.062414785517551336
LogisticRegression,36,log_Frozen,-0.235069653798077,0.9143334637932504,0.235069653798077,0.20447797910987936,-0.013252992427451371
LogisticRegression,36,log_Detergents_Paper,-0.3486819041625011,-0.3368372622758572,0.3486819041625011,1.0837102343622873,-0.019439092418702286
LogisticRegression,36,log_Delicassen,0.07933651727169211,0.5573129936823873,0.07933651727169211,0.12095191443228182,0.17157168970491904
LogisticRegression,36,Region_2,-0.08072683455263313,-0.34582202838753073,0.08072683455263313,0.13276562046259496,-0.05087449754545656
LogisticRegression,36,Region_3,0.10118067870446866,0.6264224319827152,0.10118067870446866,0.13838905732482165,0.04241820474304897
LogisticRegression,37,log_Fresh,-0.001045259567096802,0.20256881051665085,0.001045259567096802,0.0026520304743115177,-0.0438295316518762
LogisticRegression,37,log_Milk,-0.06315643653096474,-0.16376478024639757,0.06315643653096474,0.4417338383535025,0.19458432398478953
LogisticRegression,37,log_Grocery,-1.0270056200704623,-1.1499215444157502,1.0270056200704623,0.6590026752781761,0.12849630122745775
LogisticRegression,37,log_Frozen,0.11565912384370951,-0.5028259129649649,0.11565912384370951,0.20447797910987936,-0.06417630846269412
LogisticRegression,37,log_Detergents_Paper,-0.12878377259725166,-0.1780871046895387,0.12878377259725166,1.0837102343622873,0.14097448961239772
LogisticRegression,37,log_Delicassen,-0.2295360912346605,-1.3109287474637317,0.2295360912346605,0.12095191443228182,-0.040225039253202644
LogisticRegression,37,Region_2,-0.08072683455263313,-0.34582202838753073,0.08072683455263313,0.13276562046259496,0.07652448517040622
LogisticRegression,37,Region_3,0.10118067870446866,0.6264224319827152,0.10118067870446866,0.13838905732482165,0.08320102701597654
LogisticRegression,38,log_Fresh,-0.004991787941350687,1.2633471593017687,0.004991787941350687,0.0026520304743115177,0.11245442581792059
LogisticRegression,38,log_Milk,0.11841522153759236,0.14692229651508365,0.11841522153759236,0.4417338383535025,0.195307517951117
LogisticRegression,38,log_Grocery,0.03965824543074651,0.05957998365535607,0.03965824543074651,0.6590026752781761,-0.19423634271830645
LogisticRegression,38,log_Frozen,0.007494152146765957,-0.06577308568408313,0.007494152146765957,0.20447797910987936,-0.19013626266760775
LogisticRegression,38,log_Detergents_Paper,-0.31227076458119507,-0.3105511173901076,0.31227076458119507,1.0837102343622873,0.05174652258260376
LogisticRegression,38,log_Delicassen,0.12040070784155842,0.8056931762437204,0.12040070784155842,0.12095191443228182,0.19578254230632391
LogisticRegression,38,Region_2,-0.08072683455263313,-0.34582202838753073,0.08072683455263313,0.13276562046259496,0.03816330981714469
LogisticRegression,38,Region_3,0.10118067870446866,0.6264224319827152,0.10118067870446866,0.13838905732482165,0.011403059901056917
LogisticRegression,39,log_Fresh,-0.003155840403914341,0.7698670135810317,0.003155840403914341,0.0026520304743115177,0.0041727554383230725
LogisticRegression,39,log_Milk,-0.2942280732679598,-0.559151219429551,0.2942280732679598,0.4417338383535025,-0.163340919240675
LogisticRegression,39,log_Grocery,-0.8296350165864905,-0.9261209130912706,0.8296350165864905,0.6590026752781761,0.13897439621690177
LogisticRegression,39,log_Frozen,-0.3389664538298381,1.334140259717376,0.3389664538298381,0.20447797910987936,0.0137172439770063
LogisticRegression,39,log_Detergents_Paper,-0.639637034544234,-0.5468853080226326,0.639637034544234,1.0837102343622873,0.007339890922848369
LogisticRegression,39,log_Delicassen,-0.07535428320885505,-0.37834721855401254,0.07535428320885505,0.12095191443228182,-0.025779583316716842
LogisticRegression,39,Region_2,-0.08072683455263313,-0.34582202838753073,0.08072683455263313,0.13276562046259496,-0.03251717553879946
LogisticRegression,39,Region_3,0.10118067870446866,0.6264224319827152,0.10118067870446866,0.13838905732482165,-0.15488958691072863
LogisticRegression,40,log_Fresh,-0.003973148477633525,0.9895493841790868,0.003973148477633525,0.0026520304743115177,-0.10319011286403984
LogisticRegression,40,log_Milk,0.21941163705846425,0.31973715889696425,0.21941163705846425,0.4417338383535025,-0.038470953359189874
LogisticRegression,40,log_Grocery,0.06116190606279448,0.08396321368196188,0.06116190606279448,0.6590026752781761,-0.12999839992275392
LogisticRegression,40,log_Frozen,0.35941604682527856,-1.487753387054003,0.35941604682527856,0.20447797910987936,-0.1656189951470478
LogisticRegression,40,log_Detergents_Paper,-3.4464162536922744,-2.5731719352809512,3.4464162536922744,1.0837102343622873,-0.059684092351719814
LogisticRegression,40,log_Delicassen,-0.12015022761445159,-0.6492992255231742,0.12015022761445159,0.12095191443228182,0.0670568169814948
LogisticRegression,40,Region_2,-0.08072683455263313,-0.34582202838753073,0.08072683455263313,0.13276562046259496,-0.04485141182306371
LogisticRegression,40,Region_3,0.10118067870446866,0.6264224319827152,0.10118067870446866,0.13838905732482165,0.046281614920360065
LogisticRegression,41,log_Fresh,-0.0034553797032774976,0.8503794977804573,0.0034553797032774976,0.0026520304743115177,0.032404122868737145
LogisticRegression,41,log_Milk,-0.47475884107211896,-0.8680572299336917,0.47475884107211896,0.4417338383535025,0.12329777289562988
LogisticRegression,41,log_Grocery,-0.3895783273134136,-0.42713594197892973,0.3895783273134136,0.6590026752781761,-0.018978022108104897
LogisticRegression,41,log_Frozen,0.32286869127274914,-1.3400796547608342,0.32286869127274914,0.20447797910987936,-0.1900550139435961
LogisticRegression,41,log_Detergents_Paper,0.1434563135687853,0.018450065829108256,0.1434563135687853,1.0837102343622873,0.09883785805012102
LogisticRegression,41,log_Delicassen,-0.09783290960445196,-0.5143110656525466,0.09783290960445196,0.12095191443228182,-0.07288326017340238
LogisticRegression,41,Region_2,-0.08072683455263313,-0.34582202838753073,0.08072683455263313,0.13276562046259496,-0.11238937337104989
LogisticRegression,41,Region_3,0.10118067870446866,0.6264224319827152,0.10118067870446866,0.13838905732482165,-0.09926121441567021
LogisticRegression,42,log_Fresh,-0.0011767162530431636,0.237902752916421,0.0011767162530431636,0.0026520304743115177,0.14446088376612798
LogisticRegression,42,log_Milk,0.6559598821052917,1.0667144105324755,0.6559598821052917,0.4417338383535025,-0.1533288729461779
LogisticRegression,42,log_Grocery,0.9133245937180376,1.050239569542101,0.9133245937180376,0.6590026752781761,0.1254073275597975
LogisticRegression,42,log_Frozen,-0.10729222383342141,0.3980342760561575,0.10729222383342141,0.20447797910987936,-0.17565822666280215
LogisticRegression,42,log_Detergents_Paper,1.9916554422862738,1.3527128940138848,1.9916554422862738,1.0837102343622873,-0.08630887718220302
LogisticRegression,42,log_Delicassen,0.06402368534136978,0.46469205223430515,0.06402368534136978,0.12095191443228182,0.17379811713148602
LogisticRegression,42,Region_2,-0.08072683455263313,-0.34582202838753073,0.08072683455263313,0.13276562046259496,0.19503475899313394
LogisticRegression,42,Region_3,0.10118067870446866,0.6264224319827152,0.10118067870446866,0.13838905732482165,0.07051438533038756
LogisticRegression,43,log_Fresh,-0.00016900708877965614,-0.03295709197831316,0.00016900708877965614,0.0026520304743115177,0.02011701364283916
LogisticRegression,43,log_Milk,1.0852645066230169,1.8012971105551656,1.0852645066230169,0.4417338383535025,-0.01831188914510279
LogisticRegression,43,log_Grocery,0.8473223792604192,0.9753989549638096,0.8473223792604192,0.6590026752781761,-0.0798931253478214
LogisticRegression,43,log_Frozen,-0.38041018055651343,1.5015983346817827,0.38041018055651343,0.20447797910987936,0.004223674035321562
LogisticRegression,43,log_Detergents_Paper,0.0618040028241882,-0.040496852481316695,0.0618040028241882,1.0837102343622873,-0.11970398561230362
LogisticRegression,43,log_Delicassen,0.18262731908376667,1.1820760257781906,0.18262731908376667,0.12095191443228182,-0.043174315077871006
LogisticRegression,43,Region_2,-0.08072683455263313,-0.34582202838753073,0.08072683455263313,0.13276562046259496,-0.17235859380498622
LogisticRegression,43,Region_3,-0.22520860743897858,-1.5963668427946611,0.22520860743897858,0.13838905732482165,-0.11584425790510476
LogisticRegression,44,log_Fresh,-0.0013984574440236066,0.2975040612360018,0.0013984574440236066,0.0026520304743115177,0.12736060295777796
LogisticRegression,44,log_Milk,-0.47558043018549717,-0.8694630502178142,0.47558043018549717,0.4417338383535025,0.09831361566877128
LogisticRegression,44,log_Grocery,-1.0456379523318284,-1.1710489445935575,1.0456379523318284,0.6590026752781761,-0.03322075624470902
LogisticRegression,44,log_Frozen,-0.13961724744318998,0.5286471975863707,0.13961724744318998,0.20447797910987936,0.19834592895494446
LogisticRegression,44,log_Detergents_Paper,0.0724714474489133,-0.03279574786908427,0.0724714474489133,1.0837102343622873,-0.1373896766494042
LogisticRegression,44,log_Delicassen,-0.14043223871492022,-0.771976661750107,0.14043223871492022,0.12095191443228182,0.16044817717601395
LogisticRegression,44,Region_2,-0.08072683455263313,-0.34582202838753073,0.08072683455263313,0.13276562046259496,-0.1182300394604468
LogisticRegression,44,Region_3,0.10118067870446866,0.6264224319827152,0.10118067870446866,0.13838905732482165,0.056939366454831275
LogisticRegression,45,log_Fresh,0.006768022978437042,-1.8975455612214975,0.006768022978437042,0.0026520304743115177,0.05513452106397593
LogisticRegression,45,log_Milk,0.12941938827039087,0.1657515148566281,0.12941938827039087,0.4417338383535025,-0.14163133933636762
LogisticRegression,45,log_Grocery,0.5706885261966225,0.6617208799690765,0.5706885261966225,0.6590026752781761,0.10743148494158183
LogisticRegression,45,log_Frozen,0.25012986082357164,-1.0461701662991825,0.25012986082357164,0.20447797910987936,-0.14026573783110843
LogisticRegression,45,log_Detergents_Paper,1.8214218314682311,1.2298168405027008,1.8214218314682311,1.0837102343622873,0.011488596778199078
LogisticRegression,45,log_Delicassen,0.05792486616832213,0.42780283565440397,0.05792486616832213,0.12095191443228182,0.10132672660886644
LogisticRegression,45,Region_2,-0.08072683455263313,-0.34582202838753073,0.08072683455263313,0.13276562046259496,0.11584981736074157
LogisticRegression,45,Region_3,0.10118067870446866,0.6264224319827152,0.10118067870446866,0.13838905732482165,0.021791729991094716
LogisticRegression,46,log_Fresh,-0.0039598488865011765,0.9859746174517203,0.0039598488865011765,0.0026520304743115177,0.19356168183583156
LogisticRegression,46,log_Milk,-0.4510663698393788,-0.8275170668550673,0.4510663698393788,0.4417338383535025,0.07253238035712312
LogisticRegression,46,log_Grocery,-0.09693635594762975,-0.09530609098989262,0.09693635594762975,0.6590026752781761,-0.10079278977978366
LogisticRegression,46,log_Frozen,0.10341729061982155,-0.4533613983659892,0.10341729061982155,0.20447797910987936,0.11697446140921841
LogisticRegression,46,log_Detergents_Paper,0.16951419595529688,0.03726192614724378,0.16951419595529688,1.0837102343622873,0.09690113724012461
LogisticRegression,46,log_Delicassen,0.04280043287728523,0.336321439093744,0.04280043287728523,0.12095191443228182,0.07048556204257156
LogisticRegression,46,Region_2,-0.08072683455263313,-0.34582202838753073,0.08072683455263313,0.13276562046259496,-0.09355842730629615
LogisticRegression,46,Region_3,0.10118067870446866,0.6264224319827152,0.10118067870446866,0.13838905732482165,-0.07760169003653083
LogisticRegression,47,log_Fresh,-0.0039572573925947575,0.9852780557229688,0.0039572573925947575,0.0026520304743115177,0.0526355761515897
LogisticRegression,47,log_Milk,1.3218880274919373,2.206183372947595,1.3218880274919373,0.4417338383535025,0.12689059641859718
LogisticRegression,47,log_Grocery,1.224272098270638,1.4028262597545307,1.224272098270638,0.6590026752781761,0.0983702988067488
LogisticRegression,47,log_Frozen,-0.24934453964267786,0.9720127579271657,0.24934453964267786,0.20447797910987936,-0.030856043644064968
LogisticRegression,47,log_Detergents_Paper,1.402341879062457,0.9272721666933984,1.402341879062457,1.0837102343622873,0.14735266117185308
LogisticRegression,47,log_Delicassen,0.3762455988265539,2.3531923439703926,0.3762455988265539,0.12095191443228182,0.05006145335793738
LogisticRegression,47,Region_2,-0.08072683455263313,-0.34582202838753073,0.08072683455263313,0.13276562046259496,-0.15834495722777744
LogisticRegression,47,Region_3,0.10118067870446866,0.6264224319827152,0.10118067870446866,0.13838905732482165,0.06201427706322715
LogisticRegression,48,log_Fresh,0.00217212534656443,-0.6622247326857204,0.00217212534656443,0.0026520304743115177,-0.03400674337666834
LogisticRegression,48,log_Milk,0.6575847232289469,1.0694946745025258,0.6575847232289469,0.4417338383535025,0.18286386486831446
LogisticRegression,48,log_Grocery,-0.16527309316423366,-0.17279384581135976,0.16527309316423366,0.6590026752781761,-0.016561671608110118
LogisticRegression,48,log_Frozen,-0.0028443733533362724,-0.023999101659060253,0.0028443733533362724,0.20447797910987936,-0.08167386252874342
LogisticRegression,48,log_Detergents_Paper,0.5763381479021732,0.3309586757364595,0.5763381479021732,1.0837102343622873,0.04690038873538724
LogisticRegression,48,log_Delicassen,-0.07351753161877049,-0.36723747332504414,0.07351753161877049,0.12095191443228182,-0.09211282215262231
LogisticRegression,48,Region_2,-0.08072683455263313,-0.34582202838753073,0.08072683455263313,0.13276562046259496,-0.054042557134923064
LogisticRegression,48,Region_3,-0.22520860743897858,-1.5963668427946611,0.22520860743897858,0.13838905732482165,-0.15685150466621153
LogisticRegression,49,log_Fresh,-0.006391267936688638,1.6395101911697603,0.006391267936688638,0.0026520304743115177,-0.014224577294356722
LogisticRegression,49,log_Milk,0.17898962614036015,0.2505710977255417,0.17898962614036015,0.4417338383535025,-0.08093282346818693
LogisticRegression,49,log_Grocery,0.7814685705288011,0.9007266192202827,0.7814685705288011,0.6590026752781761,0.0923557999574024
LogisticRegression,49,log_Frozen,-0.3503454654517085,1.3801184458434212,0.3503454654517085,0.20447797910987936,-0.08426098247768846
LogisticRegression,49,log_Detergents_Paper,-0.01922947942482196,-0.09899702247017084,0.01922947942482196,1.0837102343622873,0.00962318237521581
LogisticRegression,49,log_Delicassen,0.12982705526923147,0.8627092250804433,0.12982705526923147,0.12095191443228182,-0.10624235683476764
LogisticRegression,49,Region_2,-0.08072683455263313,-0.34582202838753073,0.08072683455263313,0.13276562046259496,0.07816304400210977
LogisticRegression,49,Region_3,0.10118067870446866,0.6264224319827152,0.10118067870446866,0.13838905732482165,-0.13719962078820924
LogisticRegression,50,log_Fresh,0.0019678227319429773,-0.6073106994801187,0.0019678227319429773,0.0026520304743115177,0.041558137297846104
LogisticRegression,50,log_Milk,0.21758634372641877,0.3166139013599795,0.21758634372641877,0.4417338383535025,0.09090418114708887
LogisticRegression,50,log_Grocery,0.20332759517224783,0.24516640409506285,0.20332759517224783,0.6590026752781761,0.15815810854478135
LogisticRegression,50,log_Frozen,-0.14126391225194512,0.5353007333748953,0.14126391225194512,0.20447797910987936,0.19821878929166875
LogisticRegression,50,log_Detergents_Paper,1.5674174835020054,1.0464445217830054,1.5674174835020054,1.0837102343622873,0.08816507541881913
LogisticRegression,50,log_Delicassen,-0.2526813372531191,-1.4509246989658249,0.2526813372531191,0.12095191443228182,0.13983737030024362
LogisticRegression,50,Region_2,-0.08072683455263313,-0.34582202838753073,0.08072683455263313,0.13276562046259496,-0.03748292739926268
LogisticRegression,50,Region_3,-0.22520860743897858,-1.5963668427946611,0.22520860743897858,0.13838905732482165,0.010847141226436874
LogisticRegression,51,log_Fresh,-0.0006435976886186009,0.09460703150053348,0.0006435976886186009,0.0026520304743115177,-0.045626101656553925
LogisticRegression,51,log_Milk,-0.45185275650169393,-0.8288626522615004,0.45185275650169393,0.4417338383535025,0.18000534752031289
LogisticRegression,51,log_Grocery,-0.6047219233260922,-0.6710895589975168,0.6047219233260922,0.6590026752781761,0.16875775864939868
LogisticRegression,51,log_Frozen,-0.12290752215241603,0.46112965871175937,0.12290752215241603,0.20447797910987936,0.030210627087958825
LogisticRegression,51,log_Detergents_Paper,-1.7973123743200687,-1.3826411251141297,1.7973123743200687,1.0837102343622873,-0.09430058278378116
LogisticRegression,51,log_Delicassen,0.024922863578893145,0.22818746970421983,0.024922863578893145,0.12095191443228182,0.005855273229711078
LogisticRegression,51,Region_2,0.6531534795622134,2.8916607905595657,0.6531534795622134,0.13276562046259496,0.11777048484259856
LogisticRegression,51,Region_3,-0.22520860743897858,-1.5963668427946611,0.22520860743897858,0.13838905732482165,-0.16340023766810338
LogisticRegression,52,log_Fresh,0.0004700708424665453,-0.20473338961623894,0.0004700708424665453,0.0026520304743115177,0.12166439166994442
LogisticRegression,52,log_Milk,0.8672743152586395,1.4282943190506552,0.8672743152586395,0.4417338383535025,0.11644463306937175
LogisticRegression,52,log_Grocery,1.0050838731139133,1.1542863946324644,1.0050838731139133,0.6590026752781761,0.1380538166310898
LogisticRegression,52,log_Frozen,0.7212061068122947,-2.9496071287853782,0.7212061068122947,0.20447797910987936,0.1434028515092291
LogisticRegression,52,log_Detergents_Paper,1.7854994987385593,1.2038835779455723,1.7854994987385593,1.0837102343622873,0.033025431099025004
LogisticRegression,52,log_Delicassen,-0.08930212040001577,-0.4627118754436206,0.08930212040001577,0.12095191443228182,-0.08907753788781575
LogisticRegression,52,Region_2,-0.08072683455263313,-0.34582202838753073,0.08072683455263313,0.13276562046259496,0.17665019662038556
LogisticRegression,52,Region_3,0.10118067870446866,0.6264224319827152,0.10118067870446866,0.13838905732482165,0.03800559076333715
LogisticRegression,53,log_Fresh,0.005586775217687895,-1.5800406732981989,0.005586775217687895,0.0026520304743115177,-0.024830545817272454
LogisticRegression,53,log_Milk,-0.5696278204765571,-1.0303874426995032,0.5696278204765571,0.4417338383535025,0.18741497968548687
LogisticRegression,53,log_Grocery,-0.8918592705015227,-0.996677657936051,0.8918592705015227,0.6590026752781761,-0.15758428292412316
LogisticRegression,53,log_Frozen,0.10341729061982155,-0.4533613983659892,0.10341729061982155,0.20447797910987936,-0.08392079989704088
LogisticRegression,53,log_Detergents_Paper,-1.7323818110647875,-1.3357660694891766,1.7323818110647875,1.0837102343622873,0.12085971805459661
LogisticRegression,53,log_Delicassen,-0.19098512282424754,-1.077749998806718,0.19098512282424754,0.12095191443228182,-0.17648878471338225
LogisticRegression,53,Region_2,-0.08072683455263313,-0.34582202838753073,0.08072683455263313,0.13276562046259496,-0.11642125268618031
LogisticRegression,53,Region_3,0.10118067870446866,0.6264224319827152,0.10118067870446866,0.13838905732482165,0.13504665272486033
LogisticRegression,54,log_Fresh,0.00014299947837446858,-0.11682062461500357,0.00014299947837446858,0.0026520304743115177,0.06599724656989298
LogisticRegression,54,log_Milk,0.4737134892042151,0.7548727956953135,0.4737134892042151,0.4417338383535025,-0.17415616173697954
LogisticRegression,54,log_Grocery,0.47607268320914176,0.554434966970307,0.47607268320914176,0.6590026752781761,0.15562938952813643
LogisticRegression,54,log_Frozen,-0.11261337372660005,0.4195349852849734,0.11261337372660005,0.20447797910987936,0.04549577016786391
LogisticRegression,54,log_Detergents_Paper,1.2677961884154914,0.8301401472408908,1.2677961884154914,1.0837102343622873,0.12016595104727412
LogisticRegression,54,log_Delicassen,-0.16561343712598386,-0.92428724115412,0.16561343712598386,0.12095191443228182,-0.17074190775614065
LogisticRegression,54,Region_2,-0.08072683455263313,-0.34582202838753073,0.08072683455263313,0.13276562046259496,0.01767938047907336
LogisticRegression,54,Region_3,0.10118067870446866,0.6264224319827152,0.10118067870446866,0.13838905732482165,-0.02007561002572711
LogisticRegression,55,log_Fresh,0.000893520594702838,-0.3185514814614808,0.000893520594702838,0.0026520304743115177,0.0356543606821893
LogisticRegression,55,log_Milk,0.09842480623412589,0.11271671751697296,0.09842480623412589,0.4417338383535025,0.15436171615483202
LogisticRegression,55,log_Grocery,-0.8378165334413752,-0.935398022270621,0.8378165334413752,0.6590026752781761,0.13563488871217166
LogisticRegression,55,log_Frozen,0.09300367172245638,-0.4112839909584331,0.09300367172245638,0.20447797910987936,-0.007413275682054354
LogisticRegression,55,log_Detergents_Paper,-0.535382673166752,-0.47162138385952374,0.535382673166752,1.0837102343622873,-0.011264463057677199
LogisticRegression,55,log_Delicassen,0.21891501878444944,1.4015652048246283,0.21891501878444944,0.12095191443228182,0.12991789233755546
LogisticRegression,55,Region_2,-0.08072683455263313,-0.34582202838753073,0.08072683455263313,0.13276562046259496,0.016001034442034268
LogisticRegression,55,Region_3,0.10118067870446866,0.6264224319827152,0.10118067870446866,0.13838905732482165,-0.16530808028160693
LogisticRegression,56,log_Fresh,-0.0030001373844921056,0.7280159545791307,0.0030001373844921056,0.0026520304743115177,-0.09612565208180257
LogisticRegression,56,log_Milk,0.20322772570084993,0.2920448848727571,0.20322772570084993,0.4417338383535025,-0.07026231208407677
LogisticRegression,56,log_Grocery,-0.24921685902889407,-0.2679785767927946,0.24921685902889407,0.6590026752781761,0.056917819961450844
LogisticRegression,56,log_Frozen,-0.21541251067380138,0.8349065491096276,0.21541251067380138,0.20447797910987936,-0.05383900375398129
LogisticRegression,56,log_Detergents_Paper,0.1399178172909976,0.015895533702259684,0.1399178172909976,1.0837102343622873,0.11804893341476086
LogisticRegression,56,log_Delicassen,-0.02526359841325959,-0.07536953260683027,0.02526359841325959,0.12095191443228182,-0.11239649623454527
LogisticRegression,56,Region_2,-0.08072683455263313,-0.34582202838753073,0.08072683455263313,0.13276562046259496,-0.13827136895463354
LogisticRegression,56,Region_3,0.10118067870446866,0.6264224319827152,0.10118067870446866,0.13838905732482165,0.17779870037660722
LogisticRegression,57,log_Fresh,-0.00036043245197232545,0.018495694224320163,0.00036043245197232545,0.0026520304743115177,0.0838706593708215
LogisticRegression,57,log_Milk,-0.7584958915298171,-1.3535594041901085,0.7584958915298171,0.4417338383535025,0.0873748020436701
LogisticRegression,57,log_Grocery,-1.271640446370494,-1.4273155818431507,1.271640446370494,0.6590026752781761,0.0065454850670216
LogisticRegression,57,log_Frozen,0.0925633882833181,-0.40950497582200357,0.0925633882833181,0.20447797910987936,-0.042498955756191004
LogisticRegression,57,log_Detergents_Paper,-0.794986885766352,-0.6590363899212278,0.794986885766352,1.0837102343622873,-0.10711290643568168
LogisticRegression,57,log_Delicassen,-0.14264918208807975,-0.7853860286976093,0.14264918208807975,0.12095191443228182,-0.1932364504721182
LogisticRegression,57,Region_2,-0.08072683455263313,-0.34582202838753073,0.08072683455263313,0.13276562046259496,-0.12162107711549885
LogisticRegression,57,Region_3,-0.22520860743897858,-1.5963668427946611,0.22520860743897858,0.13838905732482165,0.045328529858663286
LogisticRegression,58,log_Fresh,0.008659760181579917,-2.4060212837771875,0.008659760181579917,0.0026520304743115177,0.1242299548174845
LogisticRegression,58,log_Milk,0.051443931232575894,0.03232779078030744,0.051443931232575894,0.4417338383535025,0.03941691018198373
LogisticRegression,58,log_Grocery,1.159395742932545,1.3292622688338889,1.159395742932545,0.6590026752781761,-0.18063819871305836
LogisticRegression,58,log_Frozen,0.07552568497618088,-0.34066220460009267,0.07552568497618088,0.20447797910987936,0.16901604065754844
LogisticRegression,58,log_Detergents_Paper,1.6122317476877235,1.078797100001646,1.6122317476877235,1.0837102343622873,-0.09123883363704577
LogisticRegression,58,log_Delicassen,-0.034331467892004405,-0.13021729766239534,0.034331467892004405,0.12095191443228182,0.19224459567279734
LogisticRegression,58,Region_2,-0.08072683455263313,-0.34582202838753073,0.08072683455263313,0.13276562046259496,0.04111659033999274
LogisticRegression,58,Region_3,0.10118067870446866,0.6264224319827152,0.10118067870446866,0.13838905732482165,0.18466448355069898
LogisticRegression,59,log_Fresh,-0.0010165963324869523,0.19486448514586843,0.0010165963324869523,0.0026520304743115177,-0.07376058267616079
LogisticRegression,59,log_Milk,-0.16321543351519027,-0.3349756267375233,0.16321543351519027,0.4417338383535025,0.11364563725381316
LogisticRegression,59,log_Grocery,-0.6244440346461696,-0.6934526712673915,0.6244440346461696,0.6590026752781761,-0.04619247506791235
LogisticRegression,59,log_Frozen,-0.19527129333785112,0.7535236777100087,0.19527129333785112,0.20447797910987936,-0.12360183706666161
LogisticRegression,59,log_Detergents_Paper,-0.8592160231366656,-0.7054050680295502,0.8592160231366656,1.0837102343622873,-0.08711041888413007
LogisticRegression,59,log_Delicassen,-0.04041910529384382,-0.16703888036627176,0.04041910529384382,0.12095191443228182,0.18303810674804366
LogisticRegression,59,Region_2,-0.08072683455263313,-0.34582202838753073,0.08072683455263313,0.13276562046259496,0.033652307853080765
LogisticRegression,59,Region_3,0.10118067870446866,0.6264224319827152,0.10118067870446866,0.13838905732482165,-0.18069422178041075
LogisticRegression,60,log_Fresh,-0.0009956571309924155,0.18923628499629958,0.0009956571309924155,0.0026520304743115177,-0.039503645863875864
LogisticRegression,60,log_Milk,0.375625877005851,0.5870351836770487,0.375625877005851,0.4417338383535025,0.0792900151818633
LogisticRegression,60,log_Grocery,0.5808084544460721,0.6731959744928118,0.5808084544460721,0.6590026752781761,0.08491587603477785
LogisticRegression,60,log_Frozen,0.019017340187281326,-0.1123338329702473,0.019017340187281326,0.20447797910987936,0.0716869999424441
LogisticRegression,60,log_Detergents_Paper,0.7335022735428222,0.4444195293361442,0.7335022735428222,1.0837102343622873,0.01346536100979337
LogisticRegression,60,log_Delicassen,0.09129844148105297,0.6296656902210142,0.09129844148105297,0.12095191443228182,0.03699189331773717
LogisticRegression,60,Region_2,-0.08072683455263313,-0.34582202838753073,0.08072683455263313,0.13276562046259496,-0.11155976148487695
LogisticRegression,60,Region_3,0.10118067870446866,0.6264224319827152,0.10118067870446866,0.13838905732482165,0.12036180674230373
LogisticRegression,61,log_Fresh,-0.00111641436842923,0.2216943470661799,0.00111641436842923,0.0026520304743115177,-0.1439617725465531
LogisticRegression,61,log_Milk,-0.02160849818523589,-0.09267214581538497,0.02160849818523589,0.4417338383535025,-0.035689931525985596
LogisticRegression,61,log_Grocery,0.4054842865290906,0.47439403147982423,0.4054842865290906,0.6590026752781761,0.03643068447492376
LogisticRegression,61,log_Frozen,0.5185763747392702,-2.1308587308122346,0.5185763747392702,0.20447797910987936,-0.1805463249075675
LogisticRegression,61,log_Detergents_Paper,1.3557770092914818,0.8936557809537347,1.3557770092914818,1.0837102343622873,0.08959778846613853
LogisticRegression,61,log_Delicassen,-0.17276750610164357,-0.9675592242024033,0.17276750610164357,0.12095191443228182,0.018386926985216434
LogisticRegression,61,Region_2,-0.08072683455263313,-0.34582202838753073,0.08072683455263313,0.13276562046259496,-0.10624845950912319
LogisticRegression,61,Region_3,0.10118067870446866,0.6264224319827152,0.10118067870446866,0.13838905732482165,-0.028579856538186288
LogisticRegression,62,log_Fresh,-0.004260619652274209,1.0668181046950806,0.004260619652274209,0.0026520304743115177,0.14444250323229396
LogisticRegression,62,log_Milk,0.22315698162793804,0.3261458141250557,0.22315698162793804,0.4417338383535025,0.024964275174524042
LogisticRegression,62,log_Grocery,0.3502120911525763,0.41172029992304543,0.3502120911525763,0.6590026752781761,-0.04457118585681635
LogisticRegression,62,log_Frozen,-0.28285825764789285,1.1074287338857423,0.28285825764789285,0.20447797910987936,-0.00015227671205023108
LogisticRegression,62,log_Detergents_Paper,-0.6122906590306141,-0.5271432511379261,0.6122906590306141,1.0837102343622873,-0.16202267475417212
LogisticRegression,62,log_Delicassen,0.027786739115590472,0.24550985981507728,0.027786739115590472,0.12095191443228182,0.13031685361974799
LogisticRegression,62,Region_2,-0.08072683455263313,-0.34582202838753073,0.08072683455263313,0.13276562046259496,-0.13962533773613145
LogisticRegression,62,Region_3,0.10118067870446866,0.6264224319827152,0.10118067870446866,0.13838905732482165,0.14521056064349752
LogisticRegression,63,log_Fresh,-0.001759201184659941,0.3944675474288823,0.001759201184659941,0.0026520304743115177,-0.12214349592793834
LogisticRegression,63,log_Milk,0.3445381754311873,0.5338410495913274,0.3445381754311873,0.4417338383535025,0.14435395928653072
LogisticRegression,63,log_Grocery,0.13896494162156584,0.17218490510739243,0.13896494162156584,0.6590026752781761,-0.12609717793768044
LogisticRegression,63,log_Frozen,-0.34191527329917165,1.346055298994824,0.34191527329917165,0.20447797910987936,0.157559149038704
LogisticRegression,63,log_Detergents_Paper,0.17547579013397702,0.041565755418527646,0.17547579013397702,1.0837102343622873,0.1819669779101742
LogisticRegression,63,log_Delicassen,0.11466787179820084,0.7710176391569564,0.11466787179820084,0.12095191443228182,-0.11870223839092726
LogisticRegression,63,Region_2,-0.08072683455263313,-0.34582202838753073,0.08072683455263313,0.13276562046259496,-0.14132587270581057
LogisticRegression,63,Region_3,-0.22520860743897858,-1.5963668427946611,0.22520860743897858,0.13838905732482165,-0.047030950773696484
LogisticRegression,64,log_Fresh,0.0015113753973515702,-0.48462326283226237,0.0015113753973515702,0.0026520304743115177,0.1025177439749882
LogisticRegression,64,log_Milk,-0.5382732799344269,-0.9767367207318949,0.5382732799344269,0.4417338383535025,0.16103886232663506
LogisticRegression,64,log_Grocery,-0.7808883116870943,-0.8708465047503197,0.7808883116870943,0.6590026752781761,-0.16785743868409228
LogisticRegression,64,log_Frozen,-0.08781180750297596,0.3193214460127653,0.08781180750297596,0.20447797910987936,0.14363239869760985
LogisticRegression,64,log_Detergents_Paper,-1.0236895341873016,-0.824142756304614,1.0236895341873016,1.0837102343622873,-0.07765224869833123
LogisticRegression,64,log_Delicassen,-0.10629853054863031,-0.5655160802024514,0.10629853054863031,0.12095191443228182,-0.19962777736296708
LogisticRegression,64,Region_2,-0.08072683455263313,-0.34582202838753073,0.08072683455263313,0.13276562046259496,0.12294341647410006
LogisticRegression,64,Region_3,0.10118067870446866,0.6264224319827152,0.10118067870446866,0.13838905732482165,0.08450274301437666
LogisticRegression,65,log_Fresh,0.00694655305599601,-1.9455322530484085,0.00694655305599601,0.0026520304743115177,-0.0568218759825124
LogisticRegression,65,log_Milk,0.48085764397845066,0.7670971515576187,0.48085764397845066,0.4417338383535025,-0.15628275568821395
LogisticRegression,65,log_Grocery,0.9023645490044769,1.0378118580037987,0.9023645490044769,0.6590026752781761,-0.18094749293157092
LogisticRegression,65,log_Frozen,0.24522390338598504,-1.02634708924403,0.24522390338598504,0.20447797910987936,0.15167458649959065
LogisticRegression,65,log_Detergents_Paper,1.9066893581908515,1.29137367687898,1.9066893581908515,1.0837102343622873,-0.17917917640522166
LogisticRegression,65,log_Delicassen,-0.13484181088885946,-0.7381624926464823,0.13484181088885946,0.12095191443228182,0.09580990657793875
LogisticRegression,65,Region_2,-0.08072683455263313,-0.34582202838753073,0.08072683455263313,0.13276562046259496,0.1629291249161578
LogisticRegression,65,Region_3,0.10118067870446866,0.6264224319827152,0.10118067870446866,0.13838905732482165,0.11870436996912886
LogisticRegression,66,log_Fresh,-0.004367626026156575,1.095580103553857,0.004367626026156575,0.0026520304743115177,-0.09869434635786832
LogisticRegression,66,log_Milk,0.8992835848010196,1.483065347134991,0.8992835848010196,0.4417338383535025,0.0927269719618361
LogisticRegression,66,log_Grocery,0.11221175309360423,0.14184917943795727,0.11221175309360423,0.6590026752781761,-0.13880382008701184
LogisticRegression,66,log_Frozen,-0.45685483877236405,1.810481640243654,0.45685483877236405,0.20447797910987936,-0.0756418345720046
LogisticRegression,66,log_Detergents_Paper,-0.45400098316735227,-0.41286983367542346,0.45400098316735227,1.0837102343622873,-0.1118599143560653
LogisticRegression,66,log_Delicassen,0.036894815329343696,0.3006008186617045,0.036894815329343696,0.12095191443228182,0.16984763215771848
LogisticRegression,66,Region_2,-0.08072683455263313,-0.34582202838753073,0.08072683455263313,0.13276562046259496,-0.051146898680692526
LogisticRegression,66,Region_3,0.10118067870446866,0.6264224319827152,0.10118067870446866,0.13838905732482165,-0.07851297987930339
LogisticRegression,67,log_Fresh,-0.0008927952261675614,0.16158826851051178,0.0008927952261675614,0.0026520304743115177,-0.08969970846589966
LogisticRegression,67,log_Milk,-0.9552861496965862,-1.690287011875916,0.9552861496965862,0.4417338383535025,-0.06027026745665531
LogisticRegression,67,log_Grocery,-0.12207522651503347,-0.1238113243147034,0.12207522651503347,0.6590026752781761,-0.0722637869550394
LogisticRegression,67,log_Frozen,-0.3722469499169389,1.4686138760830403,0.3722469499169389,0.20447797910987936,-0.06875311887355973
LogisticRegression,67,log_Detergents_Paper,-1.2447471587273653,-0.9837299819058437,1.2447471587273653,1.0837102343622873,0.1363165576929316
LogisticRegression,67,log_Delicassen,-0.37364271610609745,-2.182569690512804,0.37364271610609745,0.12095191443228182,0.0049818317774603105
LogisticRegression,67,Region_2,-0.08072683455263313,-0.34582202838753073,0.08072683455263313,0.13276562046259496,0.15955069167170954
LogisticRegression,67,Region_3,0.10118067870446866,0.6264224319827152,0.10118067870446866,0.13838905732482165,-0.15481139617790998
LogisticRegression,68,log_Fresh,-0.005210917148470023,1.3222463984444717,0.005210917148470023,0.0026520304743115177,0.17483723560349612
LogisticRegression,68,log_Milk,0.24953559726163108,0.37128223611637984,0.24953559726163108,0.4417338383535025,-0.16878460312795385
LogisticRegression,68,log_Grocery,0.43164412758088755,0.5040569541207617,0.43164412758088755,0.6590026752781761,-0.10029879255169055
LogisticRegression,68,log_Frozen,-0.28851242987130976,1.1302750575837792,0.28851242987130976,0.20447797910987936,-0.07430588231500992
LogisticRegression,68,log_Detergents_Paper,0.5830401795488974,0.3357970459967828,0.5830401795488974,1.0837102343622873,-0.1461475621255931
LogisticRegression,68,log_Delicassen,0.3582193134169558,2.244158852775165,0.3582193134169558,0.12095191443228182,0.036156234633319795
LogisticRegression,68,Region_2,-0.08072683455263313,-0.34582202838753073,0.08072683455263313,0.13276562046259496,-0.01785000746505294
LogisticRegression,68,Region_3,0.10118067870446866,0.6264224319827152,0.10118067870446866,0.13838905732482165,-0.0769063364483189
LogisticRegression,69,log_Fresh,-0.005057438709987474,1.280993279472936,0.005057438709987474,0.0026520304743115177,0.04516407969157504
LogisticRegression,69,log_Milk,0.11455869050047443,0.14032339023693702,0.11455869050047443,0.4417338383535025,-0.13182509115962762
LogisticRegression,69,log_Grocery,0.17504841769904655,0.21310034329308833,0.17504841769904655,0.6590026752781761,0.10466670524909993
LogisticRegression,69,log_Frozen,0.18925648669261005,-0.8002043988915492,0.18925648669261005,0.20447797910987936,0.018715340565457123
LogisticRegression,69,log_Detergents_Paper,0.9833348605065265,0.624780145719632,0.9833348605065265,1.0837102343622873,0.0766579351933313
LogisticRegression,69,log_Delicassen,0.04894642350215104,0.3734959761353829,0.04894642350215104,0.12095191443228182,0.07335531578382848
LogisticRegression,69,Region_2,-0.08072683455263313,-0.34582202838753073,0.08072683455263313,0.13276562046259496,-0.11569089319012194
LogisticRegression,69,Region_3,0.10118067870446866,0.6264224319827152,0.10118067870446866,0.13838905732482165,-0.06894651734358317
LogisticRegression,70,log_Fresh,-0.0014460091131751585,0.31028536579056387,0.0014460091131751585,0.0026520304743115177,-0.0432617894115544
LogisticRegression,70,log_Milk,-0.666291348193998,-1.1957883052319405,0.666291348193998,0.4417338383535025,0.004871803236534078
LogisticRegression,70,log_Grocery,-0.5343453273596949,-0.5912887865941097,0.5343453273596949,0.6590026752781761,-0.10630877528612107
LogisticRegression,70,log_Frozen,-0.2208326708254597,0.8568073205093985,0.2208326708254597,0.20447797910987936,0.07551070977156654
LogisticRegression,70,log_Detergents_Paper,-1.1612358705184276,-0.9234410196075373,1.1612358705184276,1.0837102343622873,-0.1496583894433329
LogisticRegression,70,log_Delicassen,-0.13739168464019721,-0.7535856167620806,0.13739168464019721,0.12095191443228182,-0.16359071232463673
LogisticRegression,70,Region_2,0.6531534795622134,2.8916607905595657,0.6531534795622134,0.13276562046259496,-0.09091899313170258
LogisticRegression,70,Region_3,-0.22520860743897858,-1.5963668427946611,0.22520860743897858,0.13838905732482165,-0.0502103831602459
LogisticRegression,71,log_Fresh,-0.0035347871338047275,0.8717232396842182,0.0035347871338047275,0.0026520304743115177,-0.17502116772876297
LogisticRegression,71,log_Milk,0.007964247843165462,-0.042070250601625336,0.007964247843165462,0.4417338383535025,0.05865922326378126
LogisticRegression,71,log_Grocery,-0.9376880037899856,-1.0486433471608505,0.9376880037899856,0.6590026752781761,0.15238828548604755
LogisticRegression,71,log_Frozen,-0.08555012868158153,0.31018287640206704,0.08555012868158153,0.20447797910987936,0.1158233776939091
LogisticRegression,71,log_Detergents_Paper,-1.1835843634412686,-0.9395749755809878,1.1835843634412686,1.0837102343622873,-0.18395640904300004
LogisticRegression,71,log_Delicassen,0.13984064041414307,0.9232772302418975,0.13984064041414307,0.12095191443228182,-0.189024582321523
LogisticRegression,71,Region_2,0.6531534795622134,2.8916607905595657,0.6531534795622134,0.13276562046259496,-0.10665014528464418
LogisticRegression,71,Region_3,-0.22520860743897858,-1.5963668427946611,0.22520860743897858,0.13838905732482165,-0.1019499253046706
LogisticRegression,72,log_Fresh,0.0014619391140984804,-0.47133539715735756,0.0014619391140984804,0.0026520304743115177,-0.0081337962277018
LogisticRegression,72,log_Milk,0.8068917389075201,1.3249737549636496,0.8068917389075201,0.4417338383535025,-0.17875523902040522
LogisticRegression,72,log_Grocery,1.221960080597554,1.4002046382681697,1.221960080597554,0.6590026752781761,-0.05022138814293506
LogisticRegression,72,log_Frozen,-0.0313695731023057,0.0912602008993416,0.0313695731023057,0.20447797910987936,-0.10974184392578966
LogisticRegression,72,log_Detergents_Paper,1.766147797976707,1.1899130838643357,1.766147797976707,1.0837102343622873,-0.037415106188809055
LogisticRegression,72,log_Delicassen,0.0652621473189389,0.47218299282792336,0.0652621473189389,0.12095191443228182,-0.10501999634063114
LogisticRegression,72,Region_2,-0.08072683455263313,-0.34582202838753073,0.08072683455263313,0.13276562046259496,-0.023162657797146963
LogisticRegression,72,Region_3,0.10118067870446866,0.6264224319827152,0.10118067870446866,0.13838905732482165,0.08706400348218934
LogisticRegression,73,log_Fresh,0.0024061842543119647,-0.7251368919643972,0.0024061842543119647,0.0026520304743115177,-0.022208137956566537
LogisticRegression,73,log_Milk,0.08923324973275827,0.09698905467203903,0.08923324973275827,0.4417338383535025,-0.18170134508112393
LogisticRegression,73,log_Grocery,1.114299731445356,1.2781274206706035,1.114299731445356,0.6590026752781761,-0.14823449483311466
LogisticRegression,73,log_Frozen,0.020677739158913397,-0.1190428632004708,0.020677739158913397,0.20447797910987936,-0.1642558028575416
LogisticRegression,73,log_Detergents_Paper,2.5160307749313766,1.7312730304700121,2.5160307749313766,1.0837102343622873,-0.11640812569544541
LogisticRegression,73,log_Delicassen,-0.23131270911021176,-1.3216747689035153,0.23131270911021176,0.12095191443228182,-0.152994201794905
LogisticRegression,73,Region_2,0.6531534795622134,2.8916607905595657,0.6531534795622134,0.13276562046259496,-0.16655393039417637
LogisticRegression,73,Region_3,-0.22520860743897858,-1.5963668427946611,0.22520860743897858,0.13838905732482165,-0.021960410902575667
LogisticRegression,74,log_Fresh,-0.0036793319131103635,0.9105751008079405,0.0036793319131103635,0.0026520304743115177,-0.11212355909930918
LogisticRegression,74,log_Milk,0.40768607075110985,0.641893348112383,0.40768607075110985,0.4417338383535025,-0.0215338902992189
LogisticRegression,74,log_Grocery,-0.1623741045047373,-0.16950665166620693,0.1623741045047373,0.6590026752781761,0.032750169615273966
LogisticRegression,74,log_Frozen,-0.3487379162837833,1.3736229612349358,0.3487379162837833,0.20447797910987936,0.003147339710884267
LogisticRegression,74,log_Detergents_Paper,-0.5602172346827111,-0.4895500971513681,0.5602172346827111,1.0837102343622873,-0.09164545235011788
LogisticRegression,74,log_Delicassen,-0.007915309490960802,0.029563040271139332,0.007915309490960802,0.12095191443228182,-0.1441065690591733
LogisticRegression,74,Region_2,-0.08072683455263313,-0.34582202838753073,0.08072683455263313,0.13276562046259496,0.04342779030584526
LogisticRegression,74,Region_3,0.10118067870446866,0.6264224319827152,0.10118067870446866,0.13838905732482165,0.0011047484525428253
LogisticRegression,75,log_Fresh,-0.0016882251315267175,0.37539005619959914,0.0016882251315267175,0.0026520304743115177,-0.042874065068815165
LogisticRegression,75,log_Milk,-0.5368903235712237,-0.9743703455258589,0.5368903235712237,0.4417338383535025,0.08171365983417755
LogisticRegression,75,log_Grocery,-0.6545927013253755,-0.7276385658094099,0.6545927013253755,0.6590026752781761,-0.10526757387721185
LogisticRegression,75,log_Frozen,-0.07549312423479011,0.2695464100998178,0.07549312423479011,0.20447797910987936,-0.14014187731098665
LogisticRegression,75,log_Detergents_Paper,-0.7592938633103855,-0.633268672390916,0.7592938633103855,1.0837102343622873,-0.0645387692100198
LogisticRegression,75,log_Delicassen,-0.21070321928292904,-1.1970165502765826,0.21070321928292904,0.12095191443228182,0.03588083894597777
LogisticRegression,75,Region_2,-0.08072683455263313,-0.34582202838753073,0.08072683455263313,0.13276562046259496,-0.1791183202678743
LogisticRegression,75,Region_3,0.10118067870446866,0.6264224319827152,0.10118067870446866,0.13838905732482165,-0.1841674724856032
LogisticRegression,76,log_Fresh,-0.002371447211217562,0.5590317586832424,0.002371447211217562,0.0026520304743115177,-0.08555535018286996
LogisticRegression,76,log_Milk,-0.21451888151785065,-0.42276090367602487,0.21451888151785065,0.4417338383535025,-0.051540443170899675
LogisticRegression,76,log_Grocery,-0.2489863200602128,-0.26771716619858743,0.2489863200602128,0.6590026752781761,0.0033946507750165222
LogisticRegression,76,log_Frozen,0.011500188733120822,-0.08195993054512164,0.011500188733120822,0.20447797910987936,-0.19895646954063873
LogisticRegression,76,log_Detergents_Paper,0.5365525192188851,0.3022363997526428,0.5365525192188851,1.0837102343622873,0.0958091267709672
LogisticRegression,76,log_Delicassen,-0.05923533363996438,-0.280850407316342,0.05923533363996438,0.12095191443228182,-0.016457541272752924
LogisticRegression,76,Region_2,-0.08072683455263313,-0.34582202838753073,0.08072683455263313,0.13276562046259496,0.05314571158804665
LogisticRegression,76,Region_3,0.10118067870446866,0.6264224319827152,0.10118067870446866,0.13838905732482165,-0.052890061318493414
LogisticRegression,77,log_Fresh,-0.00443213032863841,1.1129180677054902,0.00443213032863841,0.0026520304743115177,-0.1962170254145421
LogisticRegression,77,log_Milk,-0.42949885347940575,-0.7906129118665426,0.42949885347940575,0.4417338383535025,-0.07824358601181897
LogisticRegression,77,log_Grocery,-0.8329936770282462,-0.9299293339705762,0.8329936770282462,0.6590026752781761,0.06149785400036206
LogisticRegression,77,log_Frozen,0.1105241333250503,-0.48207740178771896,0.1105241333250503,0.20447797910987936,0.0623574481605878
LogisticRegression,77,log_Detergents_Paper,-1.5495870900373518,-1.203801825125227,1.5495870900373518,1.0837102343622873,0.023390595837871897
LogisticRegression,77,log_Delicassen,0.0642013443015155,0.4657666372764619,0.0642013443015155,0.12095191443228182,0.03836247359945766
LogisticRegression,77,Region_2,-0.08072683455263313,-0.34582202838753073,0.08072683455263313,0.13276562046259496,0.1484577456558091
LogisticRegression,77,Region_3,0.10118067870446866,0.6264224319827152,0.10118067870446866,0.13838905732482165,0.19095272218150472
LogisticRegression,78,log_Fresh,0.0019768057350531888,-0.6097252203710735,0.0019768057350531888,0.0026520304743115177,0.08113789824902484
LogisticRegression,78,log_Milk,0.8964209497545902,1.4781670952609332,0.8964209497545902,0.4417338383535025,0.16620952479875112
LogisticRegression,78,log_Grocery,1.6254086071769698,1.8576792234474,1.6254086071769698,0.6590026752781761,-0.15212872421256207
LogisticRegression,78,log_Frozen,0.39907912550120866,-1.6480165517553085,0.39907912550120866,0.20447797910987936,0.09028938033512057
LogisticRegression,78,log_Detergents_Paper,2.311717913613769,1.5837742832082253,2.311717913613769,1.0837102343622873,0.11729421617435037
LogisticRegression,78,log_Delicassen,-0.03280638954939609,-0.12099273407303388,0.03280638954939609,0.12095191443228182,-0.09781097278056922
LogisticRegression,78,Region_2,-0.08072683455263313,-0.34582202838753073,0.08072683455263313,0.13276562046259496,-0.054317925001320516
LogisticRegression,78,Region_3,-0.22520860743897858,-1.5963668427946611,0.22520860743897858,0.13838905732482165,-0.1645609193484787
LogisticRegression,79,log_Fresh,0.002419248647560699,-0.7286484403897627,0.002419248647560699,0.0026520304743115177,0.04429232487657844
LogisticRegression,79,log_Milk,0.020112960975347677,-0.021282600097126615,0.020112960975347677,0.4417338383535025,-0.005774350877774392
LogisticRegression,79,log_Grocery,-0.2877183711637183,-0.311635851840953,0.2877183711637183,0.6590026752781761,0.1376931087765576
LogisticRegression,79,log_Frozen,-0.015318659216431909,0.02640466417421772,0.015318659216431909,0.20447797910987936,0.09380985506252787
LogisticRegression,79,log_Detergents_Paper,-0.9593316493782702,-0.7776811320851091,0.9593316493782702,1.0837102343622873,-0.13751346351343174
LogisticRegression,79,log_Delicassen,0.20599576239111075,1.3234220047029905,0.20599576239111075,0.12095191443228182,0.08103396147128133
LogisticRegression,79,Region_2,-0.08072683455263313,-0.34582202838753073,0.08072683455263313,0.13276562046259496,-0.01805707110025115
LogisticRegression,79,Region_3,0.10118067870446866,0.6264224319827152,0.10118067870446866,0.13838905732482165,-0.17205621762540724
LogisticRegression,80,log_Fresh,0.0005840082110283661,-0.23535835470616545,0.0005840082110283661,0.0026520304743115177,-0.19877930037972044
LogisticRegression,80,log_Milk,0.6707078361386617,1.0919496194608997,0.6707078361386617,0.4417338383535025,-0.1224150723360284
LogisticRegression,80,log_Grocery,0.666369711875821,0.7702147964028798,0.666369711875821,0.6590026752781761,0.14721725319177564
LogisticRegression,80,log_Frozen,0.09927532470270284,-0.436625315638119,0.09927532470270284,0.20447797910987936,0.18782459630039344
LogisticRegression,80,log_Detergents_Paper,1.7584688861672007,1.1843694785086492,1.7584688861672007,1.0837102343622873,-0.173827526447697
LogisticRegression,80,log_Delicassen,0.016699631070532697,0.1784485618303197,0.016699631070532697,0.12095191443228182,0.09692598297399779
LogisticRegression,80,Region_2,-0.08072683455263313,-0.34582202838753073,0.08072683455263313,0.13276562046259496,0.07941036981105914
LogisticRegression,80,Region_3,0.10118067870446866,0.6264224319827152,0.10118067870446866,0.13838905732482165,0.10739886494663875
LogisticRegression,81,log_Fresh,-0.005871542018654582,1.499814248591563,0.005871542018654582,0.0026520304743115177,0.1233713610207256
LogisticRegression,81,log_Milk,-0.9424765393270469,-1.6683685007905402,0.9424765393270469,0.4417338383535025,0.09739526481561733
LogisticRegression,81,log_Grocery,-1.3127795820547925,-1.4739636863519718,1.3127795820547925,0.6590026752781761,-0.148369543323992
LogisticRegression,81,log_Frozen,-0.37747619843335833,1.4897432473831953,0.37747619843335833,0.20447797910987936,0.05491021372430077
LogisticRegression,81,log_Detergents_Paper,-1.0425117007571985,-0.8377309659352195,1.0425117007571985,1.0837102343622873,0.17628051960957408
LogisticRegression,81,log_Delicassen,0.1544089511440562,1.0113948730954585,0.1544089511440562,0.12095191443228182,0.06375538479964699
LogisticRegression,81,Region_2,-0.08072683455263313,-0.34582202838753073,0.08072683455263313,0.13276562046259496,0.02901051443153327
LogisticRegression,81,Region_3,0.10118067870446866,0.6264224319827152,0.10118067870446866,0.13838905732482165,-0.11645246129069312
LogisticRegression,82,log_Fresh,-0.0015955154004203046,0.35047081930244506,0.0015955154004203046,0.0026520304743115177,0.1886788473251511
LogisticRegression,82,log_Milk,0.9394470458408374,1.5517890038764697,0.9394470458408374,0.4417338383535025,-0.0256359637219766
LogisticRegression,82,log_Grocery,0.005768580870195271,0.021152131735441667,0.005768580870195271,0.6590026752781761,0.052558396127410034
LogisticRegression,82,log_Frozen,-0.23094881824769617,0.897682760707046,0.23094881824769617,0.20447797910987936,0.09434941559515264
LogisticRegression,82,log_Detergents_Paper,0.5664421788061995,0.32381451929332483,0.5664421788061995,1.0837102343622873,-0.07542390919275697
LogisticRegression,82,log_Delicassen,0.16886459980511215,1.0988310700263764,0.16886459980511215,0.12095191443228182,0.10960662196954812
LogisticRegression,82,Region_2,-0.08072683455263313,-0.34582202838753073,0.08072683455263313,0.13276562046259496,0.02517451340793042
LogisticRegression,82,Region_3,-0.22520860743897858,-1.5963668427946611,0.22520860743897858,0.13838905732482165,0.1703018149421317
LogisticRegression,83,log_Fresh,-0.0048021885526774175,1.2123851726201142,0.0048021885526774175,0.0026520304743115177,-0.11867576927264097
LogisticRegression,83,log_Milk,-0.02160849818523589,-0.09267214581538497,0.02160849818523589,0.4417338383535025,-0.14891465152152242
LogisticRegression,83,log_Grocery,-0.9128465418430888,-1.0204753486413038,0.9128465418430888,0.6590026752781761,0.19362716150083709
LogisticRegression,83,log_Frozen,-0.2356742346670025,0.9167763413157828,0.2356742346670025,0.20447797910987936,-0.1472046774412418
LogisticRegression,83,log_Detergents_Paper,-1.0501645781333468,-0.843255776359049,1.0501645781333468,1.0837102343622873,-0.07649086394857602
LogisticRegression,83,log_Delicassen,0.09442019095385017,0.6485478523482546,0.09442019095385017,0.12095191443228182,0.159583103381373
LogisticRegression,83,Region_2,-0.08072683455263313,-0.34582202838753073,0.08072683455263313,0.13276562046259496,-0.1647677058021682
LogisticRegression,83,Region_3,0.10118067870446866,0.6264224319827152,0.10118067870446866,0.13838905732482165,0.0953580140393433
LogisticRegression,84,log_Fresh,-0.00391747814571272,0.9745858827998688,0.00391747814571272,0.0026520304743115177,0.13088855394062465
LogisticRegression,84,log_Milk,-0.312167664266231,-0.5898476350752406,0.312167664266231,0.4417338383535025,0.19702819585807552
LogisticRegression,84,log_Grocery,-0.16320130792343107,-0.17044462644091782,0.16320130792343107,0.6590026752781761,0.13451913444160518
LogisticRegression,84,log_Frozen,0.1541979862855105,-0.6585465545564985,0.1541979862855105,0.20447797910987936,-0.05732464287622188
LogisticRegression,84,log_Detergents_Paper,-0.8062929779885525,-0.6671985507780934,0.8062929779885525,1.0837102343622873,-0.08647916441300155
LogisticRegression,84,log_Delicassen,-0.005596555409952559,0.04358821777891892,0.005596555409952559,0.12095191443228182,-0.1693945783334222
LogisticRegression,84,Region_2,-0.08072683455263313,-0.34582202838753073,0.08072683455263313,0.13276562046259496,0.03688217183363851
LogisticRegression,84,Region_3,-0.22520860743897858,-1.5963668427946611,0.22520860743897858,0.13838905732482165,0.02524295615914035
LogisticRegression,85,log_Fresh,-0.00236046712826953,0.5560804472635344,0.00236046712826953,0.0026520304743115177,0.1343584825519401
LogisticRegression,85,log_Milk,0.45855051723217327,0.7289274500002756,0.45855051723217327,0.4417338383535025,-0.08405009730953768
LogisticRegression,85,log_Grocery,-0.4884847426641557,-0.5392869807192803,0.4884847426641557,0.6590026752781761,-0.1258013352090706
LogisticRegression,85,log_Frozen,-0.29076490286205736,1.1393764299923839,0.29076490286205736,0.20447797910987936,-0.1893744763399257
LogisticRegression,85,log_Detergents_Paper,0.4457505111475889,0.23668407792131704,0.4457505111475889,1.0837102343622873,-0.06549478470189474
LogisticRegression,85,log_Delicassen,0.12632528342006852,0.8415284659052829,0.12632528342006852,0.12095191443228182,-0.13283707837202
LogisticRegression,85,Region_2,-0.08072683455263313,-0.34582202838753073,0.08072683455263313,0.13276562046259496,-0.032028486772160664
LogisticRegression,85,Region_3,0.10118067870446866,0.6264224319827152,0.10118067870446866,0.13838905732482165,-0.0775909284743348
LogisticRegression,86,log_Fresh,-0.0014462679354293618,0.31035493403318276,0.0014462679354293618,0.0026520304743115177,0.04545018176177207
LogisticRegression,86,log_Milk,-0.7132953699448243,-1.2762168383474082,0.7132953699448243,0.4417338383535025,0.09006172428886694
LogisticRegression,86,log_Grocery,-1.104987092426852,-1.2383455672281936,1.104987092426852,0.6590026752781761,-0.02022718249474323
LogisticRegression,86,log_Frozen,-0.03240904923528391,0.09546032202618847,0.03240904923528391,0.20447797910987936,0.07225269341846802
LogisticRegression,86,log_Detergents_Paper,-1.0895509053306236,-0.871689786256303,1.0895509053306236,1.0837102343622873,0.1605916400834666
LogisticRegression,86,log_Delicassen,-0.09751823679940613,-0.5124077409387331,0.09751823679940613,0.12095191443228182,-0.14685205371348445
LogisticRegression,86,Region_2,-0.08072683455263313,-0.34582202838753073,0.08072683455263313,0.13276562046259496,0.004513952008145999
LogisticRegression,86,Region_3,0.10118067870446866,0.6264224319827152,0.10118067870446866,0.13838905732482165,0.012458763897022551
LogisticRegression,87,log_Fresh,6.519614156140491e-05,-0.09590804339730556,6.519614156140491e-05,0.0026520304743115177,-0.14993127126477038
LogisticRegression,87,log_Milk,0.24455741955559548,0.36276408138044963,0.24455741955559548,0.4417338383535025,-0.06594961594393195
LogisticRegression,87,log_Grocery,-0.27285287099506395,-0.29477970272871107,0.27285287099506395,0.6590026752781761,-0.13405800816617158
LogisticRegression,87,log_Frozen,0.10458376577278636,-0.45807467342683383,0.10458376577278636,0.20447797910987936,-0.09031408545513259
LogisticRegression,87,log_Detergents_Paper,-0.15258900316916554,-0.19527271730830087,0.15258900316916554,1.0837102343622873,-0.14051422411002387
LogisticRegression,87,log_Delicassen,0.008186590503663787,0.12695672573645123,0.008186590503663787,0.12095191443228182,0.02327743623738049
LogisticRegression,87,Region_2,-0.08072683455263313,-0.34582202838753073,0.08072683455263313,0.13276562046259496,0.15674802373050212
LogisticRegression,87,Region_3,0.10118067870446866,0.6264224319827152,0.10118067870446866,0.13838905732482165,0.023146234680508165
LogisticRegression,88,log_Fresh,0.000569625973821133,-0.23149258601283665,0.000569625973821133,0.0026520304743115177,0.14125958664125127
LogisticRegression,88,log_Milk,-0.3664835790457838,-0.6827875408071876,0.3664835790457838,0.4417338383535025,0.08638549863228134
LogisticRegression,88,log_Grocery,-0.9465138947144517,-1.0586511189669336,0.9465138947144517,0.6590026752781761,0.03668722154360249
LogisticRegression,88,log_Frozen,-0.17444880687098935,0.6693880611736528,0.17444880687098935,0.20447797910987936,0.03459647819502559
LogisticRegression,88,log_Detergents_Paper,-0.5560249825334863,-0.486523601725537,0.5560249825334863,1.0837102343622873,0.053307471109232674
LogisticRegression,88,log_Delicassen,-0.005596555409952559,0.04358821777891892,0.005596555409952559,0.12095191443228182,0.09517868544355262
LogisticRegression,88,Region_2,0.6531534795622134,2.8916607905595657,0.6531534795622134,0.13276562046259496,-0.09154619861822125
LogisticRegression,88,Region_3,-0.22520860743897858,-1.5963668427946611,0.22520860743897858,0.13838905732482165,0.15309821319484201
LogisticRegression,89,log_Fresh,0.00039240273457409234,-0.18385715627128124,0.00039240273457409234,0.0026520304743115177,-0.0697517518713234
LogisticRegression,89,log_Milk,-0.8940693878682091,-1.5855390738795514,0.8940693878682091,0.4417338383535025,0.14179485160532862
LogisticRegression,89,log_Grocery,-1.346929905198439,-1.5126871018179622,1.346929905198439,0.6590026752781761,0.1794719605113544
LogisticRegression,89,log_Frozen,0.03127131331648271,-0.16184740023254757,0.03127131331648271,0.20447797910987936,-0.01600609033009809
LogisticRegression,89,log_Detergents_Paper,-1.2746106163739024,-1.0052891855867234,1.2746106163739024,1.0837102343622873,0.06854838196938429
LogisticRegression,89,log_Delicassen,-0.09783290960445196,-0.5143110656525466,0.09783290960445196,0.12095191443228182,-0.12375466309561141
LogisticRegression,89,Region_2,-0.08072683455263313,-0.34582202838753073,0.08072683455263313,0.13276562046259496,0.0588698314303715
LogisticRegression,89,Region_3,0.10118067870446866,0.6264224319827152,0.10118067870446866,0.13838905732482165,-0.15397795992976776
LogisticRegression,90,log_Fresh,-0.0031036507720924185,0.7558390816323026,0.0031036507720924185,0.0026520304743115177,0.14920152092857114
LogisticRegression,90,log_Milk,0.08047210190307556,0.08199786366109629,0.08047210190307556,0.4417338383535025,0.009326501028927986
LogisticRegression,90,log_Grocery,-0.6855315093192639,-0.7627204100113069,0.6855315093192639,0.6590026752781761,0.15128928199766384
LogisticRegression,90,log_Frozen,0.4790666354971695,-1.9712151514724137,0.4790666354971695,0.20447797910987936,-0.19988815825533754
LogisticRegression,90,log_Detergents_Paper,-0.3231804254563333,-0.31842708418806825,0.3231804254563333,1.0837102343622873,0.10426699489445618
LogisticRegression,90,log_Delicassen,-0.18712811411148544,-1.05442055982541,0.18712811411148544,0.12095191443228182,-0.02086540274352991
LogisticRegression,90,Region_2,-0.08072683455263313,-0.34582202838753073,0.08072683455263313,0.13276562046259496,-0.13893472008329916
LogisticRegression,90,Region_3,0.10118067870446866,0.6264224319827152,0.10118067870446866,0.13838905732482165,0.028459171391328197
LogisticRegression,91,log_Fresh,-0.0035679272799130856,0.8806309038724853,0.0035679272799130856,0.0026520304743115177,-0.083172845512672
LogisticRegression,91,log_Milk,0.28949805133176965,0.4396619500394547,0.28949805133176965,0.4417338383535025,-0.07240499439487988
LogisticRegression,91,log_Grocery,0.3362129380351736,0.3958465109677555,0.3362129380351736,0.6590026752781761,-0.16238515604335554
LogisticRegression,91,log_Frozen,-0.19621137008616343,0.7573221643574427,0.19621137008616343,0.20447797910987936,0.033504625663011545
LogisticRegression,91,log_Detergents_Paper,0.678813811854444,0.40493851215157006,0.678813811854444,1.0837102343622873,0.0009180222185256048
LogisticRegression,91,log_Delicassen,0.22801180951221342,1.456587902467725,0.22801180951221342,0.12095191443228182,-0.02192541398090672
LogisticRegression,91,Region_2,-0.08072683455263313,-0.34582202838753073,0.08072683455263313,0.13276562046259496,0.14445142496113667
LogisticRegression,91,Region_3,0.10118067870446866,0.6264224319827152,0.10118067870446866,0.13838905732482165,-0.08871334246163097
LogisticRegression,92,log_Fresh,-0.0010822823590249853,0.21252008220779078,0.0010822823590249853,0.0026520304743115177,-0.07465392026508719
LogisticRegression,92,log_Milk,-0.2681059290476719,-0.5144536454090575,0.2681059290476719,0.4417338383535025,-0.11330914100907928
LogisticRegression,92,log_Grocery,-0.7286114235616413,-0.8115691840164563,0.7286114235616413,0.6590026752781761,-0.040941980620890966
LogisticRegression,92,log_Frozen,-0.24363690997578347,0.9489504333700289,0.24363690997578347,0.20447797910987936,0.11640526384567235
LogisticRegression,92,log_Detergents_Paper,1.2497167173287742,0.8170881087189447,1.2497167173287742,1.0837102343622873,-0.08556779235516597
LogisticRegression,92,log_Delicassen,0.015925172010049837,0.17376418159149018,0.015925172010049837,0.12095191443228182,-0.005456346804335072
LogisticRegression,92,Region_2,-0.08072683455263313,-0.34582202838753073,0.08072683455263313,0.13276562046259496,0.038136951759320914
LogisticRegression,92,Region_3,-0.22520860743897858,-1.5963668427946611,0.22520860743897858,0.13838905732482165,-0.0024391185352892197
LogisticRegression,93,log_Fresh,-0.000651402641378629,0.09670490692824878,0.000651402641378629,0.0026520304743115177,-0.03945708514087784
LogisticRegression,93,log_Milk,-0.18608773524809646,-0.3741123986312958,0.18608773524809646,0.4417338383535025,0.11291755337432002
LogisticRegression,93,log_Grocery,-1.0589456127956285,-1.1861386426573939,1.0589456127956285,0.6590026752781761,-0.052725628162031024
LogisticRegression,93,log_Frozen,-0.02560999039418876,0.06798795419092113,0.02560999039418876,0.20447797910987936,-0.06729749704727223
LogisticRegression,93,log_Detergents_Paper,0.3779263410086615,0.18772005252885424,0.3779263410086615,1.0837102343622873,0.1792005833032927
LogisticRegression,93,log_Delicassen,-0.2444920176341228,-1.401390916032525,0.2444920176341228,0.12095191443228182,0.15672135693049288
LogisticRegression,93,Region_2,-0.08072683455263313,-0.34582202838753073,0.08072683455263313,0.13276562046259496,0.12181458027984043
LogisticRegression,93,Region_3,0.10118067870446866,0.6264224319827152,0.10118067870446866,0.13838905732482165,-0.1668867839416528
LogisticRegression,94,log_Fresh,-0.0041320087986637674,1.0322490870696794,0.0041320087986637674,0.0026520304743115177,-0.008147270710127691
LogisticRegression,94,log_Milk,-0.6552945882233168,-1.176971760593412,0.6552945882233168,0.4417338383535025,-0.0366887183225518
LogisticRegression,94,log_Grocery,-0.6248139168465735,-0.6938720846374925,0.6248139168465735,0.6590026752781761,0.1605223041502924
LogisticRegression,94,log_Frozen,-0.19452588421419859,0.75051176766314,0.19452588421419859,0.20447797910987936,-0.09932116695959091
LogisticRegression,94,log_Detergents_Paper,-0.20105274710927018,-0.23025994950054757,0.20105274710927018,1.0837102343622873,-0.03417729258238961
LogisticRegression,94,log_Delicassen,-0.14954031492867356,-0.827067620596735,0.14954031492867356,0.12095191443228182,0.09933953505329213
LogisticRegression,94,Region_2,-0.08072683455263313,-0.34582202838753073,0.08072683455263313,0.13276562046259496,-0.08930595021924313
LogisticRegression,94,Region_3,0.10118067870446866,0.6264224319827152,0.10118067870446866,0.13838905732482165,-0.149683635589552
LogisticRegression,95,log_Fresh,-0.0029960703579628664,0.7269227878064561,0.0029960703579628664,0.0026520304743115177,0.04269212288712851
LogisticRegression,95,log_Milk,-0.5824959811826268,-1.0524061392052995,0.5824959811826268,0.4417338383535025,-0.1839875683590662
LogisticRegression,95,log_Grocery,-0.680753618155642,-0.7573027082870221,0.680753618155642,0.6590026752781761,-0.19503468150786576
LogisticRegression,95,log_Frozen,-0.11375101295085278,0.424131745507667,0.11375101295085278,0.20447797910987936,-0.03504189343933567
LogisticRegression,95,log_Detergents_Paper,-1.5147663373136577,-1.1786638217105847,1.5147663373136577,1.0837102343622873,-0.1385922379921367
LogisticRegression,95,log_Delicassen,0.04774062261014612,0.3662025888426457,0.04774062261014612,0.12095191443228182,0.04068127188592094
LogisticRegression,95,Region_2,-0.08072683455263313,-0.34582202838753073,0.08072683455263313,0.13276562046259496,-0.19623363578433695
LogisticRegression,95,Region_3,0.10118067870446866,0.6264224319827152,0.10118067870446866,0.13838905732482165,0.004505772366431515
LogisticRegression,96,log_Fresh,-0.0017905705780418087,0.4028992550357735,0.0017905705780418087,0.0026520304743115177,0.12393249836248071
LogisticRegression,96,log_Milk,0.06539624458388191,0.05620157975865521,0.06539624458388191,0.4417338383535025,-0.13888768985417863
LogisticRegression,96,log_Grocery,0.06551777602824775,0.08890238107076175,0.06551777602824775,0.6590026752781761,0.06798017400496642
LogisticRegression,96,log_Frozen,0.17901619974415492,-0.7588273588685609,0.17901619974415492,0.20447797910987936,0.17102321453752617
LogisticRegression,96,log_Detergents_Paper,0.6342698843745822,0.3727810970038959,0.6342698843745822,1.0837102343622873,-0.1829465212674906
LogisticRegression,96,log_Delicassen,0.12940120575150704,0.8601334387447528,0.12940120575150704,0.12095191443228182,-0.19694081330823676
LogisticRegression,96,Region_2,-0.08072683455263313,-0.34582202838753073,0.08072683455263313,0.13276562046259496,0.1687563150782076
LogisticRegression,96,Region_3,-0.22520860743897858,-1.5963668427946611,0.22520860743897858,0.13838905732482165,-0.03781007703692532
LogisticRegression,97,log_Fresh,-0.00029522970323822735,0.0009699962996261205,0.00029522970323822735,0.0026520304743115177,-0.019554878666661724
LogisticRegression,97,log_Milk,-1.2119569451584578,-2.1294761451380215,1.2119569451584578,0.4417338383535025,0.15605802948245012
LogisticRegression,97,log_Grocery,-1.5334141461474597,-1.7241435706119408,1.5334141461474597,0.6590026752781761,0.1792917432111853
LogisticRegression,97,log_Frozen,0.05097863277917858,-0.24147705809841433,0.05097863277917858,0.20447797910987936,-0.055743734886202295
LogisticRegression,97,log_Detergents_Paper,-2.359592663939099,-1.788565831928728,2.359592663939099,1.0837102343622873,0.022638111937874322
LogisticRegression,97,log_Delicassen,-0.1378216495181165,-0.7561862951972455,0.1378216495181165,0.12095191443228182,0.05012794134902443
LogisticRegression,97,Region_2,-0.08072683455263313,-0.34582202838753073,0.08072683455263313,0.13276562046259496,-0.13565202370327412
LogisticRegression,97,Region_3,0.10118067870446866,0.6264224319827152,0.10118067870446866,0.13838905732482165,0.19786129094287758
LogisticRegression,98,log_Fresh,-0.000948846314129096,0.17665411243636142,0.000948846314129096,0.0026520304743115177,-0.06395779023359222
LogisticRegression,98,log_Milk,0.09756969609824724,0.1112535394458395,0.09756969609824724,0.4417338383535025,0.03572223881246367
LogisticRegression,98,log_Grocery,-0.6534412316707048,-0.7263329020929425,0.6534412316707048,0.6590026752781761,-0.15453496543739612
LogisticRegression,98,log_Frozen,-0.28936780691042263,1.1337313054565459,0.28936780691042263,0.20447797910987936,-0.017674423676628498
LogisticRegression,98,log_Detergents_Paper,0.1434563135687853,0.018450065829108256,0.1434563135687853,1.0837102343622873,0.058496345077700296
LogisticRegression,98,log_Delicassen,-0.13999342377087212,-0.7693224529516194,0.13999342377087212,0.12095191443228182,-0.10371355099244535
LogisticRegression,98,Region_2,-0.08072683455263313,-0.34582202838753073,0.08072683455263313,0.13276562046259496,-0.06135480136211019
LogisticRegression,98,Region_3,-0.22520860743897858,-1.5963668427946611,0.22520860743897858,0.13838905732482165,-0.0914897942855507
LogisticRegression,99,log_Fresh,-0.0007012095551058579,0.11009239352186571,0.0007012095551058579,0.0026520304743115177,-0.009951857331410408
LogisticRegression,99,log_Milk,-0.6176726709655775,-1.1125969367948874,0.6176726709655775,0.4417338383535025,0.03961353862834374
LogisticRegression,99,log_Grocery,-0.6565155345350117,-0.7298188868838358,0.6565155345350117,0.6590026752781761,0.1986750997681081
LogisticRegression,99,log_Frozen,0.018117644166202186,-0.1086985092278466,0.018117644166202186,0.20447797910987936,-0.01363895517541619
LogisticRegression,99,log_Detergents_Paper,-0.9423247584381638,-0.7654034169559375,0.9423247584381638,1.0837102343622873,-0.13718778765725373
LogisticRegression,99,log_Delicassen,0.09093882800061223,0.6274905380827682,0.09093882800061223,0.12095191443228182,-0.13587496694857204
LogisticRegression,99,Region_2,-0.08072683455263313,-0.34582202838753073,0.08072683455263313,0.13276562046259496,-0.10115438620638809
LogisticRegression,99,Region_3,-0.22520860743897858,-1.5963668427946611,0.22520860743897858,0.13838905732482165,-0.015845067852919115
LogisticRegression,100,log_Fresh,-0.003721102646524582,0.9218025608479447,0.003721102646524582,0.0026520304743115177,-0.046580913542460634
LogisticRegression,100,log_Milk,0.16920714330022135,0.23383230143209974,0.16920714330022135,0.4417338383535025,-0.07470582912109489
LogisticRegression,100,log_Grocery,0.007272504344415289,0.022857446595166853,0.007272504344415289,0.6590026752781761,0.17392984238481835
LogisticRegression,100,log_Frozen,-0.36772770441217,1.4503533524213725,0.36772770441217,0.20447797910987936,-0.1978891855341067
LogisticRegression,100,log_Detergents_Paper,0.322525873418473,0.14772501983941777,0.322525873418473,1.0837102343622873,-0.1600237427650642
LogisticRegression,100,log_Delicassen,0.24375037484690756,1.5517839279301973,0.24375037484690756,0.12095191443228182,0.14856195343312523
LogisticRegression,100,Region_2,-0.08072683455263313,-0.34582202838753073,0.08072683455263313,0.13276562046259496,0.08223508997388973
LogisticRegression,100,Region_3,0.10118067870446866,0.6264224319827152,0.10118067870446866,0.13838905732482165,-0.09382645118827058
LogisticRegression,101,log_Fresh,0.0061271014012272895,-1.725273714195477,0.0061271014012272895,0.0026520304743115177,0.18420894694438383
LogisticRegression,101,log_Milk,0.6470901328614181,1.0515373917537743,0.6470901328614181,0.4417338383535025,-0.17739247313388629
LogisticRegression,101,log_Grocery,0.7105533611054069,0.8203151072761944,0.7105533611054069,0.6590026752781761,0.07974708527220514
LogisticRegression,101,log_Frozen,0.12453275044472269,-0.5386808069603491,0.12453275044472269,0.20447797910987936,-0.10667522391351497
LogisticRegression,101,log_Detergents_Paper,1.6112205476818,1.0780670885224717,1.6112205476818,1.0837102343622873,0.06603875809197696
LogisticRegression,101,log_Delicassen,-0.17333475506115228,-0.9709902768583855,0.17333475506115228,0.12095191443228182,0.1787173712726049
LogisticRegression,101,Region_2,-0.08072683455263313,-0.34582202838753073,0.08072683455263313,0.13276562046259496,-0.13040027230176604
LogisticRegression,101,Region_3,0.10118067870446866,0.6264224319827152,0.10118067870446866,0.13838905732482165,-0.06401523183479721
LogisticRegression,102,log_Fresh,0.000551335087435993,-0.2265762204334017,0.000551335087435993,0.0026520304743115177,-0.011398821199675252
LogisticRegression,102,log_Milk,-0.6775160986228891,-1.2149949641082536,0.6775160986228891,0.4417338383535025,0.10444508115973195
LogisticRegression,102,log_Grocery,-1.0615058793506753,-1.189041756197425,1.0615058793506753,0.6590026752781761,0.06406537896033482
LogisticRegression,102,log_Frozen,-0.17871019457199422,0.6866066811542725,0.17871019457199422,0.20447797910987936,-0.15133747929290933
LogisticRegression,102,log_Detergents_Paper,-1.3056156254352822,-1.027672504805599,1.3056156254352822,1.0837102343622873,0.1027049512350161
LogisticRegression,102,log_Delicassen,0.01937389775790917,0.19462408699739042,0.01937389775790917,0.12095191443228182,-0.15025391150535528
LogisticRegression,102,Region_2,-0.08072683455263313,-0.34582202838753073,0.08072683455263313,0.13276562046259496,0.16535268606932652
LogisticRegression,102,Region_3,0.10118067870446866,0.6264224319827152,0.10118067870446866,0.13838905732482165,0.05090325188917488
LogisticRegression,103,log_Fresh,-0.006645676690801952,1.7078921391788937,0.006645676690801952,0.0026520304743115177,0.13889324872084402
LogisticRegression,103,log_Milk,0.04957693930735198,0.029133182823562913,0.04957693930735198,0.4417338383535025,-0.08681570157303145
LogisticRegression,103,log_Grocery,0.3255492464779671,0.3837548374326632,0.3255492464779671,0.6590026752781761,0.021296061463481536
LogisticRegression,103,log_Frozen,-0.47466656078543457,1.8824519217721758,0.47466656078543457,0.20447797910987936,0.0014317941125913392
LogisticRegression,103,log_Detergents_Paper,0.009385339208496718,-0.07833924363863332,0.009385339208496718,1.0837102343622873,-0.0008933164625482826
LogisticRegression,103,log_Delicassen,0.006664605281048533,0.11775087114142033,0.006664605281048533,0.12095191443228182,0.03557047202275526
LogisticRegression,103,Region_2,-0.08072683455263313,-0.34582202838753073,0.08072683455263313,0.13276562046259496,0.043261800559591806
LogisticRegression,103,Region_3,0.10118067870446866,0.6264224319827152,0.10118067870446866,0.13838905732482165,-0.036920283900680084
LogisticRegression,104,log_Fresh,-0.003030502909435697,0.7361778346810939,0.003030502909435697,0.0026520304743115177,-0.033879402420790156
LogisticRegression,104,log_Milk,-0.4965361078206124,-0.9053202885955771,0.4965361078206124,0.4417338383535025,0.007686968012661277
LogisticRegression,104,log_Grocery,1.1882232489684932,1.3619500852385207,1.1882232489684932,0.6590026752781761,0.03723377460205887
LogisticRegression,104,log_Frozen,-0.257386210774,1.0045060415555727,0.257386210774,0.20447797910987936,-0.1384112508557392
LogisticRegression,104,log_Detergents_Paper,1.3710794028011037,0.9047029752332346,1.3710794028011037,1.0837102343622873,0.14099208825386395
LogisticRegression,104,log_Delicassen,0.35929322405228437,2.250654490847067,0.35929322405228437,0.12095191443228182,-0.07169685142632667
LogisticRegression,104,Region_2,-0.08072683455263313,-0.34582202838753073,0.08072683455263313,0.13276562046259496,0.018306983169923047
LogisticRegression,104,Region_3,0.10118067870446866,0.6264224319827152,0.10118067870446866,0.13838905732482165,0.13249444579998154
LogisticRegression,105,log_Fresh,-0.003138386169545598,0.7651755297863703,0.003138386169545598,0.0026520304743115177,-0.13540242336797492
LogisticRegression,105,log_Milk,-0.48053631944938424,-0.877943067223383,0.48053631944938424,0.4417338383535025,-0.016795009680613454
LogisticRegression,105,log_Grocery,-0.20460926401418916,-0.2173975492743354,0.20460926401418916,0.6590026752781761,-0.1386724432320605
LogisticRegression,105,log_Frozen,-0.14765032677995055,0.5611057650950796,0.14765032677995055,0.20447797910987936,-0.04781526797155716
LogisticRegression,105,log_Detergents_Paper,-0.06470845347540506,-0.13182947195941017,0.06470845347540506,1.0837102343622873,0.022087207536148012
LogisticRegression,105,log_Delicassen,0.0038500928197797183,0.10072705771055032,0.0038500928197797183,0.12095191443228182,-0.18663144184083078
LogisticRegression,105,Region_2,0.6531534795622134,2.8916607905595657,0.6531534795622134,0.13276562046259496,0.0061705982052557284
LogisticRegression,105,Region_3,-0.22520860743897858,-1.5963668427946611,0.22520860743897858,0.13838905732482165,-0.005301788373011235
LogisticRegression,106,log_Fresh,0.0017166667085227226,-0.5398030455255104,0.0017166667085227226,0.0026520304743115177,-0.05102827241168506
LogisticRegression,106,log_Milk,0.6619777675768231,1.0770116081530952,0.6619777675768231,0.4417338383535025,-0.04988259527454991
LogisticRegression,106,log_Grocery,0.94737292386975,1.088847334067259,0.94737292386975,0.6590026752781761,0.14792177349844177
LogisticRegression,106,log_Frozen,0.006083311238857198,-0.06007242309460202,0.006083311238857198,0.20447797910987936,0.10146236612675547
LogisticRegression,106,log_Detergents_Paper,1.6419960555734554,1.1002847249017493,1.6419960555734554,1.0837102343622873,0.08973137452238383
LogisticRegression,106,log_Delicassen,0.12886689239840254,0.8569015998518552,0.12886689239840254,0.12095191443228182,-0.12704928735981003
LogisticRegression,106,Region_2,-0.08072683455263313,-0.34582202838753073,0.08072683455263313,0.13276562046259496,0.09844074764295879
LogisticRegression,106,Region_3,-0.22520860743897858,-1.5963668427946611,0.22520860743897858,0.13838905732482165,0.03556656088785806
LogisticRegression,107,log_Fresh,-0.0021183528722501107,0.4910031093193541,0.0021183528722501107,0.0026520304743115177,0.1471791063457134
LogisticRegression,107,log_Milk,0.4539175641856843,0.7210000088230663,0.4539175641856843,0.4417338383535025,0.022183714909069424
LogisticRegression,107,log_Grocery,-0.031031974625111477,-0.020576410446423984,0.031031974625111477,0.6590026752781761,0.16790499804454684
LogisticRegression,107,log_Frozen,-0.040860600150391224,0.1296097713756986,0.040860600150391224,0.20447797910987936,-0.16022434203755198
LogisticRegression,107,log_Detergents_Paper,-2.9218729535581303,-2.194490538743327,2.9218729535581303,1.0837102343622873,-0.10643527350764184
LogisticRegression,107,log_Delicassen,0.14125785395286825,0.9318493645660367,0.14125785395286825,0.12095191443228182,0.1621255456525325
LogisticRegression,107,Region_2,-0.08072683455263313,-0.34582202838753073,0.08072683455263313,0.13276562046259496,0.1103251592073135
LogisticRegression,107,Region_3,0.10118067870446866,0.6264224319827152,0.10118067870446866,0.13838905732482165,-0.047571841780068846
LogisticRegression,108,log_Fresh,-0.0017815179183592526,0.40046601131381726,0.0017815179183592526,0.0026520304743115177,-0.1776511284502572
LogisticRegression,108,log_Milk,0.6621788920671827,1.0773557520610137,0.6621788920671827,0.4417338383535025,-0.13653128703901374
LogisticRegression,108,log_Grocery,0.49707322391115677,0.5782477039448285,0.49707322391115677,0.6590026752781761,-0.07500534656821883
LogisticRegression,108,log_Frozen,-0.08432125040633438,0.30521745445303144,0.08432125040633438,0.20447797910987936,0.0727169055838277
LogisticRegression,108,log_Detergents_Paper,0.7648750536534386,0.46706835200248614,0.7648750536534386,1.0837102343622873,0.18412717735533773
LogisticRegression,108,log_Delicassen,-0.2304213157416105,-1.3162831017464471,0.2304213157416105,0.12095191443228182,-0.11304922772875475
LogisticRegression,108,Region_2,-0.08072683455263313,-0.34582202838753073,0.08072683455263313,0.13276562046259496,0.02341868248792739
LogisticRegression,108,Region_3,0.10118067870446866,0.6264224319827152,0.10118067870446866,0.13838905732482165,-0.013818425550426061
LogisticRegression,109,log_Fresh,-0.005200534670507819,1.319455715904117,0.005200534670507819,0.0026520304743115177,0.19607411963650873
LogisticRegression,109,log_Milk,-0.22270310343470653,-0.4367649173528462,0.22270310343470653,0.4417338383535025,0.0039319647873012065
LogisticRegression,109,log_Grocery,-0.46969974521794877,-0.5179864718609221,0.46969974521794877,0.6590026752781761,0.16714777266689057
LogisticRegression,109,log_Frozen,0.0322345263374668,-0.1657393716119174,0.0322345263374668,0.20447797910987936,-0.13523029204690123
LogisticRegression,109,log_Detergents_Paper,0.2951714081214546,0.1279771227305121,0.2951714081214546,1.0837102343622873,-0.05062221453297938
LogisticRegression,109,log_Delicassen,-0.00729285361184561,0.033328016586159144,0.00729285361184561,0.12095191443228182,-0.16600353120426414
LogisticRegression,109,Region_2,-0.08072683455263313,-0.34582202838753073,0.08072683455263313,0.13276562046259496,-0.06135906154805312
LogisticRegression,109,Region_3,0.10118067870446866,0.6264224319827152,0.10118067870446866,0.13838905732482165,0.11509785804182576
RandomForest,0,log_Fresh,-0.037288976446943706,1.167228500027419,0.037288976446943706,0.008832950705690977,-0.17653917612195894
RandomForest,0,log_Milk,0.06773432663063432,0.7341749739905937,0.06773432663063432,0.047548011951008946,0.1869657073488647
RandomForest,0,log_Grocery,0.04966276748200471,0.5422882718797886,0.04966276748200471,0.11136203645855726,0.10402663288235309
RandomForest,0,log_Frozen,0.005139353538261275,0.4195349852849734,0.005139353538261275,0.01855155070273705,-0.032696446227884035
RandomForest,0,log_Detergents_Paper,-0.08310009307937434,0.3827861363921274,0.08310009307937434,0.17876485266989345,-0.09404012055736435
RandomForest,0,log_Delicassen,0.015655080645556155,1.005270206647807,0.015655080645556155,0.01040160719845682,0.01833254179004315
RandomForest,0,Region_2,-0.0014787362108472735,-0.34582202838753073,0.0014787362108472735,0.0033337990396764576,-0.15208707828887158
RandomForest,0,Region_3,0.0016305316297803075,0.6264224319827152,0.0016305316297803075,0.0036821173846664436,0.018941092971785395
RandomForest,1,log_Fresh,0.0027440189802655367,0.4559723569339648,0.0027440189802655367,0.008832950705690977,-0.187887127868115
RandomForest,1,log_Milk,0.09226222732620953,1.9732659498530924,0.09226222732620953,0.047548011951008946,0.06387048313408783
RandomForest,1,log_Grocery,0.2300807195150992,1.9335796678875796,0.2300807195150992,0.11136203645855726,-0.17231684571635403
RandomForest,1,log_Frozen,-0.03852750944160107,0.9059700552255879,0.03852750944160107,0.01855155070273705,0.1605015310184123
RandomForest,1,log_Detergents_Paper,0.3258703854843907,1.80478902903933,0.3258703854843907,0.17876485266989345,0.0007941450731817068
RandomForest,1,log_Delicassen,-0.002916048631268495,0.9990966698386028,0.002916048631268495,0.01040160719845682,-0.18540138620402838
RandomForest,1,Region_2,-0.001275129392015515,-0.34582202838753073,0.001275129392015515,0.0033337990396764576,-0.0644376707733458
RandomForest,1,Region_3,-0.005111516225956621,-1.5963668427946611,0.005111516225956621,0.0036821173846664436,0.1950768620577208
RandomForest,2,log_Fresh,0.021487695749892736,0.18087406171394135,0.021487695749892736,0.008832950705690977,0.1979847302499662
RandomForest,2,log_Milk,-0.04872270218536869,-0.046978911491724035,0.04872270218536869,0.047548011951008946,0.04134544101862875
RandomForest,2,log_Grocery,-0.03563735502844793,0.36892411729844427,0.03563735502844793,0.11136203645855726,-0.10587770412964033
RandomForest,2,log_Frozen,0.040091219544556224,-0.015369319850805158,0.040091219544556224,0.01855155070273705,-0.16813919485066164
RandomForest,2,log_Detergents_Paper,0.26043875209568795,0.8361645022987362,0.26043875209568795,0.17876485266989345,0.1028342709445666
RandomForest,2,log_Delicassen,-0.01077536484646771,-0.30518713859717234,0.01077536484646771,0.01040160719845682,0.13929537896242444
RandomForest,2,Region_2,0.022255473234981765,2.8916607905595657,0.022255473234981765,0.0033337990396764576,-0.003961495785252789
RandomForest,2,Region_3,-0.010953506790497159,-1.5963668427946611,0.010953506790497159,0.0036821173846664436,-0.007137151097598687
RandomForest,3,log_Fresh,-0.0037417713940521933,-0.1858729446573656,0.0037417713940521933,0.008832950705690977,-0.01070756280177404
RandomForest,3,log_Milk,-0.04674028290199203,-1.0944842310402552,0.04674028290199203,0.047548011951008946,-0.017872441433585656
RandomForest,3,log_Grocery,-0.10111083004045213,-1.4039440007944275,0.10111083004045213,0.11136203645855726,0.15511950055619267
RandomForest,3,log_Frozen,-0.017914319671181147,1.0227478617544639,0.017914319671181147,0.01855155070273705,0.1449869740894169
RandomForest,3,log_Detergents_Paper,-0.12307896444308426,-0.8804963516316159,0.12307896444308426,0.17876485266989345,0.14681073138879025
RandomForest,3,log_Delicassen,-0.0027202171202225147,-2.0333199106847553,0.0027202171202225147,0.01040160719845682,0.024720309117634454
RandomForest,3,Region_2,-0.0014278196460873005,-0.34582202838753073,0.0014278196460873005,0.0033337990396764576,-0.1542041621657414
RandomForest,3,Region_3,-0.003017330606617179,-1.5963668427946611,0.003017330606617179,0.0036821173846664436,0.1406823442098613
RandomForest,4,log_Fresh,-0.03830378404425574,-3.7814582730968747,0.03830378404425574,0.008832950705690977,0.029954155361590684
RandomForest,4,log_Milk,-0.07530035529522137,-0.2333056224473227,0.07530035529522137,0.047548011951008946,-0.011282249726718957
RandomForest,4,log_Grocery,-0.010305796293032472,0.5041678970532187,0.010305796293032472,0.11136203645855726,-0.08320337291017177
RandomForest,4,log_Frozen,-0.005098403329448047,-1.8115164235037393,0.005098403329448047,0.01855155070273705,-0.16953398198231737
RandomForest,4,log_Detergents_Paper,0.18529802227527853,0.8611739274595067,0.18529802227527853,0.17876485266989345,0.03214087522782702
RandomForest,4,log_Delicassen,-0.03007846733980841,-0.9954433629188895,0.03007846733980841,0.01040160719845682,0.0128036736698931
RandomForest,4,Region_2,-0.0029042950164875946,-0.34582202838753073,0.0029042950164875946,0.0033337990396764576,-0.11881311092055502
RandomForest,4,Region_3,0.001960089809981582,0.6264224319827152,0.001960089809981582,0.0036821173846664436,0.08710787035790346
RandomForest,5,log_Fresh,0.002576842968919664,0.21971043228110115,0.002576842968919664,0.008832950705690977,-0.11990877565259278
RandomForest,5,log_Milk,-0.004095442366342468,0.36295009390782296,0.004095442366342468,0.047548011951008946,0.1271097741544815
RandomForest,5,log_Grocery,0.24197449479739588,2.4090721645366306,0.24197449479739588,0.11136203645855726,-0.14828073994008292
RandomForest,5,log_Frozen,0.00910381831927225,-1.890243614023135,0.00910381831927225,0.01855155070273705,-0.17173595297812502
RandomForest,5,log_Detergents_Paper,0.2911245280765434,2.1997660064798366,0.2911245280765434,0.17876485266989345,-0.18511282545976818
RandomForest,5,log_Delicassen,-0.004311240306005857,0.3344149877653299,0.004311240306005857,0.01040160719845682,-0.18986263747446308
RandomForest,5,Region_2,0.016671624600749054,2.8916607905595657,0.016671624600749054,0.0033337990396764576,-0.16133716312546037
RandomForest,5,Region_3,-0.007300792375463061,-1.5963668427946611,0.007300792375463061,0.0036821173846664436,0.0648813712361479
RandomForest,6,log_Fresh,-0.009412798237353854,-0.09212813342208163,0.009412798237353854,0.008832950705690977,0.1705847801588069
RandomForest,6,log_Milk,0.09591517434924754,1.0024985918659923,0.09591517434924754,0.047548011951008946,-0.14444611488560422
RandomForest,6,log_Grocery,0.15552606238852604,0.7347668816403966,0.15552606238852604,0.11136203645855726,-0.18735969283573778
RandomForest,6,log_Frozen,0.010668307494715918,-2.842454794351068,0.010668307494715918,0.01855155070273705,-0.1754189677699443
RandomForest,6,log_Detergents_Paper,0.283612733451846,1.2535686029391495,0.283612733451846,0.17876485266989345,0.10815424402531182
RandomForest,6,log_Delicassen,0.004586441097908392,0.37591190661044116,0.004586441097908392,0.01040160719845682,-0.1518403659575771
RandomForest,6,Region_2,-0.0019697701455152128,-0.34582202838753073,0.0019697701455152128,0.0033337990396764576,-0.003478903918778059
RandomForest,6,Region_3,0.008692294586799107,0.6264224319827152,0.008692294586799107,0.0036821173846664436,0.1543065288835896
RandomForest,7,log_Fresh,0.0015798336588341043,0.5329012999716654,0.0015798336588341043,0.008832950705690977,-0.04788550720148424
RandomForest,7,log_Milk,-0.044128880655298415,-2.1051304565750684,0.044128880655298415,0.047548011951008946,-0.06950267027590637
RandomForest,7,log_Grocery,-0.09680735195954185,-2.02457106110292,0.09680735195954185,0.11136203645855726,-0.04023675270523869
RandomForest,7,log_Frozen,-0.00742171089448675,0.2624379735593991,0.00742171089448675,0.01855155070273705,-0.197441760813931
RandomForest,7,log_Detergents_Paper,-0.1375120066344607,-1.7481618428249799,0.1375120066344607,0.17876485266989345,-0.08891476185103603
RandomForest,7,log_Delicassen,-0.01011648298743239,-0.13838000750029322,0.01011648298743239,0.01040160719845682,0.16119096429589985
RandomForest,7,Region_2,-0.001417332522723882,-0.34582202838753073,0.001417332522723882,0.0033337990396764576,0.10501866389495179
RandomForest,7,Region_3,-0.003130057304606453,-1.5963668427946611,0.003130057304606453,0.0036821173846664436,0.1316373727434354
RandomForest,8,log_Fresh,0.03122521385535947,0.6520675259065191,0.03122521385535947,0.008832950705690977,-0.04710543521881036
RandomForest,8,log_Milk,0.004274045458696491,0.21176296971959632,0.004274045458696491,0.047548011951008946,0.029991315100934696
RandomForest,8,log_Grocery,0.008326189086437808,0.44419525937557747,0.008326189086437808,0.11136203645855726,0.03583457635179213
RandomForest,8,log_Frozen,-0.02623187485884955,-1.557960244248849,0.02623187485884955,0.01855155070273705,0.12966817652774032
RandomForest,8,log_Detergents_Paper,0.2541735160059034,0.8803521096805182,0.2541735160059034,0.17876485266989345,0.02491641767534128
RandomForest,8,log_Delicassen,-0.027583651956410903,-2.019863900113669,0.027583651956410903,0.01040160719845682,0.07055151186109848
RandomForest,8,Region_2,-0.002614800453884527,-0.34582202838753073,0.002614800453884527,0.0033337990396764576,0.03576824033023604
RandomForest,8,Region_3,0.0035665563328075222,0.6264224319827152,0.0035665563328075222,0.0036821173846664436,-0.08992954554815397
RandomForest,9,log_Fresh,0.001400263134673878,-0.2820490889665603,0.001400263134673878,0.008832950705690977,-0.15670358660533795
RandomForest,9,log_Milk,0.10702844605948485,2.023116443030862,0.10702844605948485,0.047548011951008946,-0.1956504432147928
RandomForest,9,log_Grocery,0.24333631146932022,1.5820164453993353,0.24333631146932022,0.11136203645855726,-0.19665716530803465
RandomForest,9,log_Frozen,0.014995532669117892,0.44255139911920094,0.014995532669117892,0.01855155070273705,0.1635813190140497
RandomForest,9,log_Detergents_Paper,0.3057924427180842,1.7521052337375518,0.3057924427180842,0.17876485266989345,-0.02859775559189509
RandomForest,9,log_Delicassen,0.0035225681131487363,0.41012072860271565,0.0035225681131487363,0.01040160719845682,-0.04112112739406287
RandomForest,9,Region_2,-0.0013458876447111833,-0.34582202838753073,0.0013458876447111833,0.0033337990396764576,-0.012201829695294764
RandomForest,9,Region_3,0.0031954848835084705,0.6264224319827152,0.0031954848835084705,0.0036821173846664436,-0.0015835642046129195
RandomForest,10,log_Fresh,0.0011529505113867344,0.4867752711193014,0.0011529505113867344,0.008832950705690977,-0.066569150548073
RandomForest,10,log_Milk,-0.039232336199638666,-0.03432720738069245,0.039232336199638666,0.047548011951008946,0.0661204463673179
RandomForest,10,log_Grocery,-0.10163760634251957,-0.09854948735038206,0.10163760634251957,0.11136203645855726,0.029983266757716842
RandomForest,10,log_Frozen,0.005403226803864527,-0.6321106141449935,0.005403226803864527,0.01855155070273705,-0.12084584057586333
RandomForest,10,log_Detergents_Paper,-0.14426476554130205,-0.09126077309181481,0.14426476554130205,0.17876485266989345,0.15913147374875686
RandomForest,10,log_Delicassen,-0.007592815910684294,-0.0022175774154829906,0.007592815910684294,0.01040160719845682,-0.011028319214538673
RandomForest,10,Region_2,-0.0009679785499247373,-0.34582202838753073,0.0009679785499247373,0.0033337990396764576,0.08674769564585355
RandomForest,10,Region_3,-0.0033851432753181144,-1.5963668427946611,0.0033851432753181144,0.0036821173846664436,-0.06789555433024083
RandomForest,11,log_Fresh,-0.004305482549025328,-0.543694503282074,0.004305482549025328,0.008832950705690977,-0.07229449470440175
RandomForest,11,log_Milk,-0.05241544002841692,-0.2653604233528205,0.05241544002841692,0.047548011951008946,0.02001262128785064
RandomForest,11,log_Grocery,-0.0796365294206771,0.11422674687169242,0.0796365294206771,0.11136203645855726,-0.052339667980958376
RandomForest,11,log_Frozen,-0.021994864635562408,1.038489006179399,0.021994864635562408,0.01855155070273705,-0.16799310449555557
RandomForest,11,log_Detergents_Paper,-0.12111359902915865,-0.07086942856929297,0.12111359902915865,0.17876485266989345,-0.09472897008981303
RandomForest,11,log_Delicassen,-0.0055860142481833465,0.42157469213217513,0.0055860142481833465,0.01040160719845682,0.1174039682752252
RandomForest,11,Region_2,-0.00094273844781128,-0.34582202838753073,0.00094273844781128,0.0033337990396764576,0.029698406194701793
RandomForest,11,Region_3,-0.006896155826088943,-1.5963668427946611,0.006896155826088943,0.0036821173846664436,-0.18337667759425177
RandomForest,12,log_Fresh,0.006071992002034676,0.6560563246602008,0.006071992002034676,0.008832950705690977,0.08938189087318488
RandomForest,12,log_Milk,-0.04367856941109494,-1.6055625633248958,0.04367856941109494,0.047548011951008946,-0.17783100894212236
RandomForest,12,log_Grocery,-0.10922369994124892,-1.1478358077924093,0.10922369994124892,0.11136203645855726,0.05668491392833169
RandomForest,12,log_Frozen,0.007825245920266753,-0.436625315638119,0.007825245920266753,0.01855155070273705,-0.11052041300592906
RandomForest,12,log_Detergents_Paper,-0.14844118488130334,-0.4049379892416683,0.14844118488130334,0.17876485266989345,0.1797720426813721
RandomForest,12,log_Delicassen,-0.0017156610526217265,-0.8621091310650856,0.0017156610526217265,0.01040160719845682,0.07177695161721254
RandomForest,12,Region_2,-0.0012683061570351129,-0.34582202838753073,0.0012683061570351129,0.0033337990396764576,0.09559426639109914
RandomForest,12,Region_3,0.0019061756830706144,0.6264224319827152,0.0019061756830706144,0.0036821173846664436,-0.19894086113417325
RandomForest,13,log_Fresh,-0.03961316762550268,-0.11162891184453022,0.03961316762550268,0.008832950705690977,0.19350586530291353
RandomForest,13,log_Milk,0.014370980505045736,0.08350794612985325,0.014370980505045736,0.047548011951008946,0.16775818880235466
RandomForest,13,log_Grocery,-0.05335856111465546,0.06862131831960398,0.05335856111465546,0.11136203645855726,0.12214138295060273
RandomForest,13,log_Frozen,0.04501044781018208,-0.2647484202368214,0.04501044781018208,0.01855155070273705,-0.04926587376061256
RandomForest,13,log_Detergents_Paper,0.12111595925351139,0.48111701517148914,0.12111595925351139,0.17876485266989345,-0.10260164618733213
RandomForest,13,log_Delicassen,-0.019161586312566214,0.27834905711556135,0.019161586312566214,0.01040160719845682,0.07439081788125718
RandomForest,13,Region_2,-0.00189796386857779,-0.34582202838753073,0.00189796386857779,0.0033337990396764576,0.010209220719634982
RandomForest,13,Region_3,0.0052140073391638,0.6264224319827152,0.0052140073391638,0.0036821173846664436,-0.14202464057801556
RandomForest,14,log_Fresh,0.0013625294028315692,0.2686143905474452,0.0013625294028315692,0.008832950705690977,-0.10502041986642477
RandomForest,14,log_Milk,-0.038244404126744486,0.002074151004099548,0.038244404126744486,0.047548011951008946,0.007828273047865209
RandomForest,14,log_Grocery,-0.10036674822662463,-0.4847869107996025,0.10036674822662463,0.11136203645855726,0.019726108483371974
RandomForest,14,log_Frozen,0.010711596301189275,-0.11172676935072648,0.010711596301189275,0.01855155070273705,-0.14863749961356892
RandomForest,14,log_Detergents_Paper,-0.14650793953900576,0.1146121985244287,0.14650793953900576,0.17876485266989345,-0.12475281293686394
RandomForest,14,log_Delicassen,-0.0013858675583105651,-0.3124931523380509,0.0013858675583105651,0.01040160719845682,-0.009559961341452178
RandomForest,14,Region_2,-0.0008877933523399406,-0.34582202838753073,0.0008877933523399406,0.0033337990396764576,0.10182864618126736
RandomForest,14,Region_3,0.0030859538924050867,0.6264224319827152,0.0030859538924050867,0.0036821173846664436,-0.14800119026123118
RandomForest,15,log_Fresh,-0.0059355905495613115,-1.6581299408932104,0.0059355905495613115,0.008832950705690977,0.07314076530000602
RandomForest,15,log_Milk,-0.04926576304209448,-1.2221726953377616,0.04926576304209448,0.047548011951008946,0.044850040946506076
RandomForest,15,log_Grocery,-0.09597883162259677,-0.9228693204045064,0.09597883162259677,0.11136203645855726,0.11412319506341861
RandomForest,15,log_Frozen,-0.0006334024866782783,-0.9956409305793481,0.0006334024866782783,0.01855155070273705,-0.06353284919460153
RandomForest,15,log_Detergents_Paper,-0.13539998749918594,-1.3487805064469187,0.13539998749918594,0.17876485266989345,0.08264989616137919
RandomForest,15,log_Delicassen,-0.016267150914864033,-0.31838804642402435,0.016267150914864033,0.01040160719845682,0.028470088594462928
RandomForest,15,Region_2,0.013562045689031948,2.8916607905595657,0.013562045689031948,0.0033337990396764576,-0.1550250363619302
RandomForest,15,Region_3,-0.002414528646118015,-1.5963668427946611,0.002414528646118015,0.0036821173846664436,0.03776717075286565
RandomForest,16,log_Fresh,-0.0024085717851266963,-0.07561878481630456,0.0024085717851266963,0.008832950705690977,0.057944632773797355
RandomForest,16,log_Milk,0.08512089829240722,1.2322528970564477,0.08512089829240722,0.047548011951008946,-0.03722795051496508
RandomForest,16,log_Grocery,0.22898156472161646,1.1574072551160652,0.22898156472161646,0.11136203645855726,-0.13452100134034173
RandomForest,16,log_Frozen,0.021439721836168248,-0.42204403221231024,0.021439721836168248,0.01855155070273705,0.1500306600288791
RandomForest,16,log_Detergents_Paper,0.33116120488797607,1.5433357199101276,0.33116120488797607,0.17876485266989345,0.15406030439662804
RandomForest,16,log_Delicassen,-0.0014443776036932832,0.008521663982273086,0.0014443776036932832,0.01040160719845682,0.19510299644403284
RandomForest,16,Region_2,-0.0023749807763670107,-0.34582202838753073,0.0023749807763670107,0.0033337990396764576,-0.0625303451016162
RandomForest,16,Region_3,-0.011278260853796383,-1.5963668427946611,0.011278260853796383,0.0036821173846664436,0.17522209869161764
RandomForest,17,log_Fresh,-0.0070073791746835925,-1.2666801336733222,0.0070073791746835925,0.008832950705690977,0.19056895824103443
RandomForest,17,log_Milk,-0.0005612552835737006,0.3636937707604906,0.0005612552835737006,0.047548011951008946,-0.12171512053027089
RandomForest,17,log_Grocery,-0.1065713390914243,-0.30208153983491326,0.1065713390914243,0.11136203645855726,0.044155100264241354
RandomForest,17,log_Frozen,0.010596731168407132,-0.3587680953292967,0.010596731168407132,0.01855155070273705,-0.08876920886665172
RandomForest,17,log_Detergents_Paper,-0.14082376030288288,-0.45422528612655677,0.14082376030288288,0.17876485266989345,0.03859972398131445
RandomForest,17,log_Delicassen,0.00885225926831481,-3.552566927523056,0.00885225926831481,0.01040160719845682,-0.05903633728071092
RandomForest,17,Region_2,-0.002446996769758698,-0.34582202838753073,0.002446996769758698,0.0033337990396764576,0.09587487402723771
RandomForest,17,Region_3,-0.004302802470465395,-1.5963668427946611,0.004302802470465395,0.0036821173846664436,-0.12181824552265175
RandomForest,18,log_Fresh,0.02754247261585988,0.48618449672121283,0.02754247261585988,0.008832950705690977,0.1307786867907456
RandomForest,18,log_Milk,0.10921494968166372,0.9762988362768859,0.10921494968166372,0.047548011951008946,-0.17183924312425747
RandomForest,18,log_Grocery,0.03242415077103942,0.4401546843627022,0.03242415077103942,0.11136203645855726,-0.1662371967312832
RandomForest,18,log_Frozen,0.016171832356476443,-1.5092498076062226,0.016171832356476443,0.01855155070273705,-0.13262665967763146
RandomForest,18,log_Detergents_Paper,0.18895518735160294,0.6441432714571971,0.18895518735160294,0.17876485266989345,0.15156332548290125
RandomForest,18,log_Delicassen,-0.003689775236980495,0.4089659506182248,0.003689775236980495,0.01040160719845682,-0.1935873176110338
RandomForest,18,Region_2,-0.0025627910286129918,-0.34582202838753073,0.0025627910286129918,0.0033337990396764576,-0.16976206278595202
RandomForest,18,Region_3,0.0021431058182497507,0.6264224319827152,0.0021431058182497507,0.0036821173846664436,0.17638839150937036
RandomForest,19,log_Fresh,0.00011954652596614324,0.3982686310008927,0.00011954652596614324,0.008832950705690977,0.1298309727424769
RandomForest,19,log_Milk,-0.04704591853173042,-1.3382655202819447,0.04704591853173042,0.047548011951008946,-0.15579689470441938
RandomForest,19,log_Grocery,-0.09756528080757562,-0.39586309333615516,0.09756528080757562,0.11136203645855726,0.03517290305598339
RandomForest,19,log_Frozen,0.0031086531863002164,0.47155069659697796,0.0031086531863002164,0.01855155070273705,0.03654606383525777
RandomForest,19,log_Detergents_Paper,-0.14147663748837658,-0.6838722908986853,0.14147663748837658,0.17876485266989345,-0.028385523191190615
RandomForest,19,log_Delicassen,-0.007446757360485208,-0.19806553586301903,0.007446757360485208,0.01040160719845682,-0.07675840337582907
RandomForest,19,Region_2,-0.0014723325195154758,-0.34582202838753073,0.0014723325195154758,0.0033337990396764576,-0.1743047580753038
RandomForest,19,Region_3,0.0016735569222146296,0.6264224319827152,0.0016735569222146296,0.0036821173846664436,0.1745161293478834
RandomForest,20,log_Fresh,0.006368288837220462,-1.4292522122676352,0.006368288837220462,0.008832950705690977,-0.11084959567356334
RandomForest,20,log_Milk,0.06308167460498225,1.5867892516967965,0.06308167460498225,0.047548011951008946,-0.05268101708045678
RandomForest,20,log_Grocery,-0.09733046261188065,-0.9250357440491394,0.09733046261188065,0.11136203645855726,0.003444280061965843
RandomForest,20,log_Frozen,-0.03446455412824435,1.1053879362333732,0.03446455412824435,0.01855155070273705,0.10508649843637591
RandomForest,20,log_Detergents_Paper,-0.1458750216597855,-0.29619953716361913,0.1458750216597855,0.17876485266989345,-0.0008548382031274004
RandomForest,20,log_Delicassen,0.023794064568255634,1.2749756177044285,0.023794064568255634,0.01040160719845682,0.03468153450456385
RandomForest,20,Region_2,-0.004297337169155071,-0.34582202838753073,0.004297337169155071,0.0033337990396764576,-0.18542901055935826
RandomForest,20,Region_3,0.0013869898260600165,0.6264224319827152,0.0013869898260600165,0.0036821173846664436,0.05217443016853274
RandomForest,21,log_Fresh,-0.00465703312518599,-0.41596881715140205,0.00465703312518599,0.008832950705690977,-0.008653682010411362
RandomForest,21,log_Milk,-0.04094599380652653,-0.14298162163817285,0.04094599380652653,0.047548011951008946,-0.17184418436084947
RandomForest,21,log_Grocery,-0.10208120309875085,-0.5816078562318518,0.10208120309875085,0.11136203645855726,0.018035294745322228
RandomForest,21,log_Frozen,0.00787186969362665,-0.32615428325415624,0.00787186969362665,0.01855155070273705,0.02925255303031546
RandomForest,21,log_Detergents_Paper,-0.1510166260513506,-0.976716418299531,0.1510166260513506,0.17876485266989345,-0.16916692148837897
RandomForest,21,log_Delicassen,-0.007568990214931546,0.260355197137451,0.007568990214931546,0.01040160719845682,-0.18192587273762367
RandomForest,21,Region_2,-0.0009010541870156885,-0.34582202838753073,0.0009010541870156885,0.0033337990396764576,0.13607962229203063
RandomForest,21,Region_3,0.0017242256060853833,0.6264224319827152,0.0017242256060853833,0.0036821173846664436,0.06438165693545328
RandomForest,22,log_Fresh,0.0027668036777322414,0.24283693560497902,0.0027668036777322414,0.008832950705690977,0.032851684580531615
RandomForest,22,log_Milk,-0.026805577013001312,0.10832023233209383,0.026805577013001312,0.047548011951008946,0.11764036581224108
RandomForest,22,log_Grocery,-0.10524347296548513,-0.6621354932465129,0.10524347296548513,0.11136203645855726,-0.06342384909648
RandomForest,22,log_Frozen,0.007135628294417984,-0.6646816003015141,0.007135628294417984,0.01855155070273705,-0.0754740098362869
RandomForest,22,log_Detergents_Paper,-0.13319810476928978,0.3361675778417891,0.13319810476928978,0.17876485266989345,-0.1069339407833545
RandomForest,22,log_Delicassen,-0.00016841598026076098,0.5080787588121995,0.00016841598026076098,0.01040160719845682,0.0033016485466487444
RandomForest,22,Region_2,-0.0016716326373352785,-0.34582202838753073,0.0016716326373352785,0.0033337990396764576,-0.10241828281789159
RandomForest,22,Region_3,0.0018762455862815842,0.6264224319827152,0.0018762455862815842,0.0036821173846664436,0.12350752401310822
RandomForest,23,log_Fresh,0.006124699815809436,0.38068047445745934,0.006124699815809436,0.008832950705690977,-0.17012280422015558
RandomForest,23,log_Milk,0.06267462915991928,0.7490061667645319,0.06267462915991928,0.047548011951008946,-0.0904319267958714
RandomForest,23,log_Grocery,0.22191561367930263,1.0547658120870471,0.22191561367930263,0.11136203645855726,0.10273908046496738
RandomForest,23,log_Frozen,-0.0008190928464591707,-1.6099120528232493,0.0008190928464591707,0.01855155070273705,-0.07999903114982519
RandomForest,23,log_Detergents_Paper,0.29791981652215327,1.1990656743186967,0.29791981652215327,0.17876485266989345,0.0470878651108802
RandomForest,23,log_Delicassen,-0.03146781174338684,-2.182569690512804,0.03146781174338684,0.01040160719845682,0.04394967977474301
RandomForest,23,Region_2,-0.002563654823752586,-0.34582202838753073,0.002563654823752586,0.0033337990396764576,0.15222900565299574
RandomForest,23,Region_3,0.0041667596469051205,0.6264224319827152,0.0041667596469051205,0.0036821173846664436,0.018959554343693508
RandomForest,24,log_Fresh,-0.05052676540508401,1.1960111879376896,0.05052676540508401,0.008832950705690977,-0.14768420345402677
RandomForest,24,log_Milk,0.0851978267209779,2.2544024878667877,0.0851978267209779,0.047548011951008946,0.18888652096030606
RandomForest,24,log_Grocery,0.20564438156923642,2.2996323771146283,0.20564438156923642,0.11136203645855726,-0.11599101062425032
RandomForest,24,log_Frozen,-0.023922255669394873,0.6129344423093692,0.023922255669394873,0.01855155070273705,-0.1642798758330899
RandomForest,24,log_Detergents_Paper,0.31562941943018813,1.9915441733634898,0.31562941943018813,0.17876485266989345,-0.07118669548826748
RandomForest,24,log_Delicassen,-0.0008909363572274742,0.7263256530587784,0.0008909363572274742,0.01040160719845682,-0.08337172343881855
RandomForest,24,Region_2,-0.0009054612016188912,-0.34582202838753073,0.0009054612016188912,0.0033337990396764576,-0.08328886893599768
RandomForest,24,Region_3,0.002308237803808879,0.6264224319827152,0.002308237803808879,0.0036821173846664436,-0.13093051278099976
RandomForest,25,log_Fresh,-0.0022934150344372027,-0.44509116004324495,0.0022934150344372027,0.008832950705690977,-0.12647310510587
RandomForest,25,log_Milk,-0.03308951553357474,-0.019875712371225353,0.03308951553357474,0.047548011951008946,0.16607640365653525
RandomForest,25,log_Grocery,-0.10043169809574465,-0.8025312873613053,0.10043169809574465,0.11136203645855726,0.163268440535435
RandomForest,25,log_Frozen,0.00864070413967056,-1.294627568611234,0.00864070413967056,0.01855155070273705,-0.1326556022289737
RandomForest,25,log_Detergents_Paper,-0.14146615009907693,-1.4978397016339648,0.14146615009907693,0.17876485266989345,0.1445401115147787
RandomForest,25,log_Delicassen,-0.006717011846631067,0.2673255245157079,0.006717011846631067,0.01040160719845682,0.04289862339277298
RandomForest,25,Region_2,-0.0008979818021543906,-0.34582202838753073,0.0008979818021543906,0.0033337990396764576,-0.13831765791249737
RandomForest,25,Region_3,0.0016811606784085597,0.6264224319827152,0.0016811606784085597,0.0036821173846664436,0.1645486705398772
RandomForest,26,log_Fresh,-0.02904508038984204,-0.9493710394008779,0.02904508038984204,0.008832950705690977,0.08262031069334586
RandomForest,26,log_Milk,-0.005640888583075139,0.09971131902804166,0.005640888583075139,0.047548011951008946,-0.025930105896488864
RandomForest,26,log_Grocery,-0.09186555426218547,0.20725767557930821,0.09186555426218547,0.11136203645855726,0.07088468591053243
RandomForest,26,log_Frozen,0.004627804677802487,0.17588161502848745,0.004627804677802487,0.01855155070273705,0.11154727969530992
RandomForest,26,log_Detergents_Paper,0.18517763109153748,0.7814829308319343,0.18517763109153748,0.17876485266989345,-0.03426477026609526
RandomForest,26,log_Delicassen,-0.028481065395117185,0.017198776679455467,0.028481065395117185,0.01040160719845682,-0.005453079373018921
RandomForest,26,Region_2,-0.0029136508649389727,-0.34582202838753073,0.0029136508649389727,0.0033337990396764576,-0.05505760011905614
RandomForest,26,Region_3,-0.009608435128825477,-1.5963668427946611,0.009608435128825477,0.0036821173846664436,0.16799415985239718
RandomForest,27,log_Fresh,0.0026873993756453274,0.43120639683924145,0.0026873993756453274,0.008832950705690977,-0.13745305661710766
RandomForest,27,log_Milk,-0.05490305530685873,-0.41325448697547257,0.05490305530685873,0.047548011951008946,-0.19235333932920828
RandomForest,27,log_Grocery,-0.061421186168154236,0.34779488138319387,0.061421186168154236,0.11136203645855726,0.04042649739585227
RandomForest,27,log_Frozen,-0.022595994271468953,0.6758342716449302,0.022595994271468953,0.01855155070273705,-0.011235980811005103
RandomForest,27,log_Detergents_Paper,-0.14293826288161654,-0.2381076456490288,0.14293826288161654,0.17876485266989345,-0.04630240513221734
RandomForest,27,log_Delicassen,-0.005104731878382154,-0.09506878613645321,0.005104731878382154,0.01040160719845682,0.0007841995183030526
RandomForest,27,Region_2,-0.0009410561321783462,-0.34582202838753073,0.0009410561321783462,0.0033337990396764576,-0.18385343013074845
RandomForest,27,Region_3,-0.007556053196112771,-1.5963668427946611,0.007556053196112771,0.0036821173846664436,0.0497192471959656
RandomForest,28,log_Fresh,-0.002593060755643819,-0.225047109194027,0.002593060755643819,0.008832950705690977,0.14034744648059816
RandomForest,28,log_Milk,0.012420907834784884,0.41467322851338073,0.012420907834784884,0.047548011951008946,-0.09911049166628763
RandomForest,28,log_Grocery,0.22498846039939963,0.9438207227223824,0.22498846039939963,0.11136203645855726,-0.05727749436792373
RandomForest,28,log_Frozen,-0.005809403383036624,-3.159117897292101,0.005809403383036624,0.01855155070273705,-0.03472524467557933
RandomForest,28,log_Detergents_Paper,0.282834824788988,1.1921502691590924,0.282834824788988,0.17876485266989345,0.025986207843987863
RandomForest,28,log_Delicassen,-0.007394805021021966,0.4401107049819887,0.007394805021021966,0.01040160719845682,-0.12856953919318861
RandomForest,28,Region_2,-0.001882643677672604,-0.34582202838753073,0.001882643677672604,0.0033337990396764576,0.17951416867269349
RandomForest,28,Region_3,0.0057910522641032,0.6264224319827152,0.0057910522641032,0.0036821173846664436,0.0578858926216505
RandomForest,29,log_Fresh,0.004302274177243817,0.4703116975737716,0.004302274177243817,0.008832950705690977,0.12393659161579901
RandomForest,29,log_Milk,-0.045955714349584016,-1.257849587632305,0.045955714349584016,0.047548011951008946,-0.10453830837486078
RandomForest,29,log_Grocery,-0.10158029700451152,-0.33301904978287006,0.10158029700451152,0.11136203645855726,0.019141688792739975
RandomForest,29,log_Frozen,0.008257206784855952,-0.04655824640541388,0.008257206784855952,0.01855155070273705,0.10766361882007625
RandomForest,29,log_Detergents_Paper,-0.15364572238686378,-1.0430845932660175,0.15364572238686378,0.17876485266989345,-0.10464661042680211
RandomForest,29,log_Delicassen,-0.005443933520618885,-0.42956064660231624,0.005443933520618885,0.01040160719845682,-0.1838816724782659
RandomForest,29,Region_2,-0.0012408061560199711,-0.34582202838753073,0.0012408061560199711,0.0033337990396764576,-0.1460423247574003
RandomForest,29,Region_3,0.001876098877946788,0.6264224319827152,0.001876098877946788,0.0036821173846664436,-0.13664080616427446
RandomForest,30,log_Fresh,0.034414866924598754,0.4563654216756006,0.034414866924598754,0.008832950705690977,0.18922053967193125
RandomForest,30,log_Milk,-0.06286834279275354,-0.046978911491724035,0.06286834279275354,0.047548011951008946,-0.164385911938011
RandomForest,30,log_Grocery,-0.02893386406773061,0.36750499616318705,0.02893386406773061,0.11136203645855726,-0.14254950273917683
RandomForest,30,log_Frozen,0.018511192152336663,-0.880375990242835,0.018511192152336663,0.01855155070273705,-0.1824928950304702
RandomForest,30,log_Detergents_Paper,0.1522986052003398,0.7381899580509556,0.1522986052003398,0.17876485266989345,-0.15883524735922086
RandomForest,30,log_Delicassen,-0.008167614088979463,-0.2850898760386102,0.008167614088979463,0.01040160719845682,-0.11276412683657125
RandomForest,30,Region_2,-0.002797372476779856,-0.34582202838753073,0.002797372476779856,0.0033337990396764576,0.09531888431698521
RandomForest,30,Region_3,0.0005770341581228422,0.6264224319827152,0.0005770341581228422,0.0036821173846664436,-0.11129761583765295
RandomForest,31,log_Fresh,-0.014589043013475021,-0.5206725970071379,0.014589043013475021,0.008832950705690977,-0.01653178972958322
RandomForest,31,log_Milk,0.011661821344496275,0.4209838818682631,0.011661821344496275,0.047548011951008946,-0.012455484259297794
RandomForest,31,log_Grocery,0.15209808874431474,0.6723680073476218,0.15209808874431474,0.11136203645855726,0.1823904184760548
RandomForest,31,log_Frozen,-0.04341788594152604,-1.0959049922138842,0.04341788594152604,0.01855155070273705,0.030015656076632702
RandomForest,31,log_Detergents_Paper,0.25628349773985976,1.1399045420492755,0.25628349773985976,0.17876485266989345,-0.19279134185024227
RandomForest,31,log_Delicassen,-0.01751143194866927,-0.2710477282379909,0.01751143194866927,0.01040160719845682,-0.033681950692266455
RandomForest,31,Region_2,0.021906781055768078,2.8916607905595657,0.021906781055768078,0.0033337990396764576,0.15330901295535543
RandomForest,31,Region_3,-0.01240289572335314,-1.5963668427946611,0.01240289572335314,0.0036821173846664436,-0.17654195202573286
RandomForest,32,log_Fresh,-0.005948198564001359,-0.1489674862492072,0.005948198564001359,0.008832950705690977,0.01932520027682766
RandomForest,32,log_Milk,-0.014334683071829203,0.3401669760057626,0.014334683071829203,0.047548011951008946,0.1360547123423615
RandomForest,32,log_Grocery,-0.057768685856135565,0.3222293300914776,0.057768685856135565,0.11136203645855726,0.13155336494583664
RandomForest,32,log_Frozen,-0.04437483223209711,1.9427708576475453,0.04437483223209711,0.01855155070273705,0.005908658325059546
RandomForest,32,log_Detergents_Paper,-0.12948351087852644,0.014614076820054524,0.12948351087852644,0.17876485266989345,0.11275489597296601
RandomForest,32,log_Delicassen,0.013296245275887486,0.8719752173387111,0.013296245275887486,0.01040160719845682,0.1139992278072598
RandomForest,32,Region_2,-0.0034215916073662813,-0.34582202838753073,0.0034215916073662813,0.0033337990396764576,-0.15954207626607975
RandomForest,32,Region_3,0.0026043196911996348,0.6264224319827152,0.0026043196911996348,0.0036821173846664436,-0.13376845432060636
RandomForest,33,log_Fresh,-0.012854259840860322,-1.5558821369083577,0.012854259840860322,0.008832950705690977,0.02344578490370175
RandomForest,33,log_Milk,0.07061909615640616,1.1049822331061354,0.07061909615640616,0.047548011951008946,0.18615935397730737
RandomForest,33,log_Grocery,0.2502971144959156,1.4803405871024065,0.2502971144959156,0.11136203645855726,-0.10854112288052212
RandomForest,33,log_Frozen,0.02446718237587447,-0.49485658557847195,0.02446718237587447,0.01855155070273705,-0.1621855296412693
RandomForest,33,log_Detergents_Paper,0.29631209178045537,1.3881778167518375,0.29631209178045537,0.17876485266989345,-0.11927849950835011
RandomForest,33,log_Delicassen,-0.018130357529589674,-1.8418999333634316,0.018130357529589674,0.01040160719845682,0.05664853751878246
RandomForest,33,Region_2,-0.002367309906258015,-0.34582202838753073,0.002367309906258015,0.0033337990396764576,-0.15205823645488592
RandomForest,33,Region_3,0.002089685356695554,0.6264224319827152,0.002089685356695554,0.0036821173846664436,-0.02869518721347114
RandomForest,34,log_Fresh,0.007292755033413414,0.8648265369892875,0.007292755033413414,0.008832950705690977,0.19392475324826902
RandomForest,34,log_Milk,-0.04067038696110103,0.055942545676312565,0.04067038696110103,0.047548011951008946,-0.013701973697150122
RandomForest,34,log_Grocery,-0.030998237017192877,0.37598637613108754,0.030998237017192877,0.11136203645855726,0.019765514077520585
RandomForest,34,log_Frozen,-0.011222798583794429,1.593414484933957,0.011222798583794429,0.01855155070273705,-0.19793022492523843
RandomForest,34,log_Detergents_Paper,-0.14506626941081777,-0.5570116507268137,0.14506626941081777,0.17876485266989345,0.11549869870142082
RandomForest,34,log_Delicassen,0.0060931514491858255,0.9118990677417903,0.0060931514491858255,0.01040160719845682,-0.02354949130479414
RandomForest,34,Region_2,-0.004716595092795615,-0.34582202838753073,0.004716595092795615,0.0033337990396764576,0.06090191497573161
RandomForest,34,Region_3,-0.004747574381926824,-1.5963668427946611,0.004747574381926824,0.0036821173846664436,0.1680791321514843
RandomForest,35,log_Fresh,-0.004000858272847836,-0.7302506064330011,0.004000858272847836,0.008832950705690977,0.1753699220618482
RandomForest,35,log_Milk,-0.04797434350286494,-0.6879776686082998,0.04797434350286494,0.047548011951008946,-0.16272776236345554
RandomForest,35,log_Grocery,-0.09886590412770602,-0.5734967967866277,0.09886590412770602,0.11136203645855726,0.1990540450897112
RandomForest,35,log_Frozen,0.003680258858421439,-0.7602182538171199,0.003680258858421439,0.01855155070273705,0.0550082146052423
RandomForest,35,log_Detergents_Paper,-0.14049011744573364,-0.9363124291957824,0.14049011744573364,0.17876485266989345,0.13536421351661487
RandomForest,35,log_Delicassen,-0.009022722215777322,-0.07861810745346932,0.009022722215777322,0.01040160719845682,-0.06351700546897063
RandomForest,35,Region_2,-0.0009331333090449334,-0.34582202838753073,0.0009331333090449334,0.0033337990396764576,-0.02466824335041501
RandomForest,35,Region_3,0.0014605856131674954,0.6264224319827152,0.0014605856131674954,0.0036821173846664436,0.1233839701609985
RandomForest,36,log_Fresh,-0.007265344274928793,1.1980536397866204,0.007265344274928793,0.008832950705690977,-0.0347595762823302
RandomForest,36,log_Milk,-0.04633791144522547,-0.6645657287666155,0.04633791144522547,0.047548011951008946,-0.11172667421117013
RandomForest,36,log_Grocery,-0.08742111571507849,-0.4040361070009545,0.08742111571507849,0.11136203645855726,0.0028818467783361668
RandomForest,36,log_Frozen,-0.021464056251006697,0.9143334637932504,0.021464056251006697,0.01855155070273705,-0.08719003949868567
RandomForest,36,log_Detergents_Paper,-0.13460422749114515,-0.3368372622758572,0.13460422749114515,0.17876485266989345,-0.11099937571761519
RandomForest,36,log_Delicassen,-0.001650465194015851,0.5573129936823873,0.001650465194015851,0.01040160719845682,-0.10137921817018727
RandomForest,36,Region_2,-0.0012647293269765214,-0.34582202838753073,0.0012647293269765214,0.0033337990396764576,-0.1293147796336045
RandomForest,36,Region_3,0.0013407282001207932,0.6264224319827152,0.0013407282001207932,0.0036821173846664436,-0.1609738324393459
RandomForest,37,log_Fresh,0.007247674411701155,0.20256881051665085,0.007247674411701155,0.008832950705690977,-0.1861298906914327
RandomForest,37,log_Milk,-0.04241981885159476,-0.16376478024639757,0.04241981885159476,0.047548011951008946,0.18216158608607574
RandomForest,37,log_Grocery,-0.11752433854901029,-1.1499215444157502,0.11752433854901029,0.11136203645855726,-0.18485418363408215
RandomForest,37,log_Frozen,0.007887889209032438,-0.5028259129649649,0.007887889209032438,0.01855155070273705,0.011439495573392688
RandomForest,37,log_Detergents_Paper,-0.13798986009787767,-0.1780871046895387,0.13798986009787767,0.17876485266989345,-0.09293177927377722
RandomForest,37,log_Delicassen,0.002988271222493495,-1.3109287474637317,0.002988271222493495,0.01040160719845682,-0.15882646846467902
RandomForest,37,Region_2,-0.0013352470510653801,-0.34582202838753073,0.0013352470510653801,0.0033337990396764576,0.03170905033295032
RandomForest,37,Region_3,0.001819985055590223,0.6264224319827152,0.001819985055590223,0.0036821173846664436,-0.02316664464001411
RandomForest,38,log_Fresh,-0.007657384212470788,1.2633471593017687,0.007657384212470788,0.008832950705690977,0.11590602490298035
RandomForest,38,log_Milk,-0.01722231349645881,0.14692229651508365,0.01722231349645881,0.047548011951008946,0.17959321818907525
RandomForest,38,log_Grocery,-0.05202743087720592,0.05957998365535607,0.05202743087720592,0.11136203645855726,-0.19512355305915052
RandomForest,38,log_Frozen,0.020231526809620846,-0.06577308568408313,0.020231526809620846,0.01855155070273705,-0.11696818674235732
RandomForest,38,log_Detergents_Paper,-0.17115860960628196,-0.3105511173901076,0.17115860960628196,0.17876485266989345,0.10435186348527226
RandomForest,38,log_Delicassen,-0.0020666977246764874,0.8056931762437204,0.0020666977246764874,0.01040160719845682,-0.17604915870353804
RandomForest,38,Region_2,-0.002930583080924407,-0.34582202838753073,0.002930583080924407,0.0033337990396764576,0.047301436088112714
RandomForest,38,Region_3,0.005565661878790706,0.6264224319827152,0.005565661878790706,0.0036821173846664436,0.09899547775371903
RandomForest,39,log_Fresh,0.0030460148644124276,0.7698670135810317,0.0030460148644124276,0.008832950705690977,0.12174799754806631
RandomForest,39,log_Milk,-0.044813660225463535,-0.559151219429551,0.044813660225463535,0.047548011951008946,-0.031192513224750307
RandomForest,39,log_Grocery,-0.09800130100567912,-0.9261209130912706,0.09800130100567912,0.11136203645855726,-0.08110716990132603
RandomForest,39,log_Frozen,-0.019132636908580025,1.334140259717376,0.019132636908580025,0.01855155070273705,0.08534883916863067
RandomForest,39,log_Detergents_Paper,-0.12903380043229845,-0.5468853080226326,0.12903380043229845,0.17876485266989345,0.030320594267953804
RandomForest,39,log_Delicassen,0.0215790962005849,-0.37834721855401254,0.0215790962005849,0.01040160719845682,-0.17996232082710964
RandomForest,39,Region_2,-0.000996932709713292,-0.34582202838753073,0.000996932709713292,0.0033337990396764576,0.03368920552728913
RandomForest,39,Region_3,0.0014329898357027559,0.6264224319827152,0.0014329898357027559,0.0036821173846664436,-0.18570845831934224
RandomForest,40,log_Fresh,0.0033993721817751066,0.9895493841790868,0.0033993721817751066,0.008832950705690977,0.04881739959640802
RandomForest,40,log_Milk,-0.010106529592412698,0.31973715889696425,0.010106529592412698,0.047548011951008946,0.17758331514149606
RandomForest,40,log_Grocery,-0.061330835721455514,0.08396321368196188,0.061330835721455514,0.11136203645855726,0.0007466885066183537
RandomForest,40,log_Frozen,0.0019259962122487196,-1.487753387054003,0.0019259962122487196,0.01855155070273705,-0.1748781358951238
RandomForest,40,log_Detergents_Paper,-0.1651320985770144,-2.5731719352809512,0.1651320985770144,0.17876485266989345,-0.1818970543434102
RandomForest,40,log_Delicassen,0.006004436504881596,-0.6492992255231742,0.006004436504881596,0.01040160719845682,-0.18780640811779784
RandomForest,40,Region_2,-0.0018482449080693187,-0.34582202838753073,0.0018482449080693187,0.0033337990396764576,-0.07331105224251885
RandomForest,40,Region_3,0.0023962891790779393,0.6264224319827152,0.0023962891790779393,0.0036821173846664436,-0.19566688486381306
RandomForest,41,log_Fresh,0.004433153585960099,0.8503794977804573,0.004433153585960099,0.008832950705690977,0.037623678205423255
RandomForest,41,log_Milk,-0.058090058689485885,-0.8680572299336917,0.058090058689485885,0.047548011951008946,-0.17057425902257234
RandomForest,41,log_Grocery,-0.1091771251317914,-0.42713594197892973,0.1091771251317914,0.11136203645855726,-0.1711453329712286
RandomForest,41,log_Frozen,-2.0599174713424874e-05,-1.3400796547608342,2.0599174713424874e-05,0.01855155070273705,0.1776546237882456
RandomForest,41,log_Detergents_Paper,-0.1250041522938136,0.018450065829108256,0.1250041522938136,0.17876485266989345,0.13910298446113245
RandomForest,41,log_Delicassen,-0.0013278606956009754,-0.5143110656525466,0.0013278606956009754,0.01040160719845682,0.01706359368253252
RandomForest,41,Region_2,-0.0010783605713004362,-0.34582202838753073,0.0010783605713004362,0.0033337990396764576,0.181694402126304
RandomForest,41,Region_3,0.0019393901486819231,0.6264224319827152,0.0019393901486819231,0.0036821173846664436,0.018058286171733773
RandomForest,42,log_Fresh,0.007580956470737874,0.237902752916421,0.007580956470737874,0.008832950705690977,0.06799806871074654
RandomForest,42,log_Milk,0.09746389693569654,1.0667144105324755,0.09746389693569654,0.047548011951008946,-0.02100633778120073
RandomForest,42,log_Grocery,0.20850019845827775,1.050239569542101,0.20850019845827775,0.11136203645855726,-0.16879326576080567
RandomForest,42,log_Frozen,0.016576247319671892,0.3980342760561575,0.016576247319671892,0.01855155070273705,-0.17823303829878148
RandomForest,42,log_Detergents_Paper,0.3375542065336776,1.3527128940138848,0.3375542065336776,0.17876485266989345,0.09628685091967104
RandomForest,42,log_Delicassen,0.00438516530321067,0.46469205223430515,0.00438516530321067,0.01040160719845682,0.1740988957616219
RandomForest,42,Region_2,-0.0015491966970148496,-0.34582202838753073,0.0015491966970148496,0.0033337990396764576,0.021402650531058998
RandomForest,42,Region_3,0.004210290002120019,0.6264224319827152,0.004210290002120019,0.0036821173846664436,0.19746199266695963
RandomForest,43,log_Fresh,0.004954097863901552,-0.03295709197831316,0.004954097863901552,0.008832950705690977,0.09035062660469512
RandomForest,43,log_Milk,0.05012447924576918,1.8012971105551656,0.05012447924576918,0.047548011951008946,0.0358560229470109
RandomForest,43,log_Grocery,0.13252155453244996,0.9753989549638096,0.13252155453244996,0.11136203645855726,0.05666548024460932
RandomForest,43,log_Frozen,-0.0655175368885557,1.5015983346817827,0.0655175368885557,0.01855155070273705,0.09254808664902836
RandomForest,43,log_Detergents_Paper,-0.1284458265801959,-0.040496852481316695,0.1284458265801959,0.17876485266989345,0.0253750017333067
RandomForest,43,log_Delicassen,-0.0027941113858832977,1.1820760257781906,0.0027941113858832977,0.01040160719845682,0.0529235359270801
RandomForest,43,Region_2,-0.0029397092925501057,-0.34582202838753073,0.0029397092925501057,0.0033337990396764576,0.18330398483335147
RandomForest,43,Region_3,-0.012608309630850271,-1.5963668427946611,0.012608309630850271,0.0036821173846664436,-0.18112739613438436
RandomForest,44,log_Fresh,0.0006952446261129807,0.2975040612360018,0.0006952446261129807,0.008832950705690977,-0.14864097593186157
RandomForest,44,log_Milk,-0.054500820971552455,-0.8694630502178142,0.054500820971552455,0.047548011951008946,0.11067368653672977
RandomForest,44,log_Grocery,-0.11510364694247982,-1.1710489445935575,0.11510364694247982,0.11136203645855726,0.17603888071874085
RandomForest,44,log_Frozen,0.0023387610547615624,0.5286471975863707,0.0023387610547615624,0.01855155070273705,0.08707734287186542
RandomForest,44,log_Detergents_Paper,-0.12277407704888901,-0.03279574786908427,0.12277407704888901,0.17876485266989345,0.14098222806567334
RandomForest,44,log_Delicassen,0.003039826547028497,-0.771976661750107,0.003039826547028497,0.01040160719845682,-0.0014144316286911207
RandomForest,44,Region_2,-0.0010884863793398836,-0.34582202838753073,0.0010884863793398836,0.0033337990396764576,0.0040878244973031885
RandomForest,44,Region_3,0.0021285683701353264,0.6264224319827152,0.0021285683701353264,0.0036821173846664436,0.07705650293260502
RandomForest,45,log_Fresh,-0.022747088765718217,-1.8975455612214975,0.022747088765718217,0.008832950705690977,-0.015208009568538433
RandomForest,45,log_Milk,-0.012329616024399002,0.1657515148566281,0.012329616024399002,0.047548011951008946,-0.03227324419588978
RandomForest,45,log_Grocery,0.1420636083946738,0.6617208799690765,0.1420636083946738,0.11136203645855726,0.19708751576232253
RandomForest,45,log_Frozen,-0.03768361934727182,-1.0461701662991825,0.03768361934727182,0.01855155070273705,0.08229366545676858
RandomForest,45,log_Detergents_Paper,0.26381139820256067,1.2298168405027008,0.26381139820256067,0.17876485266989345,0.19626879100058658
RandomForest,45,log_Delicassen,-0.01115313858398622,0.42780283565440397,0.01115313858398622,0.01040160719845682,-0.09300362224095667
RandomForest,45,Region_2,-0.002905461393238511,-0.34582202838753073,0.002905461393238511,0.0033337990396764576,0.1974112315166653
RandomForest,45,Region_3,0.0024159483014591387,0.6264224319827152,0.0024159483014591387,0.0036821173846664436,0.15104024443670994
RandomForest,46,log_Fresh,0.00038738723884307547,0.9859746174517203,0.00038738723884307547,0.008832950705690977,-0.05433466196906431
RandomForest,46,log_Milk,-0.057089143684715966,-0.8275170668550673,0.057089143684715966,0.047548011951008946,0.14042542822572185
RandomForest,46,log_Grocery,-0.100978521758625,-0.09530609098989262,0.100978521758625,0.11136203645855726,0.18636093741813015
RandomForest,46,log_Frozen,0.007367069831834669,-0.4533613983659892,0.007367069831834669,0.01855155070273705,0.09171601720212108
RandomForest,46,log_Detergents_Paper,-0.13389654911865365,0.03726192614724378,0.13389654911865365,0.17876485266989345,0.05069092584214169
RandomForest,46,log_Delicassen,-0.0061448424935406365,0.336321439093744,0.0061448424935406365,0.01040160719845682,0.003570211948513091
RandomForest,46,Region_2,-0.0010664329641804215,-0.34582202838753073,0.0010664329641804215,0.0033337990396764576,-0.13668620949948312
RandomForest,46,Region_3,0.0016425994003657252,0.6264224319827152,0.0016425994003657252,0.0036821173846664436,-0.1752156581232429
RandomForest,47,log_Fresh,-0.0326689002517378,0.9852780557229688,0.0326689002517378,0.008832950705690977,0.11838389023511214
RandomForest,47,log_Milk,0.0522108008795476,2.206183372947595,0.0522108008795476,0.047548011951008946,0.05648007132816801
RandomForest,47,log_Grocery,0.15381943100781428,1.4028262597545307,0.15381943100781428,0.11136203645855726,0.03829123876830062
RandomForest,47,log_Frozen,-0.07683856472246589,0.9720127579271657,0.07683856472246589,0.01855155070273705,0.1950197235755976
RandomForest,47,log_Detergents_Paper,0.2663294320719069,0.9272721666933984,0.2663294320719069,0.17876485266989345,0.16362548122847553
RandomForest,47,log_Delicassen,-0.06777883150878551,2.3531923439703926,0.06777883150878551,0.01040160719845682,0.059802844832740676
RandomForest,47,Region_2,-0.002078704126870434,-0.34582202838753073,0.002078704126870434,0.0033337990396764576,-0.10817381239896214
RandomForest,47,Region_3,0.00031328549171576013,0.6264224319827152,0.00031328549171576013,0.0036821173846664436,-0.16692682415210292
RandomForest,48,log_Fresh,0.0006693755706510273,-0.6622247326857204,0.0006693755706510273,0.008832950705690977,0.15654587993946456
RandomForest,48,log_Milk,0.05186551262475405,1.0694946745025258,0.05186551262475405,0.047548011951008946,-0.14110786338037015
RandomForest,48,log_Grocery,-0.12283078057876992,-0.17279384581135976,0.12283078057876992,0.11136203645855726,0.17269852121573942
RandomForest,48,log_Frozen,0.008547398578866706,-0.023999101659060253,0.008547398578866706,0.01855155070273705,0.1085097534575909
RandomForest,48,log_Detergents_Paper,-0.11919003602393786,0.3309586757364595,0.11919003602393786,0.17876485266989345,0.17357161244140717
RandomForest,48,log_Delicassen,0.008367847221497868,-0.36723747332504414,0.008367847221497868,0.01040160719845682,0.06125184327456695
RandomForest,48,Region_2,-0.002273953430412803,-0.34582202838753073,0.002273953430412803,0.0033337990396764576,-0.09745105392323722
RandomForest,48,Region_3,-0.008730397075701148,-1.5963668427946611,0.008730397075701148,0.0036821173846664436,-0.07882633680428347
RandomForest,49,log_Fresh,-0.04226523729677865,1.6395101911697603,0.04226523729677865,0.008832950705690977,0.08452128947819793
RandomForest,49,log_Milk,-0.0133585344074163,0.2505710977255417,0.0133585344074163,0.047548011951008946,-0.15742669210308555
RandomForest,49,log_Grocery,0.1292401930024789,0.9007266192202827,0.1292401930024789,0.11136203645855726,-0.016796764168221012
RandomForest,49,log_Frozen,-0.049410061292901444,1.3801184458434212,0.049410061292901444,0.01855155070273705,0.15984475038630397
RandomForest,49,log_Detergents_Paper,-0.13580922437384288,-0.09899702247017084,0.13580922437384288,0.17876485266989345,0.17840537351388863
RandomForest,49,log_Delicassen,-0.022769973347913038,0.8627092250804433,0.022769973347913038,0.01040160719845682,0.16266071836276275
RandomForest,49,Region_2,-0.0008227617613738403,-0.34582202838753073,0.0008227617613738403,0.0033337990396764576,0.11291132182916302
RandomForest,49,Region_3,0.0031509077465671,0.6264224319827152,0.0031509077465671,0.0036821173846664436,0.004212843878427186
RandomForest,50,log_Fresh,-0.02093356590721669,-0.6073106994801187,0.02093356590721669,0.008832950705690977,-0.0999204858182679
RandomForest,50,log_Milk,0.007905652928893687,0.3166139013599795,0.007905652928893687,0.047548011951008946,-0.16757988510627278
RandomForest,50,log_Grocery,-0.08480477882767445,0.24516640409506285,0.08480477882767445,0.11136203645855726,-0.17986429711589655
RandomForest,50,log_Frozen,-0.00502934784435638,0.5353007333748953,0.00502934784435638,0.01855155070273705,-0.17596503266132335
RandomForest,50,log_Detergents_Paper,0.21936864456027252,1.0464445217830054,0.21936864456027252,0.17876485266989345,-0.011842851143331556
RandomForest,50,log_Delicassen,0.0030479734472737617,-1.4509246989658249,0.0030479734472737617,0.01040160719845682,0.02095888519877534
RandomForest,50,Region_2,-0.0023994382795353886,-0.34582202838753073,0.0023994382795353886,0.0033337990396764576,-0.052513635554202714
RandomForest,50,Region_3,-0.01644974420708877,-1.5963668427946611,0.01644974420708877,0.0036821173846664436,-0.14998238029357785
RandomForest,51,log_Fresh,0.0016289421385590685,0.09460703150053348,0.0016289421385590685,0.008832950705690977,-0.16075847513693647
RandomForest,51,log_Milk,-0.05248608172285458,-0.8288626522615004,0.05248608172285458,0.047548011951008946,-0.07535367572876983
RandomForest,51,log_Grocery,-0.09332870909553094,-0.6710895589975168,0.09332870909553094,0.11136203645855726,0.09213259108131072
RandomForest,51,log_Frozen,-0.003030400658990402,0.46112965871175937,0.003030400658990402,0.01855155070273705,0.17570722446360637
RandomForest,51,log_Detergents_Paper,-0.14805067509845685,-1.3826411251141297,0.14805067509845685,0.17876485266989345,0.10223566724506183
RandomForest,51,log_Delicassen,-0.014178361027588834,0.22818746970421983,0.014178361027588834,0.01040160719845682,-0.1790327140581025
RandomForest,51,Region_2,0.010855597381159897,2.8916607905595657,0.010855597381159897,0.0033337990396764576,0.09376904071586029
RandomForest,51,Region_3,-0.0029179298034614476,-1.5963668427946611,0.0029179298034614476,0.0036821173846664436,0.18206407253166224
RandomForest,52,log_Fresh,-0.0014752825597315678,-0.20473338961623894,0.0014752825597315678,0.008832950705690977,-0.12034487989113174
RandomForest,52,log_Milk,0.10133416223732639,1.4282943190506552,0.10133416223732639,0.047548011951008946,-0.06363828047766465
RandomForest,52,log_Grocery,0.21983243161063,1.1542863946324644,0.21983243161063,0.11136203645855726,-0.08677865206363738
RandomForest,52,log_Frozen,0.003841017934601041,-2.9496071287853782,0.003841017934601041,0.01855155070273705,0.026619601163245743
RandomForest,52,log_Detergents_Paper,0.28703198062568847,1.2038835779455723,0.28703198062568847,0.17876485266989345,0.17667837674248993
RandomForest,52,log_Delicassen,-0.0010178185937365924,-0.4627118754436206,0.0010178185937365924,0.01040160719845682,0.09963462689809599
RandomForest,52,Region_2,-0.002014462333463598,-0.34582202838753073,0.002014462333463598,0.0033337990396764576,-0.12169340587867383
RandomForest,52,Region_3,0.006746446286560967,0.6264224319827152,0.006746446286560967,0.0036821173846664436,-0.06377705700399969
RandomForest,53,log_Fresh,-0.006838752061667037,-1.5800406732981989,0.006838752061667037,0.008832950705690977,-0.0638487345360988
RandomForest,53,log_Milk,-0.04648895804006315,-1.0303874426995032,0.04648895804006315,0.047548011951008946,-0.06350038684964138
RandomForest,53,log_Grocery,-0.1084305905587462,-0.996677657936051,0.1084305905587462,0.11136203645855726,0.09839787983576898
RandomForest,53,log_Frozen,0.007514216331201169,-0.4533613983659892,0.007514216331201169,0.01855155070273705,-0.015205404143937395
RandomForest,53,log_Detergents_Paper,-0.13309250622114632,-1.3357660694891766,0.13309250622114632,0.17876485266989345,-0.11171653181213013
RandomForest,53,log_Delicassen,-0.004874360807116318,-1.077749998806718,0.004874360807116318,0.01040160719845682,-0.022851977151004732
RandomForest,53,Region_2,-0.001449827278011071,-0.34582202838753073,0.001449827278011071,0.0033337990396764576,0.16865214011275403
RandomForest,53,Region_3,0.0013821643403935013,0.6264224319827152,0.0013821643403935013,0.0036821173846664436,0.0013208537785910635
RandomForest,54,log_Fresh,-0.007339456589870679,-0.11682062461500357,0.007339456589870679,0.008832950705690977,-0.1507497342475663
RandomForest,54,log_Milk,0.07755007983509131,0.7548727956953135,0.07755007983509131,0.047548011951008946,-0.16510379141617124
RandomForest,54,log_Grocery,0.10817859259077522,0.554434966970307,0.10817859259077522,0.11136203645855726,-0.1356882940509263
RandomForest,54,log_Frozen,0.019949508603376673,0.4195349852849734,0.019949508603376673,0.01855155070273705,0.1651586602535271
RandomForest,54,log_Detergents_Paper,0.23723603209298744,0.8301401472408908,0.23723603209298744,0.17876485266989345,-0.05536305325248178
RandomForest,54,log_Delicassen,-0.03339093096325087,-0.92428724115412,0.03339093096325087,0.01040160719845682,0.03133569428923316
RandomForest,54,Region_2,-0.002382156567182392,-0.34582202838753073,0.002382156567182392,0.0033337990396764576,0.05832955361000586
RandomForest,54,Region_3,0.00454822545452771,0.6264224319827152,0.00454822545452771,0.0036821173846664436,-0.03137782050533905
RandomForest,55,log_Fresh,-0.003973963549651671,-0.3185514814614808,0.003973963549651671,0.008832950705690977,0.0402313348158804
RandomForest,55,log_Milk,-0.021231469000595096,0.11271671751697296,0.021231469000595096,0.047548011951008946,0.02438557690801338
RandomForest,55,log_Grocery,-0.09940423477906733,-0.935398022270621,0.09940423477906733,0.11136203645855726,0.10209744008233013
RandomForest,55,log_Frozen,0.008460606465087039,-0.4112839909584331,0.008460606465087039,0.01855155070273705,0.15610536278432724
RandomForest,55,log_Detergents_Paper,-0.15953234029901067,-0.47162138385952374,0.15953234029901067,0.17876485266989345,0.075147890167857
RandomForest,55,log_Delicassen,0.036365873198228656,1.4015652048246283,0.036365873198228656,0.01040160719845682,-0.12215578136301866
RandomForest,55,Region_2,-0.0034659053523500914,-0.34582202838753073,0.0034659053523500914,0.0033337990396764576,0.17012684366330755
RandomForest,55,Region_3,0.0010884149786170383,0.6264224319827152,0.0010884149786170383,0.0036821173846664436,0.09507352948794229
RandomForest,56,log_Fresh,0.0074014975866157325,0.7280159545791307,0.0074014975866157325,0.008832950705690977,-0.07164254785115301
RandomForest,56,log_Milk,-0.013852304439405999,0.2920448848727571,0.013852304439405999,0.047548011951008946,0.0005371529352363458
RandomForest,56,log_Grocery,-0.11453418228320515,-0.2679785767927946,0.11453418228320515,0.11136203645855726,-0.0822330795501049
RandomForest,56,log_Frozen,-0.013712459145481262,0.8349065491096276,0.013712459145481262,0.01855155070273705,-0.05860584079732553
RandomForest,56,log_Detergents_Paper,-0.13865123857838627,0.015895533702259684,0.13865123857838627,0.17876485266989345,0.13649192869132598
RandomForest,56,log_Delicassen,-0.005877374349529419,-0.07536953260683027,0.005877374349529419,0.01040160719845682,0.08897117052252546
RandomForest,56,Region_2,-0.0009129277790270862,-0.34582202838753073,0.0009129277790270862,0.0033337990396764576,0.005352439939088571
RandomForest,56,Region_3,0.002403913516573084,0.6264224319827152,0.002403913516573084,0.0036821173846664436,0.0005026284811399662
RandomForest,57,log_Fresh,-0.003228245217833319,0.018495694224320163,0.003228245217833319,0.008832950705690977,-0.15308670004239802
RandomForest,57,log_Milk,-0.04506674412936263,-1.3535594041901085,0.04506674412936263,0.047548011951008946,0.12510481852290012
RandomForest,57,log_Grocery,-0.10425448890866391,-1.4273155818431507,0.10425448890866391,0.11136203645855726,-0.0819090003813352
RandomForest,57,log_Frozen,0.007411128314488451,-0.40950497582200357,0.007411128314488451,0.01855155070273705,0.049860948729797266
RandomForest,57,log_Detergents_Paper,-0.1402208901846825,-0.6590363899212278,0.1402208901846825,0.17876485266989345,0.12666979081465907
RandomForest,57,log_Delicassen,-0.0034114566809876124,-0.7853860286976093,0.0034114566809876124,0.01040160719845682,0.027264029913221105
RandomForest,57,Region_2,-0.001284972832982021,-0.34582202838753073,0.001284972832982021,0.0033337990396764576,0.06595791168180554
RandomForest,57,Region_3,-0.0034081935492031334,-1.5963668427946611,0.0034081935492031334,0.0036821173846664436,0.02416689953181575
RandomForest,58,log_Fresh,-0.004564218406703731,-2.4060212837771875,0.004564218406703731,0.008832950705690977,0.10472293033409658
RandomForest,58,log_Milk,-0.03762719292342808,0.03232779078030744,0.03762719292342808,0.047548011951008946,0.07519950789209984
RandomForest,58,log_Grocery,0.22976604613140808,1.3292622688338889,0.22976604613140808,0.11136203645855726,0.1442429846738702
RandomForest,58,log_Frozen,0.02901782820103108,-0.34066220460009267,0.02901782820103108,0.01855155070273705,0.06711189826212732
RandomForest,58,log_Detergents_Paper,0.3123527593488325,1.078797100001646,0.3123527593488325,0.17876485266989345,0.15376807401169607
RandomForest,58,log_Delicassen,-0.003522656455870674,-0.13021729766239534,0.003522656455870674,0.01040160719845682,0.19306595047636038
RandomForest,58,Region_2,-0.0017022157055907882,-0.34582202838753073,0.0017022157055907882,0.0033337990396764576,0.09986672505454497
RandomForest,58,Region_3,0.0014359648264144198,0.6264224319827152,0.0014359648264144198,0.0036821173846664436,-0.05080353949537683
RandomForest,59,log_Fresh,0.0019472324177331757,0.19486448514586843,0.0019472324177331757,0.008832950705690977,0.03796720071119997
RandomForest,59,log_Milk,-0.045935830624730445,-0.3349756267375233,0.045935830624730445,0.047548011951008946,-0.05040701396709735
RandomForest,59,log_Grocery,-0.09790201195381087,-0.6934526712673915,0.09790201195381087,0.11136203645855726,0.10391432394097999
RandomForest,59,log_Frozen,-0.01378020955080501,0.7535236777100087,0.01378020955080501,0.01855155070273705,-0.12963806140188142
RandomForest,59,log_Detergents_Paper,-0.1438344892668829,-0.7054050680295502,0.1438344892668829,0.17876485266989345,0.10143166292233735
RandomForest,59,log_Delicassen,-0.0018158174379641423,-0.16703888036627176,0.0018158174379641423,0.01040160719845682,0.15316669826504903
RandomForest,59,Region_2,-0.0010124597723552141,-0.34582202838753073,0.0010124597723552141,0.0033337990396764576,0.008895181866167057
RandomForest,59,Region_3,0.0015197262238143593,0.6264224319827152,0.0015197262238143593,0.0036821173846664436,-0.0841696710021024
RandomForest,60,log_Fresh,0.00990464989314205,0.18923628499629958,0.00990464989314205,0.008832950705690977,0.1952489681491386
RandomForest,60,log_Milk,0.10533084079219407,0.5870351836770487,0.10533084079219407,0.047548011951008946,0.14792837739525044
RandomForest,60,log_Grocery,0.11719530679467426,0.6731959744928118,0.11719530679467426,0.11136203645855726,0.09069166617535107
RandomForest,60,log_Frozen,0.03610736077301226,-0.1123338329702473,0.03610736077301226,0.01855155070273705,0.11667795226539635
RandomForest,60,log_Detergents_Paper,0.13369745344021794,0.4444195293361442,0.13369745344021794,0.17876485266989345,0.13038419383749117
RandomForest,60,log_Delicassen,0.010946839788966828,0.6296656902210142,0.010946839788966828,0.01040160719845682,0.007781042618223072
RandomForest,60,Region_2,-0.001991644242662005,-0.34582202838753073,0.001991644242662005,0.0033337990396764576,-0.006632628082948372
RandomForest,60,Region_3,0.004601695310630021,0.6264224319827152,0.004601695310630021,0.0036821173846664436,-0.1347331880121211
RandomForest,61,log_Fresh,0.021177657091393486,0.2216943470661799,0.021177657091393486,0.008832950705690977,-0.051504839155054244
RandomForest,61,log_Milk,-0.04777527062502486,-0.09267214581538497,0.04777527062502486,0.047548011951008946,-0.13549587061129487
RandomForest,61,log_Grocery,0.012146319296807633,0.47439403147982423,0.012146319296807633,0.11136203645855726,0.09592109819491779
RandomForest,61,log_Frozen,-0.006857424074833034,-2.1308587308122346,0.006857424074833034,0.01855155070273705,-0.012686932347536845
RandomForest,61,log_Detergents_Paper,0.23501172287280497,0.8936557809537347,0.23501172287280497,0.17876485266989345,0.12622336543654195
RandomForest,61,log_Delicassen,-0.021635370197036537,-0.9675592242024033,0.021635370197036537,0.01040160719845682,-0.1640247346740977
RandomForest,61,Region_2,-0.0022518281871452927,-0.34582202838753073,0.0022518281871452927,0.0033337990396764576,-0.19318912973205454
RandomForest,61,Region_3,0.0038340501286438667,0.6264224319827152,0.0038340501286438667,0.0036821173846664436,-0.1337630668677298
RandomForest,62,log_Fresh,-0.009903439335830625,1.0668181046950806,0.009903439335830625,0.008832950705690977,-0.13915660677088934
RandomForest,62,log_Milk,-0.01260291586526364,0.3261458141250557,0.01260291586526364,0.047548011951008946,0.13758108385124967
RandomForest,62,log_Grocery,-0.036356111500936095,0.41172029992304543,0.036356111500936095,0.11136203645855726,-0.093939654273716
RandomForest,62,log_Frozen,-0.03678253607930856,1.1074287338857423,0.03678253607930856,0.01855155070273705,0.18593747353660645
RandomForest,62,log_Detergents_Paper,-0.16845474232592095,-0.5271432511379261,0.16845474232592095,0.17876485266989345,0.10559120427419416
RandomForest,62,log_Delicassen,-0.00551183728091928,0.24550985981507728,0.00551183728091928,0.01040160719845682,-0.18562014072300698
RandomForest,62,Region_2,-0.0012031979956736904,-0.34582202838753073,0.0012031979956736904,0.0033337990396764576,0.1791864310215014
RandomForest,62,Region_3,0.002647205936482351,0.6264224319827152,0.002647205936482351,0.0036821173846664436,-0.15617771396610017
RandomForest,63,log_Fresh,0.0011300808614032576,0.3944675474288823,0.0011300808614032576,0.008832950705690977,-0.16878981959973052
RandomForest,63,log_Milk,0.02071845290596684,0.5338410495913274,0.02071845290596684,0.047548011951008946,0.13924238719824827
RandomForest,63,log_Grocery,-0.07312745225761319,0.17218490510739243,0.07312745225761319,0.11136203645855726,-0.17902401596715417
RandomForest,63,log_Frozen,-0.02384583389695763,1.346055298994824,0.02384583389695763,0.01855155070273705,-0.15052332850887745
RandomForest,63,log_Detergents_Paper,-0.13581119618367665,0.041565755418527646,0.13581119618367665,0.17876485266989345,0.0558011431636663
RandomForest,63,log_Delicassen,0.01480477465343938,0.7710176391569564,0.01480477465343938,0.01040160719845682,0.05305561964819211
RandomForest,63,Region_2,-0.0036040313124613022,-0.34582202838753073,0.0036040313124613022,0.0033337990396764576,-0.02988891811592534
RandomForest,63,Region_3,-0.008087388302260478,-1.5963668427946611,0.008087388302260478,0.0036821173846664436,0.0485622157478601
RandomForest,64,log_Fresh,-0.0038198346208082514,-0.48462326283226237,0.0038198346208082514,0.008832950705690977,0.12028209303505355
RandomForest,64,log_Milk,-0.05133697631856194,-0.9767367207318949,0.05133697631856194,0.047548011951008946,-0.1420674437679794
RandomForest,64,log_Grocery,-0.10279921266348538,-0.8708465047503197,0.10279921266348538,0.11136203645855726,0.11569038335065307
RandomForest,64,log_Frozen,-0.0034546645249247374,0.3193214460127653,0.0034546645249247374,0.01855155070273705,0.09976621793931667
RandomForest,64,log_Detergents_Paper,-0.13515043329884066,-0.824142756304614,0.13515043329884066,0.17876485266989345,0.10762417732756413
RandomForest,64,log_Delicassen,-0.004424205172435905,-0.5655160802024514,0.004424205172435905,0.01040160719845682,-0.1580568099009193
RandomForest,64,Region_2,-0.001020705540322524,-0.34582202838753073,0.001020705540322524,0.0033337990396764576,-0.03784721208163383
RandomForest,64,Region_3,0.0016043820716731716,0.6264224319827152,0.0016043820716731716,0.0036821173846664436,-0.18053363232212646
RandomForest,65,log_Fresh,-0.01833585099888296,-1.9455322530484085,0.01833585099888296,0.008832950705690977,0.15439113300778862
RandomForest,65,log_Milk,0.06764424349330511,0.7670971515576187,0.06764424349330511,0.047548011951008946,0.01691475080649943
RandomForest,65,log_Grocery,0.2284340829004941,1.0378118580037987,0.2284340829004941,0.11136203645855726,-0.11729688448387932
RandomForest,65,log_Frozen,-0.011199369263877088,-1.02634708924403,0.011199369263877088,0.01855155070273705,0.1774091114896767
RandomForest,65,log_Detergents_Paper,0.3164014545271857,1.29137367687898,0.3164014545271857,0.17876485266989345,-0.04239530913615508
RandomForest,65,log_Delicassen,-0.00948613199438114,-0.7381624926464823,0.00948613199438114,0.01040160719845682,-0.06655867883802366
RandomForest,65,Region_2,-0.0022468841800582593,-0.34582202838753073,0.0022468841800582593,0.0033337990396764576,-0.188803711804141
RandomForest,65,Region_3,0.0032055233680875973,0.6264224319827152,0.0032055233680875973,0.0036821173846664436,-0.17289121027751825
RandomForest,66,log_Fresh,-0.020194646031850425,1.095580103553857,0.020194646031850425,0.008832950705690977,0.006079504318526163
RandomForest,66,log_Milk,0.05569486841621256,1.483065347134991,0.05569486841621256,0.047548011951008946,-0.015453673689340752
RandomForest,66,log_Grocery,-0.055469632621370696,0.14184917943795727,0.055469632621370696,0.11136203645855726,-0.08959858130462739
RandomForest,66,log_Frozen,-0.049178600990362614,1.810481640243654,0.049178600990362614,0.01855155070273705,0.1644478523635174
RandomForest,66,log_Detergents_Paper,-0.15424135129560454,-0.41286983367542346,0.15424135129560454,0.17876485266989345,-0.024343667633372285
RandomForest,66,log_Delicassen,-0.0030410133957502693,0.3006008186617045,0.0030410133957502693,0.01040160719845682,-0.19997159974679812
RandomForest,66,Region_2,-0.0020040056026482487,-0.34582202838753073,0.0020040056026482487,0.0033337990396764576,0.08905434753460273
RandomForest,66,Region_3,0.0027905908970569725,0.6264224319827152,0.0027905908970569725,0.0036821173846664436,0.05086354062779719
RandomForest,67,log_Fresh,0.003009157432097709,0.16158826851051178,0.003009157432097709,0.008832950705690977,0.05905334930525685
RandomForest,67,log_Milk,-0.044440724241030696,-1.690287011875916,0.044440724241030696,0.047548011951008946,0.037871898079261224
RandomForest,67,log_Grocery,-0.09814148789784667,-0.1238113243147034,0.09814148789784667,0.11136203645855726,0.009029556749225037
RandomForest,67,log_Frozen,-0.024767614947941184,1.4686138760830403,0.024767614947941184,0.01855155070273705,0.07727148935998052
RandomForest,67,log_Detergents_Paper,-0.12607763257554325,-0.9837299819058437,0.12607763257554325,0.17876485266989345,0.1387582534451755
RandomForest,67,log_Delicassen,-0.007397441706525569,-2.182569690512804,0.007397441706525569,0.01040160719845682,-0.10291855319178307
RandomForest,67,Region_2,-0.0020858354949814385,-0.34582202838753073,0.0020858354949814385,0.0033337990396764576,0.07325158532762199
RandomForest,67,Region_3,0.0015238441714973306,0.6264224319827152,0.0015238441714973306,0.0036821173846664436,0.10330126238480192
RandomForest,68,log_Fresh,-0.02989423625949712,1.3222463984444717,0.02989423625949712,0.008832950705690977,0.11853157452761914
RandomForest,68,log_Milk,-0.018597873860853723,0.37128223611637984,0.018597873860853723,0.047548011951008946,-0.12995606117083136
RandomForest,68,log_Grocery,0.0005770192868294544,0.5040569541207617,0.0005770192868294544,0.11136203645855726,-0.1312774927795053
RandomForest,68,log_Frozen,-0.04275424943179132,1.1302750575837792,0.04275424943179132,0.01855155070273705,0.15744023065500795
RandomForest,68,log_Detergents_Paper,-0.12181596435224491,0.3357970459967828,0.12181596435224491,0.17876485266989345,0.001395676181994293
RandomForest,68,log_Delicassen,0.019355623552110048,2.244158852775165,0.019355623552110048,0.01040160719845682,0.11097500967903906
RandomForest,68,Region_2,-0.0029734804245526904,-0.34582202838753073,0.0029734804245526904,0.0033337990396764576,-0.17507620207830593
RandomForest,68,Region_3,0.0016913292094204735,0.6264224319827152,0.0016913292094204735,0.0036821173846664436,-0.13140161111347454
RandomForest,69,log_Fresh,0.03513476380787324,1.280993279472936,0.03513476380787324,0.008832950705690977,0.14593267145566763
RandomForest,69,log_Milk,0.0041626597679351104,0.14032339023693702,0.0041626597679351104,0.047548011951008946,-0.18351790809031743
RandomForest,69,log_Grocery,-0.03911928131299646,0.21310034329308833,0.03911928131299646,0.11136203645855726,0.11641772435825753
RandomForest,69,log_Frozen,0.02937416317905445,-0.8002043988915492,0.02937416317905445,0.01855155070273705,0.07301844032819782
RandomForest,69,log_Detergents_Paper,0.1799120291068539,0.624780145719632,0.1799120291068539,0.17876485266989345,-0.147109028622609
RandomForest,69,log_Delicassen,-0.004134405150543898,0.3734959761353829,0.004134405150543898,0.01040160719845682,-0.011877540551368415
RandomForest,69,Region_2,-0.0014590369921643287,-0.34582202838753073,0.0014590369921643287,0.0033337990396764576,-0.12030508990571809
RandomForest,69,Region_3,0.0014086768900961034,0.6264224319827152,0.0014086768900961034,0.0036821173846664436,-0.030770013645938205
RandomForest,70,log_Fresh,0.0015660189168556827,0.31028536579056387,0.0015660189168556827,0.008832950705690977,0.09000748472820086
RandomForest,70,log_Milk,-0.04151744634655188,-1.1957883052319405,0.04151744634655188,0.047548011951008946,0.16046278644986223
RandomForest,70,log_Grocery,-0.09501107381462134,-0.5912887865941097,0.09501107381462134,0.11136203645855726,0.1988505799587949
RandomForest,70,log_Frozen,-0.014806853897116525,0.8568073205093985,0.014806853897116525,0.01855155070273705,-0.037302622030258054
RandomForest,70,log_Detergents_Paper,-0.14075031673648483,-0.9234410196075373,0.14075031673648483,0.17876485266989345,-0.09594421615717152
RandomForest,70,log_Delicassen,-0.01010630209246301,-0.7535856167620806,0.01010630209246301,0.01040160719845682,-0.09448988385538559
RandomForest,70,Region_2,0.013606271400494734,2.8916607905595657,0.013606271400494734,0.0033337990396764576,0.19609076366513123
RandomForest,70,Region_3,-0.0032059407965607536,-1.5963668427946611,0.0032059407965607536,0.0036821173846664436,0.1964205364100065
RandomForest,71,log_Fresh,-0.000412956017680699,0.8717232396842182,0.000412956017680699,0.008832950705690977,-0.12197560619959487
RandomForest,71,log_Milk,-0.04962513255126396,-0.042070250601625336,0.04962513255126396,0.047548011951008946,0.033272205271692556
RandomForest,71,log_Grocery,-0.0872345170015069,-1.0486433471608505,0.0872345170015069,0.11136203645855726,0.09273009611172756
RandomForest,71,log_Frozen,-0.0021492819134982712,0.31018287640206704,0.0021492819134982712,0.01855155070273705,-0.19958190599973435
RandomForest,71,log_Detergents_Paper,-0.14852012322349764,-0.9395749755809878,0.14852012322349764,0.17876485266989345,0.18788683340325613
RandomForest,71,log_Delicassen,0.026199126268566034,0.9232772302418975,0.026199126268566034,0.01040160719845682,-0.17299735313853054
RandomForest,71,Region_2,0.03301166209770599,2.8916607905595657,0.03301166209770599,0.0033337990396764576,-0.0020895105531180957
RandomForest,71,Region_3,-0.0023867096945650703,-1.5963668427946611,0.0023867096945650703,0.0036821173846664436,0.19746055172732319
RandomForest,72,log_Fresh,0.0007845794743843726,-0.47133539715735756,0.0007845794743843726,0.008832950705690977,-0.16632918608363953
RandomForest,72,log_Milk,0.09622013356518437,1.3249737549636496,0.09622013356518437,0.047548011951008946,0.19728684712522387
RandomForest,72,log_Grocery,0.2296059868121665,1.4002046382681697,0.2296059868121665,0.11136203645855726,0.14646218040552272
RandomForest,72,log_Frozen,0.020925550199453937,0.0912602008993416,0.020925550199453937,0.01855155070273705,-0.10236300882737025
RandomForest,72,log_Detergents_Paper,0.32296203621837777,1.1899130838643357,0.32296203621837777,0.17876485266989345,0.19382657918188023
RandomForest,72,log_Delicassen,0.004666851063775539,0.47218299282792336,0.004666851063775539,0.01040160719845682,-0.0023285021200175893
RandomForest,72,Region_2,-0.0014584377327992114,-0.34582202838753073,0.0014584377327992114,0.0033337990396764576,0.08833405885251672
RandomForest,72,Region_3,0.0031086832470464286,0.6264224319827152,0.0031086832470464286,0.0036821173846664436,-0.19825633388270847
RandomForest,73,log_Fresh,-0.0016809561753325397,-0.7251368919643972,0.0016809561753325397,0.008832950705690977,-0.05883755314318054
RandomForest,73,log_Milk,0.007017036748729879,0.09698905467203903,0.007017036748729879,0.047548011951008946,-0.16938856912943723
RandomForest,73,log_Grocery,0.23291687282508064,1.2781274206706035,0.23291687282508064,0.11136203645855726,-0.1497223795650455
RandomForest,73,log_Frozen,0.030049512350969962,-0.1190428632004708,0.030049512350969962,0.01855155070273705,0.028457605888380255
RandomForest,73,log_Detergents_Paper,0.3146747974128084,1.7312730304700121,0.3146747974128084,0.17876485266989345,0.056402577726235636
RandomForest,73,log_Delicassen,0.003848307992429909,-1.3216747689035153,0.003848307992429909,0.01040160719845682,-0.17216228572281855
RandomForest,73,Region_2,0.01751146841856098,2.8916607905595657,0.01751146841856098,0.0033337990396764576,-0.13971434701824706
RandomForest,73,Region_3,-0.007307160675331943,-1.5963668427946611,0.007307160675331943,0.0036821173846664436,-0.16997289443277924
RandomForest,74,log_Fresh,0.00289626956662687,0.9105751008079405,0.00289626956662687,0.008832950705690977,-0.11857845302901278
RandomForest,74,log_Milk,0.018624560082225797,0.641893348112383,0.018624560082225797,0.047548011951008946,-0.15325970899530988
RandomForest,74,log_Grocery,-0.10318639700399217,-0.16950665166620693,0.10318639700399217,0.11136203645855726,-0.061209517359476495
RandomForest,74,log_Frozen,-0.03069673602351031,1.3736229612349358,0.03069673602351031,0.01855155070273705,0.10653601238455601
RandomForest,74,log_Detergents_Paper,-0.1562815947353738,-0.4895500971513681,0.1562815947353738,0.17876485266989345,-0.09508091521047124
RandomForest,74,log_Delicassen,-0.0033607415530786965,0.029563040271139332,0.0033607415530786965,0.01040160719845682,-0.05515190029350481
RandomForest,74,Region_2,-0.001976368703035405,-0.34582202838753073,0.001976368703035405,0.0033337990396764576,-0.10785876813201876
RandomForest,74,Region_3,0.0020336364426475485,0.6264224319827152,0.0020336364426475485,0.0036821173846664436,-0.11190219585880996
RandomForest,75,log_Fresh,0.00032610347392619587,0.37539005619959914,0.00032610347392619587,0.008832950705690977,0.15875213910131858
RandomForest,75,log_Milk,-0.04809410208072222,-0.9743703455258589,0.04809410208072222,0.047548011951008946,-0.19072192659797219
RandomForest,75,log_Grocery,-0.10313810193696554,-0.7276385658094099,0.10313810193696554,0.11136203645855726,-0.07218655608266938
RandomForest,75,log_Frozen,-0.00783861802870888,0.2695464100998178,0.00783861802870888,0.01855155070273705,-0.1286705748898554
RandomForest,75,log_Detergents_Paper,-0.1393733184931625,-0.633268672390916,0.1393733184931625,0.17876485266989345,0.12820354828358543
RandomForest,75,log_Delicassen,-0.0011391156545141712,-1.1970165502765826,0.0011391156545141712,0.01040160719845682,0.07214365194884043
RandomForest,75,Region_2,-0.0015226566000274033,-0.34582202838753073,0.0015226566000274033,0.0033337990396764576,0.11712184583916424
RandomForest,75,Region_3,0.0016918789055853267,0.6264224319827152,0.0016918789055853267,0.0036821173846664436,0.05163879200942789
RandomForest,76,log_Fresh,0.004208667960774619,0.5590317586832424,0.004208667960774619,0.008832950705690977,0.014843397631724209
RandomForest,76,log_Milk,-0.05575801527076692,-0.42276090367602487,0.05575801527076692,0.047548011951008946,0.0658560008474699
RandomForest,76,log_Grocery,-0.10749975785347488,-0.26771716619858743,0.10749975785347488,0.11136203645855726,0.024838678121903962
RandomForest,76,log_Frozen,0.00807254258868852,-0.08195993054512164,0.00807254258868852,0.01855155070273705,-0.030943137108121466
RandomForest,76,log_Detergents_Paper,-0.13467699684864784,0.3022363997526428,0.13467699684864784,0.17876485266989345,-0.036847977761334555
RandomForest,76,log_Delicassen,-0.0032530221001798054,-0.280850407316342,0.0032530221001798054,0.01040160719845682,0.08228990850431062
RandomForest,76,Region_2,-0.0012411266845083447,-0.34582202838753073,0.0012411266845083447,0.0033337990396764576,0.0005398541663043377
RandomForest,76,Region_3,0.0018346303799989983,0.6264224319827152,0.0018346303799989983,0.0036821173846664436,-0.042416828212601454
RandomForest,77,log_Fresh,-0.0034276888298700216,1.1129180677054902,0.0034276888298700216,0.008832950705690977,-0.12336792745885408
RandomForest,77,log_Milk,-0.05183046407764778,-0.7906129118665426,0.05183046407764778,0.047548011951008946,0.09552220191474464
RandomForest,77,log_Grocery,-0.09134983554551582,-0.9299293339705762,0.09134983554551582,0.11136203645855726,-0.1476503257017463
RandomForest,77,log_Frozen,0.006649692296505237,-0.48207740178771896,0.006649692296505237,0.01855155070273705,0.06743334228173725
RandomForest,77,log_Detergents_Paper,-0.15374856713831833,-1.203801825125227,0.15374856713831833,0.17876485266989345,-0.19328685841808846
RandomForest,77,log_Delicassen,-0.0034478835301524667,0.4657666372764619,0.0034478835301524667,0.01040160719845682,0.062473701522647085
RandomForest,77,Region_2,-0.0009172574940384948,-0.34582202838753073,0.0009172574940384948,0.0033337990396764576,-0.1985721202962706
RandomForest,77,Region_3,0.0012224420026177541,0.6264224319827152,0.0012224420026177541,0.0036821173846664436,-0.08006621904930733
RandomForest,78,log_Fresh,4.383617771964054e-05,-0.6097252203710735,4.383617771964054e-05,0.008832950705690977,-0.08474891971509697
RandomForest,78,log_Milk,0.10939543352746113,1.4781670952609332,0.10939543352746113,0.047548011951008946,0.02008608643780621
RandomForest,78,log_Grocery,0.25303061680860994,1.8576792234474,0.25303061680860994,0.11136203645855726,-0.12463818544288285
RandomForest,78,log_Frozen,-0.00030618548219536024,-1.6480165517553085,0.00030618548219536024,0.01855155070273705,0.19940946694766953
RandomForest,78,log_Detergents_Paper,0.2953133271950355,1.5837742832082253,0.2953133271950355,0.17876485266989345,0.1606406909729327
RandomForest,78,log_Delicassen,-0.005178509968245635,-0.12099273407303388,0.005178509968245635,0.01040160719845682,0.051835079480044566
RandomForest,78,Region_2,-0.0023672579090634827,-0.34582202838753073,0.0023672579090634827,0.0033337990396764576,0.13182067314264273
RandomForest,78,Region_3,-0.009439450104891875,-1.5963668427946611,0.009439450104891875,0.0036821173846664436,-0.18267692924094706
RandomForest,79,log_Fresh,0.0001097184386162553,-0.7286484403897627,0.0001097184386162553,0.008832950705690977,-0.1266680031032621
RandomForest,79,log_Milk,-0.04510920698314294,-0.021282600097126615,0.04510920698314294,0.047548011951008946,-0.08326897291535813
RandomForest,79,log_Grocery,-0.09711819034604559,-0.311635851840953,0.09711819034604559,0.11136203645855726,-0.1753505349598984
RandomForest,79,log_Frozen,0.010167600566874171,0.02640466417421772,0.010167600566874171,0.01855155070273705,-0.07006690923768422
RandomForest,79,log_Detergents_Paper,-0.14773501388103796,-0.7776811320851091,0.14773501388103796,0.17876485266989345,-0.17298688202987964
RandomForest,79,log_Delicassen,0.044164931970190086,1.3234220047029905,0.044164931970190086,0.01040160719845682,0.12512721263727705
RandomForest,79,Region_2,-0.0037963141397631263,-0.34582202838753073,0.0037963141397631263,0.0033337990396764576,0.035371835998986134
RandomForest,79,Region_3,0.0005842143771906195,0.6264224319827152,0.0005842143771906195,0.0036821173846664436,0.0734255501512231
RandomForest,80,log_Fresh,-0.003785377624335524,-0.23535835470616545,0.003785377624335524,0.008832950705690977,-0.15141413141137586
RandomForest,80,log_Milk,0.09844682634709898,1.0919496194608997,0.09844682634709898,0.047548011951008946,-0.09064318078799377
RandomForest,80,log_Grocery,0.18189675886998885,0.7702147964028798,0.18189675886998885,0.11136203645855726,0.09836960584790633
RandomForest,80,log_Frozen,0.024946501095028,-0.436625315638119,0.024946501095028,0.01855155070273705,0.051732475089171504
RandomForest,80,log_Detergents_Paper,0.31871070866985973,1.1843694785086492,0.31871070866985973,0.17876485266989345,0.014148280926397083
RandomForest,80,log_Delicassen,-0.0028273424601502482,0.1784485618303197,0.0028273424601502482,0.01040160719845682,0.16560629244421038
RandomForest,80,Region_2,-0.002224067834613379,-0.34582202838753073,0.002224067834613379,0.0033337990396764576,-0.048428812313894065
RandomForest,80,Region_3,0.005690407510483056,0.6264224319827152,0.005690407510483056,0.0036821173846664436,-0.06559201185399158
RandomForest,81,log_Fresh,-0.008408398540923371,1.499814248591563,0.008408398540923371,0.008832950705690977,-0.05180068857848008
RandomForest,81,log_Milk,-0.024414054518601916,-1.6683685007905402,0.024414054518601916,0.047548011951008946,0.19633418334417324
RandomForest,81,log_Grocery,-0.07778235753310582,-1.4739636863519718,0.07778235753310582,0.11136203645855726,0.05580656490461389
RandomForest,81,log_Frozen,-0.025337975193142483,1.4897432473831953,0.025337975193142483,0.01855155070273705,0.19741554732648176
RandomForest,81,log_Detergents_Paper,-0.12457979032199092,-0.8377309659352195,0.12457979032199092,0.17876485266989345,0.10801231051696003
RandomForest,81,log_Delicassen,0.018760212488105027,1.0113948730954585,0.018760212488105027,0.01040160719845682,0.10884833491493529
RandomForest,81,Region_2,-0.004375499101915921,-0.34582202838753073,0.004375499101915921,0.0033337990396764576,0.007122181789943005
RandomForest,81,Region_3,0.0012128365766284333,0.6264224319827152,0.0012128365766284333,0.0036821173846664436,0.0699820017645848
RandomForest,82,log_Fresh,-0.0014911955044590286,0.35047081930244506,0.0014911955044590286,0.008832950705690977,-0.05490206995744848
RandomForest,82,log_Milk,0.06714369173572778,1.5517890038764697,0.06714369173572778,0.047548011951008946,0.19798805534080505
RandomForest,82,log_Grocery,-0.07166451303721261,0.021152131735441667,0.07166451303721261,0.11136203645855726,0.16820663037385009
RandomForest,82,log_Frozen,-0.03497352905003936,0.897682760707046,0.03497352905003936,0.01855155070273705,-0.016428565312314486
RandomForest,82,log_Detergents_Paper,-0.12934794888190937,0.32381451929332483,0.12934794888190937,0.17876485266989345,0.12184875919775234
RandomForest,82,log_Delicassen,0.0038542674896689276,1.0988310700263764,0.0038542674896689276,0.01040160719845682,0.105707899650899
RandomForest,82,Region_2,-0.004239390428410843,-0.34582202838753073,0.004239390428410843,0.0033337990396764576,-0.18469684187691132
RandomForest,82,Region_3,-0.008884065600577742,-1.5963668427946611,0.008884065600577742,0.0036821173846664436,0.017097382740481587
RandomForest,83,log_Fresh,-0.009336271427746396,1.2123851726201142,0.009336271427746396,0.008832950705690977,-0.028796210901102265
RandomForest,83,log_Milk,-0.036124949448931146,-0.09267214581538497,0.036124949448931146,0.047548011951008946,-0.03210209220936511
RandomForest,83,log_Grocery,-0.08456918180479989,-1.0204753486413038,0.08456918180479989,0.11136203645855726,-0.1458716317104385
RandomForest,83,log_Frozen,-0.022475324417318917,0.9167763413157828,0.022475324417318917,0.01855155070273705,0.09000654027689209
RandomForest,83,log_Detergents_Paper,-0.14679538089760172,-0.843255776359049,0.14679538089760172,0.17876485266989345,0.09085549869031473
RandomForest,83,log_Delicassen,-0.0003705952052587236,0.6485478523482546,0.0003705952052587236,0.01040160719845682,0.011176646808288254
RandomForest,83,Region_2,-0.0011786182137802825,-0.34582202838753073,0.0011786182137802825,0.0033337990396764576,0.05191364490188605
RandomForest,83,Region_3,0.0012141481032813318,0.6264224319827152,0.0012141481032813318,0.0036821173846664436,-0.16962129240627674
RandomForest,84,log_Fresh,0.0016867893963717507,0.9745858827998688,0.0016867893963717507,0.008832950705690977,-0.01786424686241181
RandomForest,84,log_Milk,-0.04723580039310036,-0.5898476350752406,0.04723580039310036,0.047548011951008946,0.12167342977421824
RandomForest,84,log_Grocery,-0.09272897784434463,-0.17044462644091782,0.09272897784434463,0.11136203645855726,-0.07091724091843421
RandomForest,84,log_Frozen,0.006701018116436899,-0.6585465545564985,0.006701018116436899,0.01855155070273705,0.049205745721532024
RandomForest,84,log_Detergents_Paper,-0.15164317178961936,-0.6671985507780934,0.15164317178961936,0.17876485266989345,0.1805234764302721
RandomForest,84,log_Delicassen,-0.006834620264216937,0.04358821777891892,0.006834620264216937,0.01040160719845682,-0.10626342874625752
RandomForest,84,Region_2,-0.0010787976370556862,-0.34582202838753073,0.0010787976370556862,0.0033337990396764576,-0.06799625333467549
RandomForest,84,Region_3,-0.00258282990731459,-1.5963668427946611,0.00258282990731459,0.0036821173846664436,0.1453503484608593
RandomForest,85,log_Fresh,0.004498499035908026,0.5560804472635344,0.004498499035908026,0.008832950705690977,-0.08661909683112362
RandomForest,85,log_Milk,0.028117229317867896,0.7289274500002756,0.028117229317867896,0.047548011951008946,0.008911629232481788
RandomForest,85,log_Grocery,-0.10631981792652369,-0.5392869807192803,0.10631981792652369,0.11136203645855726,0.03798042201212937
RandomForest,85,log_Frozen,-0.0351537008192463,1.1393764299923839,0.0351537008192463,0.01855155070273705,-0.009801326179888326
RandomForest,85,log_Detergents_Paper,-0.134093256047272,0.23668407792131704,0.134093256047272,0.17876485266989345,-0.10163159438311622
RandomForest,85,log_Delicassen,0.019768194922808107,0.8415284659052829,0.019768194922808107,0.01040160719845682,-0.09064522333066671
RandomForest,85,Region_2,-0.004016415622754721,-0.34582202838753073,0.004016415622754721,0.0033337990396764576,0.009719478204868542
RandomForest,85,Region_3,0.001825519563499256,0.6264224319827152,0.001825519563499256,0.0036821173846664436,-0.10103063256604279
RandomForest,86,log_Fresh,0.0017619374802598032,0.31035493403318276,0.0017619374802598032,0.008832950705690977,-0.09880407813382518
RandomForest,86,log_Milk,-0.04552088572359935,-1.2762168383474082,0.04552088572359935,0.047548011951008946,0.09926007032619294
RandomForest,86,log_Grocery,-0.10138738181089138,-1.2383455672281936,0.10138738181089138,0.11136203645855726,0.12526308172802686
RandomForest,86,log_Frozen,0.011286321271672933,0.09546032202618847,0.011286321271672933,0.01855155070273705,-0.042704453204468557
RandomForest,86,log_Detergents_Paper,-0.14850995400440298,-0.871689786256303,0.14850995400440298,0.17876485266989345,-0.11535928671625362
RandomForest,86,log_Delicassen,-0.005208962999204232,-0.5124077409387331,0.005208962999204232,0.01040160719845682,0.05398456079085001
RandomForest,86,Region_2,-0.0013467705507719074,-0.34582202838753073,0.0013467705507719074,0.0033337990396764576,-0.0024423633859305127
RandomForest,86,Region_3,0.0016927655401741504,0.6264224319827152,0.0016927655401741504,0.0036821173846664436,0.1988281522778274
RandomForest,87,log_Fresh,-0.006097799475173815,-0.09590804339730556,0.006097799475173815,0.008832950705690977,0.0671047121585015
RandomForest,87,log_Milk,-0.009304902826734178,0.36276408138044963,0.009304902826734178,0.047548011951008946,0.038576835388356046
RandomForest,87,log_Grocery,-0.12131583159545699,-0.29477970272871107,0.12131583159545699,0.11136203645855726,-0.19260807806621225
RandomForest,87,log_Frozen,0.008477661709475797,-0.45807467342683383,0.008477661709475797,0.01855155070273705,0.08963419568423003
RandomForest,87,log_Detergents_Paper,-0.1448628991762962,-0.19527271730830087,0.1448628991762962,0.17876485266989345,-0.153884866709214
RandomForest,87,log_Delicassen,-0.009574665357322374,0.12695672573645123,0.009574665357322374,0.01040160719845682,-0.09261790576013107
RandomForest,87,Region_2,-0.0018078315472303075,-0.34582202838753073,0.0018078315472303075,0.0033337990396764576,-0.10250073106303091
RandomForest,87,Region_3,0.0025265065522035004,0.6264224319827152,0.0025265065522035004,0.0036821173846664436,0.047545188872520516
RandomForest,88,log_Fresh,-0.003720299787601107,-0.23149258601283665,0.003720299787601107,0.008832950705690977,-0.1858115153789226
RandomForest,88,log_Milk,-0.051820887808207775,-0.6827875408071876,0.051820887808207775,0.047548011951008946,-0.04285231772787662
RandomForest,88,log_Grocery,-0.09699063157824639,-1.0586511189669336,0.09699063157824639,0.11136203645855726,-0.15987046682508474
RandomForest,88,log_Frozen,-0.010623088541924517,0.6693880611736528,0.010623088541924517,0.01855155070273705,0.01961281125330752
RandomForest,88,log_Detergents_Paper,-0.1345373590082818,-0.486523601725537,0.1345373590082818,0.17876485266989345,-0.07854262912878784
RandomForest,88,log_Delicassen,-0.010741849270998501,0.04358821777891892,0.010741849270998501,0.01040160719845682,-0.1893892601404965
RandomForest,88,Region_2,0.009952243174047908,2.8916607905595657,0.009952243174047908,0.0033337990396764576,0.06793792623592726
RandomForest,88,Region_3,-0.0027641434374709208,-1.5963668427946611,0.0027641434374709208,0.0036821173846664436,0.03459959744677116
RandomForest,89,log_Fresh,-0.005094932532738312,-0.18385715627128124,0.005094932532738312,0.008832950705690977,0.07491544268118577
RandomForest,89,log_Milk,-0.048256023899630233,-1.5855390738795514,0.048256023899630233,0.047548011951008946,0.055144090950196734
RandomForest,89,log_Grocery,-0.10536458812854108,-1.5126871018179622,0.10536458812854108,0.11136203645855726,-0.155148845104075
RandomForest,89,log_Frozen,0.006978517734478373,-0.16184740023254757,0.006978517734478373,0.01855155070273705,0.08416783181704524
RandomForest,89,log_Detergents_Paper,-0.13797927535735652,-1.0052891855867234,0.13797927535735652,0.17876485266989345,-0.13768668936376455
RandomForest,89,log_Delicassen,-0.007313510346320982,-0.5143110656525466,0.007313510346320982,0.01040160719845682,0.024618598836175176
RandomForest,89,Region_2,-0.0012441791742821807,-0.34582202838753073,0.0012441791742821807,0.0033337990396764576,-0.12173655684580922
RandomForest,89,Region_3,0.0018584518192437827,0.6264224319827152,0.0018584518192437827,0.0036821173846664436,0.13681678531932395
RandomForest,90,log_Fresh,0.004898996144511329,0.7558390816323026,0.004898996144511329,0.008832950705690977,0.0914960637478438
RandomForest,90,log_Milk,0.006585306029301137,0.08199786366109629,0.006585306029301137,0.047548011951008946,0.00441940470394192
RandomForest,90,log_Grocery,-0.11552890427981766,-0.7627204100113069,0.11552890427981766,0.11136203645855726,-0.02876183982529304
RandomForest,90,log_Frozen,0.042004821231603276,-1.9712151514724137,0.042004821231603276,0.01855155070273705,0.07222873582910339
RandomForest,90,log_Detergents_Paper,-0.13622173925632525,-0.31842708418806825,0.13622173925632525,0.17876485266989345,-0.012846886233967597
RandomForest,90,log_Delicassen,0.008095766987316892,-1.05442055982541,0.008095766987316892,0.01040160719845682,-0.10518961973078592
RandomForest,90,Region_2,-0.001238322306635382,-0.34582202838753073,0.001238322306635382,0.0033337990396764576,-0.1837981774172983
RandomForest,90,Region_3,0.0032827012807592837,0.6264224319827152,0.0032827012807592837,0.0036821173846664436,-0.043340012646752746
RandomForest,91,log_Fresh,0.014896553467515332,0.8806309038724853,0.014896553467515332,0.008832950705690977,0.06322850543102998
RandomForest,91,log_Milk,0.03803317898222303,0.4396619500394547,0.03803317898222303,0.047548011951008946,-0.17251082281231156
RandomForest,91,log_Grocery,-0.017205597158244927,0.3958465109677555,0.017205597158244927,0.11136203645855726,0.05647035590892335
RandomForest,91,log_Frozen,-0.04391358167823455,0.7573221643574427,0.04391358167823455,0.01855155070273705,0.14524353795668338
RandomForest,91,log_Detergents_Paper,0.08860888340750535,0.40493851215157006,0.08860888340750535,0.17876485266989345,0.10664612741539148
RandomForest,91,log_Delicassen,0.0056917512272048046,1.456587902467725,0.0056917512272048046,0.01040160719845682,0.13623803922523198
RandomForest,91,Region_2,-0.002885057270468678,-0.34582202838753073,0.002885057270468678,0.0033337990396764576,0.05631733970681013
RandomForest,91,Region_3,0.004594651291040463,0.6264224319827152,0.004594651291040463,0.0036821173846664436,-0.17555793537705183
RandomForest,92,log_Fresh,0.009381447001615015,0.21252008220779078,0.009381447001615015,0.008832950705690977,0.1904422383071136
RandomForest,92,log_Milk,-0.07409555200520117,-0.5144536454090575,0.07409555200520117,0.047548011951008946,0.14481004985396256
RandomForest,92,log_Grocery,-0.11671418521546002,-0.8115691840164563,0.11671418521546002,0.11136203645855726,0.08845473771244011
RandomForest,92,log_Frozen,-0.044362299554304624,0.9489504333700289,0.044362299554304624,0.01855155070273705,0.03703491222353916
RandomForest,92,log_Detergents_Paper,0.1770309738917467,0.8170881087189447,0.1770309738917467,0.17876485266989345,-0.07610963740294192
RandomForest,92,log_Delicassen,-0.009253469094710453,0.17376418159149018,0.009253469094710453,0.01040160719845682,0.11309811937087438
RandomForest,92,Region_2,-0.002949652330571553,-0.34582202838753073,0.002949652330571553,0.0033337990396764576,-0.08343583624062334
RandomForest,92,Region_3,-0.0077105868327589635,-1.5963668427946611,0.0077105868327589635,0.0036821173846664436,-0.11679954239016506
RandomForest,93,log_Fresh,0.0070820068784814795,0.09670490692824878,0.0070820068784814795,0.008832950705690977,-0.16221917283157936
RandomForest,93,log_Milk,-0.053376613097570955,-0.3741123986312958,0.053376613097570955,0.047548011951008946,0.16092008011720393
RandomForest,93,log_Grocery,-0.11454849020377879,-1.1861386426573939,0.11454849020377879,0.11136203645855726,-0.01692024753526708
RandomForest,93,log_Frozen,0.014247588592388638,0.06798795419092113,0.014247588592388638,0.01855155070273705,-0.08101874282844915
RandomForest,93,log_Detergents_Paper,-0.12633662989195726,0.18772005252885424,0.12633662989195726,0.17876485266989345,-0.14303756307846568
RandomForest,93,log_Delicassen,0.0006223241961561143,-1.401390916032525,0.0006223241961561143,0.01040160719845682,0.007639194737500465
RandomForest,93,Region_2,-0.0013382484803514672,-0.34582202838753073,0.0013382484803514672,0.0033337990396764576,-0.10992319562502938
RandomForest,93,Region_3,0.0018261288331632387,0.6264224319827152,0.0018261288331632387,0.0036821173846664436,-0.05115393031870746
RandomForest,94,log_Fresh,-0.001446342584968079,1.0322490870696794,0.001446342584968079,0.008832950705690977,0.17351179543353396
RandomForest,94,log_Milk,-0.04142233622575077,-1.176971760593412,0.04142233622575077,0.047548011951008946,-0.05642780934310068
RandomForest,94,log_Grocery,-0.10671146270720783,-0.6938720846374925,0.10671146270720783,0.11136203645855726,-0.11893755680934089
RandomForest,94,log_Frozen,-0.015102474158484256,0.75051176766314,0.015102474158484256,0.01855155070273705,-0.03500669997568173
RandomForest,94,log_Detergents_Paper,-0.1290436637572566,-0.23025994950054757,0.1290436637572566,0.17876485266989345,-0.05236042975195834
RandomForest,94,log_Delicassen,0.002092338197871868,-0.827067620596735,0.002092338197871868,0.01040160719845682,0.04239726952964365
RandomForest,94,Region_2,-0.0011276805799934663,-0.34582202838753073,0.0011276805799934663,0.0033337990396764576,-0.05015894197076501
RandomForest,94,Region_3,0.0016070649747780407,0.6264224319827152,0.0016070649747780407,0.0036821173846664436,0.08067110307873149
RandomForest,95,log_Fresh,0.005413296050101053,0.7269227878064561,0.005413296050101053,0.008832950705690977,0.011893081087798185
RandomForest,95,log_Milk,-0.04999241433717543,-1.0524061392052995,0.04999241433717543,0.047548011951008946,-0.14352082242844474
RandomForest,95,log_Grocery,-0.09505916691468883,-0.7573027082870221,0.09505916691468883,0.11136203645855726,0.06271335651205773
RandomForest,95,log_Frozen,-0.005116160179404687,0.424131745507667,0.005116160179404687,0.01855155070273705,0.08143934392855257
RandomForest,95,log_Detergents_Paper,-0.1462576246864046,-1.1786638217105847,0.1462576246864046,0.17876485266989345,0.11736213476924534
RandomForest,95,log_Delicassen,-0.008021976108775562,0.3662025888426457,0.008021976108775562,0.01040160719845682,0.0418179773545046
RandomForest,95,Region_2,-0.0011692455198863171,-0.34582202838753073,0.0011692455198863171,0.0033337990396764576,0.06249375856034822
RandomForest,95,Region_3,0.0013545891001922428,0.6264224319827152,0.0013545891001922428,0.0036821173846664436,0.07977214576399516
RandomForest,96,log_Fresh,8.481474382278976e-05,0.4028992550357735,8.481474382278976e-05,0.008832950705690977,0.07022996792973779
RandomForest,96,log_Milk,-0.07205330614386185,0.05620157975865521,0.07205330614386185,0.047548011951008946,-0.10867761759948645
RandomForest,96,log_Grocery,-0.05795731235572021,0.08890238107076175,0.05795731235572021,0.11136203645855726,-0.015610013344704798
RandomForest,96,log_Frozen,0.006575689417913964,-0.7588273588685609,0.006575689417913964,0.01855155070273705,-0.02305744594274431
RandomForest,96,log_Detergents_Paper,-0.1179030143813361,0.3727810970038959,0.1179030143813361,0.17876485266989345,0.14788308149286222
RandomForest,96,log_Delicassen,0.0033807452275505055,0.8601334387447528,0.0033807452275505055,0.01040160719845682,0.03366095296006849
RandomForest,96,Region_2,-0.0027468657312056167,-0.34582202838753073,0.0027468657312056167,0.0033337990396764576,0.041057645221906414
RandomForest,96,Region_3,-0.005579230937564716,-1.5963668427946611,0.005579230937564716,0.0036821173846664436,0.05489327072737715
RandomForest,97,log_Fresh,-0.004428357647775556,0.0009699962996261205,0.004428357647775556,0.008832950705690977,-0.12912341001429678
RandomForest,97,log_Milk,-0.04782575756715232,-2.1294761451380215,0.04782575756715232,0.047548011951008946,0.1940308698376806
RandomForest,97,log_Grocery,-0.10885125630451511,-1.7241435706119408,0.10885125630451511,0.11136203645855726,0.04545178147450629
RandomForest,97,log_Frozen,0.007142815946226619,-0.24147705809841433,0.007142815946226619,0.01855155070273705,0.10540998099028709
RandomForest,97,log_Detergents_Paper,-0.13878008645420778,-1.788565831928728,0.13878008645420778,0.17876485266989345,-0.1731655219340007
RandomForest,97,log_Delicassen,-0.002739558692155697,-0.7561862951972455,0.002739558692155697,0.01040160719845682,0.1866031483157986
RandomForest,97,Region_2,-0.0012608061588616692,-0.34582202838753073,0.0012608061588616692,0.0033337990396764576,0.011705422097134571
RandomForest,97,Region_3,0.0019267431377011236,0.6264224319827152,0.0019267431377011236,0.0036821173846664436,-0.09156304168763643
RandomForest,98,log_Fresh,0.008920537169833551,0.17665411243636142,0.008920537169833551,0.008832950705690977,0.027815948987167743
RandomForest,98,log_Milk,-0.007035109709649987,0.1112535394458395,0.007035109709649987,0.047548011951008946,-0.1787987363979332
RandomForest,98,log_Grocery,-0.11288653826082737,-0.7263329020929425,0.11288653826082737,0.11136203645855726,0.15245544437509367
RandomForest,98,log_Frozen,-0.027254518655208813,1.1337313054565459,0.027254518655208813,0.01855155070273705,0.03160086549092428
RandomForest,98,log_Detergents_Paper,-0.12414258164615603,0.018450065829108256,0.12414258164615603,0.17876485266989345,-0.07447944143523677
RandomForest,98,log_Delicassen,0.009817311725128093,-0.7693224529516194,0.009817311725128093,0.01040160719845682,-0.16318448447237108
RandomForest,98,Region_2,-0.0009068331927483086,-0.34582202838753073,0.0009068331927483086,0.0033337990396764576,0.14298000832939112
RandomForest,98,Region_3,-0.004558944982800312,-1.5963668427946611,0.004558944982800312,0.0036821173846664436,-0.08916356836920301
RandomForest,99,log_Fresh,0.0008286980466073146,0.11009239352186571,0.0008286980466073146,0.008832950705690977,-0.13064258531605477
RandomForest,99,log_Milk,-0.047287771238625285,-1.1125969367948874,0.047287771238625285,0.047548011951008946,0.01607254443562023
RandomForest,99,log_Grocery,-0.0920533630657519,-0.7298188868838358,0.0920533630657519,0.11136203645855726,-0.022301950968246637
RandomForest,99,log_Frozen,0.007147757841703423,-0.1086985092278466,0.007147757841703423,0.01855155070273705,-0.08810469830832686
RandomForest,99,log_Detergents_Paper,-0.15446314520970192,-0.7654034169559375,0.15446314520970192,0.17876485266989345,0.03557329125957703
RandomForest,99,log_Delicassen,-0.0012200260450481437,0.6274905380827682,0.0012200260450481437,0.01040160719845682,0.16712653609530898
RandomForest,99,Region_2,-0.001429421468092187,-0.34582202838753073,0.001429421468092187,0.0033337990396764576,0.18012480498775257
RandomForest,99,Region_3,-0.0035512198405376694,-1.5963668427946611,0.0035512198405376694,0.0036821173846664436,0.07723421741699515
RandomForest,100,log_Fresh,-0.004105506877676817,0.9218025608479447,0.004105506877676817,0.008832950705690977,-0.08512947193752335
RandomForest,100,log_Milk,-0.024283313084633846,0.23383230143209974,0.024283313084633846,0.047548011951008946,-0.03145901868629114
RandomForest,100,log_Grocery,-0.05727657783947507,0.022857446595166853,0.05727657783947507,0.11136203645855726,0.06209157104838142
RandomForest,100,log_Frozen,-0.03754855115827013,1.4503533524213725,0.03754855115827013,0.01855155070273705,-0.14999282961530125
RandomForest,100,log_Detergents_Paper,-0.145126618163531,0.14772501983941777,0.145126618163531,0.17876485266989345,-0.07362700677363887
RandomForest,100,log_Delicassen,0.017270249659140972,1.5517839279301973,0.017270249659140972,0.01040160719845682,0.049465363186528444
RandomForest,100,Region_2,-0.003269403790181968,-0.34582202838753073,0.003269403790181968,0.0033337990396764576,0.010887276121123751
RandomForest,100,Region_3,0.0030078908432869867,0.6264224319827152,0.0030078908432869867,0.0036821173846664436,0.029643703653674136
RandomForest,101,log_Fresh,-0.015586140998821066,-1.725273714195477,0.015586140998821066,0.008832950705690977,-0.07412485904570701
RandomForest,101,log_Milk,0.08821321744853776,1.0515373917537743,0.08821321744853776,0.047548011951008946,0.14179848904942666
RandomForest,101,log_Grocery,0.21445227669188172,0.8203151072761944,0.21445227669188172,0.11136203645855726,-0.12361565931236917
RandomForest,101,log_Frozen,0.024769621656278103,-0.5386808069603491,0.024769621656278103,0.01855155070273705,0.11476277582476951
RandomForest,101,log_Detergents_Paper,0.2994400848553414,1.0780670885224717,0.2994400848553414,0.17876485266989345,0.1863877511945225
RandomForest,101,log_Delicassen,-0.02478766536751209,-0.9709902768583855,0.02478766536751209,0.01040160719845682,0.14455925557940325
RandomForest,101,Region_2,-0.0025195175217231735,-0.34582202838753073,0.0025195175217231735,0.0033337990396764576,-0.040417640492000195
RandomForest,101,Region_3,0.002814061393364682,0.6264224319827152,0.002814061393364682,0.0036821173846664436,0.09586778112402233
RandomForest,102,log_Fresh,-0.0034100148227298632,-0.2265762204334017,0.0034100148227298632,0.008832950705690977,-0.16474691330650237
RandomForest,102,log_Milk,-0.04648703085629677,-1.2149949641082536,0.04648703085629677,0.047548011951008946,0.11003877506013537
RandomForest,102,log_Grocery,-0.10019136437822454,-1.189041756197425,0.10019136437822454,0.11136203645855726,0.19190415658376925
RandomForest,102,log_Frozen,-0.009609174225424795,0.6866066811542725,0.009609174225424795,0.01855155070273705,-0.17360258158849706
RandomForest,102,log_Detergents_Paper,-0.12937810623276164,-1.027672504805599,0.12937810623276164,0.17876485266989345,0.11089031161361801
RandomForest,102,log_Delicassen,-0.011651473367710424,0.19462408699739042,0.011651473367710424,0.01040160719845682,-0.08337813050157226
RandomForest,102,Region_2,-0.0012818744422474992,-0.34582202838753073,0.0012818744422474992,0.0033337990396764576,0.009667380332559261
RandomForest,102,Region_3,0.0014303331525661633,0.6264224319827152,0.0014303331525661633,0.0036821173846664436,-0.13224342562745406
RandomForest,103,log_Fresh,-0.006890429604973178,1.7078921391788937,0.006890429604973178,0.008832950705690977,-0.19381297064355518
RandomForest,103,log_Milk,-0.04028459695424317,0.029133182823562913,0.04028459695424317,0.047548011951008946,-0.1455297843221048
RandomForest,103,log_Grocery,-0.040152782583027145,0.3837548374326632,0.040152782583027145,0.11136203645855726,-0.16428384953143904
RandomForest,103,log_Frozen,-0.041392873856066215,1.8824519217721758,0.041392873856066215,0.01855155070273705,-0.10114827695144153
RandomForest,103,log_Detergents_Paper,-0.12646427658757603,-0.07833924363863332,0.12646427658757603,0.17876485266989345,0.07452452418584832
RandomForest,103,log_Delicassen,-0.006159052625098411,0.11775087114142033,0.006159052625098411,0.01040160719845682,0.15413542957363996
RandomForest,103,Region_2,-0.001360246271106007,-0.34582202838753073,0.001360246271106007,0.0033337990396764576,-0.14001275884050415
RandomForest,103,Region_3,0.002457164973129693,0.6264224319827152,0.002457164973129693,0.0036821173846664436,0.012701702403326076
RandomForest,104,log_Fresh,-0.00023655610377318226,0.7361778346810939,0.00023655610377318226,0.008832950705690977,0.1978827758709713
RandomForest,104,log_Milk,-0.07868130438524532,-0.9053202885955771,0.07868130438524532,0.047548011951008946,-0.16932972749865943
RandomForest,104,log_Grocery,0.16378280125110906,1.3619500852385207,0.16378280125110906,0.11136203645855726,0.1886726646069964
RandomForest,104,log_Frozen,-0.04471372296379741,1.0045060415555727,0.04471372296379741,0.01855155070273705,0.15281774174403256
RandomForest,104,log_Detergents_Paper,0.24017347355391394,0.9047029752332346,0.24017347355391394,0.17876485266989345,0.041687432458134
RandomForest,104,log_Delicassen,-0.037523247067792906,2.250654490847067,0.037523247067792906,0.01040160719845682,0.08275163324569712
RandomForest,104,Region_2,-0.001759189176809741,-0.34582202838753073,0.001759189176809741,0.0033337990396764576,0.12435365277579907
RandomForest,104,Region_3,1.7106606792367527e-05,0.6264224319827152,1.7106606792367527e-05,0.0036821173846664436,-0.16311787497172903
RandomForest,105,log_Fresh,0.003645941345639585,0.7651755297863703,0.003645941345639585,0.008832950705690977,-0.05152926440829439
RandomForest,105,log_Milk,-0.053691635894774666,-0.877943067223383,0.053691635894774666,0.047548011951008946,0.1810272337638517
RandomForest,105,log_Grocery,-0.09450445982338351,-0.2173975492743354,0.09450445982338351,0.11136203645855726,0.02731999380402672
RandomForest,105,log_Frozen,-0.008564770595839946,0.5611057650950796,0.008564770595839946,0.01855155070273705,0.06681113184571119
RandomForest,105,log_Detergents_Paper,-0.13496900639820525,-0.13182947195941017,0.13496900639820525,0.17876485266989345,-0.04181654375711674
RandomForest,105,log_Delicassen,-0.011918029041389673,0.10072705771055032,0.011918029041389673,0.01040160719845682,-0.10911852536645972
RandomForest,105,Region_2,0.011093319276114925,2.8916607905595657,0.011093319276114925,0.0033337990396764576,0.1394626751069546
RandomForest,105,Region_3,-0.0030058879470925602,-1.5963668427946611,0.0030058879470925602,0.0036821173846664436,0.14660400672686047
RandomForest,106,log_Fresh,0.004511524688932695,-0.5398030455255104,0.004511524688932695,0.008832950705690977,0.0875376767462882
RandomForest,106,log_Milk,0.0817440848786282,1.0770116081530952,0.0817440848786282,0.047548011951008946,0.03614207639106154
RandomForest,106,log_Grocery,0.20403614922026464,1.088847334067259,0.20403614922026464,0.11136203645855726,0.038362711527588134
RandomForest,106,log_Frozen,0.028315765095785535,-0.06007242309460202,0.028315765095785535,0.01855155070273705,-0.02117719828343123
RandomForest,106,log_Detergents_Paper,0.3370337183771335,1.1002847249017493,0.3370337183771335,0.17876485266989345,-0.1940152569112736
RandomForest,106,log_Delicassen,0.018599565535841977,0.8569015998518552,0.018599565535841977,0.01040160719845682,0.07308327337074921
RandomForest,106,Region_2,-0.002444505480816588,-0.34582202838753073,0.002444505480816588,0.0033337990396764576,0.128104814649176
RandomForest,106,Region_3,-0.00962353700575477,-1.5963668427946611,0.00962353700575477,0.0036821173846664436,0.08445282005666888
RandomForest,107,log_Fresh,0.00565067853727669,0.4910031093193541,0.00565067853727669,0.008832950705690977,0.11387558247838825
RandomForest,107,log_Milk,0.015563226583581127,0.7210000088230663,0.015563226583581127,0.047548011951008946,-0.049908754719373366
RandomForest,107,log_Grocery,-0.04598014768445864,-0.020576410446423984,0.04598014768445864,0.11136203645855726,0.12466250756731839
RandomForest,107,log_Frozen,0.0025124686288108935,0.1296097713756986,0.0025124686288108935,0.01855155070273705,0.08111447922049375
RandomForest,107,log_Detergents_Paper,-0.1915946873102439,-2.194490538743327,0.1915946873102439,0.17876485266989345,0.18528237167266998
RandomForest,107,log_Delicassen,0.012662818098697244,0.9318493645660367,0.012662818098697244,0.01040160719845682,0.11587785311396759
RandomForest,107,Region_2,-0.005371710951148998,-0.34582202838753073,0.005371710951148998,0.0033337990396764576,0.19498093868715144
RandomForest,107,Region_3,0.0031888201581023166,0.6264224319827152,0.0031888201581023166,0.0036821173846664436,-0.040910204549405804
RandomForest,108,log_Fresh,0.012279202502322733,0.40046601131381726,0.012279202502322733,0.008832950705690977,0.16961666780118206
RandomForest,108,log_Milk,0.10119575978365901,1.0773557520610137,0.10119575978365901,0.047548011951008946,0.007433532648222219
RandomForest,108,log_Grocery,0.08845988531633338,0.5782477039448285,0.08845988531633338,0.11136203645855726,0.01819501746186941
RandomForest,108,log_Frozen,0.006089779600943075,0.30521745445303144,0.006089779600943075,0.01855155070273705,0.007063882107726155
RandomForest,108,log_Detergents_Paper,0.12262824228411773,0.46706835200248614,0.12262824228411773,0.17876485266989345,0.07617665512173699
RandomForest,108,log_Delicassen,-0.011513977506328956,-1.3162831017464471,0.011513977506328956,0.01040160719845682,0.166213365143763
RandomForest,108,Region_2,-0.0021399296990421133,-0.34582202838753073,0.0021399296990421133,0.0033337990396764576,0.18586778400316317
RandomForest,108,Region_3,0.0030950574621965645,0.6264224319827152,0.0030950574621965645,0.0036821173846664436,0.003152054504645674
RandomForest,109,log_Fresh,-0.0039908487316643,1.319455715904117,0.0039908487316643,0.008832950705690977,-0.12625873628733858
RandomForest,109,log_Milk,-0.05293976183544146,-0.4367649173528462,0.05293976183544146,0.047548011951008946,0.1260080615160794
RandomForest,109,log_Grocery,-0.09904142987779778,-0.5179864718609221,0.09904142987779778,0.11136203645855726,0.15244865423789317
RandomForest,109,log_Frozen,0.006752990855475218,-0.1657393716119174,0.006752990855475218,0.01855155070273705,-0.15564035479136784
RandomForest,109,log_Detergents_Paper,-0.13786502442264464,0.1279771227305121,0.13786502442264464,0.17876485266989345,0.05735292355934468
RandomForest,109,log_Delicassen,-0.00558448572855923,0.033328016586159144,0.00558448572855923,0.01040160719845682,0.046118987454325217
RandomForest,109,Region_2,-0.0009511551773539396,-0.34582202838753073,0.0009511551773539396,0.0033337990396764576,-0.15207119567393468
RandomForest,109,Region_3,0.0016288057211204432,0.6264224319827152,0.0016288057211204432,0.0036821173846664436,0.15928663319219882
SGDClassifier,0,log_Fresh,2.536700074272852,1.167228500027419,2.536700074272852,1.4516905475066786,0.06706715957813836
SGDClassifier,0,log_Milk,0.8634041063383759,0.7341749739905937,0.8634041063383759,0.8262143372743738,-0.008764383306710088
SGDClassifier,0,log_Grocery,1.3418517621050468,0.5422882718797886,1.3418517621050468,1.9002127640329738,-0.16029822196739488
SGDClassifier,0,log_Frozen,-0.4271979115331335,0.4195349852849734,0.4271979115331335,0.7756855401768582,-0.15107916372694122
SGDClassifier,0,log_Detergents_Paper,3.51066832865531,0.3827861363921274,3.51066832865531,5.870048936273717,0.12138964853837603
SGDClassifier,0,log_Delicassen,0.7908688244741808,1.005270206647807,0.7908688244741808,0.6235942664763195,0.04589425983927878
SGDClassifier,0,Region_2,0.2530850099575949,-0.34582202838753073,0.2530850099575949,0.4162307188558792,0.04293721907393713
SGDClassifier,0,Region_3,0.26526825889683325,0.6264224319827152,0.26526825889683325,0.3628185218459913,0.16761627370813664
SGDClassifier,1,log_Fresh,1.0882212454814675,0.4559723569339648,1.0882212454814675,1.4516905475066786,0.028400629685300854
SGDClassifier,1,log_Milk,2.2178452028618008,1.9732659498530924,2.2178452028618008,0.8262143372743738,-0.06746698352934863
SGDClassifier,1,log_Grocery,4.8798231341825655,1.9335796678875796,4.8798231341825655,1.9002127640329738,0.0957908817977986
SGDClassifier,1,log_Frozen,-0.8838829002791428,0.9059700552255879,0.8838829002791428,0.7756855401768582,-0.182426677289237
SGDClassifier,1,log_Detergents_Paper,14.179979978800262,1.80478902903933,14.179979978800262,5.870048936273717,-0.11163511169960466
SGDClassifier,1,log_Delicassen,0.78560659559827,0.9990966698386028,0.78560659559827,0.6235942664763195,0.15988246596537287
SGDClassifier,1,Region_2,0.2530850099575949,-0.34582202838753073,0.2530850099575949,0.4162307188558792,0.14046233886259857
SGDClassifier,1,Region_3,-0.5904358020606933,-1.5963668427946611,0.5904358020606933,0.3628185218459913,-0.09785215314152147
SGDClassifier,2,log_Fresh,0.5279813651906204,0.18087406171394135,0.5279813651906204,1.4516905475066786,-0.033889659560488006
SGDClassifier,2,log_Milk,0.009530625039119686,-0.046978911491724035,0.009530625039119686,0.8262143372743738,0.04850554054318454
SGDClassifier,2,log_Grocery,0.9009970154910723,0.36892411729844427,0.9009970154910723,1.9002127640329738,0.09283420332379089
SGDClassifier,2,log_Frozen,-0.018892096492348055,-0.015369319850805158,0.018892096492348055,0.7756855401768582,-0.0014559364583678625
SGDClassifier,2,log_Detergents_Paper,6.912373842971148,0.8361645022987362,6.912373842971148,5.870048936273717,0.08301213123660323
SGDClassifier,2,log_Delicassen,-0.3261450843951056,-0.30518713859717234,0.3261450843951056,0.6235942664763195,-0.11330194811637902
SGDClassifier,2,Region_2,-2.047687807838722,2.8916607905595657,2.047687807838722,0.4162307188558792,-0.15076999178420683
SGDClassifier,2,Region_3,-0.5904358020606933,-1.5963668427946611,0.5904358020606933,0.3628185218459913,0.04363831980603386
SGDClassifier,3,log_Fresh,-0.2189018489789026,-0.1858729446573656,0.2189018489789026,1.4516905475066786,0.11841101008628979
SGDClassifier,3,log_Milk,-1.135489620658219,-1.0944842310402552,1.135489620658219,0.8262143372743738,0.1404594697079395
SGDClassifier,3,log_Grocery,-3.607301293748526,-1.4039440007944275,3.607301293748526,1.9002127640329738,-0.17256342230472074
SGDClassifier,3,log_Frozen,-0.9935186452243709,1.0227478617544639,0.9935186452243709,0.7756855401768582,-0.021173308873661867
SGDClassifier,3,log_Detergents_Paper,-5.967761452738804,-0.8804963516316159,5.967761452738804,5.870048936273717,0.003544158421634108
SGDClassifier,3,log_Delicassen,-1.7991791742103707,-2.0333199106847553,1.7991791742103707,0.6235942664763195,-0.06551759639282659
SGDClassifier,3,Region_2,0.2530850099575949,-0.34582202838753073,0.2530850099575949,0.4162307188558792,-0.0046851118407811865
SGDClassifier,3,Region_3,-0.5904358020606933,-1.5963668427946611,0.5904358020606933,0.3628185218459913,-0.11590867888108086
SGDClassifier,4,log_Fresh,-7.541340151874846,-3.7814582730968747,7.541340151874846,1.4516905475066786,0.054528455712359536
SGDClassifier,4,log_Milk,-0.19414171187111987,-0.2333056224473227,0.19414171187111987,0.8262143372743738,0.024153032965771676
SGDClassifier,4,log_Grocery,1.2449139134155023,0.5041678970532187,1.2449139134155023,1.9002127640329738,0.06782643595849003
SGDClassifier,4,log_Frozen,1.6674037125620016,-1.8115164235037393,1.6674037125620016,0.7756855401768582,0.12239308332109711
SGDClassifier,4,log_Detergents_Paper,7.100019981112611,0.8611739274595067,7.100019981112611,5.870048936273717,-0.14201622895253105
SGDClassifier,4,log_Delicassen,-0.9145089911247972,-0.9954433629188895,0.9145089911247972,0.6235942664763195,-0.02350554086580431
SGDClassifier,4,Region_2,0.2530850099575949,-0.34582202838753073,0.2530850099575949,0.4162307188558792,-0.06434462637063404
SGDClassifier,4,Region_3,0.26526825889683325,0.6264224319827152,0.26526825889683325,0.3628185218459913,-0.15209923959486257
SGDClassifier,5,log_Fresh,0.6070719447235644,0.21971043228110115,0.6070719447235644,1.4516905475066786,-0.18865104818953804
SGDClassifier,5,log_Milk,0.4576209609272026,0.36295009390782296,0.4576209609272026,0.8262143372743738,0.124759218542571
SGDClassifier,5,log_Grocery,6.088972307108657,2.4090721645366306,6.088972307108657,1.9002127640329738,-0.0382678608470835
SGDClassifier,5,log_Frozen,1.741315994669343,-1.890243614023135,1.741315994669343,0.7756855401768582,0.15385134748704704
SGDClassifier,5,log_Detergents_Paper,17.14349889197209,2.1997660064798366,17.14349889197209,5.870048936273717,0.09849988708653368
SGDClassifier,5,log_Delicassen,0.21904203968921654,0.3344149877653299,0.21904203968921654,0.6235942664763195,0.17776771523790175
SGDClassifier,5,Region_2,-2.047687807838722,2.8916607905595657,2.047687807838722,0.4162307188558792,-0.18845644673527923
SGDClassifier,5,Region_3,-0.5904358020606933,-1.5963668427946611,0.5904358020606933,0.3628185218459913,0.046532071087073745
SGDClassifier,6,log_Fresh,-0.027989790500538042,-0.09212813342208163,0.027989790500538042,1.4516905475066786,-0.16523142409734667
SGDClassifier,6,log_Milk,1.1567066501369168,1.0024985918659923,1.1567066501369168,0.8262143372743738,-0.1215847258976786
SGDClassifier,6,log_Grocery,1.8313134327689673,0.7347668816403966,1.8313134327689673,1.9002127640329738,-0.18276577292652232
SGDClassifier,6,log_Frozen,2.6352905023564133,-2.842454794351068,2.6352905023564133,0.7756855401768582,0.042000803571814516
SGDClassifier,6,log_Detergents_Paper,10.044163839185963,1.2535686029391495,10.044163839185963,5.870048936273717,0.12423373523288084
SGDClassifier,6,log_Delicassen,0.2544133821395456,0.37591190661044116,0.2544133821395456,0.6235942664763195,0.07125329297874511
SGDClassifier,6,Region_2,0.2530850099575949,-0.34582202838753073,0.2530850099575949,0.4162307188558792,0.17290989908073856
SGDClassifier,6,Region_3,0.26526825889683325,0.6264224319827152,0.26526825889683325,0.3628185218459913,0.17442524359679773
SGDClassifier,7,log_Fresh,1.2448876537697209,0.5329012999716654,1.2448876537697209,1.4516905475066786,-0.01867124329384376
SGDClassifier,7,log_Milk,-2.2402194658237886,-2.1051304565750684,2.2402194658237886,0.8262143372743738,0.0737453457543612
SGDClassifier,7,log_Grocery,-5.185519040518648,-2.02457106110292,5.185519040518648,1.9002127640329738,-0.12229259122900454
SGDClassifier,7,log_Frozen,-0.279708860135823,0.2624379735593991,0.279708860135823,0.7756855401768582,-0.020603336835169683
SGDClassifier,7,log_Detergents_Paper,-12.477870244700908,-1.7481618428249799,12.477870244700908,5.870048936273717,0.1946939408187649
SGDClassifier,7,log_Delicassen,-0.18396122300512321,-0.13838000750029322,0.18396122300512321,0.6235942664763195,-0.06405828432826496
SGDClassifier,7,Region_2,0.2530850099575949,-0.34582202838753073,0.2530850099575949,0.4162307188558792,0.09908019614643526
SGDClassifier,7,Region_3,-0.5904358020606933,-1.5963668427946611,0.5904358020606933,0.3628185218459913,-0.013623905565509853
SGDClassifier,8,log_Fresh,1.4875706267741828,0.6520675259065191,1.4875706267741828,1.4516905475066786,-0.050985116688504306
SGDClassifier,8,log_Milk,0.292359444013009,0.21176296971959632,0.292359444013009,0.8262143372743738,-0.0027572300148508977
SGDClassifier,8,log_Grocery,1.0924070584027339,0.44419525937557747,1.0924070584027339,1.9002127640329738,-0.011640661521414686
SGDClassifier,8,log_Frozen,1.4293548792744728,-1.557960244248849,1.4293548792744728,0.7756855401768582,0.032637154140008506
SGDClassifier,8,log_Detergents_Paper,7.243914205278585,0.8803521096805182,7.243914205278585,5.870048936273717,-0.054119413062602734
SGDClassifier,8,log_Delicassen,-1.7877094754671536,-2.019863900113669,1.7877094754671536,0.6235942664763195,-0.04319295014541025
SGDClassifier,8,Region_2,0.2530850099575949,-0.34582202838753073,0.2530850099575949,0.4162307188558792,0.1909125833892471
SGDClassifier,8,Region_3,0.26526825889683325,0.6264224319827152,0.26526825889683325,0.3628185218459913,0.18026640177374847
SGDClassifier,9,log_Fresh,-0.41476533672434246,-0.2820490889665603,0.41476533672434246,1.4516905475066786,-0.17781197358563872
SGDClassifier,9,log_Milk,2.2723364048455243,2.023116443030862,2.2723364048455243,0.8262143372743738,0.16791502814461534
SGDClassifier,9,log_Grocery,3.985818743579863,1.5820164453993353,3.985818743579863,1.9002127640329738,-0.1997916661619104
SGDClassifier,9,log_Frozen,-0.4488066551094158,0.44255139911920094,0.4488066551094158,0.7756855401768582,-0.08742769940016637
SGDClassifier,9,log_Detergents_Paper,13.784692575452784,1.7521052337375518,13.784692575452784,5.870048936273717,0.11236440299997064
SGDClassifier,9,log_Delicassen,0.2835724616853669,0.41012072860271565,0.2835724616853669,0.6235942664763195,0.1898333769875103
SGDClassifier,9,Region_2,0.2530850099575949,-0.34582202838753073,0.2530850099575949,0.4162307188558792,-0.06907064511609798
SGDClassifier,9,Region_3,0.26526825889683325,0.6264224319827152,0.26526825889683325,0.3628185218459913,-0.10564243533769911
SGDClassifier,10,log_Fresh,1.1509516267875384,0.4867752711193014,1.1509516267875384,1.4516905475066786,-0.16112105124787438
SGDClassifier,10,log_Milk,0.02336010836427072,-0.03432720738069245,0.02336010836427072,0.8262143372743738,-0.04464209288830209
SGDClassifier,10,log_Grocery,-0.28776059143095717,-0.09854948735038206,0.28776059143095717,1.9002127640329738,-0.18732645493523903
SGDClassifier,10,log_Frozen,0.5601296649902815,-0.6321106141449935,0.5601296649902815,0.7756855401768582,-0.13659792821099026
SGDClassifier,10,log_Detergents_Paper,-0.04611361618075891,-0.09126077309181481,0.04611361618075891,5.870048936273717,-0.07977435829142837
SGDClassifier,10,log_Delicassen,-0.06789843864815369,-0.0022175774154829906,0.06789843864815369,0.6235942664763195,0.016888432232841227
SGDClassifier,10,Region_2,0.2530850099575949,-0.34582202838753073,0.2530850099575949,0.4162307188558792,-0.013668527011428122
SGDClassifier,10,Region_3,-0.5904358020606933,-1.5963668427946611,0.5904358020606933,0.3628185218459913,-0.060498520453905996
SGDClassifier,11,log_Fresh,-0.9476083173670777,-0.543694503282074,0.9476083173670777,1.4516905475066786,-0.027765430801924618
SGDClassifier,11,log_Milk,-0.22918057546792842,-0.2653604233528205,0.22918057546792842,0.8262143372743738,-0.14696097148728324
SGDClassifier,11,log_Grocery,0.25331673248282105,0.11422674687169242,0.25331673248282105,1.9002127640329738,0.056321913984865135
SGDClassifier,11,log_Frozen,-1.0082970705657601,1.038489006179399,1.0082970705657601,0.7756855401768582,0.07287498914242574
SGDClassifier,11,log_Detergents_Paper,0.10688298516317271,-0.07086942856929297,0.10688298516317271,5.870048936273717,-0.042812329371308216
SGDClassifier,11,log_Delicassen,0.29333564598168294,0.42157469213217513,0.29333564598168294,0.6235942664763195,0.039635942027966165
SGDClassifier,11,Region_2,0.2530850099575949,-0.34582202838753073,0.2530850099575949,0.4162307188558792,-0.061368115950562435
SGDClassifier,11,Region_3,-0.5904358020606933,-1.5963668427946611,0.5904358020606933,0.3628185218459913,-0.14090916362137962
SGDClassifier,12,log_Fresh,1.4956938473651342,0.6560563246602008,1.4956938473651342,1.4516905475066786,-0.14454767819699588
SGDClassifier,12,log_Milk,-1.694145530735469,-1.6055625633248958,1.694145530735469,0.8262143372743738,0.1745944365642778
SGDClassifier,12,log_Grocery,-2.956033372739569,-1.1478358077924093,2.956033372739569,1.9002127640329738,-0.19300123791447277
SGDClassifier,12,log_Frozen,0.37660013172796697,-0.436625315638119,0.37660013172796697,0.7756855401768582,-0.17699674537740556
SGDClassifier,12,log_Detergents_Paper,-2.39963905129602,-0.4049379892416683,2.39963905129602,5.870048936273717,-0.17151332578820877
SGDClassifier,12,log_Delicassen,-0.8008569199226943,-0.8621091310650856,0.8008569199226943,0.6235942664763195,0.14359277641904367
SGDClassifier,12,Region_2,0.2530850099575949,-0.34582202838753073,0.2530850099575949,0.4162307188558792,-0.057376576527377904
SGDClassifier,12,Region_3,0.26526825889683325,0.6264224319827152,0.26526825889683325,0.3628185218459913,0.10583080872182377
SGDClassifier,13,log_Fresh,-0.0677032818554482,-0.11162891184453022,0.0677032818554482,1.4516905475066786,-0.1906847203268326
SGDClassifier,13,log_Milk,0.15216483508640322,0.08350794612985325,0.15216483508640322,0.8262143372743738,-0.01019029410389144
SGDClassifier,13,log_Grocery,0.1373448368097797,0.06862131831960398,0.1373448368097797,1.9002127640329738,0.1421804824790684
SGDClassifier,13,log_Frozen,0.2152351255995573,-0.2647484202368214,0.2152351255995573,0.7756855401768582,0.015478706332678088
SGDClassifier,13,log_Detergents_Paper,4.248446568034688,0.48111701517148914,4.248446568034688,5.870048936273717,-0.16730723469185751
SGDClassifier,13,log_Delicassen,0.1712522931730605,0.27834905711556135,0.1712522931730605,0.6235942664763195,-0.18861839843054545
SGDClassifier,13,Region_2,0.2530850099575949,-0.34582202838753073,0.2530850099575949,0.4162307188558792,0.07247727838482743
SGDClassifier,13,Region_3,0.26526825889683325,0.6264224319827152,0.26526825889683325,0.3628185218459913,-0.011483239895876268
SGDClassifier,14,log_Fresh,0.706665247193768,0.2686143905474452,0.706665247193768,1.4516905475066786,0.1624946184780831
SGDClassifier,14,log_Milk,0.063150161496827,0.002074151004099548,0.063150161496827,0.8262143372743738,0.06314043329456981
SGDClassifier,14,log_Grocery,-1.2699394152987586,-0.4847869107996025,1.2699394152987586,1.9002127640329738,0.05890704984730227
SGDClassifier,14,log_Frozen,0.07157218838299616,-0.11172676935072648,0.07157218838299616,0.7756855401768582,0.08645197997758935
SGDClassifier,14,log_Detergents_Paper,1.4985547567689594,0.1146121985244287,1.4985547567689594,5.870048936273717,0.08548109721572411
SGDClassifier,14,log_Delicassen,-0.33237261938246215,-0.3124931523380509,0.33237261938246215,0.6235942664763195,-0.0571928930410322
SGDClassifier,14,Region_2,0.2530850099575949,-0.34582202838753073,0.2530850099575949,0.4162307188558792,0.10425992447672294
SGDClassifier,14,Region_3,0.26526825889683325,0.6264224319827152,0.26526825889683325,0.3628185218459913,-0.1628392116725238
SGDClassifier,15,log_Fresh,-3.217165006767079,-1.6581299408932104,3.217165006767079,1.4516905475066786,-0.13138298636062767
SGDClassifier,15,log_Milk,-1.2750649278515616,-1.2221726953377616,1.2750649278515616,0.8262143372743738,0.09368684057834498
SGDClassifier,15,log_Grocery,-2.383956959172226,-0.9228693204045064,2.383956959172226,1.9002127640329738,0.1909277012683494
SGDClassifier,15,log_Frozen,0.901426682267273,-0.9956409305793481,0.901426682267273,0.7756855401768582,-0.04784258582217102
SGDClassifier,15,log_Detergents_Paper,-9.48130535225094,-1.3487805064469187,9.48130535225094,5.870048936273717,0.09685111980087091
SGDClassifier,15,log_Delicassen,-0.33739733743928124,-0.31838804642402435,0.33739733743928124,0.6235942664763195,-0.06612419769096076
SGDClassifier,15,Region_2,-2.047687807838722,2.8916607905595657,2.047687807838722,0.4162307188558792,-0.14620437805171843
SGDClassifier,15,Region_3,-0.5904358020606933,-1.5963668427946611,0.5904358020606933,0.3628185218459913,0.029190282317737543
SGDClassifier,16,log_Fresh,0.0056316300872664244,-0.07561878481630456,0.0056316300872664244,1.4516905475066786,0.00940376948594071
SGDClassifier,16,log_Milk,1.4078493661400961,1.2322528970564477,1.4078493661400961,0.8262143372743738,0.15829809644774173
SGDClassifier,16,log_Grocery,2.906062796081132,1.1574072551160652,2.906062796081132,1.9002127640329738,0.1444056385977096
SGDClassifier,16,log_Frozen,0.3629106309729519,-0.42204403221231024,0.3629106309729519,0.7756855401768582,-0.19713408964729784
SGDClassifier,16,log_Detergents_Paper,12.218291397514635,1.5433357199101276,12.218291397514635,5.870048936273717,-0.025199820228632902
SGDClassifier,16,log_Delicassen,-0.05874447262589003,0.008521663982273086,0.05874447262589003,0.6235942664763195,0.15307834044091823
SGDClassifier,16,Region_2,0.2530850099575949,-0.34582202838753073,0.2530850099575949,0.4162307188558792,-0.1137907332218386
SGDClassifier,16,Region_3,-0.5904358020606933,-1.5963668427946611,0.5904358020606933,0.3628185218459913,0.15615717868102008
SGDClassifier,17,log_Fresh,-2.419974340931274,-1.2666801336733222,2.419974340931274,1.4516905475066786,-0.09591842497529433
SGDClassifier,17,log_Milk,0.45843386854367935,0.3636937707604906,0.45843386854367935,0.8262143372743738,-0.1278363386455944
SGDClassifier,17,log_Grocery,-0.8053305103255163,-0.30208153983491326,0.8053305103255163,1.9002127640329738,-0.14435283401106447
SGDClassifier,17,log_Frozen,0.3035046129676298,-0.3587680953292967,0.3035046129676298,0.7756855401768582,0.16453229329524366
SGDClassifier,17,log_Detergents_Paper,-2.769442469824339,-0.45422528612655677,2.769442469824339,5.870048936273717,0.12617857685612222
SGDClassifier,17,log_Delicassen,-3.0941622234291977,-3.552566927523056,3.0941622234291977,0.6235942664763195,-0.014047159833678213
SGDClassifier,17,Region_2,0.2530850099575949,-0.34582202838753073,0.2530850099575949,0.4162307188558792,-0.1501681641421534
SGDClassifier,17,Region_3,-0.5904358020606933,-1.5963668427946611,0.5904358020606933,0.3628185218459913,0.011688817344940095
SGDClassifier,18,log_Fresh,1.149748509996868,0.48618449672121283,1.149748509996868,1.4516905475066786,-0.16535567008896976
SGDClassifier,18,log_Milk,1.1280678928704826,0.9762988362768859,1.1280678928704826,0.8262143372743738,-0.08636581276632921
SGDClassifier,18,log_Grocery,1.0821321161704278,0.4401546843627022,1.0821321161704278,1.9002127640329738,0.11375035942401496
SGDClassifier,18,log_Frozen,1.38362354412903,-1.5092498076062226,1.38362354412903,0.7756855401768582,0.010990523547561498
SGDClassifier,18,log_Detergents_Paper,5.471635314318172,0.6441432714571971,5.471635314318172,5.870048936273717,0.1607990916943422
SGDClassifier,18,log_Delicassen,0.2825881464957022,0.4089659506182248,0.2825881464957022,0.6235942664763195,0.05882420744105976
SGDClassifier,18,Region_2,0.2530850099575949,-0.34582202838753073,0.2530850099575949,0.4162307188558792,0.10201827048421985
SGDClassifier,18,Region_3,0.26526825889683325,0.6264224319827152,0.26526825889683325,0.3628185218459913,0.03196148311370711
SGDClassifier,19,log_Fresh,0.9707071457186014,0.3982686310008927,0.9707071457186014,1.4516905475066786,0.0013379372073060447
SGDClassifier,19,log_Milk,-1.4019651282234107,-1.3382655202819447,1.4019651282234107,0.8262143372743738,0.08490076408709846
SGDClassifier,19,log_Grocery,-1.043811429900248,-0.39586309333615516,1.043811429900248,1.9002127640329738,0.03395233462902145
SGDClassifier,19,log_Frozen,-0.47603237270395027,0.47155069659697796,0.47603237270395027,0.7756855401768582,0.11607319929163101
SGDClassifier,19,log_Detergents_Paper,-4.49248781389879,-0.6838722908986853,4.49248781389879,5.870048936273717,0.07539713653091384
SGDClassifier,19,log_Delicassen,-0.23483625955727724,-0.19806553586301903,0.23483625955727724,0.6235942664763195,0.058010018218358717
SGDClassifier,19,Region_2,0.2530850099575949,-0.34582202838753073,0.2530850099575949,0.4162307188558792,0.14595362940645695
SGDClassifier,19,Region_3,0.26526825889683325,0.6264224319827152,0.26526825889683325,0.3628185218459913,-0.041137515335143815
SGDClassifier,20,log_Fresh,-2.751053680326914,-1.4292522122676352,2.751053680326914,1.4516905475066786,-0.07989441772099873
SGDClassifier,20,log_Milk,1.7953904089616197,1.5867892516967965,1.7953904089616197,0.8262143372743738,-0.08526528456943883
SGDClassifier,20,log_Grocery,-2.3894660458067705,-0.9250357440491394,2.3894660458067705,1.9002127640329738,-0.081127078154646
SGDClassifier,20,log_Frozen,-1.0711045016223841,1.1053879362333732,1.0711045016223841,0.7756855401768582,-0.1506282332918378
SGDClassifier,20,log_Detergents_Paper,-1.5837726141924398,-0.29619953716361913,1.5837726141924398,5.870048936273717,-0.1891537553157857
SGDClassifier,20,log_Delicassen,1.020761614606343,1.2749756177044285,1.020761614606343,0.6235942664763195,0.17403646702027925
SGDClassifier,20,Region_2,0.2530850099575949,-0.34582202838753073,0.2530850099575949,0.4162307188558792,-0.051222993814822176
SGDClassifier,20,Region_3,0.26526825889683325,0.6264224319827152,0.26526825889683325,0.3628185218459913,0.12886749570556216
SGDClassifier,21,log_Fresh,-0.687493935158047,-0.41596881715140205,0.687493935158047,1.4516905475066786,-0.12434658903671654
SGDClassifier,21,log_Milk,-0.09540922080994414,-0.14298162163817285,0.09540922080994414,0.8262143372743738,-0.16204096169236953
SGDClassifier,21,log_Grocery,-1.5161493280026677,-0.5816078562318518,1.5161493280026677,1.9002127640329738,-0.07532598776290902
SGDClassifier,21,log_Frozen,0.27288544235084367,-0.32615428325415624,0.27288544235084367,0.7756855401768582,0.08185988991303428
SGDClassifier,21,log_Detergents_Paper,-6.689702233299797,-0.976716418299531,6.689702233299797,5.870048936273717,0.1484617827920296
SGDClassifier,21,log_Delicassen,0.1559146006165445,0.260355197137451,0.1559146006165445,0.6235942664763195,-0.016160122194823684
SGDClassifier,21,Region_2,0.2530850099575949,-0.34582202838753073,0.2530850099575949,0.4162307188558792,-0.16569751005922792
SGDClassifier,21,Region_3,0.26526825889683325,0.6264224319827152,0.26526825889683325,0.3628185218459913,-0.018250699285044858
SGDClassifier,22,log_Fresh,0.654169253863022,0.24283693560497902,0.654169253863022,1.4516905475066786,0.036551995485869515
SGDClassifier,22,log_Milk,0.17928695992281646,0.10832023233209383,0.17928695992281646,0.8262143372743738,-0.1199904054191841
SGDClassifier,22,log_Grocery,-1.7209263252847848,-0.6621354932465129,1.7209263252847848,1.9002127640329738,0.04137562124445618
SGDClassifier,22,log_Frozen,0.5907086288963028,-0.6646816003015141,0.5907086288963028,0.7756855401768582,-0.1005228989426434
SGDClassifier,22,log_Detergents_Paper,3.1608884987928327,0.3361675778417891,3.1608884987928327,5.870048936273717,0.027720877450781917
SGDClassifier,22,log_Delicassen,0.3670703966822332,0.5080787588121995,0.3670703966822332,0.6235942664763195,0.19308416816571028
SGDClassifier,22,Region_2,0.2530850099575949,-0.34582202838753073,0.2530850099575949,0.4162307188558792,0.006485198237598244
SGDClassifier,22,Region_3,0.26526825889683325,0.6264224319827152,0.26526825889683325,0.3628185218459913,-0.06956299031562968
SGDClassifier,23,log_Fresh,0.9348887241302419,0.38068047445745934,0.9348887241302419,1.4516905475066786,-0.15001081313747383
SGDClassifier,23,log_Milk,0.8796159724521618,0.7490061667645319,0.8796159724521618,0.8262143372743738,-0.03573130394003732
SGDClassifier,23,log_Grocery,2.645051703748208,1.0547658120870471,2.645051703748208,1.9002127640329738,0.09612123585553495
SGDClassifier,23,log_Frozen,1.4781293459613245,-1.6099120528232493,1.4781293459613245,0.7756855401768582,-0.16596256021353673
SGDClassifier,23,log_Detergents_Paper,9.635227447914158,1.1990656743186967,9.635227447914158,5.870048936273717,-0.06719811784333315
SGDClassifier,23,log_Delicassen,-1.9263974164282758,-2.182569690512804,1.9263974164282758,0.6235942664763195,-0.054712460406897145
SGDClassifier,23,Region_2,0.2530850099575949,-0.34582202838753073,0.2530850099575949,0.4162307188558792,-0.11580558149037393
SGDClassifier,23,Region_3,0.26526825889683325,0.6264224319827152,0.26526825889683325,0.3628185218459913,0.15009974445390672
SGDClassifier,24,log_Fresh,2.595316248598476,1.1960111879376896,2.595316248598476,1.4516905475066786,-0.09430314163768633
SGDClassifier,24,log_Milk,2.5251534540215,2.2544024878667877,2.5251534540215,0.8262143372743738,0.07084649892544415
SGDClassifier,24,log_Grocery,5.81067342883174,2.2996323771146283,5.81067342883174,1.9002127640329738,-0.039596757761556134
SGDClassifier,24,log_Frozen,-0.6087691721444484,0.6129344423093692,0.6087691721444484,0.7756855401768582,0.11437386888991913
SGDClassifier,24,log_Detergents_Paper,15.581206971632131,1.9915441733634898,15.581206971632131,5.870048936273717,0.12725011348365406
SGDClassifier,24,log_Delicassen,0.5531007297758901,0.7263256530587784,0.5531007297758901,0.6235942664763195,-0.16088195182806864
SGDClassifier,24,Region_2,0.2530850099575949,-0.34582202838753073,0.2530850099575949,0.4162307188558792,-0.19066872686043812
SGDClassifier,24,Region_3,0.26526825889683325,0.6264224319827152,0.26526825889683325,0.3628185218459913,-0.16533746781123515
SGDClassifier,25,log_Fresh,-0.746801819572474,-0.44509116004324495,0.746801819572474,1.4516905475066786,0.050292607116525334
SGDClassifier,25,log_Milk,0.03915692968596639,-0.019875712371225353,0.03915692968596639,0.8262143372743738,0.0036952949353404596
SGDClassifier,25,log_Grocery,-2.0779444896776043,-0.8025312873613053,2.0779444896776043,1.9002127640329738,0.1288651533641128
SGDClassifier,25,log_Frozen,1.182127474341061,-1.294627568611234,1.182127474341061,0.7756855401768582,0.06603280880843948
SGDClassifier,25,log_Detergents_Paper,-10.599699003905029,-1.4978397016339648,10.599699003905029,5.870048936273717,-0.14923223257913987
SGDClassifier,25,log_Delicassen,0.16185600165423325,0.2673255245157079,0.16185600165423325,0.6235942664763195,-0.053599078609111145
SGDClassifier,25,Region_2,0.2530850099575949,-0.34582202838753073,0.2530850099575949,0.4162307188558792,0.08381653699845792
SGDClassifier,25,Region_3,0.26526825889683325,0.6264224319827152,0.26526825889683325,0.3628185218459913,0.15316195600035976
SGDClassifier,26,log_Fresh,-1.7737718304860113,-0.9493710394008779,1.7737718304860113,1.4516905475066786,-0.09537900200597434
SGDClassifier,26,log_Milk,0.1698766210513715,0.09971131902804166,0.1698766210513715,0.8262143372743738,-0.001980280100590981
SGDClassifier,26,log_Grocery,0.48988885779731267,0.20725767557930821,0.48988885779731267,1.9002127640329738,-0.11127061854700733
SGDClassifier,26,log_Frozen,-0.19844623730229508,0.17588161502848745,0.19844623730229508,0.7756855401768582,-0.07790708815661698
SGDClassifier,26,log_Detergents_Paper,6.502097091414829,0.7814829308319343,6.502097091414829,5.870048936273717,0.08296903145164986
SGDClassifier,26,log_Delicassen,-0.05134823374276402,0.017198776679455467,0.05134823374276402,0.6235942664763195,-0.11189639361585257
SGDClassifier,26,Region_2,0.2530850099575949,-0.34582202838753073,0.2530850099575949,0.4162307188558792,0.13613976801654054
SGDClassifier,26,Region_3,-0.5904358020606933,-1.5963668427946611,0.5904358020606933,0.3628185218459913,0.0692756031076881
SGDClassifier,27,log_Fresh,1.0377851695048474,0.43120639683924145,1.0377851695048474,1.4516905475066786,-0.03417804573548944
SGDClassifier,27,log_Milk,-0.3908424724589358,-0.41325448697547257,0.3908424724589358,0.8262143372743738,-0.09800693923111657
SGDClassifier,27,log_Grocery,0.8472666237151072,0.34779488138319387,0.8472666237151072,1.9002127640329738,0.1745358922637264
SGDClassifier,27,log_Frozen,-0.667822085117486,0.6758342716449302,0.667822085117486,0.7756855401768582,-0.10062496780694481
SGDClassifier,27,log_Detergents_Paper,-1.1479081738875725,-0.2381076456490288,1.1479081738875725,5.870048936273717,0.03333470199363289
SGDClassifier,27,log_Delicassen,-0.14704339668359437,-0.09506878613645321,0.14704339668359437,0.6235942664763195,0.08120576785900013
SGDClassifier,27,Region_2,0.2530850099575949,-0.34582202838753073,0.2530850099575949,0.4162307188558792,0.15323624897541982
SGDClassifier,27,Region_3,-0.5904358020606933,-1.5963668427946611,0.5904358020606933,0.3628185218459913,0.1829252797058975
SGDClassifier,28,log_Fresh,-0.2986803486346711,-0.225047109194027,0.2986803486346711,1.4516905475066786,0.026202582343052783
SGDClassifier,28,log_Milk,0.514159133277313,0.41467322851338073,0.514159133277313,0.8262143372743738,0.0524664141896678
SGDClassifier,28,log_Grocery,2.362924932051729,0.9438207227223824,2.362924932051729,1.9002127640329738,0.15618931946901382
SGDClassifier,28,log_Frozen,2.9325866771995575,-3.159117897292101,2.9325866771995575,0.7756855401768582,-0.06279208050786284
SGDClassifier,28,log_Detergents_Paper,9.583341046545813,1.1921502691590924,9.583341046545813,5.870048936273717,0.10221258004350231
SGDClassifier,28,log_Delicassen,0.30913546139982684,0.4401107049819887,0.30913546139982684,0.6235942664763195,-0.00851949619892553
SGDClassifier,28,Region_2,0.2530850099575949,-0.34582202838753073,0.2530850099575949,0.4162307188558792,-0.08859279075487568
SGDClassifier,28,Region_3,0.26526825889683325,0.6264224319827152,0.26526825889683325,0.3628185218459913,-0.12323816381668165
SGDClassifier,29,log_Fresh,1.1174234274763426,0.4703116975737716,1.1174234274763426,1.4516905475066786,-0.18832076243336676
SGDClassifier,29,log_Milk,-1.3140630725086426,-1.257849587632305,1.3140630725086426,0.8262143372743738,0.16114333878309267
SGDClassifier,29,log_Grocery,-0.8840027603180848,-0.33301904978287006,0.8840027603180848,1.9002127640329738,0.01912875719894433
SGDClassifier,29,log_Frozen,0.01038933375964938,-0.04655824640541388,0.01038933375964938,0.7756855401768582,0.019364349958550908
SGDClassifier,29,log_Detergents_Paper,-7.1876637677173445,-1.0430845932660175,7.1876637677173445,5.870048936273717,-0.06770188256004803
SGDClassifier,29,log_Delicassen,-0.4321591708823236,-0.42956064660231624,0.4321591708823236,0.6235942664763195,0.15080789361584584
SGDClassifier,29,Region_2,0.2530850099575949,-0.34582202838753073,0.2530850099575949,0.4162307188558792,0.043651189362845455
SGDClassifier,29,Region_3,0.26526825889683325,0.6264224319827152,0.26526825889683325,0.3628185218459913,-0.07803111156067377
SGDClassifier,30,log_Fresh,1.0890217249741683,0.4563654216756006,1.0890217249741683,1.4516905475066786,0.0008450187639141016
SGDClassifier,30,log_Milk,0.009530625039119686,-0.046978911491724035,0.009530625039119686,0.8262143372743738,0.09746811078850404
SGDClassifier,30,log_Grocery,0.8973882747452753,0.36750499616318705,0.8973882747452753,1.9002127640329738,0.11939550819942601
SGDClassifier,30,log_Frozen,0.7932112775128083,-0.880375990242835,0.7932112775128083,0.7756855401768582,-0.05815582600919225
SGDClassifier,30,log_Detergents_Paper,6.177269187582918,0.7381899580509556,6.177269187582918,5.870048936273717,-0.08311647630288453
SGDClassifier,30,log_Delicassen,-0.30901448347202465,-0.2850898760386102,0.30901448347202465,0.6235942664763195,0.18662838458484798
SGDClassifier,30,Region_2,0.2530850099575949,-0.34582202838753073,0.2530850099575949,0.4162307188558792,0.038327678334523524
SGDClassifier,30,Region_3,0.26526825889683325,0.6264224319827152,0.26526825889683325,0.3628185218459913,-0.1316966822947569
SGDClassifier,31,log_Fresh,-0.9007240209550564,-0.5206725970071379,0.9007240209550564,1.4516905475066786,0.14735452688621758
SGDClassifier,31,log_Milk,0.5210572613536767,0.4209838818682631,0.5210572613536767,0.8262143372743738,-0.0980905655679647
SGDClassifier,31,log_Grocery,1.6726368021715445,0.6723680073476218,1.6726368021715445,1.9002127640329738,-0.19373192066452272
SGDClassifier,31,log_Frozen,0.9955586531894915,-1.0959049922138842,0.9955586531894915,0.7756855401768582,-0.005471356633649588
SGDClassifier,31,log_Detergents_Paper,9.191340476219716,1.1399045420492755,9.191340476219716,5.870048936273717,-0.046124064850587926
SGDClassifier,31,log_Delicassen,-0.29704517026957333,-0.2710477282379909,0.29704517026957333,0.6235942664763195,0.08687980474079116
SGDClassifier,31,Region_2,-2.047687807838722,2.8916607905595657,2.047687807838722,0.4162307188558792,0.03981049282856261
SGDClassifier,31,Region_3,-0.5904358020606933,-1.5963668427946611,0.5904358020606933,0.3628185218459913,0.16081753273760385
SGDClassifier,32,log_Fresh,-0.14374358751410907,-0.1489674862492072,0.14374358751410907,1.4516905475066786,0.03867736469919619
SGDClassifier,32,log_Milk,0.4327169048129941,0.3401669760057626,0.4327169048129941,0.8262143372743738,-0.1285312860707683
SGDClassifier,32,log_Grocery,0.7822549454706993,0.3222293300914776,0.7822549454706993,1.9002127640329738,-0.1580004773844643
SGDClassifier,32,log_Frozen,-1.8572735788001846,1.9427708576475453,1.8572735788001846,0.7756855401768582,-0.16703868311523906
SGDClassifier,32,log_Detergents_Paper,0.748267165646744,0.014614076820054524,0.748267165646744,5.870048936273717,-0.1136435913855709
SGDClassifier,32,log_Delicassen,0.677250203020303,0.8719752173387111,0.677250203020303,0.6235942664763195,0.18395105979932713
SGDClassifier,32,Region_2,0.2530850099575949,-0.34582202838753073,0.2530850099575949,0.4162307188558792,0.13377645144083739
SGDClassifier,32,Region_3,0.26526825889683325,0.6264224319827152,0.26526825889683325,0.3628185218459913,-0.05344819907670306
SGDClassifier,33,log_Fresh,-3.0089365354904367,-1.5558821369083577,3.0089365354904367,1.4516905475066786,0.04749734751935511
SGDClassifier,33,log_Milk,1.2687307533876018,1.1049822331061354,1.2687307533876018,0.8262143372743738,0.12741000273545217
SGDClassifier,33,log_Grocery,3.727263075861258,1.4803405871024065,3.727263075861258,1.9002127640329738,-0.0434841667506814
SGDClassifier,33,log_Frozen,0.43127001163737094,-0.49485658557847195,0.43127001163737094,0.7756855401768582,-0.07418267461826775
SGDClassifier,33,log_Detergents_Paper,11.0541390372497,1.3881778167518375,11.0541390372497,5.870048936273717,-0.17014293937052788
SGDClassifier,33,log_Delicassen,-1.6360156970630926,-1.8418999333634316,1.6360156970630926,0.6235942664763195,-0.10179770566358295
SGDClassifier,33,Region_2,0.2530850099575949,-0.34582202838753073,0.2530850099575949,0.4162307188558792,-0.019570572800046093
SGDClassifier,33,Region_3,0.26526825889683325,0.6264224319827152,0.26526825889683325,0.3628185218459913,0.034214423739404115
SGDClassifier,34,log_Fresh,1.9208560559131609,0.8648265369892875,1.9208560559131609,1.4516905475066786,-0.026112149386882055
SGDClassifier,34,log_Milk,0.12203330161250914,0.055942545676312565,0.12203330161250914,0.8262143372743738,-0.03674481110817679
SGDClassifier,34,log_Grocery,0.9189559201776025,0.37598637613108754,0.9189559201776025,1.9002127640329738,-0.05079025732345316
SGDClassifier,34,log_Frozen,-1.529283635228621,1.593414484933957,1.529283635228621,0.7756855401768582,0.1677241778459026
SGDClassifier,34,log_Detergents_Paper,-3.5406502943485383,-0.5570116507268137,3.5406502943485383,5.870048936273717,-0.10784579290482843
SGDClassifier,34,log_Delicassen,0.7112806858572087,0.9118990677417903,0.7112806858572087,0.6235942664763195,0.18190238281850213
SGDClassifier,34,Region_2,0.2530850099575949,-0.34582202838753073,0.2530850099575949,0.4162307188558792,-0.059458883519939804
SGDClassifier,34,Region_3,-0.5904358020606933,-1.5963668427946611,0.5904358020606933,0.3628185218459913,-0.17639682219986566
SGDClassifier,35,log_Fresh,-1.32753131475683,-0.7302506064330011,1.32753131475683,1.4516905475066786,-0.15187724370215988
SGDClassifier,35,log_Milk,-0.6911403316311923,-0.6879776686082998,0.6911403316311923,0.8262143372743738,-0.01672438918085878
SGDClassifier,35,log_Grocery,-1.4955233856610668,-0.5734967967866277,1.4955233856610668,1.9002127640329738,0.09557470364854442
SGDClassifier,35,log_Frozen,0.6804023171843047,-0.7602182538171199,0.6804023171843047,0.7756855401768582,-0.0694750521624557
SGDClassifier,35,log_Detergents_Paper,-6.386550422648799,-0.9363124291957824,6.386550422648799,5.870048936273717,-0.13851575722565662
SGDClassifier,35,log_Delicassen,-0.13302108839106672,-0.07861810745346932,0.13302108839106672,0.6235942664763195,-0.12271508439441009
SGDClassifier,35,Region_2,0.2530850099575949,-0.34582202838753073,0.2530850099575949,0.4162307188558792,0.02680432447143466
SGDClassifier,35,Region_3,0.26526825889683325,0.6264224319827152,0.26526825889683325,0.3628185218459913,0.0300407127453009
SGDClassifier,36,log_Fresh,2.5994757181380077,1.1980536397866204,2.5994757181380077,1.4516905475066786,0.10885294881023005
SGDClassifier,36,log_Milk,-0.6655489149486208,-0.6645657287666155,0.6655489149486208,0.8262143372743738,-0.15098977469418828
SGDClassifier,36,log_Grocery,-1.0645949181419134,-0.4040361070009545,1.0645949181419134,1.9002127640329738,-0.06596148033126972
SGDClassifier,36,log_Frozen,-0.8917348077250175,0.9143334637932504,0.8917348077250175,0.7756855401768582,-0.08184503378434203
SGDClassifier,36,log_Detergents_Paper,-1.8886781500512613,-0.3368372622758572,1.8886781500512613,5.870048936273717,0.056217561438835884
SGDClassifier,36,log_Delicassen,0.4090369096268083,0.5573129936823873,0.4090369096268083,0.6235942664763195,-0.07699110501367179
SGDClassifier,36,Region_2,0.2530850099575949,-0.34582202838753073,0.2530850099575949,0.4162307188558792,0.1490273545467397
SGDClassifier,36,Region_3,0.26526825889683325,0.6264224319827152,0.26526825889683325,0.3628185218459913,-0.13816539531104954
SGDClassifier,37,log_Fresh,0.5721628947869744,0.20256881051665085,0.5721628947869744,1.4516905475066786,-0.038182301378461514
SGDClassifier,37,log_Milk,-0.11812713634875271,-0.16376478024639757,0.11812713634875271,0.8262143372743738,-0.17974662929159788
SGDClassifier,37,log_Grocery,-2.961337277072082,-1.1499215444157502,2.961337277072082,1.9002127640329738,0.19529247705482233
SGDClassifier,37,log_Frozen,0.43875193967405246,-0.5028259129649649,0.43875193967405246,0.7756855401768582,0.048324244702269675
SGDClassifier,37,log_Detergents_Paper,-0.6975730443190512,-0.1780871046895387,0.6975730443190512,5.870048936273717,-0.11350461061916138
SGDClassifier,37,log_Delicassen,-1.1834239343392867,-1.3109287474637317,1.1834239343392867,0.6235942664763195,0.12847329995423856
SGDClassifier,37,Region_2,0.2530850099575949,-0.34582202838753073,0.2530850099575949,0.4162307188558792,-0.19259497435505182
SGDClassifier,37,Region_3,0.26526825889683325,0.6264224319827152,0.26526825889683325,0.3628185218459913,-0.13541288591638811
SGDClassifier,38,log_Fresh,2.7324464932846806,1.2633471593017687,2.7324464932846806,1.4516905475066786,-0.18727262667716113
SGDClassifier,38,log_Milk,0.22148258813621918,0.14692229651508365,0.22148258813621918,0.8262143372743738,-0.1456767762562639
SGDClassifier,38,log_Grocery,0.11435325984806745,0.05957998365535607,0.11435325984806745,1.9002127640329738,-0.1491076926236377
SGDClassifier,38,log_Frozen,0.028429004831899047,-0.06577308568408313,0.028429004831899047,0.7756855401768582,-0.1616871375601069
SGDClassifier,38,log_Detergents_Paper,-1.6914527623132443,-0.3105511173901076,1.6914527623132443,5.870048936273717,0.14764992732662163
SGDClassifier,38,log_Delicassen,0.6207523993489371,0.8056931762437204,0.6207523993489371,0.6235942664763195,0.1512912791565057
SGDClassifier,38,Region_2,0.2530850099575949,-0.34582202838753073,0.2530850099575949,0.4162307188558792,-0.10205215325296058
SGDClassifier,38,Region_3,0.26526825889683325,0.6264224319827152,0.26526825889683325,0.3628185218459913,-0.1025268440991535
SGDClassifier,39,log_Fresh,1.7274702263711506,0.7698670135810317,1.7274702263711506,1.4516905475066786,-0.050199485748693234
SGDClassifier,39,log_Milk,-0.5503211016586494,-0.559151219429551,0.5503211016586494,0.8262143372743738,-0.10905000309539942
SGDClassifier,39,log_Grocery,-2.392225566217766,-0.9261209130912706,2.392225566217766,1.9002127640329738,0.13430273827568395
SGDClassifier,39,log_Frozen,-1.2858664682887042,1.334140259717376,1.2858664682887042,0.7756855401768582,0.051338773646572855
SGDClassifier,39,log_Detergents_Paper,-3.464672174510856,-0.5468853080226326,3.464672174510856,5.870048936273717,-0.059833136803206094
SGDClassifier,39,log_Delicassen,-0.3885056237764943,-0.37834721855401254,0.3885056237764943,0.6235942664763195,0.021310135995651125
SGDClassifier,39,Region_2,0.2530850099575949,-0.34582202838753073,0.2530850099575949,0.4162307188558792,-0.08454580302305459
SGDClassifier,39,Region_3,0.26526825889683325,0.6264224319827152,0.26526825889683325,0.3628185218459913,-0.15569777997607193
SGDClassifier,40,log_Fresh,2.1748551325823238,0.9895493841790868,2.1748551325823238,1.4516905475066786,-0.011495388214256164
SGDClassifier,40,log_Milk,0.4103852242296916,0.31973715889696425,0.4103852242296916,0.8262143372743738,0.006844573432877532
SGDClassifier,40,log_Grocery,0.1763583653496537,0.08396321368196188,0.1763583653496537,1.9002127640329738,0.05059597841958047
SGDClassifier,40,log_Frozen,1.3634418319445687,-1.487753387054003,1.3634418319445687,0.7756855401768582,0.016229619328131994
SGDClassifier,40,log_Detergents_Paper,-18.667934861616914,-2.5731719352809512,18.667934861616914,5.870048936273717,0.11930451183434593
SGDClassifier,40,log_Delicassen,-0.6194609933036285,-0.6492992255231742,0.6194609933036285,0.6235942664763195,0.041197086752935874
SGDClassifier,40,Region_2,0.2530850099575949,-0.34582202838753073,0.2530850099575949,0.4162307188558792,-0.19523582446311427
SGDClassifier,40,Region_3,0.26526825889683325,0.6264224319827152,0.26526825889683325,0.3628185218459913,0.1189658661009203
SGDClassifier,41,log_Fresh,1.8914345449203764,0.8503794977804573,1.8914345449203764,1.4516905475066786,0.031112955738014536
SGDClassifier,41,log_Milk,-0.8879839559124876,-0.8680572299336917,0.8879839559124876,0.8262143372743738,0.13085626380938348
SGDClassifier,41,log_Grocery,-1.1233364262733514,-0.42713594197892973,1.1233364262733514,1.9002127640329738,-0.044278485422831915
SGDClassifier,41,log_Frozen,1.2247997377826072,-1.3400796547608342,1.2247997377826072,0.7756855401768582,0.020150237491579043
SGDClassifier,41,log_Detergents_Paper,0.7770486557799564,0.018450065829108256,0.7770486557799564,5.870048936273717,0.19098263643155627
SGDClassifier,41,log_Delicassen,-0.5043991390164336,-0.5143110656525466,0.5043991390164336,0.6235942664763195,-0.037000987518163775
SGDClassifier,41,Region_2,0.2530850099575949,-0.34582202838753073,0.2530850099575949,0.4162307188558792,0.1146751866164002
SGDClassifier,41,Region_3,0.26526825889683325,0.6264224319827152,0.26526825889683325,0.3628185218459913,0.052543545687644744
SGDClassifier,42,log_Fresh,0.6441207513211941,0.237902752916421,0.6441207513211941,1.4516905475066786,0.011339560001092902
SGDClassifier,42,log_Milk,1.2269004821824119,1.0667144105324755,1.2269004821824119,0.8262143372743738,-0.091462804306348
SGDClassifier,42,log_Grocery,2.633541737832334,1.050239569542101,2.633541737832334,1.9002127640329738,0.11581003416337649
SGDClassifier,42,log_Frozen,-0.4070121729649999,0.3980342760561575,0.4070121729649999,0.7756855401768582,-0.10275271149911364
SGDClassifier,42,log_Detergents_Paper,10.78804512471544,1.3527128940138848,10.78804512471544,5.870048936273717,0.17388336389713044
SGDClassifier,42,log_Delicassen,0.3300882279123838,0.46469205223430515,0.3300882279123838,0.6235942664763195,-0.039866815192932725
SGDClassifier,42,Region_2,0.2530850099575949,-0.34582202838753073,0.2530850099575949,0.4162307188558792,0.01750097387093566
SGDClassifier,42,Region_3,0.26526825889683325,0.6264224319827152,0.26526825889683325,0.3628185218459913,-0.14470196603515242
SGDClassifier,43,log_Fresh,0.09251250904525977,-0.03295709197831316,0.09251250904525977,1.4516905475066786,0.12177263125988191
SGDClassifier,43,log_Milk,2.029867348286261,1.8012971105551656,2.029867348286261,0.8262143372743738,0.09832348612440855
SGDClassifier,43,log_Grocery,2.443226500775266,0.9753989549638096,2.443226500775266,1.9002127640329738,-0.0060549473209340066
SGDClassifier,43,log_Frozen,-1.4430829064248052,1.5015983346817827,1.4430829064248052,0.7756855401768582,0.13080480723768861
SGDClassifier,43,log_Detergents_Paper,0.3347689350272401,-0.040496852481316695,0.3347689350272401,5.870048936273717,-0.02780987901760884
SGDClassifier,43,log_Delicassen,0.9415754154626467,1.1820760257781906,0.9415754154626467,0.6235942664763195,0.19056320074449806
SGDClassifier,43,Region_2,0.2530850099575949,-0.34582202838753073,0.2530850099575949,0.4162307188558792,0.1619465944291189
SGDClassifier,43,Region_3,-0.5904358020606933,-1.5963668427946611,0.5904358020606933,0.3628185218459913,-0.0395406168176525
SGDClassifier,44,log_Fresh,0.7654992928037346,0.2975040612360018,0.7654992928037346,1.4516905475066786,-0.12347886112213452
SGDClassifier,44,log_Milk,-0.8895206475713194,-0.8694630502178142,0.8895206475713194,0.8262143372743738,-0.023802685434318904
SGDClassifier,44,log_Grocery,-3.0150630006767787,-1.1710489445935575,3.0150630006767787,1.9002127640329738,0.0825426885103705
SGDClassifier,44,log_Frozen,-0.5296368854603201,0.5286471975863707,0.5296368854603201,0.7756855401768582,-0.18911296804633865
SGDClassifier,44,log_Detergents_Paper,0.3925504526198781,-0.03279574786908427,0.3925504526198781,5.870048936273717,0.0756390633069926
SGDClassifier,44,log_Delicassen,-0.7240293740045598,-0.771976661750107,0.7240293740045598,0.6235942664763195,-0.14693160171798933
SGDClassifier,44,Region_2,0.2530850099575949,-0.34582202838753073,0.2530850099575949,0.4162307188558792,-0.008292613571236979
SGDClassifier,44,Region_3,0.26526825889683325,0.6264224319827152,0.26526825889683325,0.3628185218459913,0.02945121985720603
SGDClassifier,45,log_Fresh,-3.704736834012323,-1.8975455612214975,3.704736834012323,1.4516905475066786,-0.03762693646622148
SGDClassifier,45,log_Milk,0.2420646661547024,0.1657515148566281,0.2420646661547024,0.8262143372743738,0.0638569636620962
SGDClassifier,45,log_Grocery,1.6455617897275336,0.6617208799690765,1.6455617897275336,1.9002127640329738,0.03921008697452805
SGDClassifier,45,log_Frozen,0.9488655798140189,-1.0461701662991825,0.9488655798140189,0.7756855401768582,-0.15368629767957423
SGDClassifier,45,log_Detergents_Paper,9.8659539656442,1.2298168405027008,9.8659539656442,5.870048936273717,-0.1148408219922371
SGDClassifier,45,log_Delicassen,0.29864442078920117,0.42780283565440397,0.29864442078920117,0.6235942664763195,-0.04597576582860352
SGDClassifier,45,Region_2,0.2530850099575949,-0.34582202838753073,0.2530850099575949,0.4162307188558792,-0.11761267246420976
SGDClassifier,45,Region_3,0.26526825889683325,0.6264224319827152,0.26526825889683325,0.3628185218459913,-0.10531489270149406
SGDClassifier,46,log_Fresh,2.1675750915271594,0.9859746174517203,2.1675750915271594,1.4516905475066786,-0.15362430585064546
SGDClassifier,46,log_Milk,-0.8436698062632016,-0.8275170668550673,0.8436698062632016,0.8262143372743738,-0.06795909329727423
SGDClassifier,46,log_Grocery,-0.2795128271562417,-0.09530609098989262,0.2795128271562417,1.9002127640329738,0.008795068144809737
SGDClassifier,46,log_Frozen,0.392312645534101,-0.4533613983659892,0.392312645534101,0.7756855401768582,0.039649368969589205
SGDClassifier,46,log_Detergents_Paper,0.91819436053977,0.03726192614724378,0.91819436053977,5.870048936273717,0.08084713901525481
SGDClassifier,46,log_Delicassen,0.22066706980419734,0.336321439093744,0.22066706980419734,0.6235942664763195,0.03898394551605114
SGDClassifier,46,Region_2,0.2530850099575949,-0.34582202838753073,0.2530850099575949,0.4162307188558792,-0.11349738834442974
SGDClassifier,46,Region_3,0.26526825889683325,0.6264224319827152,0.26526825889683325,0.3628185218459913,0.022366639989415488
SGDClassifier,47,log_Fresh,2.1661565379907994,0.9852780557229688,2.1661565379907994,1.4516905475066786,0.08974133190921191
SGDClassifier,47,log_Milk,2.4724454994348077,2.206183372947595,2.4724454994348077,0.8262143372743738,-0.055585600342199115
SGDClassifier,47,log_Grocery,3.5301487460597865,1.4028262597545307,3.5301487460597865,1.9002127640329738,-0.020471944975364392
SGDClassifier,47,log_Frozen,-0.9458864703418611,0.9720127579271657,0.9458864703418611,0.7756855401768582,-0.12414090636414801
SGDClassifier,47,log_Detergents_Paper,7.595956183182766,0.9272721666933984,7.595956183182766,5.870048936273717,0.07942028331955775
SGDClassifier,47,log_Delicassen,1.9398171522663197,2.3531923439703926,1.9398171522663197,0.6235942664763195,0.03908325010173885
SGDClassifier,47,Region_2,0.2530850099575949,-0.34582202838753073,0.2530850099575949,0.4162307188558792,0.11349119406383806
SGDClassifier,47,Region_3,0.26526825889683325,0.6264224319827152,0.26526825889683325,0.3628185218459913,-0.14657684030096074
SGDClassifier,48,log_Fresh,-1.1889960783447837,-0.6622247326857204,1.1889960783447837,1.4516905475066786,0.17904795541866914
SGDClassifier,48,log_Milk,1.2299395679747995,1.0694946745025258,1.2299395679747995,0.8262143372743738,0.12997700112216737
SGDClassifier,48,log_Grocery,-0.47655958460156506,-0.17279384581135976,0.47655958460156506,1.9002127640329738,0.1370363077194302
SGDClassifier,48,log_Frozen,-0.01079010703573952,-0.023999101659060253,0.01079010703573952,0.7756855401768582,-0.09827694658051073
SGDClassifier,48,log_Detergents_Paper,3.1218060185783245,0.3309586757364595,3.1218060185783245,5.870048936273717,-0.16151302088095731
SGDClassifier,48,log_Delicassen,-0.37903584592391415,-0.36723747332504414,0.37903584592391415,0.6235942664763195,-0.059997756151798226
SGDClassifier,48,Region_2,0.2530850099575949,-0.34582202838753073,0.2530850099575949,0.4162307188558792,-0.08794421335457173
SGDClassifier,48,Region_3,-0.5904358020606933,-1.5963668427946611,0.5904358020606933,0.3628185218459913,-0.008795768448131541
SGDClassifier,49,log_Fresh,3.4985055187505223,1.6395101911697603,3.4985055187505223,1.4516905475066786,-0.042178951376230955
SGDClassifier,49,log_Milk,0.33478031905312156,0.2505710977255417,0.33478031905312156,0.8262143372743738,-0.018356465615559175
SGDClassifier,49,log_Grocery,2.2533391867986046,0.9007266192202827,2.2533391867986046,1.9002127640329738,-0.10385595950531151
SGDClassifier,49,log_Frozen,-1.3290326557432772,1.3801184458434212,1.3290326557432772,0.7756855401768582,0.1048235537405286
SGDClassifier,49,log_Detergents_Paper,-0.10415882554546221,-0.09899702247017084,0.10415882554546221,5.870048936273717,-0.1952597387251661
SGDClassifier,49,log_Delicassen,0.6693520121562384,0.8627092250804433,0.6693520121562384,0.6235942664763195,-0.1988791489300578
SGDClassifier,49,Region_2,0.2530850099575949,-0.34582202838753073,0.2530850099575949,0.4162307188558792,-0.07735059075295406
SGDClassifier,49,Region_3,0.26526825889683325,0.6264224319827152,0.26526825889683325,0.3628185218459913,0.18061025419655657
SGDClassifier,50,log_Fresh,-1.0771632101520239,-0.6073106994801187,1.0771632101520239,1.4516905475066786,-0.025724831618837152
SGDClassifier,50,log_Milk,0.4069712147295626,0.3166139013599795,0.4069712147295626,0.8262143372743738,0.03714430467148705
SGDClassifier,50,log_Grocery,0.5862885024910455,0.24516640409506285,0.5862885024910455,1.9002127640329738,-0.1714506987038237
SGDClassifier,50,log_Frozen,-0.5358834949349915,0.5353007333748953,0.5358834949349915,0.7756855401768582,0.15370441947761476
SGDClassifier,50,log_Detergents_Paper,8.490108370289612,1.0464445217830054,8.490108370289612,5.870048936273717,0.00937913056916373
SGDClassifier,50,log_Delicassen,-1.3027543540440156,-1.4509246989658249,1.3027543540440156,0.6235942664763195,-0.09671654611294223
SGDClassifier,50,Region_2,0.2530850099575949,-0.34582202838753073,0.2530850099575949,0.4162307188558792,0.08216888555157598
SGDClassifier,50,Region_3,-0.5904358020606933,-1.5963668427946611,0.5904358020606933,0.3628185218459913,0.03785403812492083
SGDClassifier,51,log_Fresh,0.35229786762059007,0.09460703150053348,0.35229786762059007,1.4516905475066786,0.19487488099336803
SGDClassifier,51,log_Milk,-0.8451406556268543,-0.8288626522615004,0.8451406556268543,0.8262143372743738,0.11275610285582588
SGDClassifier,51,log_Grocery,-1.743695982584221,-0.6710895589975168,1.743695982584221,1.9002127640329738,0.12506554367937966
SGDClassifier,51,log_Frozen,-0.4662486793326771,0.46112965871175937,0.4662486793326771,0.7756855401768582,0.05131980575846329
SGDClassifier,51,log_Detergents_Paper,-9.735362144325851,-1.3826411251141297,9.735362144325851,5.870048936273717,0.13460778271006218
SGDClassifier,51,log_Delicassen,0.12849531902755224,0.22818746970421983,0.12849531902755224,0.6235942664763195,-0.1526480980110428
SGDClassifier,51,Region_2,-2.047687807838722,2.8916607905595657,2.047687807838722,0.4162307188558792,0.0491984851532829
SGDClassifier,51,Region_3,-0.5904358020606933,-1.5963668427946611,0.5904358020606933,0.3628185218459913,0.09355640796461812
SGDClassifier,52,log_Fresh,-0.257311296109574,-0.20473338961623894,0.257311296109574,1.4516905475066786,0.06453771810124248
SGDClassifier,52,log_Milk,1.6221407811711999,1.4282943190506552,1.6221407811711999,0.8262143372743738,0.05566431695948626
SGDClassifier,52,log_Grocery,2.8981266332622497,1.1542863946324644,2.8981266332622497,1.9002127640329738,0.09338447572084169
SGDClassifier,52,log_Frozen,2.735889463387771,-2.9496071287853782,2.735889463387771,0.7756855401768582,0.08967016872461858
SGDClassifier,52,log_Detergents_Paper,9.671376259960388,1.2038835779455723,9.671376259960388,5.870048936273717,0.03972006349309537
SGDClassifier,52,log_Delicassen,-0.46041677411237997,-0.4627118754436206,0.46041677411237997,0.6235942664763195,-0.12086023294306587
SGDClassifier,52,Region_2,0.2530850099575949,-0.34582202838753073,0.2530850099575949,0.4162307188558792,0.0022244848197467137
SGDClassifier,52,Region_3,0.26526825889683325,0.6264224319827152,0.26526825889683325,0.3628185218459913,0.11913471932610875
SGDClassifier,53,log_Fresh,-3.0581355882298284,-1.5800406732981989,3.0581355882298284,1.4516905475066786,0.10338565151825513
SGDClassifier,53,log_Milk,-1.0654258997732788,-1.0303874426995032,1.0654258997732788,0.8262143372743738,0.04908296121064154
SGDClassifier,53,log_Grocery,-2.5716471770205778,-0.996677657936051,2.5716471770205778,1.9002127640329738,-0.17502539582069798
SGDClassifier,53,log_Frozen,0.392312645534101,-0.4533613983659892,0.392312645534101,0.7756855401768582,-0.11526932093674609
SGDClassifier,53,log_Detergents_Paper,-9.383657812593112,-1.3357660694891766,9.383657812593112,5.870048936273717,0.16328002103440908
SGDClassifier,53,log_Delicassen,-0.9846659156615188,-1.077749998806718,0.9846659156615188,0.6235942664763195,-0.10530410252009306
SGDClassifier,53,Region_2,0.2530850099575949,-0.34582202838753073,0.2530850099575949,0.4162307188558792,0.16020856070086426
SGDClassifier,53,Region_3,0.26526825889683325,0.6264224319827152,0.26526825889683325,0.3628185218459913,0.14268951888991727
SGDClassifier,54,log_Fresh,-0.07827624647054388,-0.11682062461500357,0.07827624647054388,1.4516905475066786,-0.1676220008386777
SGDClassifier,54,log_Milk,0.8860287407449604,0.7548727956953135,0.8860287407449604,0.8262143372743738,-0.14791454917552632
SGDClassifier,54,log_Grocery,1.3727400861606125,0.554434966970307,1.3727400861606125,1.9002127640329738,-0.13658876707674966
SGDClassifier,54,log_Frozen,-0.4271979115331335,0.4195349852849734,0.4271979115331335,0.7756855401768582,0.11466858427928905
SGDClassifier,54,log_Detergents_Paper,6.867173005521638,0.8301401472408908,6.867173005521638,5.870048936273717,-0.13864289001791572
SGDClassifier,54,log_Delicassen,-0.8538565952258788,-0.92428724115412,0.8538565952258788,0.6235942664763195,-0.06480095500815297
SGDClassifier,54,Region_2,0.2530850099575949,-0.34582202838753073,0.2530850099575949,0.4162307188558792,0.09749406076535228
SGDClassifier,54,Region_3,0.26526825889683325,0.6264224319827152,0.26526825889683325,0.3628185218459913,0.10331550080771806
SGDClassifier,55,log_Fresh,-0.4891027512304113,-0.3185514814614808,0.4891027512304113,1.4516905475066786,0.17697676144785263
SGDClassifier,55,log_Milk,0.18409272506085378,0.11271671751697296,0.18409272506085378,0.8262143372743738,-0.06380540550369115
SGDClassifier,55,log_Grocery,-2.4158167037654854,-0.935398022270621,2.4158167037654854,1.9002127640329738,-0.12342951737976443
SGDClassifier,55,log_Frozen,0.35280866747855705,-0.4112839909584331,0.35280866747855705,0.7756855401768582,0.04494963505989791
SGDClassifier,55,log_Detergents_Paper,-2.8999656840661068,-0.47162138385952374,2.8999656840661068,5.870048936273717,0.025486689306534638
SGDClassifier,55,log_Delicassen,1.1286646532243985,1.4015652048246283,1.1286646532243985,0.6235942664763195,-0.1607253897357439
SGDClassifier,55,Region_2,0.2530850099575949,-0.34582202838753073,0.2530850099575949,0.4162307188558792,0.014172159983917743
SGDClassifier,55,Region_3,0.26526825889683325,0.6264224319827152,0.26526825889683325,0.3628185218459913,-0.1651808332658864
SGDClassifier,56,log_Fresh,1.6422402097092241,0.7280159545791307,1.6422402097092241,1.4516905475066786,-0.04825336963810384
SGDClassifier,56,log_Milk,0.38011500620274946,0.2920448848727571,0.38011500620274946,0.8262143372743738,-0.13972454305102114
SGDClassifier,56,log_Grocery,-0.7186087011543786,-0.2679785767927946,0.7186087011543786,1.9002127640329738,0.0357584757722825
SGDClassifier,56,log_Frozen,-0.8171655961695083,0.8349065491096276,0.8171655961695083,0.7756855401768582,0.17290753165930578
SGDClassifier,56,log_Detergents_Paper,0.7578819582137392,0.015895533702259684,0.7578819582137392,5.870048936273717,0.019184783302689523
SGDClassifier,56,log_Delicassen,-0.1302520526030149,-0.07536953260683027,0.1302520526030149,0.6235942664763195,0.00014884604679457625
SGDClassifier,56,Region_2,0.2530850099575949,-0.34582202838753073,0.2530850099575949,0.4162307188558792,0.02358363511168471
SGDClassifier,56,Region_3,0.26526825889683325,0.6264224319827152,0.26526825889683325,0.3628185218459913,-0.14539315319332968
SGDClassifier,57,log_Fresh,0.19729652001028192,0.018495694224320163,0.19729652001028192,1.4516905475066786,0.06802474330850006
SGDClassifier,57,log_Milk,-1.4186827585622617,-1.3535594041901085,1.4186827585622617,0.8262143372743738,-0.1781420303805796
SGDClassifier,57,log_Grocery,-3.666733835995132,-1.4273155818431507,3.666733835995132,1.9002127640329738,0.02523303583257866
SGDClassifier,57,log_Frozen,0.35113845585574277,-0.40950497582200357,0.35113845585574277,0.7756855401768582,-0.10822006417201338
SGDClassifier,57,log_Detergents_Paper,-4.306143630626882,-0.6590363899212278,4.306143630626882,5.870048936273717,-0.13421226543285814
SGDClassifier,57,log_Delicassen,-0.7354593144324889,-0.7853860286976093,0.7354593144324889,0.6235942664763195,-0.12485237261195903
SGDClassifier,57,Region_2,0.2530850099575949,-0.34582202838753073,0.2530850099575949,0.4162307188558792,0.11359748197227953
SGDClassifier,57,Region_3,-0.5904358020606933,-1.5963668427946611,0.5904358020606933,0.3628185218459913,0.062119762000128864
SGDClassifier,58,log_Fresh,-4.740251713185107,-2.4060212837771875,4.740251713185107,1.4516905475066786,0.15705645950416497
SGDClassifier,58,log_Milk,0.09622018930797208,0.03232779078030744,0.09622018930797208,0.8262143372743738,-0.032554425878308535
SGDClassifier,58,log_Grocery,3.343079887127848,1.3292622688338889,3.343079887127848,1.9002127640329738,-0.02598240310987382
SGDClassifier,58,log_Frozen,0.2865060678074043,-0.34066220460009267,0.2865060678074043,0.7756855401768582,-0.1981129563017341
SGDClassifier,58,log_Detergents_Paper,8.732850309483407,1.078797100001646,8.732850309483407,5.870048936273717,-0.10867559221391453
SGDClassifier,58,log_Delicassen,-0.1770034532951205,-0.13021729766239534,0.1770034532951205,0.6235942664763195,0.093900390375393
SGDClassifier,58,Region_2,0.2530850099575949,-0.34582202838753073,0.2530850099575949,0.4162307188558792,0.10229354668303808
SGDClassifier,58,Region_3,0.26526825889683325,0.6264224319827152,0.26526825889683325,0.3628185218459913,-0.08186195575378608
SGDClassifier,59,log_Fresh,0.5564729744986762,0.19486448514586843,0.5564729744986762,1.4516905475066786,0.07660898484991552
SGDClassifier,59,log_Milk,-0.30527643464521403,-0.3349756267375233,0.30527643464521403,0.8262143372743738,-0.0917824277024669
SGDClassifier,59,log_Grocery,-1.8005640486330743,-0.6934526712673915,1.8005640486330743,1.9002127640329738,0.13303057283352088
SGDClassifier,59,log_Frozen,-0.7407600530539796,0.7535236777100087,0.7407600530539796,0.7756855401768582,0.1820113924195499
SGDClassifier,59,log_Detergents_Paper,-4.654048603324912,-0.7054050680295502,4.654048603324912,5.870048936273717,0.03985947234109641
SGDClassifier,59,log_Delicassen,-0.20838961033109923,-0.16703888036627176,0.20838961033109923,0.6235942664763195,-0.043962770370423426
SGDClassifier,59,Region_2,0.2530850099575949,-0.34582202838753073,0.2530850099575949,0.4162307188558792,-0.03722632902574774
SGDClassifier,59,Region_3,0.26526825889683325,0.6264224319827152,0.26526825889683325,0.3628185218459913,0.09135435669919895
SGDClassifier,60,log_Fresh,0.5450110998421084,0.18923628499629958,0.5450110998421084,1.4516905475066786,0.07731089344935616
SGDClassifier,60,log_Milk,0.702566699871282,0.5870351836770487,0.702566699871282,0.8262143372743738,0.19558378637815516
SGDClassifier,60,log_Grocery,1.6747422734373831,0.6731959744928118,1.6747422734373831,1.9002127640329738,-0.16979326367785355
SGDClassifier,60,log_Frozen,0.07214212435057106,-0.1123338329702473,0.07214212435057106,0.7756855401768582,0.10197474414761104
SGDClassifier,60,log_Detergents_Paper,3.9731047138242586,0.4444195293361442,3.9731047138242586,5.870048936273717,0.17347844599779733
SGDClassifier,60,log_Delicassen,0.47070924766291317,0.6296656902210142,0.47070924766291317,0.6235942664763195,-0.17475287700488604
SGDClassifier,60,Region_2,0.2530850099575949,-0.34582202838753073,0.2530850099575949,0.4162307188558792,-0.13059359005490234
SGDClassifier,60,Region_3,0.26526825889683325,0.6264224319827152,0.26526825889683325,0.3628185218459913,-0.018749051744081008
SGDClassifier,61,log_Fresh,0.6111122030639907,0.2216943470661799,0.6111122030639907,1.4516905475066786,-0.043217583737047705
SGDClassifier,61,log_Milk,-0.040416308323026666,-0.09267214581538497,0.040416308323026666,0.8262143372743738,0.185813545550213
SGDClassifier,61,log_Grocery,1.1692007419425694,0.47439403147982423,1.1692007419425694,1.9002127640329738,0.12112190348094848
SGDClassifier,61,log_Frozen,1.9672152332180046,-2.1308587308122346,1.9672152332180046,0.7756855401768582,0.14239277986595367
SGDClassifier,61,log_Detergents_Paper,7.343731874876141,0.8936557809537347,7.343731874876141,5.870048936273717,0.1818279881886149
SGDClassifier,61,log_Delicassen,-0.8907409754040466,-0.9675592242024033,0.8907409754040466,0.6235942664763195,-0.013062713016566307
SGDClassifier,61,Region_2,0.2530850099575949,-0.34582202838753073,0.2530850099575949,0.4162307188558792,-0.14994403073874862
SGDClassifier,61,Region_3,0.26526825889683325,0.6264224319827152,0.26526825889683325,0.3628185218459913,0.09117302074897798
SGDClassifier,62,log_Fresh,2.3322135004249334,1.0668181046950806,2.3322135004249334,1.4516905475066786,-0.14245931741610318
SGDClassifier,62,log_Milk,0.4173904774221255,0.3261458141250557,0.4173904774221255,0.8262143372743738,-0.07130840617183573
SGDClassifier,62,log_Grocery,1.0098251656503452,0.41172029992304543,1.0098251656503452,1.9002127640329738,0.03643042849057304
SGDClassifier,62,log_Frozen,-1.0730204852972842,1.1074287338857423,1.0730204852972842,0.7756855401768582,-0.0011683014948084547
SGDClassifier,62,log_Detergents_Paper,-3.316547189247496,-0.5271432511379261,3.316547189247496,5.870048936273717,0.042596531553224765
SGDClassifier,62,log_Delicassen,0.14326066088236122,0.24550985981507728,0.14326066088236122,0.6235942664763195,0.19173300728297688
SGDClassifier,62,Region_2,0.2530850099575949,-0.34582202838753073,0.2530850099575949,0.4162307188558792,0.0440220337435675
SGDClassifier,62,Region_3,0.26526825889683325,0.6264224319827152,0.26526825889683325,0.3628185218459913,-0.14248671640945776
SGDClassifier,63,log_Fresh,0.9629662085977245,0.3944675474288823,0.9629662085977245,1.4516905475066786,-0.1597221250100247
SGDClassifier,63,log_Milk,0.6444205889696774,0.5338410495913274,0.6444205889696774,0.8262143372743738,0.05407622633576492
SGDClassifier,63,log_Grocery,0.4007008859424297,0.17218490510739243,0.4007008859424297,1.9002127640329738,-0.10165309283892805
SGDClassifier,63,log_Frozen,-1.2970527908106266,1.346055298994824,1.2970527908106266,0.7756855401768582,-0.08556513089202063
SGDClassifier,63,log_Detergents_Paper,0.9504860640389529,0.041565755418527646,0.9504860640389529,5.870048936273717,-0.12520746242630026
SGDClassifier,63,log_Delicassen,0.591195498955367,0.7710176391569564,0.591195498955367,0.6235942664763195,-0.19035208146324104
SGDClassifier,63,Region_2,0.2530850099575949,-0.34582202838753073,0.2530850099575949,0.4162307188558792,-0.04838354206508147
SGDClassifier,63,Region_3,-0.5904358020606933,-1.5963668427946611,0.5904358020606933,0.3628185218459913,0.036391141478792355
SGDClassifier,64,log_Fresh,-0.8273092633443485,-0.48462326283226237,0.8273092633443485,1.4516905475066786,0.14341193683393788
SGDClassifier,64,log_Milk,-1.0067806960661827,-0.9767367207318949,1.0067806960661827,0.8262143372743738,-0.15037582963020657
SGDClassifier,64,log_Grocery,-2.251666029315611,-0.8708465047503197,2.251666029315611,1.9002127640329738,0.023181559956725467
SGDClassifier,64,log_Frozen,-0.33311337305544236,0.3193214460127653,0.33311337305544236,0.7756855401768582,0.1946352208816743
SGDClassifier,64,log_Detergents_Paper,-5.544939478002424,-0.824142756304614,5.544939478002424,5.870048936273717,0.1756818313795538
SGDClassifier,64,log_Delicassen,-0.548045514584198,-0.5655160802024514,0.548045514584198,0.6235942664763195,-0.14402690929017814
SGDClassifier,64,Region_2,0.2530850099575949,-0.34582202838753073,0.2530850099575949,0.4162307188558792,0.11065470688692408
SGDClassifier,64,Region_3,0.26526825889683325,0.6264224319827152,0.26526825889683325,0.3628185218459913,0.17615904606764915
SGDClassifier,65,log_Fresh,-3.802462116036192,-1.9455322530484085,3.802462116036192,1.4516905475066786,-0.08546669832759367
SGDClassifier,65,log_Milk,0.8993910928893687,0.7670971515576187,0.8993910928893687,0.8262143372743738,0.1490348508330494
SGDClassifier,65,log_Grocery,2.6019388056434942,1.0378118580037987,2.6019388056434942,1.9002127640329738,-0.10557793295580492
SGDClassifier,65,log_Frozen,0.9302548704279774,-1.02634708924403,0.9302548704279774,0.7756855401768582,-0.18512534723633522
SGDClassifier,65,log_Detergents_Paper,10.327815945596196,1.29137367687898,10.327815945596196,5.870048936273717,0.02419968097817904
SGDClassifier,65,log_Delicassen,-0.6952066905783045,-0.7381624926464823,0.6952066905783045,0.6235942664763195,0.09931958520143991
SGDClassifier,65,Region_2,0.2530850099575949,-0.34582202838753073,0.2530850099575949,0.4162307188558792,-0.11069083780588623
SGDClassifier,65,Region_3,0.26526825889683325,0.6264224319827152,0.26526825889683325,0.3628185218459913,0.059788414787930455
SGDClassifier,66,log_Fresh,2.39078754133158,1.095580103553857,2.39078754133158,1.4516905475066786,-0.15647119880111396
SGDClassifier,66,log_Milk,1.6820105831319683,1.483065347134991,1.6820105831319683,0.8262143372743738,-0.013758449706593151
SGDClassifier,66,log_Grocery,0.3235589376218798,0.14184917943795727,0.3235589376218798,1.9002127640329738,0.02952803316248026
SGDClassifier,66,log_Frozen,-1.733075091695441,1.810481640243654,1.733075091695441,0.7756855401768582,0.10788298115157136
SGDClassifier,66,log_Detergents_Paper,-2.4591518136552155,-0.41286983367542346,2.4591518136552155,5.870048936273717,-0.06572359219552446
SGDClassifier,66,log_Delicassen,0.19021935626296071,0.3006008186617045,0.19021935626296071,0.6235942664763195,0.1587242392277134
SGDClassifier,66,Region_2,0.2530850099575949,-0.34582202838753073,0.2530850099575949,0.4162307188558792,0.10024109326673797
SGDClassifier,66,Region_3,0.26526825889683325,0.6264224319827152,0.26526825889683325,0.3628185218459913,0.1820948188497306
SGDClassifier,67,log_Fresh,0.48870569295513144,0.16158826851051178,0.48870569295513144,1.4516905475066786,0.18828793964003693
SGDClassifier,67,log_Milk,-1.7867571930211286,-1.690287011875916,1.7867571930211286,0.8262143372743738,-0.1306320693173898
SGDClassifier,67,log_Grocery,-0.3519999421825794,-0.1238113243147034,0.3519999421825794,1.9002127640329738,-0.18924466924753847
SGDClassifier,67,log_Frozen,-1.4121157578065962,1.4686138760830403,1.4121157578065962,0.7756855401768582,-0.12675694417616484
SGDClassifier,67,log_Detergents_Paper,-6.742325119146788,-0.9837299819058437,6.742325119146788,5.870048936273717,0.028861491007657086
SGDClassifier,67,log_Delicassen,-1.9263974164282758,-2.182569690512804,1.9263974164282758,0.6235942664763195,0.06499518980153435
SGDClassifier,67,Region_2,0.2530850099575949,-0.34582202838753073,0.2530850099575949,0.4162307188558792,0.07049565052292411
SGDClassifier,67,Region_3,0.26526825889683325,0.6264224319827152,0.26526825889683325,0.3628185218459913,-0.045934612664339014
SGDClassifier,68,log_Fresh,2.8523952652686666,1.3222463984444717,2.8523952652686666,1.4516905475066786,0.11451896435510156
SGDClassifier,68,log_Milk,0.46672876338011887,0.37128223611637984,0.46672876338011887,0.8262143372743738,-0.08519744801700885
SGDClassifier,68,log_Grocery,1.2446317921286938,0.5040569541207617,1.2446317921286938,1.9002127640329738,0.03559902564693199
SGDClassifier,68,log_Frozen,-1.0944695413495122,1.1302750575837792,1.0944695413495122,0.7756855401768582,0.02140259324830271
SGDClassifier,68,log_Detergents_Paper,3.1581083921199724,0.3357970459967828,3.1581083921199724,5.870048936273717,0.07568446026546366
SGDClassifier,68,log_Delicassen,1.8468786627843303,2.244158852775165,1.8468786627843303,0.6235942664763195,-0.07456601922166417
SGDClassifier,68,Region_2,0.2530850099575949,-0.34582202838753073,0.2530850099575949,0.4162307188558792,0.008924370536039505
SGDClassifier,68,Region_3,0.26526825889683325,0.6264224319827152,0.26526825889683325,0.3628185218459913,-0.09254283197625042
SGDClassifier,69,log_Fresh,2.7683829582649007,1.280993279472936,2.7683829582649007,1.4516905475066786,-0.1671258641326977
SGDClassifier,69,log_Milk,0.21426937294109855,0.14032339023693702,0.21426937294109855,0.8262143372743738,0.18295995076528437
SGDClassifier,69,log_Grocery,0.5047464147168984,0.21310034329308833,0.5047464147168984,1.9002127640329738,0.15539761312518952
SGDClassifier,69,log_Frozen,0.7179429332742207,-0.8002043988915492,0.7179429332742207,0.7756855401768582,-0.16493006472034694
SGDClassifier,69,log_Detergents_Paper,5.326353455833036,0.624780145719632,5.326353455833036,5.870048936273717,-0.08150071153392427
SGDClassifier,69,log_Delicassen,0.2523540797492058,0.3734959761353829,0.2523540797492058,0.6235942664763195,-0.017504482546938732
SGDClassifier,69,Region_2,0.2530850099575949,-0.34582202838753073,0.2530850099575949,0.4162307188558792,0.0994035519921656
SGDClassifier,69,Region_3,0.26526825889683325,0.6264224319827152,0.26526825889683325,0.3628185218459913,0.0785750144703149
SGDClassifier,70,log_Fresh,0.7915285218394205,0.31028536579056387,0.7915285218394205,1.4516905475066786,-0.197126025773354
SGDClassifier,70,log_Milk,-1.2462243479731105,-1.1957883052319405,1.2462243479731105,0.8262143372743738,0.1668133866405349
SGDClassifier,70,log_Grocery,-1.540767358830016,-0.5912887865941097,1.540767358830016,1.9002127640329738,0.037787447892814685
SGDClassifier,70,log_Frozen,-0.8377269293428223,0.8568073205093985,0.8377269293428223,0.7756855401768582,0.1349653885050474
SGDClassifier,70,log_Detergents_Paper,-6.289976019752896,-0.9234410196075373,6.289976019752896,5.870048936273717,-0.1248601349232072
SGDClassifier,70,log_Delicassen,-0.7083531269868242,-0.7535856167620806,0.7083531269868242,0.6235942664763195,0.08512322365417296
SGDClassifier,70,Region_2,-2.047687807838722,2.8916607905595657,2.047687807838722,0.4162307188558792,0.15032811501220772
SGDClassifier,70,Region_3,-0.5904358020606933,-1.5963668427946611,0.5904358020606933,0.3628185218459913,-0.17490234339374636
SGDClassifier,71,log_Fresh,1.9349012461573216,0.8717232396842182,1.9349012461573216,1.4516905475066786,-0.07073397805687082
SGDClassifier,71,log_Milk,0.014896245617398121,-0.042070250601625336,0.014896245617398121,0.8262143372743738,-0.160007061996301
SGDClassifier,71,log_Grocery,-2.703792837760787,-1.0486433471608505,2.703792837760787,1.9002127640329738,0.16188373367637987
SGDClassifier,71,log_Frozen,-0.32453371295748545,0.31018287640206704,0.32453371295748545,0.7756855401768582,0.0982793526572176
SGDClassifier,71,log_Detergents_Paper,-6.4110293631184705,-0.9395749755809878,6.4110293631184705,5.870048936273717,0.05752822913100969
SGDClassifier,71,log_Delicassen,0.7209792585090476,0.9232772302418975,0.7209792585090476,0.6235942664763195,0.10717541857123919
SGDClassifier,71,Region_2,-2.047687807838722,2.8916607905595657,2.047687807838722,0.4162307188558792,0.177267243846711
SGDClassifier,71,Region_3,-0.5904358020606933,-1.5963668427946611,0.5904358020606933,0.3628185218459913,-0.08932883299537356
SGDClassifier,72,log_Fresh,-0.8002484185322224,-0.47133539715735756,0.8002484185322224,1.4516905475066786,0.19590811760574062
SGDClassifier,72,log_Milk,1.5092018438038182,1.3249737549636496,1.5092018438038182,0.8262143372743738,0.1002990718753502
SGDClassifier,72,log_Grocery,3.5234821183542007,1.4002046382681697,3.5234821183542007,1.9002127640329738,-0.02750175652934836
SGDClassifier,72,log_Frozen,-0.11900021881526798,0.0912602008993416,0.11900021881526798,0.7756855401768582,0.15758721952334886
SGDClassifier,72,log_Detergents_Paper,9.56655540760492,1.1899130838643357,9.56655540760492,5.870048936273717,-0.1708854971018377
SGDClassifier,72,log_Delicassen,0.33647339173625546,0.47218299282792336,0.33647339173625546,0.6235942664763195,-0.1022193365570924
SGDClassifier,72,Region_2,0.2530850099575949,-0.34582202838753073,0.2530850099575949,0.4162307188558792,-0.037155105694101354
SGDClassifier,72,Region_3,0.26526825889683325,0.6264224319827152,0.26526825889683325,0.3628185218459913,-0.1760905754179327
SGDClassifier,73,log_Fresh,-1.3171171943078435,-0.7251368919643972,1.3171171943078435,1.4516905475066786,-0.09433039523404801
SGDClassifier,73,log_Milk,0.16690093420416133,0.09698905467203903,0.16690093420416133,0.8262143372743738,-0.09414310481509386
SGDClassifier,73,log_Grocery,3.213047005851968,1.2781274206706035,3.213047005851968,1.9002127640329738,-0.1442731889467516
SGDClassifier,73,log_Frozen,0.07844083425970717,-0.1190428632004708,0.07844083425970717,0.7756855401768582,0.08915807214840382
SGDClassifier,73,log_Detergents_Paper,13.628388203520895,1.7312730304700121,13.628388203520895,5.870048936273717,-0.16113247277639814
SGDClassifier,73,log_Delicassen,-1.1925836795662494,-1.3216747689035153,1.1925836795662494,0.6235942664763195,0.07851832026082384
SGDClassifier,73,Region_2,-2.047687807838722,2.8916607905595657,2.047687807838722,0.4162307188558792,0.13994140368686242
SGDClassifier,73,Region_3,-0.5904358020606933,-1.5963668427946611,0.5904358020606933,0.3628185218459913,0.07975817822790165
SGDClassifier,74,log_Fresh,2.0140233723327023,0.9105751008079405,2.0140233723327023,1.4516905475066786,0.006483303032078919
SGDClassifier,74,log_Milk,0.7625317499268978,0.641893348112383,0.7625317499268978,0.8262143372743738,-0.11500652462006894
SGDClassifier,74,log_Grocery,-0.4682004451622046,-0.16950665166620693,0.4682004451622046,1.9002127640329738,-0.006251864931885981
SGDClassifier,74,log_Frozen,-1.3229344311319469,1.3736229612349358,1.3229344311319469,0.7756855401768582,0.09853497792663596
SGDClassifier,74,log_Detergents_Paper,-3.03448512181541,-0.4895500971513681,3.03448512181541,5.870048936273717,0.1798658399730259
SGDClassifier,74,log_Delicassen,-0.040809123519183914,0.029563040271139332,0.040809123519183914,0.6235942664763195,0.059625919175020414
SGDClassifier,74,Region_2,0.2530850099575949,-0.34582202838753073,0.2530850099575949,0.4162307188558792,0.027851540573446965
SGDClassifier,74,Region_3,0.26526825889683325,0.6264224319827152,0.26526825889683325,0.3628185218459913,-0.0324663617102256
SGDClassifier,75,log_Fresh,0.9241147449999766,0.37539005619959914,0.9241147449999766,1.4516905475066786,-0.0315791037511787
SGDClassifier,75,log_Milk,-1.0041940289922673,-0.9743703455258589,1.0041940289922673,0.8262143372743738,0.05685041239897415
SGDClassifier,75,log_Grocery,-1.8874967476820124,-0.7276385658094099,1.8874967476820124,1.9002127640329738,0.19673943693440715
SGDClassifier,75,log_Frozen,-0.28638254890143594,0.2695464100998178,0.28638254890143594,0.7756855401768582,-0.02121549682815091
SGDClassifier,75,log_Detergents_Paper,-4.112808012067062,-0.633268672390916,4.112808012067062,5.870048936273717,-0.03853501175857604
SGDClassifier,75,log_Delicassen,-1.0863269100755022,-1.1970165502765826,1.0863269100755022,0.6235942664763195,-0.015237215493281081
SGDClassifier,75,Region_2,0.2530850099575949,-0.34582202838753073,0.2530850099575949,0.4162307188558792,0.04860359230469746
SGDClassifier,75,Region_3,0.26526825889683325,0.6264224319827152,0.26526825889683325,0.3628185218459913,0.19756395487735423
SGDClassifier,76,log_Fresh,1.2981025421019452,0.5590317586832424,1.2981025421019452,1.4516905475066786,0.1661648654995334
SGDClassifier,76,log_Milk,-0.4012338655936829,-0.42276090367602487,0.4012338655936829,0.8262143372743738,0.05241494601509916
SGDClassifier,76,log_Grocery,-0.7179439495420876,-0.26771716619858743,0.7179439495420876,1.9002127640329738,-0.15988261546506616
SGDClassifier,76,log_Frozen,0.04362587183431161,-0.08195993054512164,0.04362587183431161,0.7756855401768582,-0.004573044483923816
SGDClassifier,76,log_Detergents_Paper,2.9063022981869184,0.3022363997526428,2.9063022981869184,5.870048936273717,0.032107718516441064
SGDClassifier,76,log_Delicassen,-0.30540082481600433,-0.280850407316342,0.30540082481600433,0.6235942664763195,-0.14437830541198018
SGDClassifier,76,Region_2,0.2530850099575949,-0.34582202838753073,0.2530850099575949,0.4162307188558792,0.03506684364193474
SGDClassifier,76,Region_3,0.26526825889683325,0.6264224319827152,0.26526825889683325,0.3628185218459913,-0.13841212031275246
SGDClassifier,77,log_Fresh,2.426096444111327,1.1129180677054902,2.426096444111327,1.4516905475066786,0.06690039855217578
SGDClassifier,77,log_Milk,-0.8033301499162293,-0.7906129118665426,0.8033301499162293,0.8262143372743738,-0.10059319531818978
SGDClassifier,77,log_Grocery,-2.4019101542792374,-0.9299293339705762,2.4019101542792374,1.9002127640329738,-0.006535278685363188
SGDClassifier,77,log_Frozen,0.41927239516951287,-0.48207740178771896,0.41927239516951287,0.7756855401768582,-0.038222000236179055
SGDClassifier,77,log_Detergents_Paper,-8.393527864844701,-1.203801825125227,8.393527864844701,5.870048936273717,0.002719429305376997
SGDClassifier,77,log_Delicassen,0.33100418785774743,0.4657666372764619,0.33100418785774743,0.6235942664763195,-0.009499759502545724
SGDClassifier,77,Region_2,0.2530850099575949,-0.34582202838753073,0.2530850099575949,0.4162307188558792,0.05235868802502841
SGDClassifier,77,Region_3,0.26526825889683325,0.6264224319827152,0.26526825889683325,0.3628185218459913,-0.047531990318398
SGDClassifier,78,log_Fresh,-1.082080401273933,-0.6097252203710735,1.082080401273933,1.4516905475066786,-0.01842444894018619
SGDClassifier,78,log_Milk,1.676656340571426,1.4781670952609332,1.676656340571426,0.8262143372743738,0.02999319735434186
SGDClassifier,78,log_Grocery,4.686812812744616,1.8576792234474,4.686812812744616,1.9002127640329738,-0.09764773673502353
SGDClassifier,78,log_Frozen,1.5139033962741117,-1.6480165517553085,1.5139033962741117,0.7756855401768582,-0.1635179407563746
SGDClassifier,78,log_Detergents_Paper,12.521702618928064,1.5837742832082253,12.521702618928064,5.870048936273717,0.08727406295551837
SGDClassifier,78,log_Delicassen,-0.16914057559829648,-0.12099273407303388,0.16914057559829648,0.6235942664763195,-0.01920244219664244
SGDClassifier,78,Region_2,0.2530850099575949,-0.34582202838753073,0.2530850099575949,0.4162307188558792,0.15415715404160396
SGDClassifier,78,Region_3,-0.5904358020606933,-1.5963668427946611,0.5904358020606933,0.3628185218459913,-0.11802222420395535
SGDClassifier,79,log_Fresh,-1.3242684907849402,-0.7286484403897627,1.3242684907849402,1.4516905475066786,0.016737680374123876
SGDClassifier,79,log_Milk,0.03761907121449407,-0.021282600097126615,0.03761907121449407,0.8262143372743738,-0.004135941181160618
SGDClassifier,79,log_Grocery,-0.8296265581946112,-0.311635851840953,0.8296265581946112,1.9002127640329738,0.07609548124296395
SGDClassifier,79,log_Frozen,-0.05811120835998663,0.02640466417421772,0.05811120835998663,0.7756855401768582,-0.10720712931626859
SGDClassifier,79,log_Detergents_Paper,-5.196337129066974,-0.7776811320851091,5.196337129066974,5.870048936273717,-0.06629623428069001
SGDClassifier,79,log_Delicassen,1.0620565780084075,1.3234220047029905,1.0620565780084075,0.6235942664763195,0.14961366280603117
SGDClassifier,79,Region_2,0.2530850099575949,-0.34582202838753073,0.2530850099575949,0.4162307188558792,-0.15004067651646857
SGDClassifier,79,Region_3,0.26526825889683325,0.6264224319827152,0.26526825889683325,0.3628185218459913,0.16198783547019496
SGDClassifier,80,log_Fresh,-0.319679282658416,-0.23535835470616545,0.319679282658416,1.4516905475066786,0.1671825952014359
SGDClassifier,80,log_Milk,1.2544849006939107,1.0919496194608997,1.2544849006939107,0.8262143372743738,-0.12862315306850974
SGDClassifier,80,log_Grocery,1.9214553742697738,0.7702147964028798,1.9214553742697738,1.9002127640329738,0.0634695534173213
SGDClassifier,80,log_Frozen,0.37660013172796697,-0.436625315638119,0.37660013172796697,0.7756855401768582,0.12085836747136053
SGDClassifier,80,log_Detergents_Paper,9.524961643266561,1.1843694785086492,9.524961643266561,5.870048936273717,0.02419514204165632
SGDClassifier,80,log_Delicassen,0.08609863049075124,0.1784485618303197,0.08609863049075124,0.6235942664763195,-0.1618086246489639
SGDClassifier,80,Region_2,0.2530850099575949,-0.34582202838753073,0.2530850099575949,0.4162307188558792,0.030637247015563973
SGDClassifier,80,Region_3,0.26526825889683325,0.6264224319827152,0.26526825889683325,0.3628185218459913,0.06991466800393298
SGDClassifier,81,log_Fresh,3.214013613467971,1.499814248591563,3.214013613467971,1.4516905475066786,-0.17985428077461127
SGDClassifier,81,log_Milk,-1.7627982321643825,-1.6683685007905402,1.7627982321643825,0.8262143372743738,-0.12303063097612471
SGDClassifier,81,log_Grocery,-3.7853571946872497,-1.4739636863519718,3.7853571946872497,1.9002127640329738,-0.1599451037682248
SGDClassifier,81,log_Frozen,-1.4319528692541723,1.4897432473831953,1.4319528692541723,0.7756855401768582,-0.015151374291735076
SGDClassifier,81,log_Detergents_Paper,-5.646892043687112,-0.8377309659352195,5.646892043687112,5.870048936273717,-0.00747161602726823
SGDClassifier,81,log_Delicassen,0.7960893969972284,1.0113948730954585,0.7960893969972284,0.6235942664763195,-0.10221942416437356
SGDClassifier,81,Region_2,0.2530850099575949,-0.34582202838753073,0.2530850099575949,0.4162307188558792,-0.036328799479244334
SGDClassifier,81,Region_3,0.26526825889683325,0.6264224319827152,0.26526825889683325,0.3628185218459913,0.14325347950528516
SGDClassifier,82,log_Fresh,0.8733665195882739,0.35047081930244506,0.8733665195882739,1.4516905475066786,0.12198742880352947
SGDClassifier,82,log_Milk,1.7571318993284937,1.5517890038764697,1.7571318993284937,0.8262143372743738,0.021927675873210095
SGDClassifier,82,log_Grocery,0.016633515175449698,0.021152131735441667,0.016633515175449698,1.9002127640329738,0.17979344864604924
SGDClassifier,82,log_Frozen,-0.8761024517921593,0.897682760707046,0.8761024517921593,0.7756855401768582,0.15166958265517055
SGDClassifier,82,log_Detergents_Paper,3.0682032924774676,0.32381451929332483,3.0682032924774676,5.870048936273717,0.01115398559786182
SGDClassifier,82,log_Delicassen,0.8706186813458243,1.0988310700263764,0.8706186813458243,0.6235942664763195,0.06298443479928428
SGDClassifier,82,Region_2,0.2530850099575949,-0.34582202838753073,0.2530850099575949,0.4162307188558792,0.17668216637874717
SGDClassifier,82,Region_3,-0.5904358020606933,-1.5963668427946611,0.5904358020606933,0.3628185218459913,0.10594792853885404
SGDClassifier,83,log_Fresh,2.6286619994728277,1.2123851726201142,2.6286619994728277,1.4516905475066786,-0.16159393242865674
SGDClassifier,83,log_Milk,-0.040416308323026666,-0.09267214581538497,0.040416308323026666,0.8262143372743738,-0.07197785913261351
SGDClassifier,83,log_Grocery,-2.6321632908112136,-1.0204753486413038,2.6321632908112136,1.9002127640329738,0.09235502280566343
SGDClassifier,83,log_Frozen,-0.894028280303016,0.9167763413157828,0.894028280303016,0.7756855401768582,0.1500258589098562
SGDClassifier,83,log_Detergents_Paper,-5.688344789335241,-0.843255776359049,5.688344789335241,5.870048936273717,0.005725080226824553
SGDClassifier,83,log_Delicassen,0.48680411546016256,0.6485478523482546,0.48680411546016256,0.6235942664763195,-0.19294612618289964
SGDClassifier,83,Region_2,0.2530850099575949,-0.34582202838753073,0.2530850099575949,0.4162307188558792,-0.19593504554056854
SGDClassifier,83,Region_3,0.26526825889683325,0.6264224319827152,0.26526825889683325,0.3628185218459913,0.14261472541632642
SGDClassifier,84,log_Fresh,2.1443818422454273,0.9745858827998688,2.1443818422454273,1.4516905475066786,-0.10824686807048543
SGDClassifier,84,log_Milk,-0.5838751244676255,-0.5898476350752406,0.5838751244676255,0.8262143372743738,-0.002053910328305042
SGDClassifier,84,log_Grocery,-0.4705856592950457,-0.17044462644091782,0.4705856592950457,1.9002127640329738,0.06479385889328693
SGDClassifier,84,log_Frozen,0.5849487989207199,-0.6585465545564985,0.5849487989207199,0.7756855401768582,-0.10598386166886585
SGDClassifier,84,log_Detergents_Paper,-4.367384460987218,-0.6671985507780934,4.367384460987218,5.870048936273717,0.1297820527935799
SGDClassifier,84,log_Delicassen,-0.028854275536228935,0.04358821777891892,0.028854275536228935,0.6235942664763195,-0.15233603817688596
SGDClassifier,84,Region_2,0.2530850099575949,-0.34582202838753073,0.2530850099575949,0.4162307188558792,0.023629618827558124
SGDClassifier,84,Region_3,-0.5904358020606933,-1.5963668427946611,0.5904358020606933,0.3628185218459913,-0.006192699939806701
SGDClassifier,85,log_Fresh,1.292092172771391,0.5560804472635344,1.292092172771391,1.4516905475066786,-0.08868037562723888
SGDClassifier,85,log_Milk,0.8576680770346905,0.7289274500002756,0.8576680770346905,0.8262143372743738,0.13924486360853627
SGDClassifier,85,log_Grocery,-1.408529855594246,-0.5392869807192803,1.408529855594246,1.9002127640329738,0.1833208499128982
SGDClassifier,85,log_Frozen,-1.1030142792042568,1.1393764299923839,1.1030142792042568,0.7756855401768582,0.156166763267437
SGDClassifier,85,log_Detergents_Paper,2.4144621235814965,0.23668407792131704,2.4144621235814965,5.870048936273717,-0.1857144452067908
SGDClassifier,85,log_Delicassen,0.651297855197286,0.8415284659052829,0.651297855197286,0.6235942664763195,0.08626412777117926
SGDClassifier,85,Region_2,0.2530850099575949,-0.34582202838753073,0.2530850099575949,0.4162307188558792,0.03772045247153971
SGDClassifier,85,Region_3,0.26526825889683325,0.6264224319827152,0.26526825889683325,0.3628185218459913,-0.09531001534993436
SGDClassifier,86,log_Fresh,0.7916701981223857,0.31035493403318276,0.7916701981223857,1.4516905475066786,0.0036280536793100726
SGDClassifier,86,log_Milk,-1.3341401771630192,-1.2762168383474082,1.3341401771630192,0.8262143372743738,0.10277832000567189
SGDClassifier,86,log_Grocery,-3.186194314362782,-1.2383455672281936,3.186194314362782,1.9002127640329738,0.15331421865944472
SGDClassifier,86,log_Frozen,-0.12294346301799397,0.09546032202618847,0.12294346301799397,0.7756855401768582,-0.08494181770297726
SGDClassifier,86,log_Detergents_Paper,-5.901685644424749,-0.871689786256303,5.901685644424749,5.870048936273717,0.09273496459175784
SGDClassifier,86,log_Delicassen,-0.5027767739801823,-0.5124077409387331,0.5027767739801823,0.6235942664763195,0.1951388090198964
SGDClassifier,86,Region_2,0.2530850099575949,-0.34582202838753073,0.2530850099575949,0.4162307188558792,0.03513976793620516
SGDClassifier,86,Region_3,0.26526825889683325,0.6264224319827152,0.26526825889683325,0.3628185218459913,-0.1537883870130751
SGDClassifier,87,log_Fresh,-0.035687607422071235,-0.09590804339730556,0.035687607422071235,1.4516905475066786,-0.10426641856158425
SGDClassifier,87,log_Milk,0.4574176320220209,0.36276408138044963,0.4574176320220209,0.8262143372743738,-0.029714856658063088
SGDClassifier,87,log_Grocery,-0.7867623723211812,-0.29477970272871107,0.7867623723211812,1.9002127640329738,0.006576044689242888
SGDClassifier,87,log_Frozen,0.39673765947970624,-0.45807467342683383,0.39673765947970624,0.7756855401768582,0.07616102879946351
SGDClassifier,87,log_Detergents_Paper,-0.8265169852043588,-0.19527271730830087,0.8265169852043588,5.870048936273717,0.04331594854890303
SGDClassifier,87,log_Delicassen,0.04220777260150319,0.12695672573645123,0.04220777260150319,0.6235942664763195,0.135674813677176
SGDClassifier,87,Region_2,0.2530850099575949,-0.34582202838753073,0.2530850099575949,0.4162307188558792,-0.011831339390266843
SGDClassifier,87,Region_3,0.26526825889683325,0.6264224319827152,0.26526825889683325,0.3628185218459913,0.08206407532202636
SGDClassifier,88,log_Fresh,-0.31180661377019014,-0.23149258601283665,0.31180661377019014,1.4516905475066786,-0.121537204320218
SGDClassifier,88,log_Milk,-0.6854670416734941,-0.6827875408071876,0.6854670416734941,0.8262143372743738,-0.06449832624197024
SGDClassifier,88,log_Grocery,-2.7292420069641654,-1.0586511189669336,2.7292420069641654,1.9002127640329738,0.1905504659716138
SGDClassifier,88,log_Frozen,-0.6617701210662733,0.6693880611736528,0.6617701210662733,0.7756855401768582,0.023608924145091414
SGDClassifier,88,log_Detergents_Paper,-3.0117772756690364,-0.486523601725537,3.0117772756690364,5.870048936273717,0.053006108463938884
SGDClassifier,88,log_Delicassen,-0.028854275536228935,0.04358821777891892,0.028854275536228935,0.6235942664763195,-0.06688092384186453
SGDClassifier,88,Region_2,-2.047687807838722,2.8916607905595657,2.047687807838722,0.4162307188558792,0.024609934181948068
SGDClassifier,88,Region_3,-0.5904358020606933,-1.5963668427946611,0.5904358020606933,0.3628185218459913,-0.041125355866004076
SGDClassifier,89,log_Fresh,-0.21479667979489026,-0.18385715627128124,0.21479667979489026,1.4516905475066786,-0.03622595965721315
SGDClassifier,89,log_Milk,-1.6722580038880561,-1.5855390738795514,1.6722580038880561,0.8262143372743738,-0.11628749269680179
SGDClassifier,89,log_Grocery,-3.8838285398999464,-1.5126871018179622,3.8838285398999464,1.9002127640329738,0.18857335231427058
SGDClassifier,89,log_Frozen,0.11862747112196839,-0.16184740023254757,0.11862747112196839,0.7756855401768582,-0.18304428910558102
SGDClassifier,89,log_Detergents_Paper,-6.904084187422696,-1.0052891855867234,6.904084187422696,5.870048936273717,0.031099152862800405
SGDClassifier,89,log_Delicassen,-0.5043991390164336,-0.5143110656525466,0.5043991390164336,0.6235942664763195,-0.12587948552229966
SGDClassifier,89,Region_2,0.2530850099575949,-0.34582202838753073,0.2530850099575949,0.4162307188558792,-0.14198327713019238
SGDClassifier,89,Region_3,0.26526825889683325,0.6264224319827152,0.26526825889683325,0.3628185218459913,-0.00013161591426621988
SGDClassifier,90,log_Fresh,1.6989022306683836,0.7558390816323026,1.6989022306683836,1.4516905475066786,-0.1913472878939497
SGDClassifier,90,log_Milk,0.1505141752118123,0.08199786366109629,0.1505141752118123,0.8262143372743738,-0.16730093756326544
SGDClassifier,90,log_Grocery,-1.9767077934932236,-0.7627204100113069,1.9767077934932236,1.9002127640329738,-0.05930436389686569
SGDClassifier,90,log_Frozen,1.817335360775667,-1.9712151514724137,1.817335360775667,0.7756855401768582,0.16206744310932847
SGDClassifier,90,log_Detergents_Paper,-1.7505462738300908,-0.31842708418806825,1.7505462738300908,5.870048936273717,-0.04496481157508242
SGDClassifier,90,log_Delicassen,-0.9647802567174905,-1.05442055982541,0.9647802567174905,0.6235942664763195,0.08352271438624925
SGDClassifier,90,Region_2,0.2530850099575949,-0.34582202838753073,0.2530850099575949,0.4162307188558792,-0.1491004223482969
SGDClassifier,90,Region_3,0.26526825889683325,0.6264224319827152,0.26526825889683325,0.3628185218459913,0.023327729829462157
SGDClassifier,91,log_Fresh,1.953041775579776,0.8806309038724853,1.953041775579776,1.4516905475066786,0.10910517564759703
SGDClassifier,91,log_Milk,0.5414741182492073,0.4396619500394547,0.5414741182492073,0.8262143372743738,0.05408826876426914
SGDClassifier,91,log_Grocery,0.9694590633001359,0.3958465109677555,0.9694590633001359,1.9002127640329738,0.09984389200890936
SGDClassifier,91,log_Frozen,-0.7443262265045226,0.7573221643574427,0.7443262265045226,0.7756855401768582,0.19437588373998266
SGDClassifier,91,log_Detergents_Paper,3.676877977025729,0.40493851215157006,3.676877977025729,5.870048936273717,0.1712423937693605
SGDClassifier,91,log_Delicassen,1.17556516379337,1.456587902467725,1.17556516379337,0.6235942664763195,-0.16371331151118584
SGDClassifier,91,Region_2,0.2530850099575949,-0.34582202838753073,0.2530850099575949,0.4162307188558792,-0.11603120217748196
SGDClassifier,91,Region_3,0.26526825889683325,0.6264224319827152,0.26526825889683325,0.3628185218459913,-0.05929331279021774
SGDClassifier,92,log_Fresh,0.5924287392427786,0.21252008220779078,0.5924287392427786,1.4516905475066786,-0.0818240328120674
SGDClassifier,92,log_Milk,-0.5014625171417912,-0.5144536454090575,0.5014625171417912,0.8262143372743738,-0.07001554937665308
SGDClassifier,92,log_Grocery,-2.100927323986414,-0.8115691840164563,2.100927323986414,1.9002127640329738,0.11225029484940435
SGDClassifier,92,log_Frozen,-0.9242346239153305,0.9489504333700289,0.9242346239153305,0.7756855401768582,0.11672458121886792
SGDClassifier,92,log_Detergents_Paper,6.7692433406943735,0.8170881087189447,6.7692433406943735,5.870048936273717,-0.19462529931000874
SGDClassifier,92,log_Delicassen,0.082105736025173,0.17376418159149018,0.082105736025173,0.6235942664763195,0.00906200958715861
SGDClassifier,92,Region_2,0.2530850099575949,-0.34582202838753073,0.2530850099575949,0.4162307188558792,0.0507583831622469
SGDClassifier,92,Region_3,-0.5904358020606933,-1.5963668427946611,0.5904358020606933,0.3628185218459913,-0.05356197280555777
SGDClassifier,93,log_Fresh,0.35657020772196474,0.09670490692824878,0.35657020772196474,1.4516905475066786,0.045847238385121974
SGDClassifier,93,log_Milk,-0.34805654786594875,-0.3741123986312958,0.34805654786594875,0.8262143372743738,-0.009671320031746922
SGDClassifier,93,log_Grocery,-3.0534352064679857,-1.1861386426573939,3.0534352064679857,1.9002127640329738,-0.11531361579052289
SGDClassifier,93,log_Frozen,-0.09715128895207605,0.06798795419092113,0.09715128895207605,0.7756855401768582,-0.12125363092748516
SGDClassifier,93,log_Detergents_Paper,2.0470842165047585,0.18772005252885424,2.0470842165047585,5.870048936273717,-0.008669344687853686
SGDClassifier,93,log_Delicassen,-1.2605325108866066,-1.401390916032525,1.2605325108866066,0.6235942664763195,-0.09813124773320006
SGDClassifier,93,Region_2,0.2530850099575949,-0.34582202838753073,0.2530850099575949,0.4162307188558792,0.01952188417081313
SGDClassifier,93,Region_3,0.26526825889683325,0.6264224319827152,0.26526825889683325,0.3628185218459913,-0.05597900289291205
SGDClassifier,94,log_Fresh,2.261813419316698,1.0322490870696794,2.261813419316698,1.4516905475066786,-0.14142088766573768
SGDClassifier,94,log_Milk,-1.2256561234847911,-1.176971760593412,1.2256561234847911,0.8262143372743738,0.17729565034992917
SGDClassifier,94,log_Grocery,-1.801630591918501,-0.6938720846374925,1.801630591918501,1.9002127640329738,-0.12553359118078217
SGDClassifier,94,log_Frozen,-0.7379323496443011,0.75051176766314,0.7379323496443011,0.7756855401768582,0.13537495474833916
SGDClassifier,94,log_Detergents_Paper,-1.0890267775298497,-0.23025994950054757,1.0890267775298497,5.870048936273717,-0.006384770943792084
SGDClassifier,94,log_Delicassen,-0.7709880693851598,-0.827067620596735,0.7709880693851598,0.6235942664763195,0.09009621404325341
SGDClassifier,94,Region_2,0.2530850099575949,-0.34582202838753073,0.2530850099575949,0.4162307188558792,0.049582088531011065
SGDClassifier,94,Region_3,0.26526825889683325,0.6264224319827152,0.26526825889683325,0.3628185218459913,0.04499670153023505
SGDClassifier,95,log_Fresh,1.6400139668262164,0.7269227878064561,1.6400139668262164,1.4516905475066786,-0.020547966360943942
SGDClassifier,95,log_Milk,-1.089494372565253,-1.0524061392052995,1.089494372565253,0.8262143372743738,-0.016612766198240203
SGDClassifier,95,log_Grocery,-1.9629308998403376,-0.7573027082870221,1.9629308998403376,1.9002127640329738,-0.12990657332566896
SGDClassifier,95,log_Frozen,-0.4315135366191809,0.424131745507667,0.4315135366191809,0.7756855401768582,0.1170455222981539
SGDClassifier,95,log_Detergents_Paper,-8.204917001899174,-1.1786638217105847,8.204917001899174,5.870048936273717,-0.1371820992668077
SGDClassifier,95,log_Delicassen,0.2461373073541952,0.3662025888426457,0.2461373073541952,0.6235942664763195,-0.18658710505513365
SGDClassifier,95,Region_2,0.2530850099575949,-0.34582202838753073,0.2530850099575949,0.4162307188558792,-0.07964952842288625
SGDClassifier,95,Region_3,0.26526825889683325,0.6264224319827152,0.26526825889683325,0.3628185218459913,-0.07801375342486759
SGDClassifier,96,log_Fresh,0.9801374486323241,0.4028992550357735,0.9801374486323241,1.4516905475066786,0.010151485214259626
SGDClassifier,96,log_Milk,0.12231644983435855,0.05620157975865521,0.12231644983435855,0.8262143372743738,-0.1383665911055225
SGDClassifier,96,log_Grocery,0.1889183746141507,0.08890238107076175,0.1889183746141507,1.9002127640329738,0.18202197189766822
SGDClassifier,96,log_Frozen,0.6790964885482093,-0.7588273588685609,0.6790964885482093,0.7756855401768582,0.14978505647213713
SGDClassifier,96,log_Detergents_Paper,3.435600349639953,0.3727810970038959,3.435600349639953,5.870048936273717,-0.04520639932363327
SGDClassifier,96,log_Delicassen,0.667156451061723,0.8601334387447528,0.667156451061723,0.6235942664763195,0.01667905523654975
SGDClassifier,96,Region_2,0.2530850099575949,-0.34582202838753073,0.2530850099575949,0.4162307188558792,-0.16607090340368913
SGDClassifier,96,Region_3,-0.5904358020606933,-1.5963668427946611,0.5904358020606933,0.3628185218459913,-0.19047618882481496
SGDClassifier,97,log_Fresh,0.16160529589894662,0.0009699962996261205,0.16160529589894662,1.4516905475066786,-0.12147302718556957
SGDClassifier,97,log_Milk,-2.2668315562636137,-2.1294761451380215,2.2668315562636137,0.8262143372743738,0.10540888821134459
SGDClassifier,97,log_Grocery,-4.421549778729134,-1.7241435706119408,4.421549778729134,1.9002127640329738,0.05348883961239076
SGDClassifier,97,log_Frozen,0.1933870262065999,-0.24147705809841433,0.1933870262065999,0.7756855401768582,-0.025664268881946534
SGDClassifier,97,log_Detergents_Paper,-12.781022055351903,-1.788565831928728,12.781022055351903,5.870048936273717,-0.12133426588633137
SGDClassifier,97,log_Delicassen,-0.7105699057283196,-0.7561862951972455,0.7105699057283196,0.6235942664763195,0.1756081460602098
SGDClassifier,97,Region_2,0.2530850099575949,-0.34582202838753073,0.2530850099575949,0.4162307188558792,-0.10769050496181364
SGDClassifier,97,Region_3,0.26526825889683325,0.6264224319827152,0.26526825889683325,0.3628185218459913,-0.004566319007787756
SGDClassifier,98,log_Fresh,0.519387404707463,0.17665411243636142,0.519387404707463,1.4516905475066786,0.1250263502354847
SGDClassifier,98,log_Milk,0.18249333603318732,0.1112535394458395,0.18249333603318732,0.8262143372743738,0.039592124748365404
SGDClassifier,98,log_Grocery,-1.884176522412398,-0.7263329020929425,1.884176522412398,1.9002127640329738,0.04723741815085147
SGDClassifier,98,log_Frozen,-1.0977144071464429,1.1337313054565459,1.0977144071464429,0.7756855401768582,-0.13252596825769392
SGDClassifier,98,log_Detergents_Paper,0.7770486557799564,0.018450065829108256,0.7770486557799564,5.870048936273717,0.16767674545401212
SGDClassifier,98,log_Delicassen,-0.7217669667955715,-0.7693224529516194,0.7217669667955715,0.6235942664763195,-0.12149001323055741
SGDClassifier,98,Region_2,0.2530850099575949,-0.34582202838753073,0.2530850099575949,0.4162307188558792,-0.09519408148292073
SGDClassifier,98,Region_3,-0.5904358020606933,-1.5963668427946611,0.5904358020606933,0.3628185218459913,-0.08611855749555311
SGDClassifier,99,log_Fresh,0.3838339313324822,0.11009239352186571,0.3838339313324822,1.4516905475066786,-0.05119627334039484
SGDClassifier,99,log_Milk,-1.155288484116355,-1.1125969367948874,1.155288484116355,0.8262143372743738,0.05604069860703126
SGDClassifier,99,log_Grocery,-1.8930411746549602,-0.7298188868838358,1.8930411746549602,1.9002127640329738,0.08358753603892638
SGDClassifier,99,log_Frozen,0.06872913485828581,-0.1086985092278466,0.06872913485828581,0.7756855401768582,0.1316355685903357
SGDClassifier,99,log_Detergents_Paper,-5.104217225695348,-0.7654034169559375,5.104217225695348,5.870048936273717,0.18445739063023237
SGDClassifier,99,log_Delicassen,0.468855181064604,0.6274905380827682,0.468855181064604,0.6235942664763195,-0.1084754588355811
SGDClassifier,99,Region_2,0.2530850099575949,-0.34582202838753073,0.2530850099575949,0.4162307188558792,-0.08593252427927878
SGDClassifier,99,Region_3,-0.5904358020606933,-1.5963668427946611,0.5904358020606933,0.3628185218459913,0.11969290588498754
SGDClassifier,100,log_Fresh,2.036888184576455,0.9218025608479447,2.036888184576455,1.4516905475066786,0.1316744688852205
SGDClassifier,100,log_Milk,0.3164832657714683,0.23383230143209974,0.3164832657714683,0.8262143372743738,0.08165234512597735
SGDClassifier,100,log_Grocery,0.020970029561579284,0.022857446595166853,0.020970029561579284,1.9002127640329738,0.025061893849239347
SGDClassifier,100,log_Frozen,-1.3949720369726046,1.4503533524213725,1.3949720369726046,0.7756855401768582,0.15200482512319663
SGDClassifier,100,log_Detergents_Paper,1.7470008127171959,0.14772501983941777,1.7470008127171959,5.870048936273717,0.07967946396217118
SGDClassifier,100,log_Delicassen,1.2567088079543156,1.5517839279301973,1.2567088079543156,0.6235942664763195,-0.19981670703712062
SGDClassifier,100,Region_2,0.2530850099575949,-0.34582202838753073,0.2530850099575949,0.4162307188558792,0.051834321507482795
SGDClassifier,100,Region_3,0.26526825889683325,0.6264224319827152,0.26526825889683325,0.3628185218459913,-0.12479541784141146
SGDClassifier,101,log_Fresh,-3.3539038385619175,-1.725273714195477,3.3539038385619175,1.4516905475066786,-0.06795940773942638
SGDClassifier,101,log_Milk,1.2103105962442369,1.0515373917537743,1.2103105962442369,0.8262143372743738,0.06085513694208733
SGDClassifier,101,log_Grocery,2.0488574886726854,0.8203151072761944,2.0488574886726854,1.9002127640329738,0.15866235639825643
SGDClassifier,101,log_Frozen,0.4724139695576512,-0.5386808069603491,0.4724139695576512,0.7756855401768582,0.01808901470869237
SGDClassifier,101,log_Detergents_Paper,8.727373021061725,1.0780670885224717,8.727373021061725,5.870048936273717,0.17224892762047472
SGDClassifier,101,log_Delicassen,-0.8936655525012727,-0.9709902768583855,0.8936655525012727,0.6235942664763195,-0.15236955111246422
SGDClassifier,101,Region_2,0.2530850099575949,-0.34582202838753073,0.2530850099575949,0.4162307188558792,-0.007120457942182495
SGDClassifier,101,Region_3,0.26526825889683325,0.6264224319827152,0.26526825889683325,0.3628185218459913,0.014159113373075682
SGDClassifier,102,log_Fresh,-0.3017943959137119,-0.2265762204334017,0.3017943959137119,1.4516905475066786,0.03514507917988663
SGDClassifier,102,log_Milk,-1.2672190034227453,-1.2149949641082536,1.2672190034227453,0.8262143372743738,0.13460478767275308
SGDClassifier,102,log_Grocery,-3.060817651744362,-1.189041756197425,3.060817651744362,1.9002127640329738,-0.021116067580475517
SGDClassifier,102,log_Frozen,-0.6779356604321565,0.6866066811542725,0.6779356604321565,0.7756855401768582,0.0893570865675834
SGDClassifier,102,log_Detergents_Paper,-7.072026608458342,-1.027672504805599,7.072026608458342,5.870048936273717,-0.008697467990135432
SGDClassifier,102,log_Delicassen,0.09988640211143338,0.19462408699739042,0.09988640211143338,0.6235942664763195,0.07722320577256386
SGDClassifier,102,Region_2,0.2530850099575949,-0.34582202838753073,0.2530850099575949,0.4162307188558792,0.17592011323404771
SGDClassifier,102,Region_3,0.26526825889683325,0.6264224319827152,0.26526825889683325,0.3628185218459913,-0.074527965935728
SGDClassifier,103,log_Fresh,3.637765903247094,1.7078921391788937,3.637765903247094,1.4516905475066786,0.1893763784081225
SGDClassifier,103,log_Milk,0.09272818719659871,0.029133182823562913,0.09272818719659871,0.8262143372743738,-0.17490080646454206
SGDClassifier,103,log_Grocery,0.9387106557915306,0.3837548374326632,0.9387106557915306,1.9002127640329738,0.11292253044509543
SGDClassifier,103,log_Frozen,-1.8006437133696813,1.8824519217721758,1.8006437133696813,0.7756855401768582,-0.16302816166637119
SGDClassifier,103,log_Detergents_Paper,0.05083683690578363,-0.07833924363863332,0.05083683690578363,5.870048936273717,0.09932398358895611
SGDClassifier,103,log_Delicassen,0.034360842166880456,0.11775087114142033,0.034360842166880456,0.6235942664763195,-0.06103163394013045
SGDClassifier,103,Region_2,0.2530850099575949,-0.34582202838753073,0.2530850099575949,0.4162307188558792,-0.016855167851143105
SGDClassifier,103,Region_3,0.26526825889683325,0.6264224319827152,0.26526825889683325,0.3628185218459913,-0.13815935267328686
SGDClassifier,104,log_Fresh,1.6588619438701533,0.7361778346810939,1.6588619438701533,1.4516905475066786,-0.06696228075072552
SGDClassifier,104,log_Milk,-0.9287159271857749,-0.9053202885955771,0.9287159271857749,0.8262143372743738,-0.19028593382404693
SGDClassifier,104,log_Grocery,3.4262030624649182,1.3619500852385207,3.4262030624649182,1.9002127640329738,-0.10960054462918345
SGDClassifier,104,log_Frozen,-0.9763924839604341,1.0045060415555727,0.9763924839604341,0.7756855401768582,0.15690242964998452
SGDClassifier,104,log_Detergents_Paper,7.4266191595906355,0.9047029752332346,7.4266191595906355,5.870048936273717,0.1236130083624093
SGDClassifier,104,log_Delicassen,1.852415445877365,2.250654490847067,1.852415445877365,0.6235942664763195,-0.16189730557976964
SGDClassifier,104,Region_2,0.2530850099575949,-0.34582202838753073,0.2530850099575949,0.4162307188558792,0.0016875925351873544
SGDClassifier,104,Region_3,0.26526825889683325,0.6264224319827152,0.26526825889683325,0.3628185218459913,-0.12225004171528618
SGDClassifier,105,log_Fresh,1.7179159820694714,0.7651755297863703,1.7179159820694714,1.4516905475066786,-0.0995905391495703
SGDClassifier,105,log_Milk,-0.8987900908610383,-0.877943067223383,0.8987900908610383,0.8262143372743738,-0.11943311924706755
SGDClassifier,105,log_Grocery,-0.589984152879251,-0.2173975492743354,0.589984152879251,1.9002127640329738,0.11836193333026823
SGDClassifier,105,log_Frozen,-0.5601103061765443,0.5611057650950796,0.5601103061765443,0.7756855401768582,0.08822373791895999
SGDClassifier,105,log_Detergents_Paper,-0.35050124696362017,-0.13182947195941017,0.35050124696362017,5.870048936273717,0.1549019155336015
SGDClassifier,105,log_Delicassen,0.01985000253270472,0.10072705771055032,0.01985000253270472,0.6235942664763195,-0.05324558287849146
SGDClassifier,105,Region_2,-2.047687807838722,2.8916607905595657,2.047687807838722,0.4162307188558792,-0.06486459270513056
SGDClassifier,105,Region_3,-0.5904358020606933,-1.5963668427946611,0.5904358020606933,0.3628185218459913,0.19278597376380907
SGDClassifier,106,log_Fresh,-0.9396833324959414,-0.5398030455255104,0.9396833324959414,1.4516905475066786,-0.08634367615770643
SGDClassifier,106,log_Milk,1.2381562720381023,1.0770116081530952,1.2381562720381023,0.8262143372743738,0.02313125018313661
SGDClassifier,106,log_Grocery,2.7317189895725975,1.088847334067259,2.7317189895725975,1.9002127640329738,0.16036913299965322
SGDClassifier,106,log_Frozen,0.023076991394957072,-0.06007242309460202,0.023076991394957072,0.7756855401768582,-0.1969381782188196
SGDClassifier,106,log_Detergents_Paper,8.894072320961758,1.1002847249017493,8.894072320961758,5.870048936273717,0.07302691983622489
SGDClassifier,106,log_Delicassen,0.6644016807460845,0.8569015998518552,0.6644016807460845,0.6235942664763195,0.11365472032305496
SGDClassifier,106,Region_2,0.2530850099575949,-0.34582202838753073,0.2530850099575949,0.4162307188558792,0.12713458442282083
SGDClassifier,106,Region_3,-0.5904358020606933,-1.5963668427946611,0.5904358020606933,0.3628185218459913,-0.07676375098260256
SGDClassifier,107,log_Fresh,1.15956165312446,0.4910031093193541,1.15956165312446,1.4516905475066786,-0.1957414244594404
SGDClassifier,107,log_Milk,0.8490026502582503,0.7210000088230663,0.8490026502582503,0.8262143372743738,0.02170131918040688
SGDClassifier,107,log_Grocery,-0.08947968875982647,-0.020576410446423984,0.08947968875982647,1.9002127640329738,0.19533429726145807
SGDClassifier,107,log_Frozen,-0.15500435224164186,0.1296097713756986,0.15500435224164186,0.7756855401768582,0.12220975914502635
SGDClassifier,107,log_Detergents_Paper,-15.82668196637796,-2.194490538743327,15.82668196637796,5.870048936273717,-0.17905099482745485
SGDClassifier,107,log_Delicassen,0.7282860154237258,0.9318493645660367,0.7282860154237258,0.6235942664763195,-0.19864323026724495
SGDClassifier,107,Region_2,0.2530850099575949,-0.34582202838753073,0.2530850099575949,0.4162307188558792,0.09050154115609932
SGDClassifier,107,Region_3,0.26526825889683325,0.6264224319827152,0.26526825889683325,0.3628185218459913,0.02003488172174639
SGDClassifier,108,log_Fresh,0.9751821283152101,0.40046601131381726,0.9751821283152101,1.4516905475066786,0.08879610106671065
SGDClassifier,108,log_Milk,1.2385324531749866,1.0773557520610137,1.2385324531749866,0.8262143372743738,0.1912812272543417
SGDClassifier,108,log_Grocery,1.4332944617201928,0.5782477039448285,1.4332944617201928,1.9002127640329738,0.1896195833493899
SGDClassifier,108,log_Frozen,-0.3198719732782486,0.30521745445303144,0.3198719732782486,0.7756855401768582,0.19745611758971826
SGDClassifier,108,log_Detergents_Paper,4.143039211697338,0.46706835200248614,4.143039211697338,5.870048936273717,0.0915280281569531
SGDClassifier,108,log_Delicassen,-1.1879879044894857,-1.3162831017464471,1.1879879044894857,0.6235942664763195,0.1894346588300821
SGDClassifier,108,Region_2,0.2530850099575949,-0.34582202838753073,0.2530850099575949,0.4162307188558792,-0.05858841421884439
SGDClassifier,108,Region_3,0.26526825889683325,0.6264224319827152,0.26526825889683325,0.3628185218459913,-0.1423244525655044
SGDClassifier,109,log_Fresh,2.846712017936699,1.319455715904117,2.846712017936699,1.4516905475066786,0.013758577551884338
SGDClassifier,109,log_Milk,-0.4165415484108869,-0.4367649173528462,0.4165415484108869,0.8262143372743738,-0.15385519415567198
SGDClassifier,109,log_Grocery,-1.3543639268982184,-0.5179864718609221,1.3543639268982184,1.9002127640329738,-0.009112095310735618
SGDClassifier,109,log_Frozen,0.12228141183352996,-0.1657393716119174,0.12228141183352996,0.7756855401768582,0.17132828456948135
SGDClassifier,109,log_Detergents_Paper,1.5988320081533187,0.1279771227305121,1.5988320081533187,5.870048936273717,0.07684818699193674
SGDClassifier,109,log_Delicassen,-0.03759991497401423,0.033328016586159144,0.03759991497401423,0.6235942664763195,0.10333163221736968
SGDClassifier,109,Region_2,0.2530850099575949,-0.34582202838753073,0.2530850099575949,0.4162307188558792,-0.12041149219206533
SGDClassifier,109,Region_3,0.26526825889683325,0.6264224319827152,0.26526825889683325,0.3628185218459913,0.18115609068131738
XGBoost,0,log_Fresh,-0.535546180261299,1.167228500027419,0.535546180261299,0.4790935627363241,-0.11092038138820395
XGBoost,0,log_Milk,0.38146984433755277,0.7341749739905937,0.38146984433755277,0.8037806894992775,-0.02151331512164112
XGBoost,0,log_Grocery,1.3303221131209284,0.5422882718797886,1.3303221131209284,1.5490805224841886,0.15727623906745397
XGBoost,0,log_Frozen,0.04397613240405917,0.4195349852849734,0.04397613240405917,0.44110634972998575,0.1304035597436421
XGBoost,0,log_Detergents_Paper,-1.844067094149068,0.3827861363921274,1.844067094149068,2.1107685133113994,-0.12168165161762819
XGBoost,0,log_Delicassen,-0.26765933946706355,1.005270206647807,0.26765933946706355,0.3890531889594859,-0.027410556232367572
XGBoost,0,Region_2,-0.08743173871189355,-0.34582202838753073,0.08743173871189355,0.15985458133369684,-0.08690801506012975
XGBoost,0,Region_3,0.15547745743766428,0.6264224319827152,0.15547745743766428,0.19468991833379154,0.11761400489707063
XGBoost,1,log_Fresh,0.2391095772734843,0.4559723569339648,0.2391095772734843,0.4790935627363241,-0.09672160348644168
XGBoost,1,log_Milk,1.180283870556159,1.9732659498530924,1.180283870556159,0.8037806894992775,-0.05449788570864689
XGBoost,1,log_Grocery,2.3395606884686275,1.9335796678875796,2.3395606884686275,1.5490805224841886,0.0365487117391709
XGBoost,1,log_Frozen,-1.437522000982426,0.9059700552255879,1.437522000982426,0.44110634972998575,-0.0240454927544847
XGBoost,1,log_Detergents_Paper,4.021580918631517,1.80478902903933,4.021580918631517,2.1107685133113994,0.00010625283198534285
XGBoost,1,log_Delicassen,0.35463067795149983,0.9990966698386028,0.35463067795149983,0.3890531889594859,0.05566061090153884
XGBoost,1,Region_2,-0.07482697915285826,-0.34582202838753073,0.07482697915285826,0.15985458133369684,-0.1987591571844674
XGBoost,1,Region_3,-0.24199360176920892,-1.5963668427946611,0.24199360176920892,0.19468991833379154,-0.16242735265747738
XGBoost,2,log_Fresh,1.0100478690862655,0.18087406171394135,1.0100478690862655,0.4790935627363241,-0.13909078193064037
XGBoost,2,log_Milk,-1.7369477368704975,-0.046978911491724035,1.7369477368704975,0.8037806894992775,0.07780186237687337
XGBoost,2,log_Grocery,0.1809431325085461,0.36892411729844427,0.1809431325085461,1.5490805224841886,-0.10892889750164114
XGBoost,2,log_Frozen,0.8285885691980366,-0.015369319850805158,0.8285885691980366,0.44110634972998575,-0.09878459547001328
XGBoost,2,log_Detergents_Paper,2.919320287760347,0.8361645022987362,2.919320287760347,2.1107685133113994,0.119953593977224
XGBoost,2,log_Delicassen,-0.11765262420056388,-0.30518713859717234,0.11765262420056388,0.3890531889594859,0.10847250496096839
XGBoost,2,Region_2,0.661467064358294,2.8916607905595657,0.661467064358294,0.15985458133369684,-0.07477876566896166
XGBoost,2,Region_3,-0.3814543342776597,-1.5963668427946611,0.3814543342776597,0.19468991833379154,-0.07415156511617163
XGBoost,3,log_Fresh,-0.4261683120485395,-0.1858729446573656,0.4261683120485395,0.4790935627363241,-0.14575413209776833
XGBoost,3,log_Milk,0.26484502433100715,-1.0944842310402552,0.26484502433100715,0.8037806894992775,0.12255641532990141
XGBoost,3,log_Grocery,-1.8157476703636348,-1.4039440007944275,1.8157476703636348,1.5490805224841886,0.13501706785802536
XGBoost,3,log_Frozen,-0.36169491580105384,1.0227478617544639,0.36169491580105384,0.44110634972998575,0.07172683813707553
XGBoost,3,log_Detergents_Paper,-1.4745008805394173,-0.8804963516316159,1.4745008805394173,2.1107685133113994,0.13852357672217402
XGBoost,3,log_Delicassen,0.18095575718674808,-2.0333199106847553,0.18095575718674808,0.3890531889594859,0.1687251262190539
XGBoost,3,Region_2,-0.1212750680744648,-0.34582202838753073,0.1212750680744648,0.15985458133369684,0.08132606701686129
XGBoost,3,Region_3,-0.2911469544842839,-1.5963668427946611,0.2911469544842839,0.19468991833379154,-0.12197317530318547
XGBoost,4,log_Fresh,-0.9196120464336127,-3.7814582730968747,0.9196120464336127,0.4790935627363241,0.10255281310535619
XGBoost,4,log_Milk,-1.3407693633250892,-0.2333056224473227,1.3407693633250892,0.8037806894992775,-0.06380623160561158
XGBoost,4,log_Grocery,-0.03509334268979728,0.5041678970532187,0.03509334268979728,1.5490805224841886,-0.09219680966165207
XGBoost,4,log_Frozen,-0.924918070989661,-1.8115164235037393,0.924918070989661,0.44110634972998575,-0.01283648872183224
XGBoost,4,log_Detergents_Paper,2.247528906203806,0.8611739274595067,2.247528906203806,2.1107685133113994,-0.15580591972405855
XGBoost,4,log_Delicassen,0.36842933607287703,-0.9954433629188895,0.36842933607287703,0.3890531889594859,0.08681607601238289
XGBoost,4,Region_2,-0.1062019181996584,-0.34582202838753073,0.1062019181996584,0.15985458133369684,-0.010420601276023289
XGBoost,4,Region_3,0.14411401328165085,0.6264224319827152,0.14411401328165085,0.19468991833379154,0.04748770007874298
XGBoost,5,log_Fresh,0.4318313270388171,0.21971043228110115,0.4318313270388171,0.4790935627363241,-0.06621941350358723
XGBoost,5,log_Milk,0.45017578194849195,0.36295009390782296,0.45017578194849195,0.8037806894992775,-0.09192980978932908
XGBoost,5,log_Grocery,3.335867517767474,2.4090721645366306,3.335867517767474,1.5490805224841886,-0.1271691194566763
XGBoost,5,log_Frozen,-0.43997970539378,-1.890243614023135,0.43997970539378,0.44110634972998575,-0.10141608421847059
XGBoost,5,log_Detergents_Paper,3.8032858848012983,2.1997660064798366,3.8032858848012983,2.1107685133113994,0.17192390353127301
XGBoost,5,log_Delicassen,-0.2729984229011461,0.3344149877653299,0.2729984229011461,0.3890531889594859,-0.019323695457091367
XGBoost,5,Region_2,0.4446931418962777,2.8916607905595657,0.4446931418962777,0.15985458133369684,-0.0271901398077381
XGBoost,5,Region_3,-0.23169348313473165,-1.5963668427946611,0.23169348313473165,0.19468991833379154,-0.16799794826320086
XGBoost,6,log_Fresh,-0.5974782137759029,-0.09212813342208163,0.5974782137759029,0.4790935627363241,0.0738117639569606
XGBoost,6,log_Milk,1.4529400809574873,1.0024985918659923,1.4529400809574873,0.8037806894992775,-0.07138131186577021
XGBoost,6,log_Grocery,1.6854037279216572,0.7347668816403966,1.6854037279216572,1.5490805224841886,0.01561574212114461
XGBoost,6,log_Frozen,-0.7373513345629908,-2.842454794351068,0.7373513345629908,0.44110634972998575,0.18155799475860962
XGBoost,6,log_Detergents_Paper,2.716084481291473,1.2535686029391495,2.716084481291473,2.1107685133113994,0.01684427478416564
XGBoost,6,log_Delicassen,0.15360170221189037,0.37591190661044116,0.15360170221189037,0.3890531889594859,0.12354514638817926
XGBoost,6,Region_2,-0.07792112885043025,-0.34582202838753073,0.07792112885043025,0.15985458133369684,0.13206626739715333
XGBoost,6,Region_3,0.14420857360586525,0.6264224319827152,0.14420857360586525,0.19468991833379154,-0.14189624335022658
XGBoost,7,log_Fresh,0.8969000333547592,0.5329012999716654,0.8969000333547592,0.4790935627363241,0.13207189567842237
XGBoost,7,log_Milk,-0.22280055029084905,-2.1051304565750684,0.22280055029084905,0.8037806894992775,0.009584534444867676
XGBoost,7,log_Grocery,-1.7391724927769974,-2.02457106110292,1.7391724927769974,1.5490805224841886,0.16445090370660775
XGBoost,7,log_Frozen,0.00977612527902238,0.2624379735593991,0.00977612527902238,0.44110634972998575,0.0773447326617151
XGBoost,7,log_Detergents_Paper,-1.7625072096846999,-1.7481618428249799,1.7625072096846999,2.1107685133113994,0.1281870368421904
XGBoost,7,log_Delicassen,-0.18860887160524725,-0.13838000750029322,0.18860887160524725,0.3890531889594859,-0.0626616805067235
XGBoost,7,Region_2,-0.1028471964970231,-0.34582202838753073,0.1028471964970231,0.15985458133369684,-0.10337362672544055
XGBoost,7,Region_3,-0.33689417543355377,-1.5963668427946611,0.33689417543355377,0.19468991833379154,-0.04185469643804107
XGBoost,8,log_Fresh,1.149758602567017,0.6520675259065191,1.149758602567017,0.4790935627363241,-0.0821420603829226
XGBoost,8,log_Milk,-0.6226146887429058,0.21176296971959632,0.6226146887429058,0.8037806894992775,0.17629408944595193
XGBoost,8,log_Grocery,0.11848048354964703,0.44419525937557747,0.11848048354964703,1.5490805224841886,0.13075392525006013
XGBoost,8,log_Frozen,-1.2645390775147825,-1.557960244248849,1.2645390775147825,0.44110634972998575,-0.07783704734870162
XGBoost,8,log_Detergents_Paper,2.7052603783924134,0.8803521096805182,2.7052603783924134,2.1107685133113994,-0.12488766840180157
XGBoost,8,log_Delicassen,0.28420507373753934,-2.019863900113669,0.28420507373753934,0.3890531889594859,-0.13861561017946544
XGBoost,8,Region_2,-0.09708198457956314,-0.34582202838753073,0.09708198457956314,0.15985458133369684,0.023133864575816954
XGBoost,8,Region_3,0.15175684119109065,0.6264224319827152,0.15175684119109065,0.19468991833379154,-0.11753418254127578
XGBoost,9,log_Fresh,0.07493441570550204,-0.2820490889665603,0.07493441570550204,0.4790935627363241,0.06509424148459175
XGBoost,9,log_Milk,1.3610078901145608,2.023116443030862,1.3610078901145608,0.8037806894992775,-0.1664626113820088
XGBoost,9,log_Grocery,3.6604256260581316,1.5820164453993353,3.6604256260581316,1.5490805224841886,0.0718666976573229
XGBoost,9,log_Frozen,0.2004563985101413,0.44255139911920094,0.2004563985101413,0.44110634972998575,0.17003221498829274
XGBoost,9,log_Detergents_Paper,4.016433577416465,1.7521052337375518,4.016433577416465,2.1107685133113994,-0.15633893849492717
XGBoost,9,log_Delicassen,0.1429139882605523,0.41012072860271565,0.1429139882605523,0.3890531889594859,-0.1977128318088759
XGBoost,9,Region_2,-0.06228132136166096,-0.34582202838753073,0.06228132136166096,0.15985458133369684,-0.10292238618351589
XGBoost,9,Region_3,0.18370159216225146,0.6264224319827152,0.18370159216225146,0.19468991833379154,-0.0005833219172460269
XGBoost,10,log_Fresh,0.5084321086714044,0.4867752711193014,0.5084321086714044,0.4790935627363241,0.18292671460762533
XGBoost,10,log_Milk,-1.38333325950196,-0.03432720738069245,1.38333325950196,0.8037806894992775,-0.12913828576681077
XGBoost,10,log_Grocery,-1.4373617625422777,-0.09854948735038206,1.4373617625422777,1.5490805224841886,0.021434666434410277
XGBoost,10,log_Frozen,-0.4314075084251817,-0.6321106141449935,0.4314075084251817,0.44110634972998575,0.0801698746931011
XGBoost,10,log_Detergents_Paper,-1.3811204628646374,-0.09126077309181481,1.3811204628646374,2.1107685133113994,-0.062285678023512425
XGBoost,10,log_Delicassen,-0.5333948495285585,-0.0022175774154829906,0.5333948495285585,0.3890531889594859,0.04593704671698248
XGBoost,10,Region_2,-0.11269180160015821,-0.34582202838753073,0.11269180160015821,0.15985458133369684,0.17378928539681782
XGBoost,10,Region_3,-0.27917948795016856,-1.5963668427946611,0.27917948795016856,0.19468991833379154,0.07343344118905992
XGBoost,11,log_Fresh,-0.5879341766331345,-0.543694503282074,0.5879341766331345,0.4790935627363241,0.011025876113397892
XGBoost,11,log_Milk,-1.4738076379976701,-0.2653604233528205,1.4738076379976701,0.8037806894992775,-0.08633440764974903
XGBoost,11,log_Grocery,-0.8007377665117383,0.11422674687169242,0.8007377665117383,1.5490805224841886,-0.03371795739396019
XGBoost,11,log_Frozen,-0.3118682948395144,1.038489006179399,0.3118682948395144,0.44110634972998575,0.07277321853416191
XGBoost,11,log_Detergents_Paper,-0.9968931869231165,-0.07086942856929297,0.9968931869231165,2.1107685133113994,-0.02708892766013432
XGBoost,11,log_Delicassen,-0.23041595896705985,0.42157469213217513,0.23041595896705985,0.3890531889594859,-0.10312818981609158
XGBoost,11,Region_2,-0.1097488882765174,-0.34582202838753073,0.1097488882765174,0.15985458133369684,-0.06835303893844294
XGBoost,11,Region_3,-0.3260893708560616,-1.5963668427946611,0.3260893708560616,0.19468991833379154,0.1804391730282185
XGBoost,12,log_Fresh,0.8474166463315487,0.6560563246602008,0.8474166463315487,0.4790935627363241,0.07373818758228023
XGBoost,12,log_Milk,-0.18863343897275628,-1.6055625633248958,0.18863343897275628,0.8037806894992775,-0.034587366904567984
XGBoost,12,log_Grocery,-1.874276988566853,-1.1478358077924093,1.874276988566853,1.5490805224841886,-0.02414120526571098
XGBoost,12,log_Frozen,0.3297565106803086,-0.436625315638119,0.3297565106803086,0.44110634972998575,-0.04401183453970775
XGBoost,12,log_Detergents_Paper,-1.3336265561240725,-0.4049379892416683,1.3336265561240725,2.1107685133113994,0.012770623451258734
XGBoost,12,log_Delicassen,0.5391171541297808,-0.8621091310650856,0.5391171541297808,0.3890531889594859,0.1709179265249008
XGBoost,12,Region_2,-0.11122381623834371,-0.34582202838753073,0.11122381623834371,0.15985458133369684,-0.15232612261805967
XGBoost,12,Region_3,0.1894356550835073,0.6264224319827152,0.1894356550835073,0.19468991833379154,-0.06447930063964558
XGBoost,13,log_Fresh,-1.2276650405675174,-0.11162891184453022,1.2276650405675174,0.4790935627363241,-0.16812116549018113
XGBoost,13,log_Milk,-0.735153796793893,0.08350794612985325,0.735153796793893,0.8037806894992775,0.13734033015468383
XGBoost,13,log_Grocery,0.2164723771251738,0.06862131831960398,0.2164723771251738,1.5490805224841886,0.09103455589578524
XGBoost,13,log_Frozen,0.7340142044331879,-0.2647484202368214,0.7340142044331879,0.44110634972998575,0.09353428957599302
XGBoost,13,log_Detergents_Paper,1.1312900258717127,0.48111701517148914,1.1312900258717127,2.1107685133113994,-0.017651854167641312
XGBoost,13,log_Delicassen,-0.6805609040055424,0.27834905711556135,0.6805609040055424,0.3890531889594859,-0.16453041605279783
XGBoost,13,Region_2,-0.10106248412281275,-0.34582202838753073,0.10106248412281275,0.15985458133369684,-0.11475367725758732
XGBoost,13,Region_3,0.18919760979712008,0.6264224319827152,0.18919760979712008,0.19468991833379154,-0.19467393334586208
XGBoost,14,log_Fresh,0.6264714565780014,0.2686143905474452,0.6264714565780014,0.4790935627363241,-0.1625311003266921
XGBoost,14,log_Milk,-1.3005400776863099,0.002074151004099548,1.3005400776863099,0.8037806894992775,0.11559760926708285
XGBoost,14,log_Grocery,-1.889721419941634,-0.4847869107996025,1.889721419941634,1.5490805224841886,0.04191297358224025
XGBoost,14,log_Frozen,0.3124341054493561,-0.11172676935072648,0.3124341054493561,0.44110634972998575,-0.0973058665338356
XGBoost,14,log_Detergents_Paper,-1.7203142088255845,0.1146121985244287,1.7203142088255845,2.1107685133113994,0.1871817276877462
XGBoost,14,log_Delicassen,-0.09061143680941314,-0.3124931523380509,0.09061143680941314,0.3890531889594859,-0.10752119862657561
XGBoost,14,Region_2,-0.08819543760269881,-0.34582202838753073,0.08819543760269881,0.15985458133369684,0.1465054414998727
XGBoost,14,Region_3,0.18038109129294752,0.6264224319827152,0.18038109129294752,0.19468991833379154,0.14831941819512368
XGBoost,15,log_Fresh,-0.5855506301880814,-1.6581299408932104,0.5855506301880814,0.4790935627363241,0.19433926714892202
XGBoost,15,log_Milk,-0.08533578987466171,-1.2221726953377616,0.08533578987466171,0.8037806894992775,0.1892102259051675
XGBoost,15,log_Grocery,-1.6417373983748258,-0.9228693204045064,1.6417373983748258,1.5490805224841886,-0.04430136017765082
XGBoost,15,log_Frozen,-0.30321662007132544,-0.9956409305793481,0.30321662007132544,0.44110634972998575,-0.04165587816007274
XGBoost,15,log_Detergents_Paper,-1.4304546849057078,-1.3487805064469187,1.4304546849057078,2.1107685133113994,0.08375838727383383
XGBoost,15,log_Delicassen,-0.3386115695722401,-0.31838804642402435,0.3386115695722401,0.3890531889594859,-0.1769806879491995
XGBoost,15,Region_2,0.971251279823482,2.8916607905595657,0.971251279823482,0.15985458133369684,-0.15394200888469223
XGBoost,15,Region_3,-0.2000784715404734,-1.5963668427946611,0.2000784715404734,0.19468991833379154,0.1570053340483702
XGBoost,16,log_Fresh,-0.3106741938414052,-0.07561878481630456,0.3106741938414052,0.4790935627363241,0.14702148074665677
XGBoost,16,log_Milk,1.4948914163396694,1.2322528970564477,1.4948914163396694,0.8037806894992775,-0.19893202517879263
XGBoost,16,log_Grocery,3.256074258913286,1.1574072551160652,3.256074258913286,1.5490805224841886,0.13050423533146072
XGBoost,16,log_Frozen,0.7703541346953716,-0.42204403221231024,0.7703541346953716,0.44110634972998575,0.05706892351655668
XGBoost,16,log_Detergents_Paper,3.902996217040345,1.5433357199101276,3.902996217040345,2.1107685133113994,-0.12139335707307058
XGBoost,16,log_Delicassen,-0.20475436139386147,0.008521663982273086,0.20475436139386147,0.3890531889594859,0.1829124132025275
XGBoost,16,Region_2,-0.08090045288205147,-0.34582202838753073,0.08090045288205147,0.15985458133369684,-0.09252169949923568
XGBoost,16,Region_3,-0.5052766162902117,-1.5963668427946611,0.5052766162902117,0.19468991833379154,0.10073275724495484
XGBoost,17,log_Fresh,-0.7542042917013169,-1.2666801336733222,0.7542042917013169,0.4790935627363241,-0.0890837261794276
XGBoost,17,log_Milk,-0.024200544415507466,0.3636937707604906,0.024200544415507466,0.8037806894992775,-0.15026502240000017
XGBoost,17,log_Grocery,-1.6503452881053091,-0.30208153983491326,1.6503452881053091,1.5490805224841886,0.01981172080300872
XGBoost,17,log_Frozen,0.3809388132591266,-0.3587680953292967,0.3809388132591266,0.44110634972998575,-0.10145047508248838
XGBoost,17,log_Detergents_Paper,-1.655780097283423,-0.45422528612655677,1.655780097283423,2.1107685133113994,0.1540686373720756
XGBoost,17,log_Delicassen,0.21025411343667655,-3.552566927523056,0.21025411343667655,0.3890531889594859,0.09777140581836813
XGBoost,17,Region_2,-0.1361445225402713,-0.34582202838753073,0.1361445225402713,0.15985458133369684,-0.09581606236056049
XGBoost,17,Region_3,-0.41614211664535106,-1.5963668427946611,0.41614211664535106,0.19468991833379154,-0.19620320753168077
XGBoost,18,log_Fresh,0.6495844326913357,0.48618449672121283,0.6495844326913357,0.4790935627363241,-0.09994093772864328
XGBoost,18,log_Milk,2.333866780512035,0.9762988362768859,2.333866780512035,0.8037806894992775,0.15413638638786592
XGBoost,18,log_Grocery,0.1450071318913251,0.4401546843627022,0.1450071318913251,1.5490805224841886,0.16241099446996754
XGBoost,18,log_Frozen,-0.17182618212420495,-1.5092498076062226,0.17182618212420495,0.44110634972998575,-0.17284277761677816
XGBoost,18,log_Detergents_Paper,2.8205129227321595,0.6441432714571971,2.8205129227321595,2.1107685133113994,0.16470588097161187
XGBoost,18,log_Delicassen,-0.09375692645087838,0.4089659506182248,0.09375692645087838,0.3890531889594859,0.08466187114832907
XGBoost,18,Region_2,-0.07402394898235798,-0.34582202838753073,0.07402394898235798,0.15985458133369684,0.19937905463159977
XGBoost,18,Region_3,0.19087070418521762,0.6264224319827152,0.19087070418521762,0.19468991833379154,0.1891181831779289
XGBoost,19,log_Fresh,0.4584579016268253,0.3982686310008927,0.4584579016268253,0.4790935627363241,0.0017789210438944603
XGBoost,19,log_Milk,-0.3022619232768193,-1.3382655202819447,0.3022619232768193,0.8037806894992775,-0.12418510203528138
XGBoost,19,log_Grocery,-1.236331840683706,-0.39586309333615516,1.236331840683706,1.5490805224841886,-0.007307385329793942
XGBoost,19,log_Frozen,-0.009211283382028342,0.47155069659697796,0.009211283382028342,0.44110634972998575,-0.16842688055909671
XGBoost,19,log_Detergents_Paper,-2.0113962660520337,-0.6838722908986853,2.0113962660520337,2.1107685133113994,0.19467881176696683
XGBoost,19,log_Delicassen,-0.15291401312686503,-0.19806553586301903,0.15291401312686503,0.3890531889594859,0.16821345627319334
XGBoost,19,Region_2,-0.09688707441091537,-0.34582202838753073,0.09688707441091537,0.15985458133369684,-0.18426639587466115
XGBoost,19,Region_3,0.1434078414924443,0.6264224319827152,0.1434078414924443,0.19468991833379154,0.09196290623949188
XGBoost,20,log_Fresh,-0.3937559419358149,-1.4292522122676352,0.3937559419358149,0.4790935627363241,-0.04487873503295359
XGBoost,20,log_Milk,0.5609015487879515,1.5867892516967965,0.5609015487879515,0.8037806894992775,0.1286317471889284
XGBoost,20,log_Grocery,-1.4702073096530512,-0.9250357440491394,1.4702073096530512,1.5490805224841886,-0.19442293251988443
XGBoost,20,log_Frozen,-0.6863457154936623,1.1053879362333732,0.6863457154936623,0.44110634972998575,-0.17719137347751945
XGBoost,20,log_Detergents_Paper,-1.7274728577490897,-0.29619953716361913,1.7274728577490897,2.1107685133113994,0.05417956458077078
XGBoost,20,log_Delicassen,1.4654565592994913,1.2749756177044285,1.4654565592994913,0.3890531889594859,-0.10174601137588893
XGBoost,20,Region_2,-0.12273174028843642,-0.34582202838753073,0.12273174028843642,0.15985458133369684,0.08525931886725546
XGBoost,20,Region_3,0.0917213639849797,0.6264224319827152,0.0917213639849797,0.19468991833379154,0.08517099202881923
XGBoost,21,log_Fresh,-0.5630116210784764,-0.41596881715140205,0.5630116210784764,0.4790935627363241,0.03147215235669659
XGBoost,21,log_Milk,-1.1870218996377662,-0.14298162163817285,1.1870218996377662,0.8037806894992775,0.17825518967486315
XGBoost,21,log_Grocery,-1.8516766017116606,-0.5816078562318518,1.8516766017116606,1.5490805224841886,-0.029796433676929718
XGBoost,21,log_Frozen,0.3264938459405676,-0.32615428325415624,0.3264938459405676,0.44110634972998575,0.06476440074759238
XGBoost,21,log_Detergents_Paper,-1.8958002307801507,-0.976716418299531,1.8958002307801507,2.1107685133113994,0.1028409768857283
XGBoost,21,log_Delicassen,-0.5614753027120605,0.260355197137451,0.5614753027120605,0.3890531889594859,0.11085357231293835
XGBoost,21,Region_2,-0.12022624038159847,-0.34582202838753073,0.12022624038159847,0.15985458133369684,0.11421390728496855
XGBoost,21,Region_3,0.1434078414924443,0.6264224319827152,0.1434078414924443,0.19468991833379154,-0.0029210961552791903
XGBoost,22,log_Fresh,0.48539256090298294,0.24283693560497902,0.48539256090298294,0.4790935627363241,0.17025101717854985
XGBoost,22,log_Milk,-0.8358212190214545,0.10832023233209383,0.8358212190214545,0.8037806894992775,0.18094738165768798
XGBoost,22,log_Grocery,-1.5052290109731257,-0.6621354932465129,1.5052290109731257,1.5490805224841886,0.03625486945255135
XGBoost,22,log_Frozen,-0.301853838795796,-0.6646816003015141,0.301853838795796,0.44110634972998575,0.18511522173259598
XGBoost,22,log_Detergents_Paper,-2.0681553021329453,0.3361675778417891,2.0681553021329453,2.1107685133113994,-0.07913384268091175
XGBoost,22,log_Delicassen,-0.5075450463173911,0.5080787588121995,0.5075450463173911,0.3890531889594859,0.0033278229110091095
XGBoost,22,Region_2,-0.10466049302369357,-0.34582202838753073,0.10466049302369357,0.15985458133369684,0.12436324093380552
XGBoost,22,Region_3,0.11337983626872301,0.6264224319827152,0.11337983626872301,0.19468991833379154,0.12097143679723943
XGBoost,23,log_Fresh,0.4089500914234668,0.38068047445745934,0.4089500914234668,0.4790935627363241,0.15613476827124395
XGBoost,23,log_Milk,0.30888161713257434,0.7490061667645319,0.30888161713257434,0.8037806894992775,-0.09176444129671851
XGBoost,23,log_Grocery,2.787703408510424,1.0547658120870471,2.787703408510424,1.5490805224841886,-0.16247233193633465
XGBoost,23,log_Frozen,-0.23015977148665115,-1.6099120528232493,0.23015977148665115,0.44110634972998575,0.08125919421164329
XGBoost,23,log_Detergents_Paper,3.2874607715196906,1.1990656743186967,3.2874607715196906,2.1107685133113994,-0.019772855273696127
XGBoost,23,log_Delicassen,-0.3496682951762341,-2.182569690512804,0.3496682951762341,0.3890531889594859,0.06767886603302464
XGBoost,23,Region_2,-0.06905083762481809,-0.34582202838753073,0.06905083762481809,0.15985458133369684,0.021836756572458704
XGBoost,23,Region_3,0.1379001513402909,0.6264224319827152,0.1379001513402909,0.19468991833379154,0.17269855209789764
XGBoost,24,log_Fresh,-1.230022444354836,1.1960111879376896,1.230022444354836,0.4790935627363241,-0.04600893775367951
XGBoost,24,log_Milk,0.8808621243014931,2.2544024878667877,0.8808621243014931,0.8037806894992775,0.03724144423235773
XGBoost,24,log_Grocery,2.2784627040009946,2.2996323771146283,2.2784627040009946,1.5490805224841886,-0.0967837705796537
XGBoost,24,log_Frozen,-1.0721748277929146,0.6129344423093692,1.0721748277929146,0.44110634972998575,-0.037753365851013465
XGBoost,24,log_Detergents_Paper,3.8717119909869506,1.9915441733634898,3.8717119909869506,2.1107685133113994,-0.03952783686189415
XGBoost,24,log_Delicassen,-0.6005913425656035,0.7263256530587784,0.6005913425656035,0.3890531889594859,0.10214138422022484
XGBoost,24,Region_2,-0.07059551898390054,-0.34582202838753073,0.07059551898390054,0.15985458133369684,-0.03429780176697167
XGBoost,24,Region_3,0.11314713315106928,0.6264224319827152,0.11314713315106928,0.19468991833379154,0.12537951924692692
XGBoost,25,log_Fresh,-0.494417772195302,-0.44509116004324495,0.494417772195302,0.4790935627363241,-0.10928545700643905
XGBoost,25,log_Milk,-1.1569119615154342,-0.019875712371225353,1.1569119615154342,0.8037806894992775,0.06645037156533973
XGBoost,25,log_Grocery,-1.7770295479893685,-0.8025312873613053,1.7770295479893685,1.5490805224841886,-0.03949231886213839
XGBoost,25,log_Frozen,-0.20820459572598338,-1.294627568611234,0.20820459572598338,0.44110634972998575,-0.06567732844995225
XGBoost,25,log_Detergents_Paper,-1.753077180290129,-1.4978397016339648,1.753077180290129,2.1107685133113994,0.09919060954370079
XGBoost,25,log_Delicassen,-0.5692785234516486,0.2673255245157079,0.5692785234516486,0.3890531889594859,0.18572305019032093
XGBoost,25,Region_2,-0.11627999641001224,-0.34582202838753073,0.11627999641001224,0.15985458133369684,-0.013785343507419917
XGBoost,25,Region_3,0.10735181817784906,0.6264224319827152,0.10735181817784906,0.19468991833379154,0.0959169257898852
XGBoost,26,log_Fresh,-1.2725185209419578,-0.9493710394008779,1.2725185209419578,0.4790935627363241,-0.19178565447814477
XGBoost,26,log_Milk,-0.5489646980538965,0.09971131902804166,0.5489646980538965,0.8037806894992775,-0.1918038203660468
XGBoost,26,log_Grocery,-0.6091044568177313,0.20725767557930821,0.6091044568177313,1.5490805224841886,0.1453908700531371
XGBoost,26,log_Frozen,0.46839160422445275,0.17588161502848745,0.46839160422445275,0.44110634972998575,0.1299010527237332
XGBoost,26,log_Detergents_Paper,1.8661420823074877,0.7814829308319343,1.8661420823074877,2.1107685133113994,-0.1934635974595652
XGBoost,26,log_Delicassen,-0.5454836243577301,0.017198776679455467,0.5454836243577301,0.3890531889594859,0.11982867969238353
XGBoost,26,Region_2,-0.11037308003753424,-0.34582202838753073,0.11037308003753424,0.15985458133369684,0.0536381260986632
XGBoost,26,Region_3,-0.4808783742599189,-1.5963668427946611,0.4808783742599189,0.19468991833379154,0.07896916695943179
XGBoost,27,log_Fresh,0.5119906259141862,0.43120639683924145,0.5119906259141862,0.4790935627363241,0.039596338802338454
XGBoost,27,log_Milk,-1.3565660812554414,-0.41325448697547257,1.3565660812554414,0.8037806894992775,-0.02494873867523259
XGBoost,27,log_Grocery,-0.5403004275402055,0.34779488138319387,0.5403004275402055,1.5490805224841886,-0.11582286726458882
XGBoost,27,log_Frozen,-0.269832558183698,0.6758342716449302,0.269832558183698,0.44110634972998575,0.021007172251360146
XGBoost,27,log_Detergents_Paper,-0.8969317968469113,-0.2381076456490288,0.8969317968469113,2.1107685133113994,-0.11707019884647281
XGBoost,27,log_Delicassen,-0.3570434940885752,-0.09506878613645321,0.3570434940885752,0.3890531889594859,-0.1459860686492175
XGBoost,27,Region_2,-0.08772707158699632,-0.34582202838753073,0.08772707158699632,0.15985458133369684,-0.07007148234323021
XGBoost,27,Region_3,-0.34738173947669565,-1.5963668427946611,0.34738173947669565,0.19468991833379154,-0.0155050430184267
XGBoost,28,log_Fresh,0.09061781506519764,-0.225047109194027,0.09061781506519764,0.4790935627363241,-0.008888541398164251
XGBoost,28,log_Milk,0.6809144156333059,0.41467322851338073,0.6809144156333059,0.8037806894992775,0.026074240333297194
XGBoost,28,log_Grocery,3.525494255386293,0.9438207227223824,3.525494255386293,1.5490805224841886,0.1560370146276548
XGBoost,28,log_Frozen,-0.7810660670418292,-3.159117897292101,0.7810660670418292,0.44110634972998575,-0.10474889820068928
XGBoost,28,log_Detergents_Paper,3.5700425118487327,1.1921502691590924,3.5700425118487327,2.1107685133113994,0.19582767017557956
XGBoost,28,log_Delicassen,0.062152468571439384,0.4401107049819887,0.062152468571439384,0.3890531889594859,-0.11780572418326063
XGBoost,28,Region_2,-0.06786801915615798,-0.34582202838753073,0.06786801915615798,0.15985458133369684,-0.00868813085505274
XGBoost,28,Region_3,0.13530750090256333,0.6264224319827152,0.13530750090256333,0.19468991833379154,0.01729626284548358
XGBoost,29,log_Fresh,0.6178981433995068,0.4703116975737716,0.6178981433995068,0.4790935627363241,-0.13129419455106767
XGBoost,29,log_Milk,-0.16417997262440623,-1.257849587632305,0.16417997262440623,0.8037806894992775,0.14370825443556667
XGBoost,29,log_Grocery,-1.1804446591995656,-0.33301904978287006,1.1804446591995656,1.5490805224841886,-0.15979033256820455
XGBoost,29,log_Frozen,0.46533092311583457,-0.04655824640541388,0.46533092311583457,0.44110634972998575,-0.19067979896067944
XGBoost,29,log_Detergents_Paper,-1.945521700659301,-1.0430845932660175,1.945521700659301,2.1107685133113994,0.06939582681611134
XGBoost,29,log_Delicassen,0.5992614486487582,-0.42956064660231624,0.5992614486487582,0.3890531889594859,0.1108104838015122
XGBoost,29,Region_2,-0.09659262090921401,-0.34582202838753073,0.09659262090921401,0.15985458133369684,0.11692942670257872
XGBoost,29,Region_3,0.1434078414924443,0.6264224319827152,0.1434078414924443,0.19468991833379154,-0.004229987706625915
XGBoost,30,log_Fresh,1.0138986056670547,0.4563654216756006,1.0138986056670547,0.4790935627363241,-0.006874588062978859
XGBoost,30,log_Milk,-2.1973668528907,-0.046978911491724035,2.1973668528907,0.8037806894992775,-0.08153985507783729
XGBoost,30,log_Grocery,0.05079637969844043,0.36750499616318705,0.05079637969844043,1.5490805224841886,0.11141612496832581
XGBoost,30,log_Frozen,-0.5192696740059182,-0.880375990242835,0.5192696740059182,0.44110634972998575,0.08852342741440483
XGBoost,30,log_Detergents_Paper,1.3911514305416495,0.7381899580509556,1.3911514305416495,2.1107685133113994,-0.12433746252765077
XGBoost,30,log_Delicassen,-0.1596742750843987,-0.2850898760386102,0.1596742750843987,0.3890531889594859,-0.1959575980922839
XGBoost,30,Region_2,-0.09546944007277489,-0.34582202838753073,0.09546944007277489,0.15985458133369684,0.16621951519978917
XGBoost,30,Region_3,0.14388791969045997,0.6264224319827152,0.14388791969045997,0.19468991833379154,0.05425382697325937
XGBoost,31,log_Fresh,-0.5208597038825974,-0.5206725970071379,0.5208597038825974,0.4790935627363241,0.13873428423313777
XGBoost,31,log_Milk,0.5018241066113114,0.4209838818682631,0.5018241066113114,0.8037806894992775,-0.13789236127636914
XGBoost,31,log_Grocery,1.9828257574606687,0.6723680073476218,1.9828257574606687,1.5490805224841886,0.13266202164196822
XGBoost,31,log_Frozen,-1.06358033844037,-1.0959049922138842,1.06358033844037,0.44110634972998575,0.14289699413823365
XGBoost,31,log_Detergents_Paper,2.4412371465191245,1.1399045420492755,2.4412371465191245,2.1107685133113994,0.11803154823833273
XGBoost,31,log_Delicassen,-0.1886298381118104,-0.2710477282379909,0.1886298381118104,0.3890531889594859,-0.07121826864354866
XGBoost,31,Region_2,0.7607654394768179,2.8916607905595657,0.7607654394768179,0.15985458133369684,-0.018632231400754984
XGBoost,31,Region_3,-0.2455925586912781,-1.5963668427946611,0.2455925586912781,0.19468991833379154,-0.10019018500914996
XGBoost,32,log_Fresh,-0.5387068388331682,-0.1489674862492072,0.5387068388331682,0.4790935627363241,-0.006783748637730597
XGBoost,32,log_Milk,0.10268709041178227,0.3401669760057626,0.10268709041178227,0.8037806894992775,-0.08832602714796703
XGBoost,32,log_Grocery,-0.5354042874276638,0.3222293300914776,0.5354042874276638,1.5490805224841886,0.1386388226763945
XGBoost,32,log_Frozen,0.05132260532700457,1.9427708576475453,0.05132260532700457,0.44110634972998575,-0.13397213427048177
XGBoost,32,log_Detergents_Paper,-1.8194496656674892,0.014614076820054524,1.8194496656674892,2.1107685133113994,0.18116722460324453
XGBoost,32,log_Delicassen,0.27728879095986486,0.8719752173387111,0.27728879095986486,0.3890531889594859,-0.19518335685024019
XGBoost,32,Region_2,-0.10743939276784659,-0.34582202838753073,0.10743939276784659,0.15985458133369684,-0.04337047983864051
XGBoost,32,Region_3,0.10101667133159936,0.6264224319827152,0.10101667133159936,0.19468991833379154,0.060489482411723805
XGBoost,33,log_Fresh,-0.21891073209233583,-1.5558821369083577,0.21891073209233583,0.4790935627363241,0.05364709175468352
XGBoost,33,log_Milk,1.1346279213763772,1.1049822331061354,1.1346279213763772,0.8037806894992775,-0.11350024356577881
XGBoost,33,log_Grocery,4.054747445029206,1.4803405871024065,4.054747445029206,1.5490805224841886,0.0995240768490614
XGBoost,33,log_Frozen,0.5225888872228097,-0.49485658557847195,0.5225888872228097,0.44110634972998575,-0.048299865235110234
XGBoost,33,log_Detergents_Paper,3.2467248852178456,1.3881778167518375,3.2467248852178456,2.1107685133113994,-0.012203297573235933
XGBoost,33,log_Delicassen,-0.4486925960564986,-1.8418999333634316,0.4486925960564986,0.3890531889594859,-0.04774593578706904
XGBoost,33,Region_2,-0.06090895142406225,-0.34582202838753073,0.06090895142406225,0.15985458133369684,0.18675343222667612
XGBoost,33,Region_3,0.13142537356354297,0.6264224319827152,0.13142537356354297,0.19468991833379154,-0.09015751322930528
XGBoost,34,log_Fresh,0.25067709405440836,0.8648265369892875,0.25067709405440836,0.4790935627363241,0.16737292282873562
XGBoost,34,log_Milk,-1.102697358703008,0.055942545676312565,1.102697358703008,0.8037806894992775,0.06717436991204723
XGBoost,34,log_Grocery,-0.4047297503426671,0.37598637613108754,0.4047297503426671,1.5490805224841886,-0.16406301343571428
XGBoost,34,log_Frozen,-0.2886684881756082,1.593414484933957,0.2886684881756082,0.44110634972998575,-0.1239680154601619
XGBoost,34,log_Detergents_Paper,-1.584222143739462,-0.5570116507268137,1.584222143739462,2.1107685133113994,-0.03818354966697374
XGBoost,34,log_Delicassen,0.17366008612327277,0.9118990677417903,0.17366008612327277,0.3890531889594859,-0.0037622323580919215
XGBoost,34,Region_2,-0.12874335028231143,-0.34582202838753073,0.12874335028231143,0.15985458133369684,-0.14785903407018766
XGBoost,34,Region_3,-0.22805828859098257,-1.5963668427946611,0.22805828859098257,0.19468991833379154,-0.037339332036298384
XGBoost,35,log_Fresh,-0.533001453820616,-0.7302506064330011,0.533001453820616,0.4790935627363241,-0.11938530331592082
XGBoost,35,log_Milk,-1.1052348741376772,-0.6879776686082998,1.1052348741376772,0.8037806894992775,-0.09672850234117797
XGBoost,35,log_Grocery,-1.7422706270962953,-0.5734967967866277,1.7422706270962953,1.5490805224841886,0.152790390029023
XGBoost,35,log_Frozen,-0.35462566394824535,-0.7602182538171199,0.35462566394824535,0.44110634972998575,0.10091757106503313
XGBoost,35,log_Detergents_Paper,-1.8163738155993634,-0.9363124291957824,1.8163738155993634,2.1107685133113994,0.1634012633311654
XGBoost,35,log_Delicassen,-0.5356576212635263,-0.07861810745346932,0.5356576212635263,0.3890531889594859,-0.025904520797120745
XGBoost,35,Region_2,-0.12246070623397827,-0.34582202838753073,0.12246070623397827,0.15985458133369684,0.09462893445390985
XGBoost,35,Region_3,0.10675265297293662,0.6264224319827152,0.10675265297293662,0.19468991833379154,-0.10655982060107116
XGBoost,36,log_Fresh,-0.19976216540671884,1.1980536397866204,0.19976216540671884,0.4790935627363241,-0.18229592625673088
XGBoost,36,log_Milk,-0.7897974410746247,-0.6645657287666155,0.7897974410746247,0.8037806894992775,-0.03479457209038492
XGBoost,36,log_Grocery,-1.0118407548125834,-0.4040361070009545,1.0118407548125834,1.5490805224841886,-0.0952747245353935
XGBoost,36,log_Frozen,-0.46364890969009137,0.9143334637932504,0.46364890969009137,0.44110634972998575,-0.05186110524796539
XGBoost,36,log_Detergents_Paper,-1.4449863183288836,-0.3368372622758572,1.4449863183288836,2.1107685133113994,-0.06668143363903187
XGBoost,36,log_Delicassen,-0.555111563084647,0.5573129936823873,0.555111563084647,0.3890531889594859,0.0688374033097569
XGBoost,36,Region_2,-0.12395836632698774,-0.34582202838753073,0.12395836632698774,0.15985458133369684,-0.18350572314383684
XGBoost,36,Region_3,0.12930384104140102,0.6264224319827152,0.12930384104140102,0.19468991833379154,0.029802993054563215
XGBoost,37,log_Fresh,0.5634218946844339,0.20256881051665085,0.5634218946844339,0.4790935627363241,0.16036648775541723
XGBoost,37,log_Milk,-1.1775907085323707,-0.16376478024639757,1.1775907085323707,0.8037806894992775,0.16740780185696646
XGBoost,37,log_Grocery,-2.0590423674322667,-1.1499215444157502,2.0590423674322667,1.5490805224841886,-0.03592147274290927
XGBoost,37,log_Frozen,0.03650767117273063,-0.5028259129649649,0.03650767117273063,0.44110634972998575,-0.09574928756078749
XGBoost,37,log_Detergents_Paper,-1.0898919106717222,-0.1780871046895387,1.0898919106717222,2.1107685133113994,0.19763821913882645
XGBoost,37,log_Delicassen,0.5502030957350508,-1.3109287474637317,0.5502030957350508,0.3890531889594859,-0.138550667020918
XGBoost,37,Region_2,-0.09055609125643968,-0.34582202838753073,0.09055609125643968,0.15985458133369684,0.051188203839722
XGBoost,37,Region_3,0.14760743614286184,0.6264224319827152,0.14760743614286184,0.19468991833379154,-0.07919981411320674
XGBoost,38,log_Fresh,-0.3299463534820825,1.2633471593017687,0.3299463534820825,0.4790935627363241,0.024375903227271678
XGBoost,38,log_Milk,-0.7176027574948967,0.14692229651508365,0.7176027574948967,0.8037806894992775,0.11960401512834568
XGBoost,38,log_Grocery,-0.2086396883940324,0.05957998365535607,0.2086396883940324,1.5490805224841886,0.19109079360649578
XGBoost,38,log_Frozen,0.38313890232122505,-0.06577308568408313,0.38313890232122505,0.44110634972998575,0.03159910669136545
XGBoost,38,log_Detergents_Paper,-2.202591341107618,-0.3105511173901076,2.202591341107618,2.1107685133113994,0.0873121999689424
XGBoost,38,log_Delicassen,0.049009768422693015,0.8056931762437204,0.049009768422693015,0.3890531889594859,-0.00209843436003615
XGBoost,38,Region_2,-0.10641896486282348,-0.34582202838753073,0.10641896486282348,0.15985458133369684,0.14053725272300993
XGBoost,38,Region_3,0.1285819854401052,0.6264224319827152,0.1285819854401052,0.19468991833379154,0.08907712696444181
XGBoost,39,log_Fresh,0.3515110851638019,0.7698670135810317,0.3515110851638019,0.4790935627363241,0.09337707119933375
XGBoost,39,log_Milk,-0.6965881247725337,-0.559151219429551,0.6965881247725337,0.8037806894992775,0.16544604431652793
XGBoost,39,log_Grocery,-1.8617064942698927,-0.9261209130912706,1.8617064942698927,1.5490805224841886,0.14691051629676405
XGBoost,39,log_Frozen,-0.2806327455828432,1.334140259717376,0.2806327455828432,0.44110634972998575,0.055980262144126935
XGBoost,39,log_Detergents_Paper,-1.1553904863051139,-0.5468853080226326,1.1553904863051139,2.1107685133113994,0.16882667863034062
XGBoost,39,log_Delicassen,0.45504683133680374,-0.37834721855401254,0.45504683133680374,0.3890531889594859,-0.11149283794383646
XGBoost,39,Region_2,-0.11812459014356136,-0.34582202838753073,0.11812459014356136,0.15985458133369684,0.0533058337424423
XGBoost,39,Region_3,0.15375402596779167,0.6264224319827152,0.15375402596779167,0.19468991833379154,-0.1997020899384092
XGBoost,40,log_Fresh,-0.1773218414885923,0.9895493841790868,0.1773218414885923,0.4790935627363241,-0.02287743567654346
XGBoost,40,log_Milk,-0.1322567268833518,0.31973715889696425,0.1322567268833518,0.8037806894992775,-0.09816809773605067
XGBoost,40,log_Grocery,-0.24295746294315904,0.08396321368196188,0.24295746294315904,1.5490805224841886,0.033972555514706515
XGBoost,40,log_Frozen,-0.5636807901505381,-1.487753387054003,0.5636807901505381,0.44110634972998575,0.06558659020761753
XGBoost,40,log_Detergents_Paper,-2.3732627096935177,-2.5731719352809512,2.3732627096935177,2.1107685133113994,-0.05415238936755054
XGBoost,40,log_Delicassen,0.6527957851346582,-0.6492992255231742,0.6527957851346582,0.3890531889594859,-0.0813938607892561
XGBoost,40,Region_2,-0.10253084816038609,-0.34582202838753073,0.10253084816038609,0.15985458133369684,0.05877081550118762
XGBoost,40,Region_3,0.11553309569135309,0.6264224319827152,0.11553309569135309,0.19468991833379154,0.07071096926233894
XGBoost,41,log_Fresh,0.1487288135709241,0.8503794977804573,0.1487288135709241,0.4790935627363241,0.14490059316786041
XGBoost,41,log_Milk,-0.9582972009386868,-0.8680572299336917,0.9582972009386868,0.8037806894992775,-0.10053860068223514
XGBoost,41,log_Grocery,-1.1856734663480892,-0.42713594197892973,1.1856734663480892,1.5490805224841886,-0.07305967718089135
XGBoost,41,log_Frozen,-0.45316764323972164,-1.3400796547608342,0.45316764323972164,0.44110634972998575,-0.07904500545675264
XGBoost,41,log_Detergents_Paper,-1.4364657071675173,0.018450065829108256,1.4364657071675173,2.1107685133113994,0.1645483648460626
XGBoost,41,log_Delicassen,0.6128790417779237,-0.5143110656525466,0.6128790417779237,0.3890531889594859,-0.016045991353769384
XGBoost,41,Region_2,-0.10551634397357702,-0.34582202838753073,0.10551634397357702,0.15985458133369684,0.01296462927012082
XGBoost,41,Region_3,0.13050492106005548,0.6264224319827152,0.13050492106005548,0.19468991833379154,-0.19882882134428784
XGBoost,42,log_Fresh,0.367657138267532,0.237902752916421,0.367657138267532,0.4790935627363241,-0.1374305766169449
XGBoost,42,log_Milk,1.3783664388395847,1.0667144105324755,1.3783664388395847,0.8037806894992775,-0.05033299693461735
XGBoost,42,log_Grocery,2.3581157931964842,1.050239569542101,2.3581157931964842,1.5490805224841886,-0.1766980333781903
XGBoost,42,log_Frozen,0.23530347759719006,0.3980342760561575,0.23530347759719006,0.44110634972998575,0.06711327471938089
XGBoost,42,log_Detergents_Paper,4.6279913635086265,1.3527128940138848,4.6279913635086265,2.1107685133113994,-0.18632820028282407
XGBoost,42,log_Delicassen,-0.15977595063857733,0.46469205223430515,0.15977595063857733,0.3890531889594859,-0.05211498320638969
XGBoost,42,Region_2,-0.06340945187956094,-0.34582202838753073,0.06340945187956094,0.15985458133369684,-0.04882459997461269
XGBoost,42,Region_3,0.21847526501864195,0.6264224319827152,0.21847526501864195,0.19468991833379154,0.1879714246345327
XGBoost,43,log_Fresh,-0.3117001385614276,-0.03295709197831316,0.3117001385614276,0.4790935627363241,0.19839888045492876
XGBoost,43,log_Milk,0.9276983896025922,1.8012971105551656,0.9276983896025922,0.8037806894992775,-0.06499103685259575
XGBoost,43,log_Grocery,1.7347189543768764,0.9753989549638096,1.7347189543768764,1.5490805224841886,-0.18659661873548972
XGBoost,43,log_Frozen,-0.6680024979775772,1.5015983346817827,0.6680024979775772,0.44110634972998575,0.17385349194078697
XGBoost,43,log_Detergents_Paper,-1.0559798092022539,-0.040496852481316695,1.0559798092022539,2.1107685133113994,-0.058596099041934885
XGBoost,43,log_Delicassen,0.10816139364615082,1.1820760257781906,0.10816139364615082,0.3890531889594859,-0.029944362602248503
XGBoost,43,Region_2,-0.10574831776320934,-0.34582202838753073,0.10574831776320934,0.15985458133369684,-0.05179723212786086
XGBoost,43,Region_3,-0.25292401304934176,-1.5963668427946611,0.25292401304934176,0.19468991833379154,0.09939188486363021
XGBoost,44,log_Fresh,0.5552663673460484,0.2975040612360018,0.5552663673460484,0.4790935627363241,0.16121912220004586
XGBoost,44,log_Milk,-0.94573999222368,-0.8694630502178142,0.94573999222368,0.8037806894992775,-0.09991009796926856
XGBoost,44,log_Grocery,-2.0409641955746336,-1.1710489445935575,2.0409641955746336,1.5490805224841886,0.16154522435948704
XGBoost,44,log_Frozen,0.005196188599802554,0.5286471975863707,0.005196188599802554,0.44110634972998575,-0.09317744713903463
XGBoost,44,log_Detergents_Paper,-1.0191590840066782,-0.03279574786908427,1.0191590840066782,2.1107685133113994,0.15264342998005648
XGBoost,44,log_Delicassen,0.6070959484763443,-0.771976661750107,0.6070959484763443,0.3890531889594859,-0.12999408504155024
XGBoost,44,Region_2,-0.09085054475814104,-0.34582202838753073,0.09085054475814104,0.15985458133369684,0.028545247458711925
XGBoost,44,Region_3,0.18038109129294752,0.6264224319827152,0.18038109129294752,0.19468991833379154,0.12604256687662485
XGBoost,45,log_Fresh,-0.6117311276495456,-1.8975455612214975,0.6117311276495456,0.4790935627363241,0.1393655366931802
XGBoost,45,log_Milk,-0.48526271668262777,0.1657515148566281,0.48526271668262777,0.8037806894992775,0.04847860895057657
XGBoost,45,log_Grocery,1.8148679578490556,0.6617208799690765,1.8148679578490556,1.5490805224841886,-0.07966121254139931
XGBoost,45,log_Frozen,-1.2753654828527943,-1.0461701662991825,1.2753654828527943,0.44110634972998575,0.029638466147942966
XGBoost,45,log_Detergents_Paper,2.9090643640700726,1.2298168405027008,2.9090643640700726,2.1107685133113994,-0.06514529393863461
XGBoost,45,log_Delicassen,0.1411860770173371,0.42780283565440397,0.1411860770173371,0.3890531889594859,-0.05022031937083407
XGBoost,45,Region_2,-0.08696861140429973,-0.34582202838753073,0.08696861140429973,0.15985458133369684,-0.1262345514175175
XGBoost,45,Region_3,0.13530750090256333,0.6264224319827152,0.13530750090256333,0.19468991833379154,-0.18683062899461012
XGBoost,46,log_Fresh,0.1289904743991792,0.9859746174517203,0.1289904743991792,0.4790935627363241,0.1953385749670679
XGBoost,46,log_Milk,-1.159308813298121,-0.8275170668550673,1.159308813298121,0.8037806894992775,-0.06466515523355745
XGBoost,46,log_Grocery,-1.2111856892192736,-0.09530609098989262,1.2111856892192736,1.5490805224841886,0.07138946565303272
XGBoost,46,log_Frozen,0.2995338160486426,-0.4533613983659892,0.2995338160486426,0.44110634972998575,0.18212610482836894
XGBoost,46,log_Detergents_Paper,-1.666528510756325,0.03726192614724378,1.666528510756325,2.1107685133113994,0.178399335346338
XGBoost,46,log_Delicassen,-0.47758902246598156,0.336321439093744,0.47758902246598156,0.3890531889594859,0.1639676063539407
XGBoost,46,Region_2,-0.10194333843886852,-0.34582202838753073,0.10194333843886852,0.15985458133369684,0.07532992354943502
XGBoost,46,Region_3,0.1894356550835073,0.6264224319827152,0.1894356550835073,0.19468991833379154,0.0005756885638517617
XGBoost,47,log_Fresh,-1.208052110625431,0.9852780557229688,1.208052110625431,0.4790935627363241,-0.0838222277276267
XGBoost,47,log_Milk,0.9386142049450428,2.206183372947595,0.9386142049450428,0.8037806894992775,-0.038954862526266926
XGBoost,47,log_Grocery,1.8881234292825684,1.4028262597545307,1.8881234292825684,1.5490805224841886,0.05930675646900163
XGBoost,47,log_Frozen,-1.8610004956671036,0.9720127579271657,1.8610004956671036,0.44110634972998575,0.17429152899577466
XGBoost,47,log_Detergents_Paper,2.568343689260073,0.9272721666933984,2.568343689260073,2.1107685133113994,-0.03384478979453359
XGBoost,47,log_Delicassen,0.33934888944495467,2.3531923439703926,0.33934888944495467,0.3890531889594859,-0.08499226635353173
XGBoost,47,Region_2,-0.07529809672385454,-0.34582202838753073,0.07529809672385454,0.15985458133369684,0.18093095920034064
XGBoost,47,Region_3,0.12174822981469333,0.6264224319827152,0.12174822981469333,0.19468991833379154,0.015295687494798788
XGBoost,48,log_Fresh,-0.5535457286098971,-0.6622247326857204,0.5535457286098971,0.4790935627363241,-0.1190175265975828
XGBoost,48,log_Milk,0.9680558244767599,1.0694946745025258,0.9680558244767599,0.8037806894992775,0.12586015094678837
XGBoost,48,log_Grocery,-1.5633075542002917,-0.17279384581135976,1.5633075542002917,1.5490805224841886,-0.12930495016851007
XGBoost,48,log_Frozen,0.3609861407743301,-0.023999101659060253,0.3609861407743301,0.44110634972998575,-0.12162815401146042
XGBoost,48,log_Detergents_Paper,-1.649268393330276,0.3309586757364595,1.649268393330276,2.1107685133113994,-0.06586434528104174
XGBoost,48,log_Delicassen,0.3132449706271291,-0.36723747332504414,0.3132449706271291,0.3890531889594859,0.018561853681279855
XGBoost,48,Region_2,-0.11454132121056318,-0.34582202838753073,0.11454132121056318,0.15985458133369684,-0.10293304499671004
XGBoost,48,Region_3,-0.3991463798284531,-1.5963668427946611,0.3991463798284531,0.19468991833379154,-0.1736925331928561
XGBoost,49,log_Fresh,-0.7582412661798298,1.6395101911697603,0.7582412661798298,0.4790935627363241,0.12180939280276515
XGBoost,49,log_Milk,-0.5122423319984227,0.2505710977255417,0.5122423319984227,0.8037806894992775,-0.018358441594733238
XGBoost,49,log_Grocery,1.6338978565018625,0.9007266192202827,1.6338978565018625,1.5490805224841886,0.09524630199940598
XGBoost,49,log_Frozen,-0.5119215206301305,1.3801184458434212,0.5119215206301305,0.44110634972998575,0.07897162842142869
XGBoost,49,log_Detergents_Paper,-1.2272416085749864,-0.09899702247017084,1.2272416085749864,2.1107685133113994,0.0224543086342667
XGBoost,49,log_Delicassen,-0.630855187093839,0.8627092250804433,0.630855187093839,0.3890531889594859,0.14608371707013462
XGBoost,49,Region_2,-0.08926321964710951,-0.34582202838753073,0.08926321964710951,0.15985458133369684,-0.0398501562705556
XGBoost,49,Region_3,0.1023325312603265,0.6264224319827152,0.1023325312603265,0.19468991833379154,-0.19737781683095923
XGBoost,50,log_Fresh,-0.8497662484273314,-0.6073106994801187,0.8497662484273314,0.4790935627363241,-0.03835980124274668
XGBoost,50,log_Milk,0.43369812232558613,0.3166139013599795,0.43369812232558613,0.8037806894992775,0.14143183438750861
XGBoost,50,log_Grocery,-0.352065669959411,0.24516640409506285,0.352065669959411,1.5490805224841886,0.00211487745482547
XGBoost,50,log_Frozen,0.326977526639821,0.5353007333748953,0.326977526639821,0.44110634972998575,-0.15410884787161538
XGBoost,50,log_Detergents_Paper,3.5484424883220345,1.0464445217830054,3.5484424883220345,2.1107685133113994,0.04690468192373656
XGBoost,50,log_Delicassen,-0.32548172552138566,-1.4509246989658249,0.32548172552138566,0.3890531889594859,-0.15912679559987405
XGBoost,50,Region_2,-0.10633032366633416,-0.34582202838753073,0.10633032366633416,0.15985458133369684,0.10523583998373737
XGBoost,50,Region_3,-0.4592024787934497,-1.5963668427946611,0.4592024787934497,0.19468991833379154,0.04189271432323402
XGBoost,51,log_Fresh,-0.000239257849752903,0.09460703150053348,0.000239257849752903,0.4790935627363241,-0.05166204571064284
XGBoost,51,log_Milk,-0.9902817231346853,-0.8288626522615004,0.9902817231346853,0.8037806894992775,0.12742483921181796
XGBoost,51,log_Grocery,-1.545403667227365,-0.6710895589975168,1.545403667227365,1.5490805224841886,0.02398756926105286
XGBoost,51,log_Frozen,-0.059782388250459916,0.46112965871175937,0.059782388250459916,0.44110634972998575,0.06688674918951382
XGBoost,51,log_Detergents_Paper,-1.9943472521007062,-1.3826411251141297,1.9943472521007062,2.1107685133113994,-0.02439381864536977
XGBoost,51,log_Delicassen,-0.5361135213216767,0.22818746970421983,0.5361135213216767,0.3890531889594859,0.1500087778770855
XGBoost,51,Region_2,0.9530306561663747,2.8916607905595657,0.9530306561663747,0.15985458133369684,-0.14706678291808595
XGBoost,51,Region_3,-0.27813734202180057,-1.5963668427946611,0.27813734202180057,0.19468991833379154,0.06614152349826918
XGBoost,52,log_Fresh,0.027163715143688025,-0.20473338961623894,0.027163715143688025,0.4790935627363241,0.06555854183993148
XGBoost,52,log_Milk,1.3613283590786158,1.4282943190506552,1.3613283590786158,0.8037806894992775,0.06667017939117426
XGBoost,52,log_Grocery,3.608317630593665,1.1542863946324644,3.608317630593665,1.5490805224841886,-0.03074339042288768
XGBoost,52,log_Frozen,-0.3296197822527029,-2.9496071287853782,0.3296197822527029,0.44110634972998575,0.08495805060076556
XGBoost,52,log_Detergents_Paper,3.251656126258895,1.2038835779455723,3.251656126258895,2.1107685133113994,-0.0721342185224852
XGBoost,52,log_Delicassen,0.31870825396152214,-0.4627118754436206,0.31870825396152214,0.3890531889594859,0.187892496844415
XGBoost,52,Region_2,-0.07286475831642747,-0.34582202838753073,0.07286475831642747,0.15985458133369684,-0.13332718401866545
XGBoost,52,Region_3,0.14420857360586525,0.6264224319827152,0.14420857360586525,0.19468991833379154,0.017994578876916967
XGBoost,53,log_Fresh,-0.6506855952925981,-1.5800406732981989,0.6506855952925981,0.4790935627363241,-0.09439465921737838
XGBoost,53,log_Milk,0.04282859519589692,-1.0303874426995032,0.04282859519589692,0.8037806894992775,-0.007847443184706732
XGBoost,53,log_Grocery,-1.833566431188956,-0.996677657936051,1.833566431188956,1.5490805224841886,0.04247611924724182
XGBoost,53,log_Frozen,0.2888287651678547,-0.4533613983659892,0.2888287651678547,0.44110634972998575,-0.041275862173118266
XGBoost,53,log_Detergents_Paper,-1.7441059084585868,-1.3357660694891766,1.7441059084585868,2.1107685133113994,0.09078844145835807
XGBoost,53,log_Delicassen,0.2509352446859702,-1.077749998806718,0.2509352446859702,0.3890531889594859,0.15164596808094744
XGBoost,53,Region_2,-0.11502049248665572,-0.34582202838753073,0.11502049248665572,0.15985458133369684,0.09803762793414361
XGBoost,53,Region_3,0.14184194184839727,0.6264224319827152,0.14184194184839727,0.19468991833379154,0.07736786777286186
XGBoost,54,log_Fresh,-1.0836856782529503,-0.11682062461500357,1.0836856782529503,0.4790935627363241,-0.11045260534630491
XGBoost,54,log_Milk,0.2271171794179827,0.7548727956953135,0.2271171794179827,0.8037806894992775,0.08812597581306231
XGBoost,54,log_Grocery,1.23671726917848,0.554434966970307,1.23671726917848,1.5490805224841886,-0.1858135138630103
XGBoost,54,log_Frozen,0.5219533636636333,0.4195349852849734,0.5219533636636333,0.44110634972998575,-0.01761762801796088
XGBoost,54,log_Detergents_Paper,2.2138104926608504,0.8301401472408908,2.2138104926608504,2.1107685133113994,-0.04744691889288205
XGBoost,54,log_Delicassen,-0.3398226005397737,-0.92428724115412,0.3398226005397737,0.3890531889594859,-0.19447133208963294
XGBoost,54,Region_2,-0.08947350975126028,-0.34582202838753073,0.08947350975126028,0.15985458133369684,0.08706514865624843
XGBoost,54,Region_3,0.2683062748704106,0.6264224319827152,0.2683062748704106,0.19468991833379154,-0.045111692947782306
XGBoost,55,log_Fresh,-0.4378471972886473,-0.3185514814614808,0.4378471972886473,0.4790935627363241,0.024138336151187628
XGBoost,55,log_Milk,-0.7921287224534899,0.11271671751697296,0.7921287224534899,0.8037806894992775,0.0555943943891406
XGBoost,55,log_Grocery,-1.3470158995036037,-0.935398022270621,1.3470158995036037,1.5490805224841886,0.0748818238445067
XGBoost,55,log_Frozen,0.27935375266417395,-0.4112839909584331,0.27935375266417395,0.44110634972998575,0.1631758524471671
XGBoost,55,log_Detergents_Paper,-1.8890259568183683,-0.47162138385952374,1.8890259568183683,2.1107685133113994,0.07103690074662045
XGBoost,55,log_Delicassen,1.3389372193883173,1.4015652048246283,1.3389372193883173,0.3890531889594859,0.1914929297735003
XGBoost,55,Region_2,-0.11779592588543891,-0.34582202838753073,0.11779592588543891,0.15985458133369684,0.0874812544984307
XGBoost,55,Region_3,0.12726612551137806,0.6264224319827152,0.12726612551137806,0.19468991833379154,0.17758255320803257
XGBoost,56,log_Fresh,0.7149798947200179,0.7280159545791307,0.7149798947200179,0.4790935627363241,0.11936457882428042
XGBoost,56,log_Milk,-0.056197346756234764,0.2920448848727571,0.056197346756234764,0.8037806894992775,-0.06048595507089391
XGBoost,56,log_Grocery,-1.2482475824467838,-0.2679785767927946,1.2482475824467838,1.5490805224841886,0.05503996557100671
XGBoost,56,log_Frozen,-0.43097402777639215,0.8349065491096276,0.43097402777639215,0.44110634972998575,-0.07804188584317383
XGBoost,56,log_Detergents_Paper,-1.8859451965871268,0.015895533702259684,1.8859451965871268,2.1107685133113994,0.18832978162138064
XGBoost,56,log_Delicassen,-0.2972924083191901,-0.07536953260683027,0.2972924083191901,0.3890531889594859,-0.003211228411321182
XGBoost,56,Region_2,-0.10363836444914341,-0.34582202838753073,0.10363836444914341,0.15985458133369684,0.19309434812391113
XGBoost,56,Region_3,0.15436045956797897,0.6264224319827152,0.15436045956797897,0.19468991833379154,0.0449303277922945
XGBoost,57,log_Fresh,-0.3731373136397451,0.018495694224320163,0.3731373136397451,0.4790935627363241,0.1883236889987756
XGBoost,57,log_Milk,-0.2664235061150976,-1.3535594041901085,0.2664235061150976,0.8037806894992775,-0.15035511423840117
XGBoost,57,log_Grocery,-1.8418184872344137,-1.4273155818431507,1.8418184872344137,1.5490805224841886,0.05428347249184606
XGBoost,57,log_Frozen,0.2900318895757664,-0.40950497582200357,0.2900318895757664,0.44110634972998575,0.14887220276592222
XGBoost,57,log_Detergents_Paper,-1.7728491206932813,-0.6590363899212278,1.7728491206932813,2.1107685133113994,-0.018117263099790393
XGBoost,57,log_Delicassen,0.33434429673943666,-0.7853860286976093,0.33434429673943666,0.3890531889594859,0.10407173540262238
XGBoost,57,Region_2,-0.12098061457276345,-0.34582202838753073,0.12098061457276345,0.15985458133369684,-0.11199537282625403
XGBoost,57,Region_3,-0.3172648950340226,-1.5963668427946611,0.3172648950340226,0.19468991833379154,0.01908469272327476
XGBoost,58,log_Fresh,-0.41526784337125716,-2.4060212837771875,0.41526784337125716,0.4790935627363241,-0.1571346967082274
XGBoost,58,log_Milk,-1.7442737590894104,0.03232779078030744,1.7442737590894104,0.8037806894992775,0.1798029765615869
XGBoost,58,log_Grocery,3.83459657182917,1.3292622688338889,3.83459657182917,1.5490805224841886,0.18078604992352526
XGBoost,58,log_Frozen,0.682998864473775,-0.34066220460009267,0.682998864473775,0.44110634972998575,0.09343005312037156
XGBoost,58,log_Detergents_Paper,3.2260403799265625,1.078797100001646,3.2260403799265625,2.1107685133113994,-0.04808519057385857
XGBoost,58,log_Delicassen,-0.08383434633025899,-0.13021729766239534,0.08383434633025899,0.3890531889594859,0.19739184005125593
XGBoost,58,Region_2,-0.055563858225941655,-0.34582202838753073,0.055563858225941655,0.15985458133369684,-0.08914449356525728
XGBoost,58,Region_3,0.17129511194303632,0.6264224319827152,0.17129511194303632,0.19468991833379154,0.039399155058407714
XGBoost,59,log_Fresh,0.3657158286590129,0.19486448514586843,0.3657158286590129,0.4790935627363241,0.1486043025024008
XGBoost,59,log_Milk,-1.1464462844422088,-0.3349756267375233,1.1464462844422088,0.8037806894992775,-0.1718732880576832
XGBoost,59,log_Grocery,-1.7551444354234262,-0.6934526712673915,1.7551444354234262,1.5490805224841886,0.19057127026770532
XGBoost,59,log_Frozen,-0.3585142410313711,0.7535236777100087,0.3585142410313711,0.44110634972998575,-0.05046329972230659
XGBoost,59,log_Detergents_Paper,-1.887365285733249,-0.7054050680295502,1.887365285733249,2.1107685133113994,0.15177928418696401
XGBoost,59,log_Delicassen,-0.08097977975383401,-0.16703888036627176,0.08097977975383401,0.3890531889594859,-0.02915611451901623
XGBoost,59,Region_2,-0.09946162607520818,-0.34582202838753073,0.09946162607520818,0.15985458133369684,-0.004847541118348481
XGBoost,59,Region_3,0.1333056861627847,0.6264224319827152,0.1333056861627847,0.19468991833379154,0.1115896191923999
XGBoost,60,log_Fresh,0.8474963068868965,0.18923628499629958,0.8474963068868965,0.4790935627363241,-0.09238833270987264
XGBoost,60,log_Milk,2.1182795828208327,0.5870351836770487,2.1182795828208327,0.8037806894992775,-0.09237879213012948
XGBoost,60,log_Grocery,1.7846654020156711,0.6731959744928118,1.7846654020156711,1.5490805224841886,0.16600861518875049
XGBoost,60,log_Frozen,0.6479863586492138,-0.1123338329702473,0.6479863586492138,0.44110634972998575,0.14257953050189393
XGBoost,60,log_Detergents_Paper,1.7378056125342847,0.4444195293361442,1.7378056125342847,2.1107685133113994,-0.08072359406805507
XGBoost,60,log_Delicassen,-0.47118838960304854,0.6296656902210142,0.47118838960304854,0.3890531889594859,-0.17733495499330143
XGBoost,60,Region_2,-0.06580603260546923,-0.34582202838753073,0.06580603260546923,0.15985458133369684,-0.15048197338274752
XGBoost,60,Region_3,0.2364581013470888,0.6264224319827152,0.2364581013470888,0.19468991833379154,-0.15694378316024135
XGBoost,61,log_Fresh,0.8926481992844493,0.2216943470661799,0.8926481992844493,0.4790935627363241,-0.09316416667912222
XGBoost,61,log_Milk,-1.2954970561619847,-0.09267214581538497,1.2954970561619847,0.8037806894992775,-0.03506131291012418
XGBoost,61,log_Grocery,0.1224610951822251,0.47439403147982423,0.1224610951822251,1.5490805224841886,-0.11091101882642587
XGBoost,61,log_Frozen,-1.140858324826695,-2.1308587308122346,1.140858324826695,0.44110634972998575,-0.11536299551865717
XGBoost,61,log_Detergents_Paper,2.6372614730335773,0.8936557809537347,2.6372614730335773,2.1107685133113994,-0.1883097635248984
XGBoost,61,log_Delicassen,0.584466446917504,-0.9675592242024033,0.584466446917504,0.3890531889594859,0.19748662138296313
XGBoost,61,Region_2,-0.09091663829982281,-0.34582202838753073,0.09091663829982281,0.15985458133369684,-0.09908412592115097
XGBoost,61,Region_3,0.14411401328165085,0.6264224319827152,0.14411401328165085,0.19468991833379154,-0.15262694028752632
XGBoost,62,log_Fresh,-0.18875510753132402,1.0668181046950806,0.18875510753132402,0.4790935627363241,0.0014599620009274061
XGBoost,62,log_Milk,0.031214676033705473,0.3261458141250557,0.031214676033705473,0.8037806894992775,0.02350113499020634
XGBoost,62,log_Grocery,-0.4172784266620874,0.41172029992304543,0.4172784266620874,1.5490805224841886,0.17290910634915296
XGBoost,62,log_Frozen,-0.5105025023513008,1.1074287338857423,0.5105025023513008,0.44110634972998575,0.07352146908063045
XGBoost,62,log_Detergents_Paper,-1.95265445089899,-0.5271432511379261,1.95265445089899,2.1107685133113994,-0.1289920265608021
XGBoost,62,log_Delicassen,-0.34805076104588806,0.24550985981507728,0.34805076104588806,0.3890531889594859,-0.15688360257056627
XGBoost,62,Region_2,-0.10769979512318968,-0.34582202838753073,0.10769979512318968,0.15985458133369684,-0.018572137360584273
XGBoost,62,Region_3,0.1631862009037286,0.6264224319827152,0.1631862009037286,0.19468991833379154,-0.050388008322169026
XGBoost,63,log_Fresh,0.4509714389918372,0.3944675474288823,0.4509714389918372,0.4790935627363241,0.03805825844642752
XGBoost,63,log_Milk,0.6064217823033686,0.5338410495913274,0.6064217823033686,0.8037806894992775,0.15077828115095948
XGBoost,63,log_Grocery,-0.36337738815229387,0.17218490510739243,0.36337738815229387,1.5490805224841886,0.16233205412675045
XGBoost,63,log_Frozen,-0.5697246058040765,1.346055298994824,0.5697246058040765,0.44110634972998575,-0.04924707632091252
XGBoost,63,log_Detergents_Paper,-1.9728594693075865,0.041565755418527646,1.9728594693075865,2.1107685133113994,1.5527137652293632e-05
XGBoost,63,log_Delicassen,0.26371027818880977,0.7710176391569564,0.26371027818880977,0.3890531889594859,0.1058957366929702
XGBoost,63,Region_2,-0.10848617631942034,-0.34582202838753073,0.10848617631942034,0.15985458133369684,0.08282718518016219
XGBoost,63,Region_3,-0.21140410274732857,-1.5963668427946611,0.21140410274732857,0.19468991833379154,-0.08399374686122663
XGBoost,64,log_Fresh,-0.5286868307553232,-0.48462326283226237,0.5286868307553232,0.4790935627363241,0.17184517114064074
XGBoost,64,log_Milk,-0.8263069137698039,-0.9767367207318949,0.8263069137698039,0.8037806894992775,-0.14912244146639192
XGBoost,64,log_Grocery,-1.9172328666038811,-0.8708465047503197,1.9172328666038811,1.5490805224841886,0.17198863368045975
XGBoost,64,log_Frozen,0.0048380578076466915,0.3193214460127653,0.0048380578076466915,0.44110634972998575,0.06817940791599991
XGBoost,64,log_Detergents_Paper,-1.8580258378270083,-0.824142756304614,1.8580258378270083,2.1107685133113994,-0.127759513492323
XGBoost,64,log_Delicassen,0.33803171310573815,-0.5655160802024514,0.33803171310573815,0.3890531889594859,-0.1952352983924938
XGBoost,64,Region_2,-0.11531494598835706,-0.34582202838753073,0.11531494598835706,0.15985458133369684,-0.028706667199219604
XGBoost,64,Region_3,0.1434078414924443,0.6264224319827152,0.1434078414924443,0.19468991833379154,-0.172831233062215
XGBoost,65,log_Fresh,-0.31604346860200166,-1.9455322530484085,0.31604346860200166,0.4790935627363241,0.10913032608312023
XGBoost,65,log_Milk,0.6664463418629021,0.7670971515576187,0.6664463418629021,0.8037806894992775,-0.008509681442747496
XGBoost,65,log_Grocery,3.672096370086074,1.0378118580037987,3.672096370086074,1.5490805224841886,0.07943583262384124
XGBoost,65,log_Frozen,-0.4143843512865715,-1.02634708924403,0.4143843512865715,0.44110634972998575,0.10903887819321018
XGBoost,65,log_Detergents_Paper,3.3231463630031794,1.29137367687898,3.3231463630031794,2.1107685133113994,0.058221388445156286
XGBoost,65,log_Delicassen,0.20854092842200772,-0.7381624926464823,0.20854092842200772,0.3890531889594859,-0.040957877942487814
XGBoost,65,Region_2,-0.08104746958240866,-0.34582202838753073,0.08104746958240866,0.15985458133369684,-0.16388403643643176
XGBoost,65,Region_3,0.14486895823851229,0.6264224319827152,0.14486895823851229,0.19468991833379154,-0.10933021981367097
XGBoost,66,log_Fresh,-0.5234772273246199,1.095580103553857,0.5234772273246199,0.4790935627363241,-0.19599806051488025
XGBoost,66,log_Milk,0.3734492073208094,1.483065347134991,0.3734492073208094,0.8037806894992775,0.10544709691478327
XGBoost,66,log_Grocery,-0.4597604056121781,0.14184917943795727,0.4597604056121781,1.5490805224841886,0.13590771784980027
XGBoost,66,log_Frozen,-0.0350496382417623,1.810481640243654,0.0350496382417623,0.44110634972998575,0.02003464288288459
XGBoost,66,log_Detergents_Paper,-1.8486830496694893,-0.41286983367542346,1.8486830496694893,2.1107685133113994,0.05638430007497086
XGBoost,66,log_Delicassen,-0.34771727431565524,0.3006008186617045,0.34771727431565524,0.3890531889594859,0.14932189502339394
XGBoost,66,Region_2,-0.10441147908568382,-0.34582202838753073,0.10441147908568382,0.15985458133369684,0.16790312224663645
XGBoost,66,Region_3,0.13494528338778763,0.6264224319827152,0.13494528338778763,0.19468991833379154,0.015376666335516986
XGBoost,67,log_Fresh,0.4745084336958826,0.16158826851051178,0.4745084336958826,0.4790935627363241,-0.02591100900833468
XGBoost,67,log_Milk,0.022472519292496145,-1.690287011875916,0.022472519292496145,0.8037806894992775,-0.08420944964704807
XGBoost,67,log_Grocery,-1.0517475085007026,-0.1238113243147034,1.0517475085007026,1.5490805224841886,-0.0692649947441853
XGBoost,67,log_Frozen,-0.2584010424790904,1.4686138760830403,0.2584010424790904,0.44110634972998575,-0.01374543827983482
XGBoost,67,log_Detergents_Paper,-1.8178815428051167,-0.9837299819058437,1.8178815428051167,2.1107685133113994,0.19852233757544918
XGBoost,67,log_Delicassen,0.4021821855287999,-2.182569690512804,0.4021821855287999,0.3890531889594859,-0.04868805554162675
XGBoost,67,Region_2,-0.10182227972894907,-0.34582202838753073,0.10182227972894907,0.15985458133369684,0.08046459300015668
XGBoost,67,Region_3,0.13245155934244393,0.6264224319827152,0.13245155934244393,0.19468991833379154,0.02586852103416798
XGBoost,68,log_Fresh,-0.48356308354996147,1.3222463984444717,0.48356308354996147,0.4790935627363241,-0.04975885027204954
XGBoost,68,log_Milk,0.10335138157941401,0.37128223611637984,0.10335138157941401,0.8037806894992775,0.07858988268752043
XGBoost,68,log_Grocery,-0.005571561399847269,0.5040569541207617,0.005571561399847269,1.5490805224841886,0.17855419285322144
XGBoost,68,log_Frozen,-0.582706792774843,1.1302750575837792,0.582706792774843,0.44110634972998575,0.14868199155508338
XGBoost,68,log_Detergents_Paper,-1.8530295619554817,0.3357970459967828,1.8530295619554817,2.1107685133113994,-0.0829348593609748
XGBoost,68,log_Delicassen,0.8736707255523651,2.244158852775165,0.8736707255523651,0.3890531889594859,0.13335331525189575
XGBoost,68,Region_2,-0.10474261872470379,-0.34582202838753073,0.10474261872470379,0.15985458133369684,0.0360686960872561
XGBoost,68,Region_3,0.1023325312603265,0.6264224319827152,0.1023325312603265,0.19468991833379154,-0.10814651012497088
XGBoost,69,log_Fresh,0.15707292220555247,1.280993279472936,0.15707292220555247,0.4790935627363241,-0.006918854582305706
XGBoost,69,log_Milk,-0.9006538954563439,0.14032339023693702,0.9006538954563439,0.8037806894992775,0.054352388772745674
XGBoost,69,log_Grocery,-0.2888522373745218,0.21310034329308833,0.2888522373745218,1.5490805224841886,-0.026392856972456913
XGBoost,69,log_Frozen,-0.5260932340391445,-0.8002043988915492,0.5260932340391445,0.44110634972998575,-0.10516792490942484
XGBoost,69,log_Detergents_Paper,2.0486775223421865,0.624780145719632,2.0486775223421865,2.1107685133113994,-0.09760240648773433
XGBoost,69,log_Delicassen,-0.27529571067076175,0.3734959761353829,0.27529571067076175,0.3890531889594859,-0.07787530252002006
XGBoost,69,Region_2,-0.1053668075799942,-0.34582202838753073,0.1053668075799942,0.15985458133369684,-0.14949647749710687
XGBoost,69,Region_3,0.14411674214527012,0.6264224319827152,0.14411674214527012,0.19468991833379154,0.14900779502482736
XGBoost,70,log_Fresh,0.3447074215579778,0.31028536579056387,0.3447074215579778,0.4790935627363241,0.09822402976450606
XGBoost,70,log_Milk,0.17243994604446924,-1.1957883052319405,0.17243994604446924,0.8037806894992775,-0.06769621057597447
XGBoost,70,log_Grocery,-1.631052862848155,-0.5912887865941097,1.631052862848155,1.5490805224841886,-0.14447096590040998
XGBoost,70,log_Frozen,-0.4302736229478614,0.8568073205093985,0.4302736229478614,0.44110634972998575,-0.0166053142427674
XGBoost,70,log_Detergents_Paper,-1.6635830230545252,-0.9234410196075373,1.6635830230545252,2.1107685133113994,-0.1337290912841223
XGBoost,70,log_Delicassen,0.29442865088116377,-0.7535856167620806,0.29442865088116377,0.3890531889594859,0.14105190977987092
XGBoost,70,Region_2,0.8010835286602378,2.8916607905595657,0.8010835286602378,0.15985458133369684,0.002918916693507523
XGBoost,70,Region_3,-0.2630103034153581,-1.5963668427946611,0.2630103034153581,0.19468991833379154,-0.008371938712704419
XGBoost,71,log_Fresh,0.03787948968820274,0.8717232396842182,0.03787948968820274,0.4790935627363241,-0.043076590018385735
XGBoost,71,log_Milk,-1.1034246826008893,-0.042070250601625336,1.1034246826008893,0.8037806894992775,-0.10908835988064047
XGBoost,71,log_Grocery,-1.23897348517552,-1.0486433471608505,1.23897348517552,1.5490805224841886,0.11887292426843027
XGBoost,71,log_Frozen,-0.010166165716946125,0.31018287640206704,0.010166165716946125,0.44110634972998575,-0.017442308390179656
XGBoost,71,log_Detergents_Paper,-1.891212108824402,-0.9395749755809878,1.891212108824402,2.1107685133113994,-0.006663777149072597
XGBoost,71,log_Delicassen,0.664686533936765,0.9232772302418975,0.664686533936765,0.3890531889594859,0.07088041853367888
XGBoost,71,Region_2,0.8890565380826593,2.8916607905595657,0.8890565380826593,0.15985458133369684,0.17914101014936207
XGBoost,71,Region_3,-0.1588138911360875,-1.5963668427946611,0.1588138911360875,0.19468991833379154,0.055289772430146544
XGBoost,72,log_Fresh,0.059002884700894355,-0.47133539715735756,0.059002884700894355,0.4790935627363241,0.044673362551685664
XGBoost,72,log_Milk,1.4448474202957005,1.3249737549636496,1.4448474202957005,0.8037806894992775,-0.08063598312973014
XGBoost,72,log_Grocery,3.520052108601667,1.4002046382681697,3.520052108601667,1.5490805224841886,0.08818569316361535
XGBoost,72,log_Frozen,0.4742580563283991,0.0912602008993416,0.4742580563283991,0.44110634972998575,-0.11009015636365027
XGBoost,72,log_Detergents_Paper,4.311253161123022,1.1899130838643357,4.311253161123022,2.1107685133113994,-0.13319175879579764
XGBoost,72,log_Delicassen,-0.03745845675002783,0.47218299282792336,0.03745845675002783,0.3890531889594859,-0.12896606841266928
XGBoost,72,Region_2,-0.06198686793446541,-0.34582202838753073,0.06198686793446541,0.15985458133369684,0.017505612794541797
XGBoost,72,Region_3,0.18370159216225146,0.6264224319827152,0.18370159216225146,0.19468991833379154,0.03279641408007694
XGBoost,73,log_Fresh,-0.20128574640955776,-0.7251368919643972,0.20128574640955776,0.4790935627363241,-0.0787153142245837
XGBoost,73,log_Milk,-0.07804097999702207,0.09698905467203903,0.07804097999702207,0.8037806894992775,-0.05752256587319238
XGBoost,73,log_Grocery,3.906776550235227,1.2781274206706035,3.906776550235227,1.5490805224841886,-0.16259898395971506
XGBoost,73,log_Frozen,0.37751097191066946,-0.1190428632004708,0.37751097191066946,0.44110634972998575,-0.12901583550763598
XGBoost,73,log_Detergents_Paper,3.545290316110477,1.7312730304700121,3.545290316110477,2.1107685133113994,0.1564400159621515
XGBoost,73,log_Delicassen,-0.004595596018480137,-1.3216747689035153,0.004595596018480137,0.3890531889594859,0.19238597552518505
XGBoost,73,Region_2,0.4486938463523984,2.8916607905595657,0.4486938463523984,0.15985458133369684,-0.07920578417416545
XGBoost,73,Region_3,-0.32896221956703814,-1.5963668427946611,0.32896221956703814,0.19468991833379154,-0.057896336143777705
XGBoost,74,log_Fresh,0.32808398596942423,0.9105751008079405,0.32808398596942423,0.4790935627363241,-0.008953827334169606
XGBoost,74,log_Milk,0.06951980899088085,0.641893348112383,0.06951980899088085,0.8037806894992775,-0.11104283181393804
XGBoost,74,log_Grocery,-1.123610163256526,-0.16950665166620693,1.123610163256526,1.5490805224841886,0.11204906878713172
XGBoost,74,log_Frozen,-0.3958183447935153,1.3736229612349358,0.3958183447935153,0.44110634972998575,-0.13294941283767497
XGBoost,74,log_Detergents_Paper,-1.8218035689089447,-0.4895500971513681,1.8218035689089447,2.1107685133113994,-0.11291255438616861
XGBoost,74,log_Delicassen,-0.27488211177289484,0.029563040271139332,0.27488211177289484,0.3890531889594859,-0.09889827513687477
XGBoost,74,Region_2,-0.11221144653856754,-0.34582202838753073,0.11221144653856754,0.15985458133369684,-0.04287085178863642
XGBoost,74,Region_3,0.15901969766709953,0.6264224319827152,0.15901969766709953,0.19468991833379154,-0.12219927229671775
XGBoost,75,log_Fresh,0.4410080466419458,0.37539005619959914,0.4410080466419458,0.4790935627363241,0.12226141964069892
XGBoost,75,log_Milk,-0.6897640425944701,-0.9743703455258589,0.6897640425944701,0.8037806894992775,0.11269509276099104
XGBoost,75,log_Grocery,-1.8113491519587115,-0.7276385658094099,1.8113491519587115,1.5490805224841886,-0.018149858477618963
XGBoost,75,log_Frozen,-0.07741524632554501,0.2695464100998178,0.07741524632554501,0.44110634972998575,0.1432739897834871
XGBoost,75,log_Detergents_Paper,-2.2026943652308546,-0.633268672390916,2.2026943652308546,2.1107685133113994,0.04341243823374569
XGBoost,75,log_Delicassen,0.3455400324240327,-1.1970165502765826,0.3455400324240327,0.3890531889594859,0.10528030369171054
XGBoost,75,Region_2,-0.10050083093345165,-0.34582202838753073,0.10050083093345165,0.15985458133369684,-0.05350362772766176
XGBoost,75,Region_3,0.14184194184839727,0.6264224319827152,0.14184194184839727,0.19468991833379154,0.12711653973145337
XGBoost,76,log_Fresh,1.2504061649460345,0.5590317586832424,1.2504061649460345,0.4790935627363241,0.04148629223125422
XGBoost,76,log_Milk,-1.34005833578296,-0.42276090367602487,1.34005833578296,0.8037806894992775,0.06933704909393812
XGBoost,76,log_Grocery,-1.259428065204993,-0.26771716619858743,1.259428065204993,1.5490805224841886,-0.10397162470852642
XGBoost,76,log_Frozen,0.44711884667514823,-0.08195993054512164,0.44711884667514823,0.44110634972998575,-0.17648947627014905
XGBoost,76,log_Detergents_Paper,-1.6630590824200773,0.3022363997526428,1.6630590824200773,2.1107685133113994,-0.012434876040984033
XGBoost,76,log_Delicassen,-0.11805942117702216,-0.280850407316342,0.11805942117702216,0.3890531889594859,0.19491777602056498
XGBoost,76,Region_2,-0.0869423347339034,-0.34582202838753073,0.0869423347339034,0.15985458133369684,0.11111286661071967
XGBoost,76,Region_3,0.1894356550835073,0.6264224319827152,0.1894356550835073,0.19468991833379154,-0.08169971457901255
XGBoost,77,log_Fresh,-0.0517907245317474,1.1129180677054902,0.0517907245317474,0.4790935627363241,-0.15566085090402557
XGBoost,77,log_Milk,-0.9845145034231245,-0.7906129118665426,0.9845145034231245,0.8037806894992775,-0.09342332751572818
XGBoost,77,log_Grocery,-1.31393859970849,-0.9299293339705762,1.31393859970849,1.5490805224841886,-0.05591481266898449
XGBoost,77,log_Frozen,-0.06582455328316428,-0.48207740178771896,0.06582455328316428,0.44110634972998575,0.18976249125776812
XGBoost,77,log_Detergents_Paper,-2.086555991375353,-1.203801825125227,2.086555991375353,2.1107685133113994,-0.03327260901419757
XGBoost,77,log_Delicassen,-0.401870751590468,0.4657666372764619,0.401870751590468,0.3890531889594859,0.08695744264738303
XGBoost,77,Region_2,-0.10986099924892187,-0.34582202838753073,0.10986099924892187,0.15985458133369684,0.1203349498426049
XGBoost,77,Region_3,0.12125464977696537,0.6264224319827152,0.12125464977696537,0.19468991833379154,-0.16783889256019524
XGBoost,78,log_Fresh,-0.010170724955387414,-0.6097252203710735,0.010170724955387414,0.4790935627363241,0.11832354272526308
XGBoost,78,log_Milk,1.6285187302273698,1.4781670952609332,1.6285187302273698,0.8037806894992775,-0.18267653989911922
XGBoost,78,log_Grocery,4.252460565441288,1.8576792234474,4.252460565441288,1.5490805224841886,0.04878423087570821
XGBoost,78,log_Frozen,-0.01247505340958014,-1.6480165517553085,0.01247505340958014,0.44110634972998575,0.10065955972266877
XGBoost,78,log_Detergents_Paper,3.5776570287439973,1.5837742832082253,3.5776570287439973,2.1107685133113994,-0.0884088905360871
XGBoost,78,log_Delicassen,-0.06894676345167682,-0.12099273407303388,0.06894676345167682,0.3890531889594859,0.19454926708456183
XGBoost,78,Region_2,-0.06840579165145755,-0.34582202838753073,0.06840579165145755,0.15985458133369684,0.057739133784591334
XGBoost,78,Region_3,-0.2945652952697128,-1.5963668427946611,0.2945652952697128,0.19468991833379154,0.09095483419176098
XGBoost,79,log_Fresh,-0.6353135374095291,-0.7286484403897627,0.6353135374095291,0.4790935627363241,0.1397300318358356
XGBoost,79,log_Milk,-1.2477417613100261,-0.021282600097126615,1.2477417613100261,0.8037806894992775,0.13989865624307302
XGBoost,79,log_Grocery,-0.8640879713650793,-0.311635851840953,0.8640879713650793,1.5490805224841886,-0.06505366005205912
XGBoost,79,log_Frozen,0.2939034808584256,0.02640466417421772,0.2939034808584256,0.44110634972998575,0.012996319574792109
XGBoost,79,log_Detergents_Paper,-1.863427513174247,-0.7776811320851091,1.863427513174247,2.1107685133113994,-0.048459605369466585
XGBoost,79,log_Delicassen,1.3117057542945258,1.3234220047029905,1.3117057542945258,0.3890531889594859,-0.16848404627015712
XGBoost,79,Region_2,-0.11295998636633157,-0.34582202838753073,0.11295998636633157,0.15985458133369684,0.12577533726337936
XGBoost,79,Region_3,0.0902928757108748,0.6264224319827152,0.0902928757108748,0.19468991833379154,-0.1821657446980719
XGBoost,80,log_Fresh,-0.23243376730009913,-0.23535835470616545,0.23243376730009913,0.4790935627363241,0.12680145901757606
XGBoost,80,log_Milk,1.4359447992872447,1.0919496194608997,1.4359447992872447,0.8037806894992775,0.16525665823914554
XGBoost,80,log_Grocery,2.069141493313946,0.7702147964028798,2.069141493313946,1.5490805224841886,-0.028802923111665713
XGBoost,80,log_Frozen,0.8425224001973401,-0.436625315638119,0.8425224001973401,0.44110634972998575,0.10965248736409317
XGBoost,80,log_Detergents_Paper,3.576258550072089,1.1843694785086492,3.576258550072089,2.1107685133113994,-0.058696704297050595
XGBoost,80,log_Delicassen,-0.2879125490086153,0.1784485618303197,0.2879125490086153,0.3890531889594859,0.1836889253945337
XGBoost,80,Region_2,-0.07646409366279841,-0.34582202838753073,0.07646409366279841,0.15985458133369684,0.17122142530332568
XGBoost,80,Region_3,0.21847526501864195,0.6264224319827152,0.21847526501864195,0.19468991833379154,-0.003261919547330322
XGBoost,81,log_Fresh,-0.15658329475903884,1.499814248591563,0.15658329475903884,0.4790935627363241,-0.09454413854440454
XGBoost,81,log_Milk,-0.005673779025673866,-1.6683685007905402,0.005673779025673866,0.8037806894992775,-0.09844990539538433
XGBoost,81,log_Grocery,-0.9022108558006585,-1.4739636863519718,0.9022108558006585,1.5490805224841886,-0.14905264459656065
XGBoost,81,log_Frozen,-0.2116859477350954,1.4897432473831953,0.2116859477350954,0.44110634972998575,0.0815117345318559
XGBoost,81,log_Detergents_Paper,-1.613154558406677,-0.8377309659352195,1.613154558406677,2.1107685133113994,0.01318994271544155
XGBoost,81,log_Delicassen,0.563564500650391,1.0113948730954585,0.563564500650391,0.3890531889594859,-0.04371746940809143
XGBoost,81,Region_2,-0.11396741349250078,-0.34582202838753073,0.11396741349250078,0.15985458133369684,0.1302946452841825
XGBoost,81,Region_3,0.08150658030994236,0.6264224319827152,0.08150658030994236,0.19468991833379154,0.05875370726718654
XGBoost,82,log_Fresh,0.48869574001990257,0.35047081930244506,0.48869574001990257,0.4790935627363241,0.09722396891105978
XGBoost,82,log_Milk,0.7251993558963296,1.5517890038764697,0.7251993558963296,0.8037806894992775,0.04928526392391097
XGBoost,82,log_Grocery,0.13427699341438712,0.021152131735441667,0.13427699341438712,1.5490805224841886,-0.02818605533968524
XGBoost,82,log_Frozen,-0.7235596927022562,0.897682760707046,0.7235596927022562,0.44110634972998575,-0.04539273219768236
XGBoost,82,log_Detergents_Paper,-1.7622307158168404,0.32381451929332483,1.7622307158168404,2.1107685133113994,0.08040074283907983
XGBoost,82,log_Delicassen,0.4935374437365681,1.0988310700263764,0.4935374437365681,0.3890531889594859,-0.0568782989989893
XGBoost,82,Region_2,-0.10384142968803645,-0.34582202838753073,0.10384142968803645,0.15985458133369684,-0.02339668501726186
XGBoost,82,Region_3,-0.20522303266916425,-1.5963668427946611,0.20522303266916425,0.19468991833379154,-0.13734321058016496
XGBoost,83,log_Fresh,-0.08895425752736628,1.2123851726201142,0.08895425752736628,0.4790935627363241,-0.013923441423510263
XGBoost,83,log_Milk,-0.964372973004356,-0.09267214581538497,0.964372973004356,0.8037806894992775,0.02809248403064632
XGBoost,83,log_Grocery,-1.301137574268505,-1.0204753486413038,1.301137574268505,1.5490805224841886,0.18024913139532722
XGBoost,83,log_Frozen,-0.3991841214860324,0.9167763413157828,0.3991841214860324,0.44110634972998575,-0.09958276929158992
XGBoost,83,log_Detergents_Paper,-1.7806549597880803,-0.843255776359049,1.7806549597880803,2.1107685133113994,0.18108165136741877
XGBoost,83,log_Delicassen,-0.3338022292312235,0.6485478523482546,0.3338022292312235,0.3890531889594859,0.09838241169647366
XGBoost,83,Region_2,-0.11147690154612064,-0.34582202838753073,0.11147690154612064,0.15985458133369684,0.02991227042290462
XGBoost,83,Region_3,0.11791006502695382,0.6264224319827152,0.11791006502695382,0.19468991833379154,0.1684774990946592
XGBoost,84,log_Fresh,0.09536390884779394,0.9745858827998688,0.09536390884779394,0.4790935627363241,0.05183475341510502
XGBoost,84,log_Milk,-0.9794212082750164,-0.5898476350752406,0.9794212082750164,0.8037806894992775,0.09875232022601976
XGBoost,84,log_Grocery,-1.106383589389734,-0.17044462644091782,1.106383589389734,1.5490805224841886,0.03414941191963322
XGBoost,84,log_Frozen,-0.4248606909404043,-0.6585465545564985,0.4248606909404043,0.44110634972998575,-0.0067427239245703985
XGBoost,84,log_Detergents_Paper,-1.8570711075142026,-0.6671985507780934,1.8570711075142026,2.1107685133113994,-0.14451811629410158
XGBoost,84,log_Delicassen,-0.444208581331186,0.04358821777891892,0.444208581331186,0.3890531889594859,-0.12633976695317573
XGBoost,84,Region_2,-0.1194487214833498,-0.34582202838753073,0.1194487214833498,0.15985458133369684,-0.11976600741045705
XGBoost,84,Region_3,-0.2546181701077148,-1.5963668427946611,0.2546181701077148,0.19468991833379154,-0.007834739350702197
XGBoost,85,log_Fresh,0.7590684814355336,0.5560804472635344,0.7590684814355336,0.4790935627363241,-0.08218685446732876
XGBoost,85,log_Milk,0.1036224025208503,0.7289274500002756,0.1036224025208503,0.8037806894992775,-0.004113999579252597
XGBoost,85,log_Grocery,-1.3491100224340336,-0.5392869807192803,1.3491100224340336,1.5490805224841886,0.06561318362172541
XGBoost,85,log_Frozen,-0.6881244179443456,1.1393764299923839,0.6881244179443456,0.44110634972998575,-0.17264711539724376
XGBoost,85,log_Detergents_Paper,-1.8180397101771086,0.23668407792131704,1.8180397101771086,2.1107685133113994,-0.0974888503988062
XGBoost,85,log_Delicassen,0.5816040412522853,0.8415284659052829,0.5816040412522853,0.3890531889594859,-0.16792041679479777
XGBoost,85,Region_2,-0.09943685840815306,-0.34582202838753073,0.09943685840815306,0.15985458133369684,0.0441093530210504
XGBoost,85,Region_3,0.09659526568371803,0.6264224319827152,0.09659526568371803,0.19468991833379154,0.021474638748976815
XGBoost,86,log_Fresh,0.5809980934485793,0.31035493403318276,0.5809980934485793,0.4790935627363241,0.15646435610268117
XGBoost,86,log_Milk,-0.1677449713787064,-1.2762168383474082,0.1677449713787064,0.8037806894992775,-0.09960917230313511
XGBoost,86,log_Grocery,-1.7840497700870037,-1.2383455672281936,1.7840497700870037,1.5490805224841886,-0.11676680629758135
XGBoost,86,log_Frozen,0.6026183426333591,0.09546032202618847,0.6026183426333591,0.44110634972998575,0.12540044320364674
XGBoost,86,log_Detergents_Paper,-2.003992978611495,-0.871689786256303,2.003992978611495,2.1107685133113994,-0.13598356180047735
XGBoost,86,log_Delicassen,0.4584671478020027,-0.5124077409387331,0.4584671478020027,0.3890531889594859,0.18175371738155216
XGBoost,86,Region_2,-0.1002063774317503,-0.34582202838753073,0.1002063774317503,0.15985458133369684,0.11506504259211792
XGBoost,86,Region_3,0.1434078414924443,0.6264224319827152,0.1434078414924443,0.19468991833379154,0.03125145202092358
XGBoost,87,log_Fresh,-0.6335668944660574,-0.09590804339730556,0.6335668944660574,0.4790935627363241,-0.10794375037575127
XGBoost,87,log_Milk,-0.07050000947900116,0.36276408138044963,0.07050000947900116,0.8037806894992775,0.060996794955304634
XGBoost,87,log_Grocery,-1.7667026288155467,-0.29477970272871107,1.7667026288155467,1.5490805224841886,0.1625065522696973
XGBoost,87,log_Frozen,0.406843181415461,-0.45807467342683383,0.406843181415461,0.44110634972998575,0.14660683919542833
XGBoost,87,log_Detergents_Paper,-1.4030240439600312,-0.19527271730830087,1.4030240439600312,2.1107685133113994,0.014205050738871516
XGBoost,87,log_Delicassen,-0.474290280607529,0.12695672573645123,0.474290280607529,0.3890531889594859,-0.026596939425768046
XGBoost,87,Region_2,-0.10300955265760421,-0.34582202838753073,0.10300955265760421,0.15985458133369684,0.08661116159333848
XGBoost,87,Region_3,0.18174556657671928,0.6264224319827152,0.18174556657671928,0.19468991833379154,-0.03887493543186174
XGBoost,88,log_Fresh,-0.4200335429701954,-0.23149258601283665,0.4200335429701954,0.4790935627363241,0.15873716657960768
XGBoost,88,log_Milk,-0.905897433370119,-0.6827875408071876,0.905897433370119,0.8037806894992775,0.1427646921033105
XGBoost,88,log_Grocery,-1.7099116750527172,-1.0586511189669336,1.7099116750527172,1.5490805224841886,0.09471916892895693
XGBoost,88,log_Frozen,-0.27796983935695607,0.6693880611736528,0.27796983935695607,0.44110634972998575,0.1402298970708169
XGBoost,88,log_Detergents_Paper,-1.2440422229561954,-0.486523601725537,1.2440422229561954,2.1107685133113994,-0.09786653837341897
XGBoost,88,log_Delicassen,-0.5214951916085556,0.04358821777891892,0.5214951916085556,0.3890531889594859,0.010367749093045303
XGBoost,88,Region_2,1.0094295505434274,2.8916607905595657,1.0094295505434274,0.15985458133369684,-0.0670430470553984
XGBoost,88,Region_3,-0.27704064761288466,-1.5963668427946611,0.27704064761288466,0.19468991833379154,0.03379498865483174
XGBoost,89,log_Fresh,-0.5798114021029324,-0.18385715627128124,0.5798114021029324,0.4790935627363241,-0.09782666950440203
XGBoost,89,log_Milk,-0.20268497703131289,-1.5855390738795514,0.20268497703131289,0.8037806894992775,0.1127592683456114
XGBoost,89,log_Grocery,-1.937639168081805,-1.5126871018179622,1.937639168081805,1.5490805224841886,7.384493100831557e-05
XGBoost,89,log_Frozen,0.11570466614793987,-0.16184740023254757,0.11570466614793987,0.44110634972998575,0.015787026770588936
XGBoost,89,log_Detergents_Paper,-1.7076030123210513,-1.0052891855867234,1.7076030123210513,2.1107685133113994,-0.05257727167917434
XGBoost,89,log_Delicassen,0.38886568155139684,-0.5143110656525466,0.38886568155139684,0.3890531889594859,0.01940006213934503
XGBoost,89,Region_2,-0.11502049248665572,-0.34582202838753073,0.11502049248665572,0.15985458133369684,0.1426512916372789
XGBoost,89,Region_3,0.1434078414924443,0.6264224319827152,0.1434078414924443,0.19468991833379154,0.08152572417015763
XGBoost,90,log_Fresh,0.22844246265012771,0.7558390816323026,0.22844246265012771,0.4790935627363241,-0.11693503284698159
XGBoost,90,log_Milk,-0.6521938735898584,0.08199786366109629,0.6521938735898584,0.8037806894992775,0.06044278068275927
XGBoost,90,log_Grocery,-1.9148897253116592,-0.7627204100113069,1.9148897253116592,1.5490805224841886,-0.030193634245797796
XGBoost,90,log_Frozen,-0.4328584935236722,-1.9712151514724137,0.4328584935236722,0.44110634972998575,-0.056227083209265144
XGBoost,90,log_Detergents_Paper,-1.613005027549807,-0.31842708418806825,1.613005027549807,2.1107685133113994,-0.17607413112630754
XGBoost,90,log_Delicassen,0.27835412207990884,-1.05442055982541,0.27835412207990884,0.3890531889594859,0.14144977906271466
XGBoost,90,Region_2,-0.12000256966799498,-0.34582202838753073,0.12000256966799498,0.15985458133369684,0.1406202138229296
XGBoost,90,Region_3,0.12893902141600846,0.6264224319827152,0.12893902141600846,0.19468991833379154,-0.06081097285861664
XGBoost,91,log_Fresh,0.5531732124648988,0.8806309038724853,0.5531732124648988,0.4790935627363241,-0.014226050937292234
XGBoost,91,log_Milk,1.0996887667104602,0.4396619500394547,1.0996887667104602,0.8037806894992775,-0.19568083294072838
XGBoost,91,log_Grocery,0.1652138266246766,0.3958465109677555,0.1652138266246766,1.5490805224841886,-0.1766487556099775
XGBoost,91,log_Frozen,-0.5621037048019935,0.7573221643574427,0.5621037048019935,0.44110634972998575,0.17639309448723078
XGBoost,91,log_Detergents_Paper,1.5430522579001262,0.40493851215157006,1.5430522579001262,2.1107685133113994,0.041987088345130624
XGBoost,91,log_Delicassen,0.42750730890780686,1.456587902467725,0.42750730890780686,0.3890531889594859,-0.06860697383334369
XGBoost,91,Region_2,-0.10474261872470379,-0.34582202838753073,0.10474261872470379,0.15985458133369684,0.1604104681954605
XGBoost,91,Region_3,0.10859153454191983,0.6264224319827152,0.10859153454191983,0.19468991833379154,-0.1285412380831365
XGBoost,92,log_Fresh,0.7515379927959294,0.21252008220779078,0.7515379927959294,0.4790935627363241,0.09337852588113948
XGBoost,92,log_Milk,-1.3679630765062756,-0.5144536454090575,1.3679630765062756,0.8037806894992775,0.19302780274005937
XGBoost,92,log_Grocery,-1.7218166031735018,-0.8115691840164563,1.7218166031735018,1.5490805224841886,-0.010884914207406782
XGBoost,92,log_Frozen,-0.7029204199358355,0.9489504333700289,0.7029204199358355,0.44110634972998575,0.08692539107375252
XGBoost,92,log_Detergents_Paper,2.167244942858815,0.8170881087189447,2.167244942858815,2.1107685133113994,-0.04139044164700087
XGBoost,92,log_Delicassen,-0.4823156840261072,0.17376418159149018,0.4823156840261072,0.3890531889594859,0.0462386341973367
XGBoost,92,Region_2,-0.10477798163890839,-0.34582202838753073,0.10477798163890839,0.15985458133369684,0.01102234501373292
XGBoost,92,Region_3,-0.37816199359018354,-1.5963668427946611,0.37816199359018354,0.19468991833379154,-0.1062229127295316
XGBoost,93,log_Fresh,0.18584721171297133,0.09670490692824878,0.18584721171297133,0.4790935627363241,0.09909712003861737
XGBoost,93,log_Milk,-1.1250170506257564,-0.3741123986312958,1.1250170506257564,0.8037806894992775,-0.08602975465401658
XGBoost,93,log_Grocery,-1.931570194689557,-1.1861386426573939,1.931570194689557,1.5490805224841886,-0.1977218223617471
XGBoost,93,log_Frozen,0.6023119632294401,0.06798795419092113,0.6023119632294401,0.44110634972998575,-0.17172420385976497
XGBoost,93,log_Detergents_Paper,-1.6261271628248506,0.18772005252885424,1.6261271628248506,2.1107685133113994,-0.019474783119276168
XGBoost,93,log_Delicassen,0.5273885568277911,-1.401390916032525,0.5273885568277911,0.3890531889594859,0.1291705740222388
XGBoost,93,Region_2,-0.1053702063113451,-0.34582202838753073,0.1053702063113451,0.15985458133369684,-0.04214716242607364
XGBoost,93,Region_3,0.1788151916489005,0.6264224319827152,0.1788151916489005,0.19468991833379154,0.0732071991561366
XGBoost,94,log_Fresh,-0.03463638165965676,1.0322490870696794,0.03463638165965676,0.4790935627363241,-0.12844537642408604
XGBoost,94,log_Milk,0.19011605456471442,-1.176971760593412,0.19011605456471442,0.8037806894992775,0.11976206062361044
XGBoost,94,log_Grocery,-1.8468270551785826,-0.6938720846374925,1.8468270551785826,1.5490805224841886,-0.11873917783915547
XGBoost,94,log_Frozen,-0.41719116015010516,0.75051176766314,0.41719116015010516,0.44110634972998575,0.04183469856748018
XGBoost,94,log_Detergents_Paper,-0.5176432843296789,-0.23025994950054757,0.5176432843296789,2.1107685133113994,-0.11506615140568664
XGBoost,94,log_Delicassen,0.49898667983245104,-0.827067620596735,0.49898667983245104,0.3890531889594859,-0.022671107958741887
XGBoost,94,Region_2,-0.1059990181028843,-0.34582202838753073,0.1059990181028843,0.15985458133369684,-0.047198775876095056
XGBoost,94,Region_3,0.15375402596779167,0.6264224319827152,0.15375402596779167,0.19468991833379154,-0.06992769481175204
XGBoost,95,log_Fresh,0.3975008166022599,0.7269227878064561,0.3975008166022599,0.4790935627363241,-0.009851197830843983
XGBoost,95,log_Milk,0.07587879918515682,-1.0524061392052995,0.07587879918515682,0.8037806894992775,-0.013187236706985545
XGBoost,95,log_Grocery,-1.7602911327127366,-0.7573027082870221,1.7602911327127366,1.5490805224841886,-0.04370125909828798
XGBoost,95,log_Frozen,0.026309339659055696,0.424131745507667,0.026309339659055696,0.44110634972998575,0.06569447495195035
XGBoost,95,log_Detergents_Paper,-1.755184390542563,-1.1786638217105847,1.755184390542563,2.1107685133113994,0.03990478462712041
XGBoost,95,log_Delicassen,-0.23148115283809603,0.3662025888426457,0.23148115283809603,0.3890531889594859,0.08256029935331405
XGBoost,95,Region_2,-0.11015545275062323,-0.34582202838753073,0.11015545275062323,0.15985458133369684,0.061323020145204465
XGBoost,95,Region_3,0.15246240528300403,0.6264224319827152,0.15246240528300403,0.19468991833379154,0.1734387361573892
XGBoost,96,log_Fresh,0.4968400292145088,0.4028992550357735,0.4968400292145088,0.4790935627363241,-0.0556276164606985
XGBoost,96,log_Milk,-1.4566485514841043,0.05620157975865521,1.4566485514841043,0.8037806894992775,-0.0416543600259843
XGBoost,96,log_Grocery,0.15058779754675924,0.08890238107076175,0.15058779754675924,1.5490805224841886,0.10748454066009838
XGBoost,96,log_Frozen,-0.28017974294605663,-0.7588273588685609,0.28017974294605663,0.44110634972998575,-0.16209370295311706
XGBoost,96,log_Detergents_Paper,-1.555475338511169,0.3727810970038959,1.555475338511169,2.1107685133113994,-0.14856100026744726
XGBoost,96,log_Delicassen,0.401821472113952,0.8601334387447528,0.401821472113952,0.3890531889594859,0.1374626309823515
XGBoost,96,Region_2,-0.10555854510515929,-0.34582202838753073,0.10555854510515929,0.15985458133369684,-0.07517110917943844
XGBoost,96,Region_3,-0.20833933693822473,-1.5963668427946611,0.20833933693822473,0.19468991833379154,-0.18337650246553694
XGBoost,97,log_Fresh,-0.5086408979538828,0.0009699962996261205,0.5086408979538828,0.4790935627363241,0.06333860803408797
XGBoost,97,log_Milk,-0.23969558719079942,-2.1294761451380215,0.23969558719079942,0.8037806894992775,-0.04980890927031836
XGBoost,97,log_Grocery,-1.8855057115107774,-1.7241435706119408,1.8855057115107774,1.5490805224841886,0.1338700000228092
XGBoost,97,log_Frozen,0.3739190090307966,-0.24147705809841433,0.3739190090307966,0.44110634972998575,0.18625520231647802
XGBoost,97,log_Detergents_Paper,-1.7976490788790398,-1.788565831928728,1.7976490788790398,2.1107685133113994,0.07978521730990928
XGBoost,97,log_Delicassen,0.38478519577533005,-0.7561862951972455,0.38478519577533005,0.3890531889594859,-0.07665284687738044
XGBoost,97,Region_2,-0.11502049248665572,-0.34582202838753073,0.11502049248665572,0.15985458133369684,0.05667780485314433
XGBoost,97,Region_3,0.1434078414924443,0.6264224319827152,0.1434078414924443,0.19468991833379154,-0.04982054440186917
XGBoost,98,log_Fresh,0.5502382501401007,0.17665411243636142,0.5502382501401007,0.4790935627363241,0.1291641395289866
XGBoost,98,log_Milk,-0.46713722631218846,0.1112535394458395,0.46713722631218846,0.8037806894992775,0.17181486328308399
XGBoost,98,log_Grocery,-1.9341220424929633,-0.7263329020929425,1.9341220424929633,1.5490805224841886,-0.08264732970436195
XGBoost,98,log_Frozen,-0.5277057330997195,1.1337313054565459,0.5277057330997195,0.44110634972998575,-0.03576814351174873
XGBoost,98,log_Detergents_Paper,-1.6689970924519002,0.018450065829108256,1.6689970924519002,2.1107685133113994,0.11861344368632659
XGBoost,98,log_Delicassen,0.5305722896475344,-0.7693224529516194,0.5305722896475344,0.3890531889594859,-0.017182953247207505
XGBoost,98,Region_2,-0.10713863529264928,-0.34582202838753073,0.10713863529264928,0.15985458133369684,-0.15239215296465877
XGBoost,98,Region_3,-0.3260893708560616,-1.5963668427946611,0.3260893708560616,0.19468991833379154,-0.17703903053881836
XGBoost,99,log_Fresh,0.09458156147040427,0.11009239352186571,0.09458156147040427,0.4790935627363241,-0.14832315319902714
XGBoost,99,log_Milk,-0.03011091102613136,-1.1125969367948874,0.03011091102613136,0.8037806894992775,0.034912472761378155
XGBoost,99,log_Grocery,-1.4266842374391855,-0.7298188868838358,1.4266842374391855,1.5490805224841886,-0.1463573203433437
XGBoost,99,log_Frozen,0.16971951967221685,-0.1086985092278466,0.16971951967221685,0.44110634972998575,0.05811800840668646
XGBoost,99,log_Detergents_Paper,-1.898602812960744,-0.7654034169559375,1.898602812960744,2.1107685133113994,0.18218790552664105
XGBoost,99,log_Delicassen,-0.4460596305457875,0.6274905380827682,0.4460596305457875,0.3890531889594859,0.04589153045204766
XGBoost,99,Region_2,-0.11799576915800572,-0.34582202838753073,0.11799576915800572,0.15985458133369684,-0.03484542190173215
XGBoost,99,Region_3,-0.26177906055469063,-1.5963668427946611,0.26177906055469063,0.19468991833379154,0.19557068155406243
XGBoost,100,log_Fresh,0.21768163898028434,0.9218025608479447,0.21768163898028434,0.4790935627363241,0.12204202851909024
XGBoost,100,log_Milk,-0.613523719497025,0.23383230143209974,0.613523719497025,0.8037806894992775,-0.004093500974315573
XGBoost,100,log_Grocery,0.30502702336758375,0.022857446595166853,0.30502702336758375,1.5490805224841886,0.1125083534441158
XGBoost,100,log_Frozen,-0.3644918694405351,1.4503533524213725,0.3644918694405351,0.44110634972998575,0.18430083153877624
XGBoost,100,log_Detergents_Paper,-1.8368518274719827,0.14772501983941777,1.8368518274719827,2.1107685133113994,-0.19458262993229503
XGBoost,100,log_Delicassen,0.8235823541041464,1.5517839279301973,0.8235823541041464,0.3890531889594859,0.06793241686474738
XGBoost,100,Region_2,-0.10693600811064244,-0.34582202838753073,0.10693600811064244,0.15985458133369684,0.14440959388007635
XGBoost,100,Region_3,0.09350678992457688,0.6264224319827152,0.09350678992457688,0.19468991833379154,0.020741722421982856
XGBoost,101,log_Fresh,-0.29629248994402585,-1.725273714195477,0.29629248994402585,0.4790935627363241,0.1241739635585401
XGBoost,101,log_Milk,1.1194736268557608,1.0515373917537743,1.1194736268557608,0.8037806894992775,0.08448084060176836
XGBoost,101,log_Grocery,2.7880586239369585,0.8203151072761944,2.7880586239369585,1.5490805224841886,-0.04626830315136421
XGBoost,101,log_Frozen,0.5057954070239794,-0.5386808069603491,0.5057954070239794,0.44110634972998575,0.16485293878003965
XGBoost,101,log_Detergents_Paper,3.1070831356942654,1.0780670885224717,3.1070831356942654,2.1107685133113994,0.13057727651377637
XGBoost,101,log_Delicassen,-0.4486925960564986,-0.9709902768583855,0.4486925960564986,0.3890531889594859,0.007178217018197625
XGBoost,101,Region_2,-0.06459091182798148,-0.34582202838753073,0.06459091182798148,0.15985458133369684,0.10398577753932747
XGBoost,101,Region_3,0.16619904641993344,0.6264224319827152,0.16619904641993344,0.19468991833379154,0.06514882631075947
XGBoost,102,log_Fresh,-0.40869579586200416,-0.2265762204334017,0.40869579586200416,0.4790935627363241,0.023838491430755948
XGBoost,102,log_Milk,0.078295272202231,-1.2149949641082536,0.078295272202231,0.8037806894992775,-0.10721264631850036
XGBoost,102,log_Grocery,-1.669106167992577,-1.189041756197425,1.669106167992577,1.5490805224841886,-0.1211888563395692
XGBoost,102,log_Frozen,-0.24898179372306914,0.6866066811542725,0.24898179372306914,0.44110634972998575,-0.1835218373900599
XGBoost,102,log_Detergents_Paper,-1.4743127194582484,-1.027672504805599,1.4743127194582484,2.1107685133113994,-0.09909164835921525
XGBoost,102,log_Delicassen,-0.4035709678567946,0.19462408699739042,0.4035709678567946,0.3890531889594859,-0.17656502224646853
XGBoost,102,Region_2,-0.1142757411301136,-0.34582202838753073,0.1142757411301136,0.15985458133369684,-0.1783860551399371
XGBoost,102,Region_3,0.1333056861627847,0.6264224319827152,0.1333056861627847,0.19468991833379154,0.07542967452132587
XGBoost,103,log_Fresh,-0.0993806455284357,1.7078921391788937,0.0993806455284357,0.4790935627363241,-0.13362098585553644
XGBoost,103,log_Milk,-1.2144877213239669,0.029133182823562913,1.2144877213239669,0.8037806894992775,0.018581179271944942
XGBoost,103,log_Grocery,-0.39460082368925214,0.3837548374326632,0.39460082368925214,1.5490805224841886,-0.18870624650806797
XGBoost,103,log_Frozen,0.2790398678777274,1.8824519217721758,0.2790398678777274,0.44110634972998575,0.19505026753036447
XGBoost,103,log_Detergents_Paper,-0.8481260590720922,-0.07833924363863332,0.8481260590720922,2.1107685133113994,0.10067138066683745
XGBoost,103,log_Delicassen,-0.2798784640710801,0.11775087114142033,0.2798784640710801,0.3890531889594859,0.08526108946538502
XGBoost,103,Region_2,-0.0856471678800881,-0.34582202838753073,0.0856471678800881,0.15985458133369684,-0.18441857948002816
XGBoost,103,Region_3,0.1625797673035413,0.6264224319827152,0.1625797673035413,0.19468991833379154,-0.1685729547116106
XGBoost,104,log_Fresh,-0.26116154964081945,0.7361778346810939,0.26116154964081945,0.4790935627363241,-0.11332061780436758
XGBoost,104,log_Milk,-1.4127948085404933,-0.9053202885955771,1.4127948085404933,0.8037806894992775,0.005582697789375424
XGBoost,104,log_Grocery,1.7229963769298047,1.3619500852385207,1.7229963769298047,1.5490805224841886,-0.1032888123948864
XGBoost,104,log_Frozen,-1.1329765717277769,1.0045060415555727,1.1329765717277769,0.44110634972998575,0.02627196344929858
XGBoost,104,log_Detergents_Paper,1.8372357642883435,0.9047029752332346,1.8372357642883435,2.1107685133113994,-0.018162376379163236
XGBoost,104,log_Delicassen,0.1964764285320416,2.250654490847067,0.1964764285320416,0.3890531889594859,-0.008780064084241035
XGBoost,104,Region_2,-0.0742615868151188,-0.34582202838753073,0.0742615868151188,0.15985458133369684,0.10063106953514939
XGBoost,104,Region_3,0.10142196994274855,0.6264224319827152,0.10142196994274855,0.19468991833379154,-0.052210813742249146
XGBoost,105,log_Fresh,0.7533842660766095,0.7651755297863703,0.7533842660766095,0.4790935627363241,-0.17426909990143488
XGBoost,105,log_Milk,-0.9969498550961725,-0.877943067223383,0.9969498550961725,0.8037806894992775,-0.12127208790909597
XGBoost,105,log_Grocery,-1.1248103944398462,-0.2173975492743354,1.1248103944398462,1.5490805224841886,-0.09223989669557726
XGBoost,105,log_Frozen,0.005664232437266037,0.5611057650950796,0.005664232437266037,0.44110634972998575,-0.14280562016809217
XGBoost,105,log_Detergents_Paper,-1.0527973901294172,-0.13182947195941017,1.0527973901294172,2.1107685133113994,-0.1424709815611426
XGBoost,105,log_Delicassen,-0.4407111425581388,0.10072705771055032,0.4407111425581388,0.3890531889594859,-0.0524630559452218
XGBoost,105,Region_2,0.7980885535851121,2.8916607905595657,0.7980885535851121,0.15985458133369684,-0.029459446739744377
XGBoost,105,Region_3,-0.3243746553407982,-1.5963668427946611,0.3243746553407982,0.19468991833379154,0.00016524866088257761
XGBoost,106,log_Fresh,0.009180119899101556,-0.5398030455255104,0.009180119899101556,0.4790935627363241,-0.08533541088051738
XGBoost,106,log_Milk,1.4066962901339866,1.0770116081530952,1.4066962901339866,0.8037806894992775,0.08328460709800362
XGBoost,106,log_Grocery,2.8495402973145247,1.088847334067259,2.8495402973145247,1.5490805224841886,-0.005713731837371616
XGBoost,106,log_Frozen,0.35062891395762563,-0.06007242309460202,0.35062891395762563,0.44110634972998575,-0.015492531661192854
XGBoost,106,log_Detergents_Paper,4.276391291776672,1.1002847249017493,4.276391291776672,2.1107685133113994,-0.012359703500469388
XGBoost,106,log_Delicassen,0.42738562415586784,0.8569015998518552,0.42738562415586784,0.3890531889594859,0.10306382840789946
XGBoost,106,Region_2,-0.08998554799705744,-0.34582202838753073,0.08998554799705744,0.15985458133369684,-0.06530859531548977
XGBoost,106,Region_3,-0.40925523214042187,-1.5963668427946611,0.40925523214042187,0.19468991833379154,-0.19797684369294577
XGBoost,107,log_Fresh,0.3248156434483826,0.4910031093193541,0.3248156434483826,0.4790935627363241,-0.12819424866927187
XGBoost,107,log_Milk,0.0619837617315352,0.7210000088230663,0.0619837617315352,0.8037806894992775,-0.19338191137967314
XGBoost,107,log_Grocery,-0.013370332522317768,-0.020576410446423984,0.013370332522317768,1.5490805224841886,-0.12736114970549506
XGBoost,107,log_Frozen,0.47524323119781914,0.1296097713756986,0.47524323119781914,0.44110634972998575,-0.11763112447688373
XGBoost,107,log_Detergents_Paper,-3.005545434104279,-2.194490538743327,3.005545434104279,2.1107685133113994,0.05155766183708538
XGBoost,107,log_Delicassen,0.27223481100052593,0.9318493645660367,0.27223481100052593,0.3890531889594859,0.17852660939922776
XGBoost,107,Region_2,-0.09500984463840723,-0.34582202838753073,0.09500984463840723,0.15985458133369684,-0.09807060236440678
XGBoost,107,Region_3,0.09318502701818943,0.6264224319827152,0.09318502701818943,0.19468991833379154,0.199486524013326
XGBoost,108,log_Fresh,0.9787610277812928,0.40046601131381726,0.9787610277812928,0.4790935627363241,0.1483021034390538
XGBoost,108,log_Milk,1.2358405784703792,1.0773557520610137,1.2358405784703792,0.8037806894992775,0.032519570068791304
XGBoost,108,log_Grocery,1.9168009100388737,0.5782477039448285,1.9168009100388737,1.5490805224841886,-0.0668354735236146
XGBoost,108,log_Frozen,0.16549624216160738,0.30521745445303144,0.16549624216160738,0.44110634972998575,-0.030445124527010897
XGBoost,108,log_Detergents_Paper,1.5451416717469693,0.46706835200248614,1.5451416717469693,2.1107685133113994,0.15637297435045378
XGBoost,108,log_Delicassen,0.4202668320387602,-1.3162831017464471,0.4202668320387602,0.3890531889594859,0.06365088026651278
XGBoost,108,Region_2,-0.0651141706854105,-0.34582202838753073,0.0651141706854105,0.15985458133369684,-0.04801210328483227
XGBoost,108,Region_3,0.24083175506442786,0.6264224319827152,0.24083175506442786,0.19468991833379154,0.17614995707990966
XGBoost,109,log_Fresh,0.12434627863578498,1.319455715904117,0.12434627863578498,0.4790935627363241,0.0819283647634057
XGBoost,109,log_Milk,-1.297866328023374,-0.4367649173528462,1.297866328023374,0.8037806894992775,0.11027992061968
XGBoost,109,log_Grocery,-1.7082566745998338,-0.5179864718609221,1.7082566745998338,1.5490805224841886,-0.06654577267232228
XGBoost,109,log_Frozen,0.3489184269157704,-0.1657393716119174,0.3489184269157704,0.44110634972998575,0.040599907128551604
XGBoost,109,log_Detergents_Paper,-1.6992536162934266,0.1279771227305121,1.6992536162934266,2.1107685133113994,0.0923768370062914
XGBoost,109,log_Delicassen,-0.32464402487967164,0.033328016586159144,0.32464402487967164,0.3890531889594859,0.13216811263430417
XGBoost,109,Region_2,-0.09437693689018488,-0.34582202838753073,0.09437693689018488,0.15985458133369684,-0.029220211924637557
XGBoost,109,Region_3,0.1894356550835073,0.6264224319827152,0.1894356550835073,0.19468991833379154,0.019556526661265172
