2026-03-09,17:06:28 [DEBUG] (state.py:state:650): Returning value '{"description": "Biplot \ubcc0\uc218\ubcc4 PC1 \ub85c\ub529 (SCRIPT_REAL).", "type": "model", "version": 1, "dependencies": [], "target": null, "creation_time": 1773043588, "last_modified_time": 1773043588, "schema": null, "is_public": false}'
2026-03-09,17:06:28 [DEBUG] (state.py:state:628): Loading option 'get_biplot_pc1_loadings' from section [Query Objects Docstrings]...
2026-03-09,17:06:28 [DEBUG] (state.py:state:650): Returning value '-- no docstring found in query function --'
2026-03-09,17:06:28 [DEBUG] (state.py:state:628): Loading option 'get_biplot_pc2_loadings' from section [Query Objects Service Versions]...
2026-03-09,17:06:28 [DEBUG] (state.py:state:650): Returning value '{"description": "Biplot \ubcc0\uc218\ubcc4 PC2 \ub85c\ub529 (SCRIPT_REAL).", "type": "model", "version": 1, "dependencies": [], "target": null, "creation_time": 1773043588, "last_modified_time": 1773043588, "schema": null, "is_public": false}'
2026-03-09,17:06:28 [DEBUG] (state.py:state:628): Loading option 'get_biplot_pc2_loadings' from section [Query Objects Docstrings]...
2026-03-09,17:06:28 [DEBUG] (state.py:state:650): Returning value '-- no docstring found in query function --'
2026-03-09,17:06:28 [DEBUG] (state.py:state:628): Loading option 'get_channel' from section [Query Objects Service Versions]...
2026-03-09,17:06:28 [DEBUG] (state.py:state:650): Returning value '{"description": "6\uac1c \uad6c\ub9e4 + Region \u2192 \ucc44\ub110 0/1 \uc608\uce21 (SCRIPT_INT). ModelName \uc120\ud0dd \uac00\ub2a5.", "type": "model", "version": 1, "dependencies": [], "target": null, "creation_time": 1773043588, "last_modified_time": 1773043588, "schema": null, "is_public": false}'
2026-03-09,17:06:28 [DEBUG] (state.py:state:628): Loading option 'get_channel' from section [Query Objects Docstrings]...
2026-03-09,17:06:28 [DEBUG] (state.py:state:650): Returning value '-- no docstring found in query function --'
2026-03-09,17:06:28 [DEBUG] (state.py:state:148): Collected endpoints: {'predict_ecotype_xgb': {'description': 'XGBoost elderly economic activity predictor', 'type': 'model', 'version': 6, 'dependencies': [], 'target': None, 'creation_time': 1772855169, 'last_modified_time': 1772858181, 'schema': None, 'is_public': False, 'docstring': '-- no docstring found in query function --'}, 'get_cluster': {'description': '6개 구매 컬럼 → 군집 ID (0~4) 리스트.', 'type': 'model', 'version': 1, 'dependencies': [], 'target': None, 'creation_time': 1773043582, 'last_modified_time': 1773043582, 'schema': None, 'is_public': False, 'docstring': '-- no docstring found in query function --'}, 'get_pca1': {'description': '행별 PC1 점수 (SCRIPT_REAL).', 'type': 'model', 'version': 1, 'dependencies': [], 'target': None, 'creation_time': 1773043587, 'last_modified_time': 1773043587, 'schema': None, 'is_public': False, 'docstring': '-- no docstring found in query function --'}, 'get_pca2': {'description': '행별 PC2 점수 (SCRIPT_REAL).', 'type': 'model', 'version': 1, 'dependencies': [], 'target': None, 'creation_time': 1773043588, 'last_modified_time': 1773043588, 'schema': None, 'is_public': False, 'docstring': '-- no docstring found in query function --'}, 'get_pca3': {'description': '행별 PC3 점수 (SCRIPT_REAL).', 'type': 'model', 'version': 1, 'dependencies': [], 'target': None, 'creation_time': 1773043588, 'last_modified_time': 1773043588, 'schema': None, 'is_public': False, 'docstring': '-- no docstring found in query function --'}, 'get_biplot_pc1_loadings': {'description': 'Biplot 변수별 PC1 로딩 (SCRIPT_REAL).', 'type': 'model', 'version': 1, 'dependencies': [], 'target': None, 'creation_time': 1773043588, 'last_modified_time': 1773043588, 'schema': None, 'is_public': False, 'docstring': '-- no docstring found in query function --'}, 'get_biplot_pc2_loadings': {'description': 'Biplot 변수별 PC2 로딩 (SCRIPT_REAL).', 'type': 'model', 'version': 1, 'dependencies': [], 'target': None, 'creation_time': 1773043588, 'last_modified_time': 1773043588, 'schema': None, 'is_public': False, 'docstring': '-- no docstring found in query function --'}, 'get_channel': {'description': '6개 구매 + Region → 채널 0/1 예측 (SCRIPT_INT). ModelName 선택 가능.', 'type': 'model', 'version': 1, 'dependencies': [], 'target': None, 'creation_time': 1773043588, 'last_modified_time': 1773043588, 'schema': None, 'is_public': False, 'docstring': '-- no docstring found in query function --'}}
2026-03-09,17:06:28 [DEBUG] (base_handler.py:base_handler:115): Adding endpoint "get_channel_proba"
2026-03-09,17:06:28 [DEBUG] (base_handler.py:base_handler:115): Adding/updating model get_channel_proba...
2026-03-09,17:06:28 [DEBUG] (state.py:state:628): Loading option 'None' from section [Query Objects Service Versions]...
2026-03-09,17:06:28 [DEBUG] (state.py:state:650): Returning value '['predict_ecotype_xgb', 'get_cluster', 'get_pca1', 'get_pca2', 'get_pca3', 'get_biplot_pc1_loadings', 'get_biplot_pc2_loadings', 'get_channel']'
2026-03-09,17:06:28 [DEBUG] (state.py:state:628): Loading option 'predict_ecotype_xgb' from section [Query Objects Service Versions]...
2026-03-09,17:06:28 [DEBUG] (state.py:state:650): Returning value '{"description": "XGBoost elderly economic activity predictor", "type": "model", "version": 6, "dependencies": [], "target": null, "creation_time": 1772855169, "last_modified_time": 1772858181, "schema": null, "is_public": false}'
2026-03-09,17:06:28 [DEBUG] (state.py:state:628): Loading option 'predict_ecotype_xgb' from section [Query Objects Docstrings]...
2026-03-09,17:06:28 [DEBUG] (state.py:state:650): Returning value '-- no docstring found in query function --'
2026-03-09,17:06:28 [DEBUG] (state.py:state:628): Loading option 'get_cluster' from section [Query Objects Service Versions]...
2026-03-09,17:06:28 [DEBUG] (state.py:state:650): Returning value '{"description": "6\uac1c \uad6c\ub9e4 \uceec\ub7fc \u2192 \uad70\uc9d1 ID (0~4) \ub9ac\uc2a4\ud2b8.", "type": "model", "version": 1, "dependencies": [], "target": null, "creation_time": 1773043582, "last_modified_time": 1773043582, "schema": null, "is_public": false}'
2026-03-09,17:06:28 [DEBUG] (state.py:state:628): Loading option 'get_cluster' from section [Query Objects Docstrings]...
2026-03-09,17:06:28 [DEBUG] (state.py:state:650): Returning value '-- no docstring found in query function --'
2026-03-09,17:06:28 [DEBUG] (state.py:state:628): Loading option 'get_pca1' from section [Query Objects Service Versions]...
2026-03-09,17:06:28 [DEBUG] (state.py:state:650): Returning value '{"description": "\ud589\ubcc4 PC1 \uc810\uc218 (SCRIPT_REAL).", "type": "model", "version": 1, "dependencies": [], "target": null, "creation_time": 1773043587, "last_modified_time": 1773043587, "schema": null, "is_public": false}'
2026-03-09,17:06:28 [DEBUG] (state.py:state:628): Loading option 'get_pca1' from section [Query Objects Docstrings]...
2026-03-09,17:06:28 [DEBUG] (state.py:state:650): Returning value '-- no docstring found in query function --'
2026-03-09,17:06:28 [DEBUG] (state.py:state:628): Loading option 'get_pca2' from section [Query Objects Service Versions]...
2026-03-09,17:06:28 [DEBUG] (state.py:state:650): Returning value '{"description": "\ud589\ubcc4 PC2 \uc810\uc218 (SCRIPT_REAL).", "type": "model", "version": 1, "dependencies": [], "target": null, "creation_time": 1773043588, "last_modified_time": 1773043588, "schema": null, "is_public": false}'
2026-03-09,17:06:28 [DEBUG] (state.py:state:628): Loading option 'get_pca2' from section [Query Objects Docstrings]...
2026-03-09,17:06:28 [DEBUG] (state.py:state:650): Returning value '-- no docstring found in query function --'
2026-03-09,17:06:28 [DEBUG] (state.py:state:628): Loading option 'get_pca3' from section [Query Objects Service Versions]...
2026-03-09,17:06:28 [DEBUG] (state.py:state:650): Returning value '{"description": "\ud589\ubcc4 PC3 \uc810\uc218 (SCRIPT_REAL).", "type": "model", "version": 1, "dependencies": [], "target": null, "creation_time": 1773043588, "last_modified_time": 1773043588, "schema": null, "is_public": false}'
2026-03-09,17:06:28 [DEBUG] (state.py:state:628): Loading option 'get_pca3' from section [Query Objects Docstrings]...
2026-03-09,17:06:28 [DEBUG] (state.py:state:650): Returning value '-- no docstring found in query function --'
2026-03-09,17:06:28 [DEBUG] (state.py:state:628): Loading option 'get_biplot_pc1_loadings' from section [Query Objects Service Versions]...
2026-03-09,17:06:28 [DEBUG] (state.py:state:650): Returning value '{"description": "Biplot \ubcc0\uc218\ubcc4 PC1 \ub85c\ub529 (SCRIPT_REAL).", "type": "model", "version": 1, "dependencies": [], "target": null, "creation_time": 1773043588, "last_modified_time": 1773043588, "schema": null, "is_public": false}'
2026-03-09,17:06:28 [DEBUG] (state.py:state:628): Loading option 'get_biplot_pc1_loadings' from section [Query Objects Docstrings]...
2026-03-09,17:06:28 [DEBUG] (state.py:state:650): Returning value '-- no docstring found in query function --'
2026-03-09,17:06:28 [DEBUG] (state.py:state:628): Loading option 'get_biplot_pc2_loadings' from section [Query Objects Service Versions]...
2026-03-09,17:06:28 [DEBUG] (state.py:state:650): Returning value '{"description": "Biplot \ubcc0\uc218\ubcc4 PC2 \ub85c\ub529 (SCRIPT_REAL).", "type": "model", "version": 1, "dependencies": [], "target": null, "creation_time": 1773043588, "last_modified_time": 1773043588, "schema": null, "is_public": false}'
2026-03-09,17:06:28 [DEBUG] (state.py:state:628): Loading option 'get_biplot_pc2_loadings' from section [Query Objects Docstrings]...
2026-03-09,17:06:28 [DEBUG] (state.py:state:650): Returning value '-- no docstring found in query function --'
2026-03-09,17:06:28 [DEBUG] (state.py:state:628): Loading option 'get_channel' from section [Query Objects Service Versions]...
2026-03-09,17:06:28 [DEBUG] (state.py:state:650): Returning value '{"description": "6\uac1c \uad6c\ub9e4 + Region \u2192 \ucc44\ub110 0/1 \uc608\uce21 (SCRIPT_INT). ModelName \uc120\ud0dd \uac00\ub2a5.", "type": "model", "version": 1, "dependencies": [], "target": null, "creation_time": 1773043588, "last_modified_time": 1773043588, "schema": null, "is_public": false}'
2026-03-09,17:06:28 [DEBUG] (state.py:state:628): Loading option 'get_channel' from section [Query Objects Docstrings]...
2026-03-09,17:06:28 [DEBUG] (state.py:state:650): Returning value '-- no docstring found in query function --'
2026-03-09,17:06:28 [DEBUG] (state.py:state:148): Collected endpoints: {'predict_ecotype_xgb': {'description': 'XGBoost elderly economic activity predictor', 'type': 'model', 'version': 6, 'dependencies': [], 'target': None, 'creation_time': 1772855169, 'last_modified_time': 1772858181, 'schema': None, 'is_public': False, 'docstring': '-- no docstring found in query function --'}, 'get_cluster': {'description': '6개 구매 컬럼 → 군집 ID (0~4) 리스트.', 'type': 'model', 'version': 1, 'dependencies': [], 'target': None, 'creation_time': 1773043582, 'last_modified_time': 1773043582, 'schema': None, 'is_public': False, 'docstring': '-- no docstring found in query function --'}, 'get_pca1': {'description': '행별 PC1 점수 (SCRIPT_REAL).', 'type': 'model', 'version': 1, 'dependencies': [], 'target': None, 'creation_time': 1773043587, 'last_modified_time': 1773043587, 'schema': None, 'is_public': False, 'docstring': '-- no docstring found in query function --'}, 'get_pca2': {'description': '행별 PC2 점수 (SCRIPT_REAL).', 'type': 'model', 'version': 1, 'dependencies': [], 'target': None, 'creation_time': 1773043588, 'last_modified_time': 1773043588, 'schema': None, 'is_public': False, 'docstring': '-- no docstring found in query function --'}, 'get_pca3': {'description': '행별 PC3 점수 (SCRIPT_REAL).', 'type': 'model', 'version': 1, 'dependencies': [], 'target': None, 'creation_time': 1773043588, 'last_modified_time': 1773043588, 'schema': None, 'is_public': False, 'docstring': '-- no docstring found in query function --'}, 'get_biplot_pc1_loadings': {'description': 'Biplot 변수별 PC1 로딩 (SCRIPT_REAL).', 'type': 'model', 'version': 1, 'dependencies': [], 'target': None, 'creation_time': 1773043588, 'last_modified_time': 1773043588, 'schema': None, 'is_public': False, 'docstring': '-- no docstring found in query function --'}, 'get_biplot_pc2_loadings': {'description': 'Biplot 변수별 PC2 로딩 (SCRIPT_REAL).', 'type': 'model', 'version': 1, 'dependencies': [], 'target': None, 'creation_time': 1773043588, 'last_modified_time': 1773043588, 'schema': None, 'is_public': False, 'docstring': '-- no docstring found in query function --'}, 'get_channel': {'description': '6개 구매 + Region → 채널 0/1 예측 (SCRIPT_INT). ModelName 선택 가능.', 'type': 'model', 'version': 1, 'dependencies': [], 'target': None, 'creation_time': 1773043588, 'last_modified_time': 1773043588, 'schema': None, 'is_public': False, 'docstring': '-- no docstring found in query function --'}}
2026-03-09,17:06:28 [DEBUG] (state.py:state:628): Loading option 'None' from section [Query Objects Service Versions]...
2026-03-09,17:06:28 [DEBUG] (state.py:state:650): Returning value '['predict_ecotype_xgb', 'get_cluster', 'get_pca1', 'get_pca2', 'get_pca3', 'get_biplot_pc1_loadings', 'get_biplot_pc2_loadings', 'get_channel']'
2026-03-09,17:06:28 [DEBUG] (state.py:state:628): Loading option 'predict_ecotype_xgb' from section [Query Objects Service Versions]...
2026-03-09,17:06:28 [DEBUG] (state.py:state:650): Returning value '{"description": "XGBoost elderly economic activity predictor", "type": "model", "version": 6, "dependencies": [], "target": null, "creation_time": 1772855169, "last_modified_time": 1772858181, "schema": null, "is_public": false}'
2026-03-09,17:06:28 [DEBUG] (state.py:state:628): Loading option 'predict_ecotype_xgb' from section [Query Objects Docstrings]...
2026-03-09,17:06:28 [DEBUG] (state.py:state:650): Returning value '-- no docstring found in query function --'
2026-03-09,17:06:28 [DEBUG] (state.py:state:628): Loading option 'get_cluster' from section [Query Objects Service Versions]...
2026-03-09,17:06:28 [DEBUG] (state.py:state:650): Returning value '{"description": "6\uac1c \uad6c\ub9e4 \uceec\ub7fc \u2192 \uad70\uc9d1 ID (0~4) \ub9ac\uc2a4\ud2b8.", "type": "model", "version": 1, "dependencies": [], "target": null, "creation_time": 1773043582, "last_modified_time": 1773043582, "schema": null, "is_public": false}'
2026-03-09,17:06:28 [DEBUG] (state.py:state:628): Loading option 'get_cluster' from section [Query Objects Docstrings]...
2026-03-09,17:06:28 [DEBUG] (state.py:state:650): Returning value '-- no docstring found in query function --'
2026-03-09,17:06:28 [DEBUG] (state.py:state:628): Loading option 'get_pca1' from section [Query Objects Service Versions]...
2026-03-09,17:06:28 [DEBUG] (state.py:state:650): Returning value '{"description": "\ud589\ubcc4 PC1 \uc810\uc218 (SCRIPT_REAL).", "type": "model", "version": 1, "dependencies": [], "target": null, "creation_time": 1773043587, "last_modified_time": 1773043587, "schema": null, "is_public": false}'
2026-03-09,17:06:28 [DEBUG] (state.py:state:628): Loading option 'get_pca1' from section [Query Objects Docstrings]...
2026-03-09,17:06:28 [DEBUG] (state.py:state:650): Returning value '-- no docstring found in query function --'
2026-03-09,17:06:28 [DEBUG] (state.py:state:628): Loading option 'get_pca2' from section [Query Objects Service Versions]...
2026-03-09,17:06:28 [DEBUG] (state.py:state:650): Returning value '{"description": "\ud589\ubcc4 PC2 \uc810\uc218 (SCRIPT_REAL).", "type": "model", "version": 1, "dependencies": [], "target": null, "creation_time": 1773043588, "last_modified_time": 1773043588, "schema": null, "is_public": false}'
2026-03-09,17:06:28 [DEBUG] (state.py:state:628): Loading option 'get_pca2' from section [Query Objects Docstrings]...
2026-03-09,17:06:28 [DEBUG] (state.py:state:650): Returning value '-- no docstring found in query function --'
2026-03-09,17:06:28 [DEBUG] (state.py:state:628): Loading option 'get_pca3' from section [Query Objects Service Versions]...
2026-03-09,17:06:28 [DEBUG] (state.py:state:650): Returning value '{"description": "\ud589\ubcc4 PC3 \uc810\uc218 (SCRIPT_REAL).", "type": "model", "version": 1, "dependencies": [], "target": null, "creation_time": 1773043588, "last_modified_time": 1773043588, "schema": null, "is_public": false}'
2026-03-09,17:06:28 [DEBUG] (state.py:state:628): Loading option 'get_pca3' from section [Query Objects Docstrings]...
2026-03-09,17:06:28 [DEBUG] (state.py:state:650): Returning value '-- no docstring found in query function --'
2026-03-09,17:06:28 [DEBUG] (state.py:state:628): Loading option 'get_biplot_pc1_loadings' from section [Query Objects Service Versions]...
2026-03-09,17:06:28 [DEBUG] (state.py:state:650): Returning value '{"description": "Biplot \ubcc0\uc218\ubcc4 PC1 \ub85c\ub529 (SCRIPT_REAL).", "type": "model", "version": 1, "dependencies": [], "target": null, "creation_time": 1773043588, "last_modified_time": 1773043588, "schema": null, "is_public": false}'
2026-03-09,17:06:28 [DEBUG] (state.py:state:628): Loading option 'get_biplot_pc1_loadings' from section [Query Objects Docstrings]...
2026-03-09,17:06:28 [DEBUG] (state.py:state:650): Returning value '-- no docstring found in query function --'
2026-03-09,17:06:28 [DEBUG] (state.py:state:628): Loading option 'get_biplot_pc2_loadings' from section [Query Objects Service Versions]...
2026-03-09,17:06:28 [DEBUG] (state.py:state:650): Returning value '{"description": "Biplot \ubcc0\uc218\ubcc4 PC2 \ub85c\ub529 (SCRIPT_REAL).", "type": "model", "version": 1, "dependencies": [], "target": null, "creation_time": 1773043588, "last_modified_time": 1773043588, "schema": null, "is_public": false}'
2026-03-09,17:06:28 [DEBUG] (state.py:state:628): Loading option 'get_biplot_pc2_loadings' from section [Query Objects Docstrings]...
2026-03-09,17:06:28 [DEBUG] (state.py:state:650): Returning value '-- no docstring found in query function --'
2026-03-09,17:06:28 [DEBUG] (state.py:state:628): Loading option 'get_channel' from section [Query Objects Service Versions]...
2026-03-09,17:06:28 [DEBUG] (state.py:state:650): Returning value '{"description": "6\uac1c \uad6c\ub9e4 + Region \u2192 \ucc44\ub110 0/1 \uc608\uce21 (SCRIPT_INT). ModelName \uc120\ud0dd \uac00\ub2a5.", "type": "model", "version": 1, "dependencies": [], "target": null, "creation_time": 1773043588, "last_modified_time": 1773043588, "schema": null, "is_public": false}'
2026-03-09,17:06:28 [DEBUG] (state.py:state:628): Loading option 'get_channel' from section [Query Objects Docstrings]...
2026-03-09,17:06:28 [DEBUG] (state.py:state:650): Returning value '-- no docstring found in query function --'
2026-03-09,17:06:28 [DEBUG] (state.py:state:148): Collected endpoints: {'predict_ecotype_xgb': {'description': 'XGBoost elderly economic activity predictor', 'type': 'model', 'version': 6, 'dependencies': [], 'target': None, 'creation_time': 1772855169, 'last_modified_time': 1772858181, 'schema': None, 'is_public': False, 'docstring': '-- no docstring found in query function --'}, 'get_cluster': {'description': '6개 구매 컬럼 → 군집 ID (0~4) 리스트.', 'type': 'model', 'version': 1, 'dependencies': [], 'target': None, 'creation_time': 1773043582, 'last_modified_time': 1773043582, 'schema': None, 'is_public': False, 'docstring': '-- no docstring found in query function --'}, 'get_pca1': {'description': '행별 PC1 점수 (SCRIPT_REAL).', 'type': 'model', 'version': 1, 'dependencies': [], 'target': None, 'creation_time': 1773043587, 'last_modified_time': 1773043587, 'schema': None, 'is_public': False, 'docstring': '-- no docstring found in query function --'}, 'get_pca2': {'description': '행별 PC2 점수 (SCRIPT_REAL).', 'type': 'model', 'version': 1, 'dependencies': [], 'target': None, 'creation_time': 1773043588, 'last_modified_time': 1773043588, 'schema': None, 'is_public': False, 'docstring': '-- no docstring found in query function --'}, 'get_pca3': {'description': '행별 PC3 점수 (SCRIPT_REAL).', 'type': 'model', 'version': 1, 'dependencies': [], 'target': None, 'creation_time': 1773043588, 'last_modified_time': 1773043588, 'schema': None, 'is_public': False, 'docstring': '-- no docstring found in query function --'}, 'get_biplot_pc1_loadings': {'description': 'Biplot 변수별 PC1 로딩 (SCRIPT_REAL).', 'type': 'model', 'version': 1, 'dependencies': [], 'target': None, 'creation_time': 1773043588, 'last_modified_time': 1773043588, 'schema': None, 'is_public': False, 'docstring': '-- no docstring found in query function --'}, 'get_biplot_pc2_loadings': {'description': 'Biplot 변수별 PC2 로딩 (SCRIPT_REAL).', 'type': 'model', 'version': 1, 'dependencies': [], 'target': None, 'creation_time': 1773043588, 'last_modified_time': 1773043588, 'schema': None, 'is_public': False, 'docstring': '-- no docstring found in query function --'}, 'get_channel': {'description': '6개 구매 + Region → 채널 0/1 예측 (SCRIPT_INT). ModelName 선택 가능.', 'type': 'model', 'version': 1, 'dependencies': [], 'target': None, 'creation_time': 1773043588, 'last_modified_time': 1773043588, 'schema': None, 'is_public': False, 'docstring': '-- no docstring found in query function --'}}
2026-03-09,17:06:28 [INFO] (state.py:state:657): Writing state to config
2026-03-09,17:06:28 [DEBUG] (util.py:util:19): State path is C:\Users\bohee\AppData\Local\Programs\Python\Python313\Lib\site-packages\tabpy\tabpy_server
2026-03-09,17:06:28 [INFO] (state.py:state:657): Writing state to config
2026-03-09,17:06:28 [DEBUG] (util.py:util:19): State path is C:\Users\bohee\AppData\Local\Programs\Python\Python313\Lib\site-packages\tabpy\tabpy_server
2026-03-09,17:06:28 [INFO] (state.py:state:657): Writing state to config
2026-03-09,17:06:28 [DEBUG] (util.py:util:19): State path is C:\Users\bohee\AppData\Local\Programs\Python\Python313\Lib\site-packages\tabpy\tabpy_server
2026-03-09,17:06:28 [INFO] (state.py:state:657): Writing state to config
2026-03-09,17:06:28 [DEBUG] (util.py:util:19): State path is C:\Users\bohee\AppData\Local\Programs\Python\Python313\Lib\site-packages\tabpy\tabpy_server
2026-03-09,17:06:28 [INFO] (state.py:state:657): Writing state to config
2026-03-09,17:06:28 [DEBUG] (util.py:util:19): State path is C:\Users\bohee\AppData\Local\Programs\Python\Python313\Lib\site-packages\tabpy\tabpy_server
2026-03-09,17:06:28 [INFO] (state.py:state:657): Writing state to config
2026-03-09,17:06:28 [DEBUG] (util.py:util:19): State path is C:\Users\bohee\AppData\Local\Programs\Python\Python313\Lib\site-packages\tabpy\tabpy_server
2026-03-09,17:06:28 [INFO] (state.py:state:657): Writing state to config
2026-03-09,17:06:28 [DEBUG] (util.py:util:19): State path is C:\Users\bohee\AppData\Local\Programs\Python\Python313\Lib\site-packages\tabpy\tabpy_server
2026-03-09,17:06:28 [INFO] (state.py:state:657): Writing state to config
2026-03-09,17:06:28 [DEBUG] (util.py:util:19): State path is C:\Users\bohee\AppData\Local\Programs\Python\Python313\Lib\site-packages\tabpy\tabpy_server
2026-03-09,17:06:28 [INFO] (state.py:state:657): Writing state to config
2026-03-09,17:06:28 [DEBUG] (util.py:util:19): State path is C:\Users\bohee\AppData\Local\Programs\Python\Python313\Lib\site-packages\tabpy\tabpy_server
2026-03-09,17:06:28 [INFO] (state.py:state:657): Writing state to config
2026-03-09,17:06:28 [DEBUG] (util.py:util:19): State path is C:\Users\bohee\AppData\Local\Programs\Python\Python313\Lib\site-packages\tabpy\tabpy_server
2026-03-09,17:06:28 [INFO] (state.py:state:657): Writing state to config
2026-03-09,17:06:28 [DEBUG] (util.py:util:19): State path is C:\Users\bohee\AppData\Local\Programs\Python\Python313\Lib\site-packages\tabpy\tabpy_server
2026-03-09,17:06:28 [INFO] (state.py:state:657): Writing state to config
2026-03-09,17:06:28 [DEBUG] (util.py:util:19): State path is C:\Users\bohee\AppData\Local\Programs\Python\Python313\Lib\site-packages\tabpy\tabpy_server
2026-03-09,17:06:28 [INFO] (state.py:state:657): Writing state to config
2026-03-09,17:06:28 [DEBUG] (util.py:util:19): State path is C:\Users\bohee\AppData\Local\Programs\Python\Python313\Lib\site-packages\tabpy\tabpy_server
2026-03-09,17:06:28 [INFO] (state.py:state:657): Writing state to config
2026-03-09,17:06:28 [DEBUG] (util.py:util:19): State path is C:\Users\bohee\AppData\Local\Programs\Python\Python313\Lib\site-packages\tabpy\tabpy_server
2026-03-09,17:06:28 [INFO] (state.py:state:657): Writing state to config
2026-03-09,17:06:28 [DEBUG] (util.py:util:19): State path is C:\Users\bohee\AppData\Local\Programs\Python\Python313\Lib\site-packages\tabpy\tabpy_server
2026-03-09,17:06:28 [INFO] (state.py:state:657): Writing state to config
2026-03-09,17:06:28 [DEBUG] (util.py:util:19): State path is C:\Users\bohee\AppData\Local\Programs\Python\Python313\Lib\site-packages\tabpy\tabpy_server
2026-03-09,17:06:28 [INFO] (state.py:state:657): Writing state to config
2026-03-09,17:06:28 [DEBUG] (util.py:util:19): State path is C:\Users\bohee\AppData\Local\Programs\Python\Python313\Lib\site-packages\tabpy\tabpy_server
2026-03-09,17:06:28 [INFO] (state.py:state:657): Writing state to config
2026-03-09,17:06:28 [DEBUG] (util.py:util:19): State path is C:\Users\bohee\AppData\Local\Programs\Python\Python313\Lib\site-packages\tabpy\tabpy_server
2026-03-09,17:06:28 [INFO] (base_handler.py:base_handler:115): Loading state from state file
2026-03-09,17:06:28 [DEBUG] (state.py:state:628): Loading option 'None' from section [Query Objects Service Versions]...
2026-03-09,17:06:28 [DEBUG] (state.py:state:650): Returning value '['predict_ecotype_xgb', 'get_cluster', 'get_pca1', 'get_pca2', 'get_pca3', 'get_biplot_pc1_loadings', 'get_biplot_pc2_loadings', 'get_channel', 'get_channel_proba']'
2026-03-09,17:06:28 [DEBUG] (state.py:state:628): Loading option 'predict_ecotype_xgb' from section [Query Objects Service Versions]...
2026-03-09,17:06:28 [DEBUG] (state.py:state:650): Returning value '{"description": "XGBoost elderly economic activity predictor", "type": "model", "version": 6, "dependencies": [], "target": null, "creation_time": 1772855169, "last_modified_time": 1772858181, "schema": null, "is_public": false}'
2026-03-09,17:06:28 [DEBUG] (state.py:state:628): Loading option 'predict_ecotype_xgb' from section [Query Objects Docstrings]...
2026-03-09,17:06:28 [DEBUG] (state.py:state:650): Returning value '-- no docstring found in query function --'
2026-03-09,17:06:28 [DEBUG] (state.py:state:628): Loading option 'get_cluster' from section [Query Objects Service Versions]...
2026-03-09,17:06:28 [DEBUG] (state.py:state:650): Returning value '{"description": "6\uac1c \uad6c\ub9e4 \uceec\ub7fc \u2192 \uad70\uc9d1 ID (0~4) \ub9ac\uc2a4\ud2b8.", "type": "model", "version": 1, "dependencies": [], "target": null, "creation_time": 1773043582, "last_modified_time": 1773043582, "schema": null, "is_public": false}'
2026-03-09,17:06:28 [DEBUG] (state.py:state:628): Loading option 'get_cluster' from section [Query Objects Docstrings]...
2026-03-09,17:06:28 [DEBUG] (state.py:state:650): Returning value '-- no docstring found in query function --'
2026-03-09,17:06:28 [DEBUG] (state.py:state:628): Loading option 'get_pca1' from section [Query Objects Service Versions]...
2026-03-09,17:06:28 [DEBUG] (state.py:state:650): Returning value '{"description": "\ud589\ubcc4 PC1 \uc810\uc218 (SCRIPT_REAL).", "type": "model", "version": 1, "dependencies": [], "target": null, "creation_time": 1773043587, "last_modified_time": 1773043587, "schema": null, "is_public": false}'
2026-03-09,17:06:28 [DEBUG] (state.py:state:628): Loading option 'get_pca1' from section [Query Objects Docstrings]...
2026-03-09,17:06:28 [DEBUG] (state.py:state:650): Returning value '-- no docstring found in query function --'
2026-03-09,17:06:28 [DEBUG] (state.py:state:628): Loading option 'get_pca2' from section [Query Objects Service Versions]...
2026-03-09,17:06:28 [DEBUG] (state.py:state:650): Returning value '{"description": "\ud589\ubcc4 PC2 \uc810\uc218 (SCRIPT_REAL).", "type": "model", "version": 1, "dependencies": [], "target": null, "creation_time": 1773043588, "last_modified_time": 1773043588, "schema": null, "is_public": false}'
2026-03-09,17:06:28 [DEBUG] (state.py:state:628): Loading option 'get_pca2' from section [Query Objects Docstrings]...
2026-03-09,17:06:28 [DEBUG] (state.py:state:650): Returning value '-- no docstring found in query function --'
2026-03-09,17:06:28 [DEBUG] (state.py:state:628): Loading option 'get_pca3' from section [Query Objects Service Versions]...
2026-03-09,17:06:28 [DEBUG] (state.py:state:650): Returning value '{"description": "\ud589\ubcc4 PC3 \uc810\uc218 (SCRIPT_REAL).", "type": "model", "version": 1, "dependencies": [], "target": null, "creation_time": 1773043588, "last_modified_time": 1773043588, "schema": null, "is_public": false}'
2026-03-09,17:06:28 [DEBUG] (state.py:state:628): Loading option 'get_pca3' from section [Query Objects Docstrings]...
2026-03-09,17:06:28 [DEBUG] (state.py:state:650): Returning value '-- no docstring found in query function --'
2026-03-09,17:06:28 [DEBUG] (state.py:state:628): Loading option 'get_biplot_pc1_loadings' from section [Query Objects Service Versions]...
2026-03-09,17:06:28 [DEBUG] (state.py:state:650): Returning value '{"description": "Biplot \ubcc0\uc218\ubcc4 PC1 \ub85c\ub529 (SCRIPT_REAL).", "type": "model", "version": 1, "dependencies": [], "target": null, "creation_time": 1773043588, "last_modified_time": 1773043588, "schema": null, "is_public": false}'
2026-03-09,17:06:28 [DEBUG] (state.py:state:628): Loading option 'get_biplot_pc1_loadings' from section [Query Objects Docstrings]...
2026-03-09,17:06:28 [DEBUG] (state.py:state:650): Returning value '-- no docstring found in query function --'
2026-03-09,17:06:28 [DEBUG] (state.py:state:628): Loading option 'get_biplot_pc2_loadings' from section [Query Objects Service Versions]...
2026-03-09,17:06:28 [DEBUG] (state.py:state:650): Returning value '{"description": "Biplot \ubcc0\uc218\ubcc4 PC2 \ub85c\ub529 (SCRIPT_REAL).", "type": "model", "version": 1, "dependencies": [], "target": null, "creation_time": 1773043588, "last_modified_time": 1773043588, "schema": null, "is_public": false}'
2026-03-09,17:06:28 [DEBUG] (state.py:state:628): Loading option 'get_biplot_pc2_loadings' from section [Query Objects Docstrings]...
2026-03-09,17:06:28 [DEBUG] (state.py:state:650): Returning value '-- no docstring found in query function --'
2026-03-09,17:06:28 [DEBUG] (state.py:state:628): Loading option 'get_channel' from section [Query Objects Service Versions]...
2026-03-09,17:06:28 [DEBUG] (state.py:state:650): Returning value '{"description": "6\uac1c \uad6c\ub9e4 + Region \u2192 \ucc44\ub110 0/1 \uc608\uce21 (SCRIPT_INT). ModelName \uc120\ud0dd \uac00\ub2a5.", "type": "model", "version": 1, "dependencies": [], "target": null, "creation_time": 1773043588, "last_modified_time": 1773043588, "schema": null, "is_public": false}'
2026-03-09,17:06:28 [DEBUG] (state.py:state:628): Loading option 'get_channel' from section [Query Objects Docstrings]...
2026-03-09,17:06:28 [DEBUG] (state.py:state:650): Returning value '-- no docstring found in query function --'
2026-03-09,17:06:28 [DEBUG] (state.py:state:628): Loading option 'get_channel_proba' from section [Query Objects Service Versions]...
2026-03-09,17:06:28 [DEBUG] (state.py:state:650): Returning value '{"description": "6\uac1c \uad6c\ub9e4 + Region \u2192 \ucc44\ub110 1(\uc591\uc131) \ud655\ub960 (SCRIPT_REAL). AUC-ROC \uace1\uc120\uc6a9.", "type": "model", "version": 1, "dependencies": [], "target": null, "creation_time": 1773043588, "last_modified_time": 1773043588, "schema": null, "is_public": false}'
2026-03-09,17:06:28 [DEBUG] (state.py:state:628): Loading option 'get_channel_proba' from section [Query Objects Docstrings]...
2026-03-09,17:06:28 [DEBUG] (state.py:state:650): Returning value '-- no docstring found in query function --'
2026-03-09,17:06:28 [DEBUG] (state.py:state:148): Collected endpoints: {'predict_ecotype_xgb': {'description': 'XGBoost elderly economic activity predictor', 'type': 'model', 'version': 6, 'dependencies': [], 'target': None, 'creation_time': 1772855169, 'last_modified_time': 1772858181, 'schema': None, 'is_public': False, 'docstring': '-- no docstring found in query function --'}, 'get_cluster': {'description': '6개 구매 컬럼 → 군집 ID (0~4) 리스트.', 'type': 'model', 'version': 1, 'dependencies': [], 'target': None, 'creation_time': 1773043582, 'last_modified_time': 1773043582, 'schema': None, 'is_public': False, 'docstring': '-- no docstring found in query function --'}, 'get_pca1': {'description': '행별 PC1 점수 (SCRIPT_REAL).', 'type': 'model', 'version': 1, 'dependencies': [], 'target': None, 'creation_time': 1773043587, 'last_modified_time': 1773043587, 'schema': None, 'is_public': False, 'docstring': '-- no docstring found in query function --'}, 'get_pca2': {'description': '행별 PC2 점수 (SCRIPT_REAL).', 'type': 'model', 'version': 1, 'dependencies': [], 'target': None, 'creation_time': 1773043588, 'last_modified_time': 1773043588, 'schema': None, 'is_public': False, 'docstring': '-- no docstring found in query function --'}, 'get_pca3': {'description': '행별 PC3 점수 (SCRIPT_REAL).', 'type': 'model', 'version': 1, 'dependencies': [], 'target': None, 'creation_time': 1773043588, 'last_modified_time': 1773043588, 'schema': None, 'is_public': False, 'docstring': '-- no docstring found in query function --'}, 'get_biplot_pc1_loadings': {'description': 'Biplot 변수별 PC1 로딩 (SCRIPT_REAL).', 'type': 'model', 'version': 1, 'dependencies': [], 'target': None, 'creation_time': 1773043588, 'last_modified_time': 1773043588, 'schema': None, 'is_public': False, 'docstring': '-- no docstring found in query function --'}, 'get_biplot_pc2_loadings': {'description': 'Biplot 변수별 PC2 로딩 (SCRIPT_REAL).', 'type': 'model', 'version': 1, 'dependencies': [], 'target': None, 'creation_time': 1773043588, 'last_modified_time': 1773043588, 'schema': None, 'is_public': False, 'docstring': '-- no docstring found in query function --'}, 'get_channel': {'description': '6개 구매 + Region → 채널 0/1 예측 (SCRIPT_INT). ModelName 선택 가능.', 'type': 'model', 'version': 1, 'dependencies': [], 'target': None, 'creation_time': 1773043588, 'last_modified_time': 1773043588, 'schema': None, 'is_public': False, 'docstring': '-- no docstring found in query function --'}, 'get_channel_proba': {'description': '6개 구매 + Region → 채널 1(양성) 확률 (SCRIPT_REAL). AUC-ROC 곡선용.', 'type': 'model', 'version': 1, 'dependencies': [], 'target': None, 'creation_time': 1773043588, 'last_modified_time': 1773043588, 'schema': None, 'is_public': False, 'docstring': '-- no docstring found in query function --'}}
2026-03-09,17:06:28 [DEBUG] (state.py:state:628): Loading option 'None' from section [Query Objects Service Versions]...
2026-03-09,17:06:28 [DEBUG] (state.py:state:650): Returning value '['predict_ecotype_xgb', 'get_cluster', 'get_pca1', 'get_pca2', 'get_pca3', 'get_biplot_pc1_loadings', 'get_biplot_pc2_loadings', 'get_channel', 'get_channel_proba']'
2026-03-09,17:06:28 [DEBUG] (state.py:state:628): Loading option 'predict_ecotype_xgb' from section [Query Objects Service Versions]...
2026-03-09,17:06:28 [DEBUG] (state.py:state:650): Returning value '{"description": "XGBoost elderly economic activity predictor", "type": "model", "version": 6, "dependencies": [], "target": null, "creation_time": 1772855169, "last_modified_time": 1772858181, "schema": null, "is_public": false}'
2026-03-09,17:06:28 [DEBUG] (state.py:state:628): Loading option 'predict_ecotype_xgb' from section [Query Objects Docstrings]...
2026-03-09,17:06:28 [DEBUG] (state.py:state:650): Returning value '-- no docstring found in query function --'
2026-03-09,17:06:28 [DEBUG] (state.py:state:628): Loading option 'get_cluster' from section [Query Objects Service Versions]...
2026-03-09,17:06:28 [DEBUG] (state.py:state:650): Returning value '{"description": "6\uac1c \uad6c\ub9e4 \uceec\ub7fc \u2192 \uad70\uc9d1 ID (0~4) \ub9ac\uc2a4\ud2b8.", "type": "model", "version": 1, "dependencies": [], "target": null, "creation_time": 1773043582, "last_modified_time": 1773043582, "schema": null, "is_public": false}'
2026-03-09,17:06:28 [DEBUG] (state.py:state:628): Loading option 'get_cluster' from section [Query Objects Docstrings]...
2026-03-09,17:06:28 [DEBUG] (state.py:state:650): Returning value '-- no docstring found in query function --'
2026-03-09,17:06:28 [DEBUG] (state.py:state:628): Loading option 'get_pca1' from section [Query Objects Service Versions]...
2026-03-09,17:06:28 [DEBUG] (state.py:state:650): Returning value '{"description": "\ud589\ubcc4 PC1 \uc810\uc218 (SCRIPT_REAL).", "type": "model", "version": 1, "dependencies": [], "target": null, "creation_time": 1773043587, "last_modified_time": 1773043587, "schema": null, "is_public": false}'
2026-03-09,17:06:28 [DEBUG] (state.py:state:628): Loading option 'get_pca1' from section [Query Objects Docstrings]...
2026-03-09,17:06:28 [DEBUG] (state.py:state:650): Returning value '-- no docstring found in query function --'
2026-03-09,17:06:28 [DEBUG] (state.py:state:628): Loading option 'get_pca2' from section [Query Objects Service Versions]...
2026-03-09,17:06:28 [DEBUG] (state.py:state:650): Returning value '{"description": "\ud589\ubcc4 PC2 \uc810\uc218 (SCRIPT_REAL).", "type": "model", "version": 1, "dependencies": [], "target": null, "creation_time": 1773043588, "last_modified_time": 1773043588, "schema": null, "is_public": false}'
2026-03-09,17:06:28 [DEBUG] (state.py:state:628): Loading option 'get_pca2' from section [Query Objects Docstrings]...
2026-03-09,17:06:28 [DEBUG] (state.py:state:650): Returning value '-- no docstring found in query function --'
2026-03-09,17:06:28 [DEBUG] (state.py:state:628): Loading option 'get_pca3' from section [Query Objects Service Versions]...
2026-03-09,17:06:28 [DEBUG] (state.py:state:650): Returning value '{"description": "\ud589\ubcc4 PC3 \uc810\uc218 (SCRIPT_REAL).", "type": "model", "version": 1, "dependencies": [], "target": null, "creation_time": 1773043588, "last_modified_time": 1773043588, "schema": null, "is_public": false}'
2026-03-09,17:06:28 [DEBUG] (state.py:state:628): Loading option 'get_pca3' from section [Query Objects Docstrings]...
2026-03-09,17:06:28 [DEBUG] (state.py:state:650): Returning value '-- no docstring found in query function --'
2026-03-09,17:06:28 [DEBUG] (state.py:state:628): Loading option 'get_biplot_pc1_loadings' from section [Query Objects Service Versions]...
2026-03-09,17:06:28 [DEBUG] (state.py:state:650): Returning value '{"description": "Biplot \ubcc0\uc218\ubcc4 PC1 \ub85c\ub529 (SCRIPT_REAL).", "type": "model", "version": 1, "dependencies": [], "target": null, "creation_time": 1773043588, "last_modified_time": 1773043588, "schema": null, "is_public": false}'
2026-03-09,17:06:28 [DEBUG] (state.py:state:628): Loading option 'get_biplot_pc1_loadings' from section [Query Objects Docstrings]...
2026-03-09,17:06:28 [DEBUG] (state.py:state:650): Returning value '-- no docstring found in query function --'
2026-03-09,17:06:28 [DEBUG] (state.py:state:628): Loading option 'get_biplot_pc2_loadings' from section [Query Objects Service Versions]...
2026-03-09,17:06:28 [DEBUG] (state.py:state:650): Returning value '{"description": "Biplot \ubcc0\uc218\ubcc4 PC2 \ub85c\ub529 (SCRIPT_REAL).", "type": "model", "version": 1, "dependencies": [], "target": null, "creation_time": 1773043588, "last_modified_time": 1773043588, "schema": null, "is_public": false}'
2026-03-09,17:06:28 [DEBUG] (state.py:state:628): Loading option 'get_biplot_pc2_loadings' from section [Query Objects Docstrings]...
2026-03-09,17:06:28 [DEBUG] (state.py:state:650): Returning value '-- no docstring found in query function --'
2026-03-09,17:06:28 [DEBUG] (state.py:state:628): Loading option 'get_channel' from section [Query Objects Service Versions]...
2026-03-09,17:06:28 [DEBUG] (state.py:state:650): Returning value '{"description": "6\uac1c \uad6c\ub9e4 + Region \u2192 \ucc44\ub110 0/1 \uc608\uce21 (SCRIPT_INT). ModelName \uc120\ud0dd \uac00\ub2a5.", "type": "model", "version": 1, "dependencies": [], "target": null, "creation_time": 1773043588, "last_modified_time": 1773043588, "schema": null, "is_public": false}'
2026-03-09,17:06:28 [DEBUG] (state.py:state:628): Loading option 'get_channel' from section [Query Objects Docstrings]...
2026-03-09,17:06:28 [DEBUG] (state.py:state:650): Returning value '-- no docstring found in query function --'
2026-03-09,17:06:28 [DEBUG] (state.py:state:628): Loading option 'get_channel_proba' from section [Query Objects Service Versions]...
2026-03-09,17:06:28 [DEBUG] (state.py:state:650): Returning value '{"description": "6\uac1c \uad6c\ub9e4 + Region \u2192 \ucc44\ub110 1(\uc591\uc131) \ud655\ub960 (SCRIPT_REAL). AUC-ROC \uace1\uc120\uc6a9.", "type": "model", "version": 1, "dependencies": [], "target": null, "creation_time": 1773043588, "last_modified_time": 1773043588, "schema": null, "is_public": false}'
2026-03-09,17:06:28 [DEBUG] (state.py:state:628): Loading option 'get_channel_proba' from section [Query Objects Docstrings]...
2026-03-09,17:06:28 [DEBUG] (state.py:state:650): Returning value '-- no docstring found in query function --'
2026-03-09,17:06:28 [DEBUG] (state.py:state:148): Collected endpoints: {'predict_ecotype_xgb': {'description': 'XGBoost elderly economic activity predictor', 'type': 'model', 'version': 6, 'dependencies': [], 'target': None, 'creation_time': 1772855169, 'last_modified_time': 1772858181, 'schema': None, 'is_public': False, 'docstring': '-- no docstring found in query function --'}, 'get_cluster': {'description': '6개 구매 컬럼 → 군집 ID (0~4) 리스트.', 'type': 'model', 'version': 1, 'dependencies': [], 'target': None, 'creation_time': 1773043582, 'last_modified_time': 1773043582, 'schema': None, 'is_public': False, 'docstring': '-- no docstring found in query function --'}, 'get_pca1': {'description': '행별 PC1 점수 (SCRIPT_REAL).', 'type': 'model', 'version': 1, 'dependencies': [], 'target': None, 'creation_time': 1773043587, 'last_modified_time': 1773043587, 'schema': None, 'is_public': False, 'docstring': '-- no docstring found in query function --'}, 'get_pca2': {'description': '행별 PC2 점수 (SCRIPT_REAL).', 'type': 'model', 'version': 1, 'dependencies': [], 'target': None, 'creation_time': 1773043588, 'last_modified_time': 1773043588, 'schema': None, 'is_public': False, 'docstring': '-- no docstring found in query function --'}, 'get_pca3': {'description': '행별 PC3 점수 (SCRIPT_REAL).', 'type': 'model', 'version': 1, 'dependencies': [], 'target': None, 'creation_time': 1773043588, 'last_modified_time': 1773043588, 'schema': None, 'is_public': False, 'docstring': '-- no docstring found in query function --'}, 'get_biplot_pc1_loadings': {'description': 'Biplot 변수별 PC1 로딩 (SCRIPT_REAL).', 'type': 'model', 'version': 1, 'dependencies': [], 'target': None, 'creation_time': 1773043588, 'last_modified_time': 1773043588, 'schema': None, 'is_public': False, 'docstring': '-- no docstring found in query function --'}, 'get_biplot_pc2_loadings': {'description': 'Biplot 변수별 PC2 로딩 (SCRIPT_REAL).', 'type': 'model', 'version': 1, 'dependencies': [], 'target': None, 'creation_time': 1773043588, 'last_modified_time': 1773043588, 'schema': None, 'is_public': False, 'docstring': '-- no docstring found in query function --'}, 'get_channel': {'description': '6개 구매 + Region → 채널 0/1 예측 (SCRIPT_INT). ModelName 선택 가능.', 'type': 'model', 'version': 1, 'dependencies': [], 'target': None, 'creation_time': 1773043588, 'last_modified_time': 1773043588, 'schema': None, 'is_public': False, 'docstring': '-- no docstring found in query function --'}, 'get_channel_proba': {'description': '6개 구매 + Region → 채널 1(양성) 확률 (SCRIPT_REAL). AUC-ROC 곡선용.', 'type': 'model', 'version': 1, 'dependencies': [], 'target': None, 'creation_time': 1773043588, 'last_modified_time': 1773043588, 'schema': None, 'is_public': False, 'docstring': '-- no docstring found in query function --'}}
2026-03-09,17:06:28 [DEBUG] (python_service.py:python_service:39): Received request LoadObject
2026-03-09,17:06:28 [DEBUG] (python_service.py:python_service:53): Returning response LoadInProgress(uri='get_channel_proba', path='C:\\Users\\bohee\\AppData\\Local\\Programs\\Python\\Python313\\Lib\\site-packages\\tabpy\\tabpy_server/query_objects/get_channel_proba/1', version=1, is_update=False, endpoint_type='model')
2026-03-09,17:06:28 [INFO] (python_service.py:python_service:89): Loading object:, URI=get_channel_proba, URL=C:\Users\bohee\AppData\Local\Programs\Python\Python313\Lib\site-packages\tabpy\tabpy_server/query_objects/get_channel_proba/1, version=1, is_updated=False
2026-03-09,17:06:28 [INFO] (callbacks.py:callbacks:24): Waiting for object to be loaded...
2026-03-09,17:06:28 [DEBUG] (python_service.py:python_service:39): Received request ListObjects
2026-03-09,17:06:28 [DEBUG] (python_service.py:python_service:53): Returning response ObjectList(objects={'predict_ecotype_xgb': {'version': 6, 'type': 'model', 'status': 'LoadSuccessful', 'reason': None}, 'get_cluster': {'version': 1, 'type': 'model', 'status': 'LoadSuccessful', 'reason': None}, 'get_pca1': {'version': 1, 'type': 'model', 'status': 'LoadSuccessful', 'reason': None}, 'get_pca2': {'version': 1, 'type': 'model', 'status': 'LoadSuccessful', 'reason': None}, 'get_pca3': {'version': 1, 'type': 'model', 'status': 'LoadSuccessful', 'reason': None}, 'get_biplot_pc1_loadings': {'version': 1, 'type': 'model', 'status': 'LoadSuccessful', 'reason': None}, 'get_biplot_pc2_loadings': {'version': 1, 'type': 'model', 'status': 'LoadSuccessful', 'reason': None}, 'get_channel': {'version': 1, 'type': 'model', 'status': 'LoadSuccessful', 'reason': None}, 'get_channel_proba': {'version': 1, 'type': 'model', 'status': 'LoadInProgress', 'reason': None}})
2026-03-09,17:06:28 [INFO] (query_object.py:query_object:80): Loaded query object "CustomQueryObject" successfully
2026-03-09,17:06:28 [DEBUG] (python_service.py:python_service:39): Received request ListObjects
2026-03-09,17:06:28 [DEBUG] (python_service.py:python_service:53): Returning response ObjectList(objects={'predict_ecotype_xgb': {'version': 6, 'type': 'model', 'status': 'LoadSuccessful', 'reason': None}, 'get_cluster': {'version': 1, 'type': 'model', 'status': 'LoadSuccessful', 'reason': None}, 'get_pca1': {'version': 1, 'type': 'model', 'status': 'LoadSuccessful', 'reason': None}, 'get_pca2': {'version': 1, 'type': 'model', 'status': 'LoadSuccessful', 'reason': None}, 'get_pca3': {'version': 1, 'type': 'model', 'status': 'LoadSuccessful', 'reason': None}, 'get_biplot_pc1_loadings': {'version': 1, 'type': 'model', 'status': 'LoadSuccessful', 'reason': None}, 'get_biplot_pc2_loadings': {'version': 1, 'type': 'model', 'status': 'LoadSuccessful', 'reason': None}, 'get_channel': {'version': 1, 'type': 'model', 'status': 'LoadSuccessful', 'reason': None}, 'get_channel_proba': {'version': 1, 'type': 'model', 'status': 'LoadSuccessful', 'reason': None}})
2026-03-09,17:06:28 [INFO] (callbacks.py:callbacks:35): Object load status: LoadSuccessful
2026-03-09,17:06:28 [DEBUG] (base_handler.py:base_handler:115): Endpoint get_channel_proba successfully added
2026-03-09,17:06:28 [DEBUG] (state.py:state:628): Loading option 'get_channel_proba' from section [Query Objects Service Versions]...
2026-03-09,17:06:28 [DEBUG] (state.py:state:650): Returning value '{"description": "6\uac1c \uad6c\ub9e4 + Region \u2192 \ucc44\ub110 1(\uc591\uc131) \ud655\ub960 (SCRIPT_REAL). AUC-ROC \uace1\uc120\uc6a9.", "type": "model", "version": 1, "dependencies": [], "target": null, "creation_time": 1773043588, "last_modified_time": 1773043588, "schema": null, "is_public": false}'
2026-03-09,17:06:28 [DEBUG] (state.py:state:628): Loading option 'get_channel_proba' from section [Query Objects Docstrings]...
2026-03-09,17:06:28 [DEBUG] (state.py:state:650): Returning value '-- no docstring found in query function --'
2026-03-09,17:06:28 [DEBUG] (state.py:state:148): Collected endpoints: {'get_channel_proba': {'description': '6개 구매 + Region → 채널 1(양성) 확률 (SCRIPT_REAL). AUC-ROC 곡선용.', 'type': 'model', 'version': 1, 'dependencies': [], 'target': None, 'creation_time': 1773043588, 'last_modified_time': 1773043588, 'schema': None, 'is_public': False, 'docstring': '-- no docstring found in query function --'}}
2026-03-09,17:06:28 [INFO] (web.py:web:2418): 201 POST /endpoints (::1) 156.87ms
2026-03-09,17:06:28 [DEBUG] (base_handler.py:base_handler:115): Checking if need to handle authentication
2026-03-09,17:06:28 [DEBUG] (base_handler.py:base_handler:115): Handling authentication
2026-03-09,17:06:28 [INFO] (base_handler.py:base_handler:115): Authentication is not a required feature for API "v1"
2026-03-09,17:06:28 [DEBUG] (base_handler.py:base_handler:115): Checking request headers for authentication data
2026-03-09,17:06:28 [INFO] (base_handler.py:base_handler:115): Authorization header not found
2026-03-09,17:06:28 [DEBUG] (base_handler.py:base_handler:115): authentication not required, username and password are none
2026-03-09,17:06:28 [DEBUG] (state.py:state:526): Collecting Access-Control-Allow-Origin from state file ...
2026-03-09,17:06:28 [DEBUG] (state.py:state:628): Loading option 'Access-Control-Allow-Origin' from section [Service Info]...
2026-03-09,17:06:28 [DEBUG] (state.py:state:650): Returning value ''
2026-03-09,17:06:28 [DEBUG] (state.py:state:628): Loading option 'Access-Control-Allow-Headers' from section [Service Info]...
2026-03-09,17:06:28 [DEBUG] (state.py:state:650): Returning value ''
2026-03-09,17:06:28 [DEBUG] (state.py:state:628): Loading option 'Access-Control-Allow-Methods' from section [Service Info]...
2026-03-09,17:06:28 [DEBUG] (state.py:state:650): Returning value ''
2026-03-09,17:06:28 [DEBUG] (base_handler.py:base_handler:115): Found models: {'predict_ecotype_xgb': {'version': 6, 'type': 'model', 'status': 'LoadSuccessful', 'last_error': None}, 'get_cluster': {'version': 1, 'type': 'model', 'status': 'LoadSuccessful', 'last_error': None}, 'get_pca1': {'version': 1, 'type': 'model', 'status': 'LoadSuccessful', 'last_error': None}, 'get_pca2': {'version': 1, 'type': 'model', 'status': 'LoadSuccessful', 'last_error': None}, 'get_pca3': {'version': 1, 'type': 'model', 'status': 'LoadSuccessful', 'last_error': None}, 'get_biplot_pc1_loadings': {'version': 1, 'type': 'model', 'status': 'LoadSuccessful', 'last_error': None}, 'get_biplot_pc2_loadings': {'version': 1, 'type': 'model', 'status': 'LoadSuccessful', 'last_error': None}, 'get_channel': {'version': 1, 'type': 'model', 'status': 'LoadSuccessful', 'last_error': None}, 'get_channel_proba': {'version': 1, 'type': 'model', 'status': 'LoadSuccessful', 'last_error': None}}
2026-03-09,17:06:28 [INFO] (web.py:web:2418): 200 GET /status (::1) 1.57ms
2026-03-09,17:06:28 [DEBUG] (base_handler.py:base_handler:115): Checking if need to handle authentication
2026-03-09,17:06:28 [DEBUG] (base_handler.py:base_handler:115): Handling authentication
2026-03-09,17:06:28 [INFO] (base_handler.py:base_handler:115): Authentication is not a required feature for API "v1"
2026-03-09,17:06:28 [DEBUG] (base_handler.py:base_handler:115): Checking request headers for authentication data
2026-03-09,17:06:28 [INFO] (base_handler.py:base_handler:115): Authorization header not found
2026-03-09,17:06:28 [DEBUG] (base_handler.py:base_handler:115): authentication not required, username and password are none
2026-03-09,17:06:28 [DEBUG] (state.py:state:526): Collecting Access-Control-Allow-Origin from state file ...
2026-03-09,17:06:28 [DEBUG] (state.py:state:628): Loading option 'Access-Control-Allow-Origin' from section [Service Info]...
2026-03-09,17:06:28 [DEBUG] (state.py:state:650): Returning value ''
2026-03-09,17:06:28 [DEBUG] (state.py:state:628): Loading option 'Access-Control-Allow-Headers' from section [Service Info]...
2026-03-09,17:06:28 [DEBUG] (state.py:state:650): Returning value ''
2026-03-09,17:06:28 [DEBUG] (state.py:state:628): Loading option 'Access-Control-Allow-Methods' from section [Service Info]...
2026-03-09,17:06:28 [DEBUG] (state.py:state:650): Returning value ''
2026-03-09,17:06:28 [DEBUG] (state.py:state:628): Loading option 'None' from section [Query Objects Service Versions]...
2026-03-09,17:06:28 [DEBUG] (state.py:state:650): Returning value '['predict_ecotype_xgb', 'get_cluster', 'get_pca1', 'get_pca2', 'get_pca3', 'get_biplot_pc1_loadings', 'get_biplot_pc2_loadings', 'get_channel', 'get_channel_proba']'
2026-03-09,17:06:28 [DEBUG] (state.py:state:628): Loading option 'predict_ecotype_xgb' from section [Query Objects Service Versions]...
2026-03-09,17:06:28 [DEBUG] (state.py:state:650): Returning value '{"description": "XGBoost elderly economic activity predictor", "type": "model", "version": 6, "dependencies": [], "target": null, "creation_time": 1772855169, "last_modified_time": 1772858181, "schema": null, "is_public": false}'
2026-03-09,17:06:28 [DEBUG] (state.py:state:628): Loading option 'predict_ecotype_xgb' from section [Query Objects Docstrings]...
2026-03-09,17:06:28 [DEBUG] (state.py:state:650): Returning value '-- no docstring found in query function --'
2026-03-09,17:06:28 [DEBUG] (state.py:state:628): Loading option 'get_cluster' from section [Query Objects Service Versions]...
2026-03-09,17:06:28 [DEBUG] (state.py:state:650): Returning value '{"description": "6\uac1c \uad6c\ub9e4 \uceec\ub7fc \u2192 \uad70\uc9d1 ID (0~4) \ub9ac\uc2a4\ud2b8.", "type": "model", "version": 1, "dependencies": [], "target": null, "creation_time": 1773043582, "last_modified_time": 1773043582, "schema": null, "is_public": false}'
2026-03-09,17:06:28 [DEBUG] (state.py:state:628): Loading option 'get_cluster' from section [Query Objects Docstrings]...
2026-03-09,17:06:28 [DEBUG] (state.py:state:650): Returning value '-- no docstring found in query function --'
2026-03-09,17:06:28 [DEBUG] (state.py:state:628): Loading option 'get_pca1' from section [Query Objects Service Versions]...
2026-03-09,17:06:28 [DEBUG] (state.py:state:650): Returning value '{"description": "\ud589\ubcc4 PC1 \uc810\uc218 (SCRIPT_REAL).", "type": "model", "version": 1, "dependencies": [], "target": null, "creation_time": 1773043587, "last_modified_time": 1773043587, "schema": null, "is_public": false}'
2026-03-09,17:06:28 [DEBUG] (state.py:state:628): Loading option 'get_pca1' from section [Query Objects Docstrings]...
2026-03-09,17:06:28 [DEBUG] (state.py:state:650): Returning value '-- no docstring found in query function --'
2026-03-09,17:06:28 [DEBUG] (state.py:state:628): Loading option 'get_pca2' from section [Query Objects Service Versions]...
2026-03-09,17:06:28 [DEBUG] (state.py:state:650): Returning value '{"description": "\ud589\ubcc4 PC2 \uc810\uc218 (SCRIPT_REAL).", "type": "model", "version": 1, "dependencies": [], "target": null, "creation_time": 1773043588, "last_modified_time": 1773043588, "schema": null, "is_public": false}'
2026-03-09,17:06:28 [DEBUG] (state.py:state:628): Loading option 'get_pca2' from section [Query Objects Docstrings]...
2026-03-09,17:06:28 [DEBUG] (state.py:state:650): Returning value '-- no docstring found in query function --'
2026-03-09,17:06:28 [DEBUG] (state.py:state:628): Loading option 'get_pca3' from section [Query Objects Service Versions]...
2026-03-09,17:06:28 [DEBUG] (state.py:state:650): Returning value '{"description": "\ud589\ubcc4 PC3 \uc810\uc218 (SCRIPT_REAL).", "type": "model", "version": 1, "dependencies": [], "target": null, "creation_time": 1773043588, "last_modified_time": 1773043588, "schema": null, "is_public": false}'
2026-03-09,17:06:28 [DEBUG] (state.py:state:628): Loading option 'get_pca3' from section [Query Objects Docstrings]...
2026-03-09,17:06:28 [DEBUG] (state.py:state:650): Returning value '-- no docstring found in query function --'
2026-03-09,17:06:28 [DEBUG] (state.py:state:628): Loading option 'get_biplot_pc1_loadings' from section [Query Objects Service Versions]...
2026-03-09,17:06:28 [DEBUG] (state.py:state:650): Returning value '{"description": "Biplot \ubcc0\uc218\ubcc4 PC1 \ub85c\ub529 (SCRIPT_REAL).", "type": "model", "version": 1, "dependencies": [], "target": null, "creation_time": 1773043588, "last_modified_time": 1773043588, "schema": null, "is_public": false}'
2026-03-09,17:06:28 [DEBUG] (state.py:state:628): Loading option 'get_biplot_pc1_loadings' from section [Query Objects Docstrings]...
2026-03-09,17:06:28 [DEBUG] (state.py:state:650): Returning value '-- no docstring found in query function --'
2026-03-09,17:06:28 [DEBUG] (state.py:state:628): Loading option 'get_biplot_pc2_loadings' from section [Query Objects Service Versions]...
2026-03-09,17:06:28 [DEBUG] (state.py:state:650): Returning value '{"description": "Biplot \ubcc0\uc218\ubcc4 PC2 \ub85c\ub529 (SCRIPT_REAL).", "type": "model", "version": 1, "dependencies": [], "target": null, "creation_time": 1773043588, "last_modified_time": 1773043588, "schema": null, "is_public": false}'
2026-03-09,17:06:28 [DEBUG] (state.py:state:628): Loading option 'get_biplot_pc2_loadings' from section [Query Objects Docstrings]...
2026-03-09,17:06:28 [DEBUG] (state.py:state:650): Returning value '-- no docstring found in query function --'
2026-03-09,17:06:28 [DEBUG] (state.py:state:628): Loading option 'get_channel' from section [Query Objects Service Versions]...
2026-03-09,17:06:28 [DEBUG] (state.py:state:650): Returning value '{"description": "6\uac1c \uad6c\ub9e4 + Region \u2192 \ucc44\ub110 0/1 \uc608\uce21 (SCRIPT_INT). ModelName \uc120\ud0dd \uac00\ub2a5.", "type": "model", "version": 1, "dependencies": [], "target": null, "creation_time": 1773043588, "last_modified_time": 1773043588, "schema": null, "is_public": false}'
2026-03-09,17:06:28 [DEBUG] (state.py:state:628): Loading option 'get_channel' from section [Query Objects Docstrings]...
2026-03-09,17:06:28 [DEBUG] (state.py:state:650): Returning value '-- no docstring found in query function --'
2026-03-09,17:06:28 [DEBUG] (state.py:state:628): Loading option 'get_channel_proba' from section [Query Objects Service Versions]...
2026-03-09,17:06:28 [DEBUG] (state.py:state:650): Returning value '{"description": "6\uac1c \uad6c\ub9e4 + Region \u2192 \ucc44\ub110 1(\uc591\uc131) \ud655\ub960 (SCRIPT_REAL). AUC-ROC \uace1\uc120\uc6a9.", "type": "model", "version": 1, "dependencies": [], "target": null, "creation_time": 1773043588, "last_modified_time": 1773043588, "schema": null, "is_public": false}'
2026-03-09,17:06:28 [DEBUG] (state.py:state:628): Loading option 'get_channel_proba' from section [Query Objects Docstrings]...
2026-03-09,17:06:28 [DEBUG] (state.py:state:650): Returning value '-- no docstring found in query function --'
2026-03-09,17:06:28 [DEBUG] (state.py:state:148): Collected endpoints: {'predict_ecotype_xgb': {'description': 'XGBoost elderly economic activity predictor', 'type': 'model', 'version': 6, 'dependencies': [], 'target': None, 'creation_time': 1772855169, 'last_modified_time': 1772858181, 'schema': None, 'is_public': False, 'docstring': '-- no docstring found in query function --'}, 'get_cluster': {'description': '6개 구매 컬럼 → 군집 ID (0~4) 리스트.', 'type': 'model', 'version': 1, 'dependencies': [], 'target': None, 'creation_time': 1773043582, 'last_modified_time': 1773043582, 'schema': None, 'is_public': False, 'docstring': '-- no docstring found in query function --'}, 'get_pca1': {'description': '행별 PC1 점수 (SCRIPT_REAL).', 'type': 'model', 'version': 1, 'dependencies': [], 'target': None, 'creation_time': 1773043587, 'last_modified_time': 1773043587, 'schema': None, 'is_public': False, 'docstring': '-- no docstring found in query function --'}, 'get_pca2': {'description': '행별 PC2 점수 (SCRIPT_REAL).', 'type': 'model', 'version': 1, 'dependencies': [], 'target': None, 'creation_time': 1773043588, 'last_modified_time': 1773043588, 'schema': None, 'is_public': False, 'docstring': '-- no docstring found in query function --'}, 'get_pca3': {'description': '행별 PC3 점수 (SCRIPT_REAL).', 'type': 'model', 'version': 1, 'dependencies': [], 'target': None, 'creation_time': 1773043588, 'last_modified_time': 1773043588, 'schema': None, 'is_public': False, 'docstring': '-- no docstring found in query function --'}, 'get_biplot_pc1_loadings': {'description': 'Biplot 변수별 PC1 로딩 (SCRIPT_REAL).', 'type': 'model', 'version': 1, 'dependencies': [], 'target': None, 'creation_time': 1773043588, 'last_modified_time': 1773043588, 'schema': None, 'is_public': False, 'docstring': '-- no docstring found in query function --'}, 'get_biplot_pc2_loadings': {'description': 'Biplot 변수별 PC2 로딩 (SCRIPT_REAL).', 'type': 'model', 'version': 1, 'dependencies': [], 'target': None, 'creation_time': 1773043588, 'last_modified_time': 1773043588, 'schema': None, 'is_public': False, 'docstring': '-- no docstring found in query function --'}, 'get_channel': {'description': '6개 구매 + Region → 채널 0/1 예측 (SCRIPT_INT). ModelName 선택 가능.', 'type': 'model', 'version': 1, 'dependencies': [], 'target': None, 'creation_time': 1773043588, 'last_modified_time': 1773043588, 'schema': None, 'is_public': False, 'docstring': '-- no docstring found in query function --'}, 'get_channel_proba': {'description': '6개 구매 + Region → 채널 1(양성) 확률 (SCRIPT_REAL). AUC-ROC 곡선용.', 'type': 'model', 'version': 1, 'dependencies': [], 'target': None, 'creation_time': 1773043588, 'last_modified_time': 1773043588, 'schema': None, 'is_public': False, 'docstring': '-- no docstring found in query function --'}}
2026-03-09,17:06:28 [INFO] (web.py:web:2418): 200 GET /endpoints (::1) 2.87ms
2026-03-09,17:06:28 [DEBUG] (base_handler.py:base_handler:115): Checking if need to handle authentication
2026-03-09,17:06:28 [DEBUG] (base_handler.py:base_handler:115): Handling authentication
2026-03-09,17:06:28 [INFO] (base_handler.py:base_handler:115): Authentication is not a required feature for API "v1"
2026-03-09,17:06:28 [DEBUG] (base_handler.py:base_handler:115): Checking request headers for authentication data
2026-03-09,17:06:28 [INFO] (base_handler.py:base_handler:115): Authorization header not found
2026-03-09,17:06:28 [DEBUG] (base_handler.py:base_handler:115): authentication not required, username and password are none
2026-03-09,17:06:28 [INFO] (web.py:web:2418): 200 GET /configurations/endpoint_upload_destination (::1) 0.83ms
2026-03-09,17:06:29 [DEBUG] (base_handler.py:base_handler:115): Checking if need to handle authentication
2026-03-09,17:06:29 [DEBUG] (base_handler.py:base_handler:115): Handling authentication
2026-03-09,17:06:29 [INFO] (base_handler.py:base_handler:115): Authentication is not a required feature for API "v1"
2026-03-09,17:06:29 [DEBUG] (base_handler.py:base_handler:115): Checking request headers for authentication data
2026-03-09,17:06:29 [INFO] (base_handler.py:base_handler:115): Authorization header not found
2026-03-09,17:06:29 [DEBUG] (base_handler.py:base_handler:115): authentication not required, username and password are none
2026-03-09,17:06:29 [DEBUG] (state.py:state:628): Loading option 'None' from section [Query Objects Service Versions]...
2026-03-09,17:06:29 [DEBUG] (state.py:state:650): Returning value '['predict_ecotype_xgb', 'get_cluster', 'get_pca1', 'get_pca2', 'get_pca3', 'get_biplot_pc1_loadings', 'get_biplot_pc2_loadings', 'get_channel', 'get_channel_proba']'
2026-03-09,17:06:29 [DEBUG] (state.py:state:628): Loading option 'predict_ecotype_xgb' from section [Query Objects Service Versions]...
2026-03-09,17:06:29 [DEBUG] (state.py:state:650): Returning value '{"description": "XGBoost elderly economic activity predictor", "type": "model", "version": 6, "dependencies": [], "target": null, "creation_time": 1772855169, "last_modified_time": 1772858181, "schema": null, "is_public": false}'
2026-03-09,17:06:29 [DEBUG] (state.py:state:628): Loading option 'predict_ecotype_xgb' from section [Query Objects Docstrings]...
2026-03-09,17:06:29 [DEBUG] (state.py:state:650): Returning value '-- no docstring found in query function --'
2026-03-09,17:06:29 [DEBUG] (state.py:state:628): Loading option 'get_cluster' from section [Query Objects Service Versions]...
2026-03-09,17:06:29 [DEBUG] (state.py:state:650): Returning value '{"description": "6\uac1c \uad6c\ub9e4 \uceec\ub7fc \u2192 \uad70\uc9d1 ID (0~4) \ub9ac\uc2a4\ud2b8.", "type": "model", "version": 1, "dependencies": [], "target": null, "creation_time": 1773043582, "last_modified_time": 1773043582, "schema": null, "is_public": false}'
2026-03-09,17:06:29 [DEBUG] (state.py:state:628): Loading option 'get_cluster' from section [Query Objects Docstrings]...
2026-03-09,17:06:29 [DEBUG] (state.py:state:650): Returning value '-- no docstring found in query function --'
2026-03-09,17:06:29 [DEBUG] (state.py:state:628): Loading option 'get_pca1' from section [Query Objects Service Versions]...
2026-03-09,17:06:29 [DEBUG] (state.py:state:650): Returning value '{"description": "\ud589\ubcc4 PC1 \uc810\uc218 (SCRIPT_REAL).", "type": "model", "version": 1, "dependencies": [], "target": null, "creation_time": 1773043587, "last_modified_time": 1773043587, "schema": null, "is_public": false}'
2026-03-09,17:06:29 [DEBUG] (state.py:state:628): Loading option 'get_pca1' from section [Query Objects Docstrings]...
2026-03-09,17:06:29 [DEBUG] (state.py:state:650): Returning value '-- no docstring found in query function --'
2026-03-09,17:06:29 [DEBUG] (state.py:state:628): Loading option 'get_pca2' from section [Query Objects Service Versions]...
2026-03-09,17:06:29 [DEBUG] (state.py:state:650): Returning value '{"description": "\ud589\ubcc4 PC2 \uc810\uc218 (SCRIPT_REAL).", "type": "model", "version": 1, "dependencies": [], "target": null, "creation_time": 1773043588, "last_modified_time": 1773043588, "schema": null, "is_public": false}'
2026-03-09,17:06:29 [DEBUG] (state.py:state:628): Loading option 'get_pca2' from section [Query Objects Docstrings]...
2026-03-09,17:06:29 [DEBUG] (state.py:state:650): Returning value '-- no docstring found in query function --'
2026-03-09,17:06:29 [DEBUG] (state.py:state:628): Loading option 'get_pca3' from section [Query Objects Service Versions]...
2026-03-09,17:06:29 [DEBUG] (state.py:state:650): Returning value '{"description": "\ud589\ubcc4 PC3 \uc810\uc218 (SCRIPT_REAL).", "type": "model", "version": 1, "dependencies": [], "target": null, "creation_time": 1773043588, "last_modified_time": 1773043588, "schema": null, "is_public": false}'
2026-03-09,17:06:29 [DEBUG] (state.py:state:628): Loading option 'get_pca3' from section [Query Objects Docstrings]...
2026-03-09,17:06:29 [DEBUG] (state.py:state:650): Returning value '-- no docstring found in query function --'
2026-03-09,17:06:29 [DEBUG] (state.py:state:628): Loading option 'get_biplot_pc1_loadings' from section [Query Objects Service Versions]...
2026-03-09,17:06:29 [DEBUG] (state.py:state:650): Returning value '{"description": "Biplot \ubcc0\uc218\ubcc4 PC1 \ub85c\ub529 (SCRIPT_REAL).", "type": "model", "version": 1, "dependencies": [], "target": null, "creation_time": 1773043588, "last_modified_time": 1773043588, "schema": null, "is_public": false}'
2026-03-09,17:06:29 [DEBUG] (state.py:state:628): Loading option 'get_biplot_pc1_loadings' from section [Query Objects Docstrings]...
2026-03-09,17:06:29 [DEBUG] (state.py:state:650): Returning value '-- no docstring found in query function --'
2026-03-09,17:06:29 [DEBUG] (state.py:state:628): Loading option 'get_biplot_pc2_loadings' from section [Query Objects Service Versions]...
2026-03-09,17:06:29 [DEBUG] (state.py:state:650): Returning value '{"description": "Biplot \ubcc0\uc218\ubcc4 PC2 \ub85c\ub529 (SCRIPT_REAL).", "type": "model", "version": 1, "dependencies": [], "target": null, "creation_time": 1773043588, "last_modified_time": 1773043588, "schema": null, "is_public": false}'
2026-03-09,17:06:29 [DEBUG] (state.py:state:628): Loading option 'get_biplot_pc2_loadings' from section [Query Objects Docstrings]...
2026-03-09,17:06:29 [DEBUG] (state.py:state:650): Returning value '-- no docstring found in query function --'
2026-03-09,17:06:29 [DEBUG] (state.py:state:628): Loading option 'get_channel' from section [Query Objects Service Versions]...
2026-03-09,17:06:29 [DEBUG] (state.py:state:650): Returning value '{"description": "6\uac1c \uad6c\ub9e4 + Region \u2192 \ucc44\ub110 0/1 \uc608\uce21 (SCRIPT_INT). ModelName \uc120\ud0dd \uac00\ub2a5.", "type": "model", "version": 1, "dependencies": [], "target": null, "creation_time": 1773043588, "last_modified_time": 1773043588, "schema": null, "is_public": false}'
2026-03-09,17:06:29 [DEBUG] (state.py:state:628): Loading option 'get_channel' from section [Query Objects Docstrings]...
2026-03-09,17:06:29 [DEBUG] (state.py:state:650): Returning value '-- no docstring found in query function --'
2026-03-09,17:06:29 [DEBUG] (state.py:state:628): Loading option 'get_channel_proba' from section [Query Objects Service Versions]...
2026-03-09,17:06:29 [DEBUG] (state.py:state:650): Returning value '{"description": "6\uac1c \uad6c\ub9e4 + Region \u2192 \ucc44\ub110 1(\uc591\uc131) \ud655\ub960 (SCRIPT_REAL). AUC-ROC \uace1\uc120\uc6a9.", "type": "model", "version": 1, "dependencies": [], "target": null, "creation_time": 1773043588, "last_modified_time": 1773043588, "schema": null, "is_public": false}'
2026-03-09,17:06:29 [DEBUG] (state.py:state:628): Loading option 'get_channel_proba' from section [Query Objects Docstrings]...
2026-03-09,17:06:29 [DEBUG] (state.py:state:650): Returning value '-- no docstring found in query function --'
2026-03-09,17:06:29 [DEBUG] (state.py:state:148): Collected endpoints: {'predict_ecotype_xgb': {'description': 'XGBoost elderly economic activity predictor', 'type': 'model', 'version': 6, 'dependencies': [], 'target': None, 'creation_time': 1772855169, 'last_modified_time': 1772858181, 'schema': None, 'is_public': False, 'docstring': '-- no docstring found in query function --'}, 'get_cluster': {'description': '6개 구매 컬럼 → 군집 ID (0~4) 리스트.', 'type': 'model', 'version': 1, 'dependencies': [], 'target': None, 'creation_time': 1773043582, 'last_modified_time': 1773043582, 'schema': None, 'is_public': False, 'docstring': '-- no docstring found in query function --'}, 'get_pca1': {'description': '행별 PC1 점수 (SCRIPT_REAL).', 'type': 'model', 'version': 1, 'dependencies': [], 'target': None, 'creation_time': 1773043587, 'last_modified_time': 1773043587, 'schema': None, 'is_public': False, 'docstring': '-- no docstring found in query function --'}, 'get_pca2': {'description': '행별 PC2 점수 (SCRIPT_REAL).', 'type': 'model', 'version': 1, 'dependencies': [], 'target': None, 'creation_time': 1773043588, 'last_modified_time': 1773043588, 'schema': None, 'is_public': False, 'docstring': '-- no docstring found in query function --'}, 'get_pca3': {'description': '행별 PC3 점수 (SCRIPT_REAL).', 'type': 'model', 'version': 1, 'dependencies': [], 'target': None, 'creation_time': 1773043588, 'last_modified_time': 1773043588, 'schema': None, 'is_public': False, 'docstring': '-- no docstring found in query function --'}, 'get_biplot_pc1_loadings': {'description': 'Biplot 변수별 PC1 로딩 (SCRIPT_REAL).', 'type': 'model', 'version': 1, 'dependencies': [], 'target': None, 'creation_time': 1773043588, 'last_modified_time': 1773043588, 'schema': None, 'is_public': False, 'docstring': '-- no docstring found in query function --'}, 'get_biplot_pc2_loadings': {'description': 'Biplot 변수별 PC2 로딩 (SCRIPT_REAL).', 'type': 'model', 'version': 1, 'dependencies': [], 'target': None, 'creation_time': 1773043588, 'last_modified_time': 1773043588, 'schema': None, 'is_public': False, 'docstring': '-- no docstring found in query function --'}, 'get_channel': {'description': '6개 구매 + Region → 채널 0/1 예측 (SCRIPT_INT). ModelName 선택 가능.', 'type': 'model', 'version': 1, 'dependencies': [], 'target': None, 'creation_time': 1773043588, 'last_modified_time': 1773043588, 'schema': None, 'is_public': False, 'docstring': '-- no docstring found in query function --'}, 'get_channel_proba': {'description': '6개 구매 + Region → 채널 1(양성) 확률 (SCRIPT_REAL). AUC-ROC 곡선용.', 'type': 'model', 'version': 1, 'dependencies': [], 'target': None, 'creation_time': 1773043588, 'last_modified_time': 1773043588, 'schema': None, 'is_public': False, 'docstring': '-- no docstring found in query function --'}}
2026-03-09,17:06:29 [DEBUG] (base_handler.py:base_handler:115): Adding endpoint "get_feature_importance"
2026-03-09,17:06:29 [DEBUG] (base_handler.py:base_handler:115): Adding/updating model get_feature_importance...
2026-03-09,17:06:29 [DEBUG] (state.py:state:628): Loading option 'None' from section [Query Objects Service Versions]...
2026-03-09,17:06:29 [DEBUG] (state.py:state:650): Returning value '['predict_ecotype_xgb', 'get_cluster', 'get_pca1', 'get_pca2', 'get_pca3', 'get_biplot_pc1_loadings', 'get_biplot_pc2_loadings', 'get_channel', 'get_channel_proba']'
2026-03-09,17:06:29 [DEBUG] (state.py:state:628): Loading option 'predict_ecotype_xgb' from section [Query Objects Service Versions]...
2026-03-09,17:06:29 [DEBUG] (state.py:state:650): Returning value '{"description": "XGBoost elderly economic activity predictor", "type": "model", "version": 6, "dependencies": [], "target": null, "creation_time": 1772855169, "last_modified_time": 1772858181, "schema": null, "is_public": false}'
2026-03-09,17:06:29 [DEBUG] (state.py:state:628): Loading option 'predict_ecotype_xgb' from section [Query Objects Docstrings]...
2026-03-09,17:06:29 [DEBUG] (state.py:state:650): Returning value '-- no docstring found in query function --'
2026-03-09,17:06:29 [DEBUG] (state.py:state:628): Loading option 'get_cluster' from section [Query Objects Service Versions]...
2026-03-09,17:06:29 [DEBUG] (state.py:state:650): Returning value '{"description": "6\uac1c \uad6c\ub9e4 \uceec\ub7fc \u2192 \uad70\uc9d1 ID (0~4) \ub9ac\uc2a4\ud2b8.", "type": "model", "version": 1, "dependencies": [], "target": null, "creation_time": 1773043582, "last_modified_time": 1773043582, "schema": null, "is_public": false}'
2026-03-09,17:06:29 [DEBUG] (state.py:state:628): Loading option 'get_cluster' from section [Query Objects Docstrings]...
2026-03-09,17:06:29 [DEBUG] (state.py:state:650): Returning value '-- no docstring found in query function --'
2026-03-09,17:06:29 [DEBUG] (state.py:state:628): Loading option 'get_pca1' from section [Query Objects Service Versions]...
2026-03-09,17:06:29 [DEBUG] (state.py:state:650): Returning value '{"description": "\ud589\ubcc4 PC1 \uc810\uc218 (SCRIPT_REAL).", "type": "model", "version": 1, "dependencies": [], "target": null, "creation_time": 1773043587, "last_modified_time": 1773043587, "schema": null, "is_public": false}'
2026-03-09,17:06:29 [DEBUG] (state.py:state:628): Loading option 'get_pca1' from section [Query Objects Docstrings]...
2026-03-09,17:06:29 [DEBUG] (state.py:state:650): Returning value '-- no docstring found in query function --'
2026-03-09,17:06:29 [DEBUG] (state.py:state:628): Loading option 'get_pca2' from section [Query Objects Service Versions]...
2026-03-09,17:06:29 [DEBUG] (state.py:state:650): Returning value '{"description": "\ud589\ubcc4 PC2 \uc810\uc218 (SCRIPT_REAL).", "type": "model", "version": 1, "dependencies": [], "target": null, "creation_time": 1773043588, "last_modified_time": 1773043588, "schema": null, "is_public": false}'
2026-03-09,17:06:29 [DEBUG] (state.py:state:628): Loading option 'get_pca2' from section [Query Objects Docstrings]...
2026-03-09,17:06:29 [DEBUG] (state.py:state:650): Returning value '-- no docstring found in query function --'
2026-03-09,17:06:29 [DEBUG] (state.py:state:628): Loading option 'get_pca3' from section [Query Objects Service Versions]...
2026-03-09,17:06:29 [DEBUG] (state.py:state:650): Returning value '{"description": "\ud589\ubcc4 PC3 \uc810\uc218 (SCRIPT_REAL).", "type": "model", "version": 1, "dependencies": [], "target": null, "creation_time": 1773043588, "last_modified_time": 1773043588, "schema": null, "is_public": false}'
2026-03-09,17:06:29 [DEBUG] (state.py:state:628): Loading option 'get_pca3' from section [Query Objects Docstrings]...
2026-03-09,17:06:29 [DEBUG] (state.py:state:650): Returning value '-- no docstring found in query function --'
2026-03-09,17:06:29 [DEBUG] (state.py:state:628): Loading option 'get_biplot_pc1_loadings' from section [Query Objects Service Versions]...
2026-03-09,17:06:29 [DEBUG] (state.py:state:650): Returning value '{"description": "Biplot \ubcc0\uc218\ubcc4 PC1 \ub85c\ub529 (SCRIPT_REAL).", "type": "model", "version": 1, "dependencies": [], "target": null, "creation_time": 1773043588, "last_modified_time": 1773043588, "schema": null, "is_public": false}'
2026-03-09,17:06:29 [DEBUG] (state.py:state:628): Loading option 'get_biplot_pc1_loadings' from section [Query Objects Docstrings]...
2026-03-09,17:06:29 [DEBUG] (state.py:state:650): Returning value '-- no docstring found in query function --'
2026-03-09,17:06:29 [DEBUG] (state.py:state:628): Loading option 'get_biplot_pc2_loadings' from section [Query Objects Service Versions]...
2026-03-09,17:06:29 [DEBUG] (state.py:state:650): Returning value '{"description": "Biplot \ubcc0\uc218\ubcc4 PC2 \ub85c\ub529 (SCRIPT_REAL).", "type": "model", "version": 1, "dependencies": [], "target": null, "creation_time": 1773043588, "last_modified_time": 1773043588, "schema": null, "is_public": false}'
2026-03-09,17:06:29 [DEBUG] (state.py:state:628): Loading option 'get_biplot_pc2_loadings' from section [Query Objects Docstrings]...
2026-03-09,17:06:29 [DEBUG] (state.py:state:650): Returning value '-- no docstring found in query function --'
2026-03-09,17:06:29 [DEBUG] (state.py:state:628): Loading option 'get_channel' from section [Query Objects Service Versions]...
2026-03-09,17:06:29 [DEBUG] (state.py:state:650): Returning value '{"description": "6\uac1c \uad6c\ub9e4 + Region \u2192 \ucc44\ub110 0/1 \uc608\uce21 (SCRIPT_INT). ModelName \uc120\ud0dd \uac00\ub2a5.", "type": "model", "version": 1, "dependencies": [], "target": null, "creation_time": 1773043588, "last_modified_time": 1773043588, "schema": null, "is_public": false}'
2026-03-09,17:06:29 [DEBUG] (state.py:state:628): Loading option 'get_channel' from section [Query Objects Docstrings]...
2026-03-09,17:06:29 [DEBUG] (state.py:state:650): Returning value '-- no docstring found in query function --'
2026-03-09,17:06:29 [DEBUG] (state.py:state:628): Loading option 'get_channel_proba' from section [Query Objects Service Versions]...
2026-03-09,17:06:29 [DEBUG] (state.py:state:650): Returning value '{"description": "6\uac1c \uad6c\ub9e4 + Region \u2192 \ucc44\ub110 1(\uc591\uc131) \ud655\ub960 (SCRIPT_REAL). AUC-ROC \uace1\uc120\uc6a9.", "type": "model", "version": 1, "dependencies": [], "target": null, "creation_time": 1773043588, "last_modified_time": 1773043588, "schema": null, "is_public": false}'
2026-03-09,17:06:29 [DEBUG] (state.py:state:628): Loading option 'get_channel_proba' from section [Query Objects Docstrings]...
2026-03-09,17:06:29 [DEBUG] (state.py:state:650): Returning value '-- no docstring found in query function --'
2026-03-09,17:06:29 [DEBUG] (state.py:state:148): Collected endpoints: {'predict_ecotype_xgb': {'description': 'XGBoost elderly economic activity predictor', 'type': 'model', 'version': 6, 'dependencies': [], 'target': None, 'creation_time': 1772855169, 'last_modified_time': 1772858181, 'schema': None, 'is_public': False, 'docstring': '-- no docstring found in query function --'}, 'get_cluster': {'description': '6개 구매 컬럼 → 군집 ID (0~4) 리스트.', 'type': 'model', 'version': 1, 'dependencies': [], 'target': None, 'creation_time': 1773043582, 'last_modified_time': 1773043582, 'schema': None, 'is_public': False, 'docstring': '-- no docstring found in query function --'}, 'get_pca1': {'description': '행별 PC1 점수 (SCRIPT_REAL).', 'type': 'model', 'version': 1, 'dependencies': [], 'target': None, 'creation_time': 1773043587, 'last_modified_time': 1773043587, 'schema': None, 'is_public': False, 'docstring': '-- no docstring found in query function --'}, 'get_pca2': {'description': '행별 PC2 점수 (SCRIPT_REAL).', 'type': 'model', 'version': 1, 'dependencies': [], 'target': None, 'creation_time': 1773043588, 'last_modified_time': 1773043588, 'schema': None, 'is_public': False, 'docstring': '-- no docstring found in query function --'}, 'get_pca3': {'description': '행별 PC3 점수 (SCRIPT_REAL).', 'type': 'model', 'version': 1, 'dependencies': [], 'target': None, 'creation_time': 1773043588, 'last_modified_time': 1773043588, 'schema': None, 'is_public': False, 'docstring': '-- no docstring found in query function --'}, 'get_biplot_pc1_loadings': {'description': 'Biplot 변수별 PC1 로딩 (SCRIPT_REAL).', 'type': 'model', 'version': 1, 'dependencies': [], 'target': None, 'creation_time': 1773043588, 'last_modified_time': 1773043588, 'schema': None, 'is_public': False, 'docstring': '-- no docstring found in query function --'}, 'get_biplot_pc2_loadings': {'description': 'Biplot 변수별 PC2 로딩 (SCRIPT_REAL).', 'type': 'model', 'version': 1, 'dependencies': [], 'target': None, 'creation_time': 1773043588, 'last_modified_time': 1773043588, 'schema': None, 'is_public': False, 'docstring': '-- no docstring found in query function --'}, 'get_channel': {'description': '6개 구매 + Region → 채널 0/1 예측 (SCRIPT_INT). ModelName 선택 가능.', 'type': 'model', 'version': 1, 'dependencies': [], 'target': None, 'creation_time': 1773043588, 'last_modified_time': 1773043588, 'schema': None, 'is_public': False, 'docstring': '-- no docstring found in query function --'}, 'get_channel_proba': {'description': '6개 구매 + Region → 채널 1(양성) 확률 (SCRIPT_REAL). AUC-ROC 곡선용.', 'type': 'model', 'version': 1, 'dependencies': [], 'target': None, 'creation_time': 1773043588, 'last_modified_time': 1773043588, 'schema': None, 'is_public': False, 'docstring': '-- no docstring found in query function --'}}
2026-03-09,17:06:29 [DEBUG] (state.py:state:628): Loading option 'None' from section [Query Objects Service Versions]...
2026-03-09,17:06:29 [DEBUG] (state.py:state:650): Returning value '['predict_ecotype_xgb', 'get_cluster', 'get_pca1', 'get_pca2', 'get_pca3', 'get_biplot_pc1_loadings', 'get_biplot_pc2_loadings', 'get_channel', 'get_channel_proba']'
2026-03-09,17:06:29 [DEBUG] (state.py:state:628): Loading option 'predict_ecotype_xgb' from section [Query Objects Service Versions]...
2026-03-09,17:06:29 [DEBUG] (state.py:state:650): Returning value '{"description": "XGBoost elderly economic activity predictor", "type": "model", "version": 6, "dependencies": [], "target": null, "creation_time": 1772855169, "last_modified_time": 1772858181, "schema": null, "is_public": false}'
2026-03-09,17:06:29 [DEBUG] (state.py:state:628): Loading option 'predict_ecotype_xgb' from section [Query Objects Docstrings]...
2026-03-09,17:06:29 [DEBUG] (state.py:state:650): Returning value '-- no docstring found in query function --'
2026-03-09,17:06:29 [DEBUG] (state.py:state:628): Loading option 'get_cluster' from section [Query Objects Service Versions]...
2026-03-09,17:06:29 [DEBUG] (state.py:state:650): Returning value '{"description": "6\uac1c \uad6c\ub9e4 \uceec\ub7fc \u2192 \uad70\uc9d1 ID (0~4) \ub9ac\uc2a4\ud2b8.", "type": "model", "version": 1, "dependencies": [], "target": null, "creation_time": 1773043582, "last_modified_time": 1773043582, "schema": null, "is_public": false}'
2026-03-09,17:06:29 [DEBUG] (state.py:state:628): Loading option 'get_cluster' from section [Query Objects Docstrings]...
2026-03-09,17:06:29 [DEBUG] (state.py:state:650): Returning value '-- no docstring found in query function --'
2026-03-09,17:06:29 [DEBUG] (state.py:state:628): Loading option 'get_pca1' from section [Query Objects Service Versions]...
2026-03-09,17:06:29 [DEBUG] (state.py:state:650): Returning value '{"description": "\ud589\ubcc4 PC1 \uc810\uc218 (SCRIPT_REAL).", "type": "model", "version": 1, "dependencies": [], "target": null, "creation_time": 1773043587, "last_modified_time": 1773043587, "schema": null, "is_public": false}'
2026-03-09,17:06:29 [DEBUG] (state.py:state:628): Loading option 'get_pca1' from section [Query Objects Docstrings]...
2026-03-09,17:06:29 [DEBUG] (state.py:state:650): Returning value '-- no docstring found in query function --'
2026-03-09,17:06:29 [DEBUG] (state.py:state:628): Loading option 'get_pca2' from section [Query Objects Service Versions]...
2026-03-09,17:06:29 [DEBUG] (state.py:state:650): Returning value '{"description": "\ud589\ubcc4 PC2 \uc810\uc218 (SCRIPT_REAL).", "type": "model", "version": 1, "dependencies": [], "target": null, "creation_time": 1773043588, "last_modified_time": 1773043588, "schema": null, "is_public": false}'
2026-03-09,17:06:29 [DEBUG] (state.py:state:628): Loading option 'get_pca2' from section [Query Objects Docstrings]...
2026-03-09,17:06:29 [DEBUG] (state.py:state:650): Returning value '-- no docstring found in query function --'
2026-03-09,17:06:29 [DEBUG] (state.py:state:628): Loading option 'get_pca3' from section [Query Objects Service Versions]...
2026-03-09,17:06:29 [DEBUG] (state.py:state:650): Returning value '{"description": "\ud589\ubcc4 PC3 \uc810\uc218 (SCRIPT_REAL).", "type": "model", "version": 1, "dependencies": [], "target": null, "creation_time": 1773043588, "last_modified_time": 1773043588, "schema": null, "is_public": false}'
2026-03-09,17:06:29 [DEBUG] (state.py:state:628): Loading option 'get_pca3' from section [Query Objects Docstrings]...
2026-03-09,17:06:29 [DEBUG] (state.py:state:650): Returning value '-- no docstring found in query function --'
2026-03-09,17:06:29 [DEBUG] (state.py:state:628): Loading option 'get_biplot_pc1_loadings' from section [Query Objects Service Versions]...
2026-03-09,17:06:29 [DEBUG] (state.py:state:650): Returning value '{"description": "Biplot \ubcc0\uc218\ubcc4 PC1 \ub85c\ub529 (SCRIPT_REAL).", "type": "model", "version": 1, "dependencies": [], "target": null, "creation_time": 1773043588, "last_modified_time": 1773043588, "schema": null, "is_public": false}'
2026-03-09,17:06:29 [DEBUG] (state.py:state:628): Loading option 'get_biplot_pc1_loadings' from section [Query Objects Docstrings]...
2026-03-09,17:06:29 [DEBUG] (state.py:state:650): Returning value '-- no docstring found in query function --'
2026-03-09,17:06:29 [DEBUG] (state.py:state:628): Loading option 'get_biplot_pc2_loadings' from section [Query Objects Service Versions]...
2026-03-09,17:06:29 [DEBUG] (state.py:state:650): Returning value '{"description": "Biplot \ubcc0\uc218\ubcc4 PC2 \ub85c\ub529 (SCRIPT_REAL).", "type": "model", "version": 1, "dependencies": [], "target": null, "creation_time": 1773043588, "last_modified_time": 1773043588, "schema": null, "is_public": false}'
2026-03-09,17:06:29 [DEBUG] (state.py:state:628): Loading option 'get_biplot_pc2_loadings' from section [Query Objects Docstrings]...
2026-03-09,17:06:29 [DEBUG] (state.py:state:650): Returning value '-- no docstring found in query function --'
2026-03-09,17:06:29 [DEBUG] (state.py:state:628): Loading option 'get_channel' from section [Query Objects Service Versions]...
2026-03-09,17:06:29 [DEBUG] (state.py:state:650): Returning value '{"description": "6\uac1c \uad6c\ub9e4 + Region \u2192 \ucc44\ub110 0/1 \uc608\uce21 (SCRIPT_INT). ModelName \uc120\ud0dd \uac00\ub2a5.", "type": "model", "version": 1, "dependencies": [], "target": null, "creation_time": 1773043588, "last_modified_time": 1773043588, "schema": null, "is_public": false}'
2026-03-09,17:06:29 [DEBUG] (state.py:state:628): Loading option 'get_channel' from section [Query Objects Docstrings]...
2026-03-09,17:06:29 [DEBUG] (state.py:state:650): Returning value '-- no docstring found in query function --'
2026-03-09,17:06:29 [DEBUG] (state.py:state:628): Loading option 'get_channel_proba' from section [Query Objects Service Versions]...
2026-03-09,17:06:29 [DEBUG] (state.py:state:650): Returning value '{"description": "6\uac1c \uad6c\ub9e4 + Region \u2192 \ucc44\ub110 1(\uc591\uc131) \ud655\ub960 (SCRIPT_REAL). AUC-ROC \uace1\uc120\uc6a9.", "type": "model", "version": 1, "dependencies": [], "target": null, "creation_time": 1773043588, "last_modified_time": 1773043588, "schema": null, "is_public": false}'
2026-03-09,17:06:29 [DEBUG] (state.py:state:628): Loading option 'get_channel_proba' from section [Query Objects Docstrings]...
2026-03-09,17:06:29 [DEBUG] (state.py:state:650): Returning value '-- no docstring found in query function --'
2026-03-09,17:06:29 [DEBUG] (state.py:state:148): Collected endpoints: {'predict_ecotype_xgb': {'description': 'XGBoost elderly economic activity predictor', 'type': 'model', 'version': 6, 'dependencies': [], 'target': None, 'creation_time': 1772855169, 'last_modified_time': 1772858181, 'schema': None, 'is_public': False, 'docstring': '-- no docstring found in query function --'}, 'get_cluster': {'description': '6개 구매 컬럼 → 군집 ID (0~4) 리스트.', 'type': 'model', 'version': 1, 'dependencies': [], 'target': None, 'creation_time': 1773043582, 'last_modified_time': 1773043582, 'schema': None, 'is_public': False, 'docstring': '-- no docstring found in query function --'}, 'get_pca1': {'description': '행별 PC1 점수 (SCRIPT_REAL).', 'type': 'model', 'version': 1, 'dependencies': [], 'target': None, 'creation_time': 1773043587, 'last_modified_time': 1773043587, 'schema': None, 'is_public': False, 'docstring': '-- no docstring found in query function --'}, 'get_pca2': {'description': '행별 PC2 점수 (SCRIPT_REAL).', 'type': 'model', 'version': 1, 'dependencies': [], 'target': None, 'creation_time': 1773043588, 'last_modified_time': 1773043588, 'schema': None, 'is_public': False, 'docstring': '-- no docstring found in query function --'}, 'get_pca3': {'description': '행별 PC3 점수 (SCRIPT_REAL).', 'type': 'model', 'version': 1, 'dependencies': [], 'target': None, 'creation_time': 1773043588, 'last_modified_time': 1773043588, 'schema': None, 'is_public': False, 'docstring': '-- no docstring found in query function --'}, 'get_biplot_pc1_loadings': {'description': 'Biplot 변수별 PC1 로딩 (SCRIPT_REAL).', 'type': 'model', 'version': 1, 'dependencies': [], 'target': None, 'creation_time': 1773043588, 'last_modified_time': 1773043588, 'schema': None, 'is_public': False, 'docstring': '-- no docstring found in query function --'}, 'get_biplot_pc2_loadings': {'description': 'Biplot 변수별 PC2 로딩 (SCRIPT_REAL).', 'type': 'model', 'version': 1, 'dependencies': [], 'target': None, 'creation_time': 1773043588, 'last_modified_time': 1773043588, 'schema': None, 'is_public': False, 'docstring': '-- no docstring found in query function --'}, 'get_channel': {'description': '6개 구매 + Region → 채널 0/1 예측 (SCRIPT_INT). ModelName 선택 가능.', 'type': 'model', 'version': 1, 'dependencies': [], 'target': None, 'creation_time': 1773043588, 'last_modified_time': 1773043588, 'schema': None, 'is_public': False, 'docstring': '-- no docstring found in query function --'}, 'get_channel_proba': {'description': '6개 구매 + Region → 채널 1(양성) 확률 (SCRIPT_REAL). AUC-ROC 곡선용.', 'type': 'model', 'version': 1, 'dependencies': [], 'target': None, 'creation_time': 1773043588, 'last_modified_time': 1773043588, 'schema': None, 'is_public': False, 'docstring': '-- no docstring found in query function --'}}
2026-03-09,17:06:29 [INFO] (state.py:state:657): Writing state to config
2026-03-09,17:06:29 [DEBUG] (util.py:util:19): State path is C:\Users\bohee\AppData\Local\Programs\Python\Python313\Lib\site-packages\tabpy\tabpy_server
2026-03-09,17:06:29 [INFO] (state.py:state:657): Writing state to config
2026-03-09,17:06:29 [DEBUG] (util.py:util:19): State path is C:\Users\bohee\AppData\Local\Programs\Python\Python313\Lib\site-packages\tabpy\tabpy_server
2026-03-09,17:06:29 [INFO] (state.py:state:657): Writing state to config
2026-03-09,17:06:29 [DEBUG] (util.py:util:19): State path is C:\Users\bohee\AppData\Local\Programs\Python\Python313\Lib\site-packages\tabpy\tabpy_server
2026-03-09,17:06:29 [INFO] (state.py:state:657): Writing state to config
2026-03-09,17:06:29 [DEBUG] (util.py:util:19): State path is C:\Users\bohee\AppData\Local\Programs\Python\Python313\Lib\site-packages\tabpy\tabpy_server
2026-03-09,17:06:29 [INFO] (state.py:state:657): Writing state to config
2026-03-09,17:06:29 [DEBUG] (util.py:util:19): State path is C:\Users\bohee\AppData\Local\Programs\Python\Python313\Lib\site-packages\tabpy\tabpy_server
2026-03-09,17:06:29 [INFO] (state.py:state:657): Writing state to config
2026-03-09,17:06:29 [DEBUG] (util.py:util:19): State path is C:\Users\bohee\AppData\Local\Programs\Python\Python313\Lib\site-packages\tabpy\tabpy_server
2026-03-09,17:06:29 [INFO] (state.py:state:657): Writing state to config
2026-03-09,17:06:29 [DEBUG] (util.py:util:19): State path is C:\Users\bohee\AppData\Local\Programs\Python\Python313\Lib\site-packages\tabpy\tabpy_server
2026-03-09,17:06:29 [INFO] (state.py:state:657): Writing state to config
2026-03-09,17:06:29 [DEBUG] (util.py:util:19): State path is C:\Users\bohee\AppData\Local\Programs\Python\Python313\Lib\site-packages\tabpy\tabpy_server
2026-03-09,17:06:29 [INFO] (state.py:state:657): Writing state to config
2026-03-09,17:06:29 [DEBUG] (util.py:util:19): State path is C:\Users\bohee\AppData\Local\Programs\Python\Python313\Lib\site-packages\tabpy\tabpy_server
2026-03-09,17:06:29 [INFO] (state.py:state:657): Writing state to config
2026-03-09,17:06:29 [DEBUG] (util.py:util:19): State path is C:\Users\bohee\AppData\Local\Programs\Python\Python313\Lib\site-packages\tabpy\tabpy_server
2026-03-09,17:06:29 [INFO] (state.py:state:657): Writing state to config
2026-03-09,17:06:29 [DEBUG] (util.py:util:19): State path is C:\Users\bohee\AppData\Local\Programs\Python\Python313\Lib\site-packages\tabpy\tabpy_server
2026-03-09,17:06:29 [INFO] (state.py:state:657): Writing state to config
2026-03-09,17:06:29 [DEBUG] (util.py:util:19): State path is C:\Users\bohee\AppData\Local\Programs\Python\Python313\Lib\site-packages\tabpy\tabpy_server
2026-03-09,17:06:29 [INFO] (state.py:state:657): Writing state to config
2026-03-09,17:06:29 [DEBUG] (util.py:util:19): State path is C:\Users\bohee\AppData\Local\Programs\Python\Python313\Lib\site-packages\tabpy\tabpy_server
2026-03-09,17:06:29 [INFO] (state.py:state:657): Writing state to config
2026-03-09,17:06:29 [DEBUG] (util.py:util:19): State path is C:\Users\bohee\AppData\Local\Programs\Python\Python313\Lib\site-packages\tabpy\tabpy_server
2026-03-09,17:06:29 [INFO] (state.py:state:657): Writing state to config
2026-03-09,17:06:29 [DEBUG] (util.py:util:19): State path is C:\Users\bohee\AppData\Local\Programs\Python\Python313\Lib\site-packages\tabpy\tabpy_server
2026-03-09,17:06:29 [INFO] (state.py:state:657): Writing state to config
2026-03-09,17:06:29 [DEBUG] (util.py:util:19): State path is C:\Users\bohee\AppData\Local\Programs\Python\Python313\Lib\site-packages\tabpy\tabpy_server
2026-03-09,17:06:29 [INFO] (state.py:state:657): Writing state to config
2026-03-09,17:06:29 [DEBUG] (util.py:util:19): State path is C:\Users\bohee\AppData\Local\Programs\Python\Python313\Lib\site-packages\tabpy\tabpy_server
2026-03-09,17:06:29 [INFO] (state.py:state:657): Writing state to config
2026-03-09,17:06:29 [DEBUG] (util.py:util:19): State path is C:\Users\bohee\AppData\Local\Programs\Python\Python313\Lib\site-packages\tabpy\tabpy_server
2026-03-09,17:06:29 [INFO] (state.py:state:657): Writing state to config
2026-03-09,17:06:29 [DEBUG] (util.py:util:19): State path is C:\Users\bohee\AppData\Local\Programs\Python\Python313\Lib\site-packages\tabpy\tabpy_server
2026-03-09,17:06:29 [INFO] (state.py:state:657): Writing state to config
2026-03-09,17:06:29 [DEBUG] (util.py:util:19): State path is C:\Users\bohee\AppData\Local\Programs\Python\Python313\Lib\site-packages\tabpy\tabpy_server
2026-03-09,17:06:29 [INFO] (base_handler.py:base_handler:115): Loading state from state file
2026-03-09,17:06:29 [DEBUG] (state.py:state:628): Loading option 'None' from section [Query Objects Service Versions]...
2026-03-09,17:06:29 [DEBUG] (state.py:state:650): Returning value '['predict_ecotype_xgb', 'get_cluster', 'get_pca1', 'get_pca2', 'get_pca3', 'get_biplot_pc1_loadings', 'get_biplot_pc2_loadings', 'get_channel', 'get_channel_proba', 'get_feature_importance']'
2026-03-09,17:06:29 [DEBUG] (state.py:state:628): Loading option 'predict_ecotype_xgb' from section [Query Objects Service Versions]...
2026-03-09,17:06:29 [DEBUG] (state.py:state:650): Returning value '{"description": "XGBoost elderly economic activity predictor", "type": "model", "version": 6, "dependencies": [], "target": null, "creation_time": 1772855169, "last_modified_time": 1772858181, "schema": null, "is_public": false}'
2026-03-09,17:06:29 [DEBUG] (state.py:state:628): Loading option 'predict_ecotype_xgb' from section [Query Objects Docstrings]...
2026-03-09,17:06:29 [DEBUG] (state.py:state:650): Returning value '-- no docstring found in query function --'
2026-03-09,17:06:29 [DEBUG] (state.py:state:628): Loading option 'get_cluster' from section [Query Objects Service Versions]...
2026-03-09,17:06:29 [DEBUG] (state.py:state:650): Returning value '{"description": "6\uac1c \uad6c\ub9e4 \uceec\ub7fc \u2192 \uad70\uc9d1 ID (0~4) \ub9ac\uc2a4\ud2b8.", "type": "model", "version": 1, "dependencies": [], "target": null, "creation_time": 1773043582, "last_modified_time": 1773043582, "schema": null, "is_public": false}'
2026-03-09,17:06:29 [DEBUG] (state.py:state:628): Loading option 'get_cluster' from section [Query Objects Docstrings]...
2026-03-09,17:06:29 [DEBUG] (state.py:state:650): Returning value '-- no docstring found in query function --'
2026-03-09,17:06:29 [DEBUG] (state.py:state:628): Loading option 'get_pca1' from section [Query Objects Service Versions]...
2026-03-09,17:06:29 [DEBUG] (state.py:state:650): Returning value '{"description": "\ud589\ubcc4 PC1 \uc810\uc218 (SCRIPT_REAL).", "type": "model", "version": 1, "dependencies": [], "target": null, "creation_time": 1773043587, "last_modified_time": 1773043587, "schema": null, "is_public": false}'
2026-03-09,17:06:29 [DEBUG] (state.py:state:628): Loading option 'get_pca1' from section [Query Objects Docstrings]...
2026-03-09,17:06:29 [DEBUG] (state.py:state:650): Returning value '-- no docstring found in query function --'
2026-03-09,17:06:29 [DEBUG] (state.py:state:628): Loading option 'get_pca2' from section [Query Objects Service Versions]...
2026-03-09,17:06:29 [DEBUG] (state.py:state:650): Returning value '{"description": "\ud589\ubcc4 PC2 \uc810\uc218 (SCRIPT_REAL).", "type": "model", "version": 1, "dependencies": [], "target": null, "creation_time": 1773043588, "last_modified_time": 1773043588, "schema": null, "is_public": false}'
2026-03-09,17:06:29 [DEBUG] (state.py:state:628): Loading option 'get_pca2' from section [Query Objects Docstrings]...
2026-03-09,17:06:29 [DEBUG] (state.py:state:650): Returning value '-- no docstring found in query function --'
2026-03-09,17:06:29 [DEBUG] (state.py:state:628): Loading option 'get_pca3' from section [Query Objects Service Versions]...
2026-03-09,17:06:29 [DEBUG] (state.py:state:650): Returning value '{"description": "\ud589\ubcc4 PC3 \uc810\uc218 (SCRIPT_REAL).", "type": "model", "version": 1, "dependencies": [], "target": null, "creation_time": 1773043588, "last_modified_time": 1773043588, "schema": null, "is_public": false}'
2026-03-09,17:06:29 [DEBUG] (state.py:state:628): Loading option 'get_pca3' from section [Query Objects Docstrings]...
2026-03-09,17:06:29 [DEBUG] (state.py:state:650): Returning value '-- no docstring found in query function --'
2026-03-09,17:06:29 [DEBUG] (state.py:state:628): Loading option 'get_biplot_pc1_loadings' from section [Query Objects Service Versions]...
2026-03-09,17:06:29 [DEBUG] (state.py:state:650): Returning value '{"description": "Biplot \ubcc0\uc218\ubcc4 PC1 \ub85c\ub529 (SCRIPT_REAL).", "type": "model", "version": 1, "dependencies": [], "target": null, "creation_time": 1773043588, "last_modified_time": 1773043588, "schema": null, "is_public": false}'
2026-03-09,17:06:29 [DEBUG] (state.py:state:628): Loading option 'get_biplot_pc1_loadings' from section [Query Objects Docstrings]...
2026-03-09,17:06:29 [DEBUG] (state.py:state:650): Returning value '-- no docstring found in query function --'
2026-03-09,17:06:29 [DEBUG] (state.py:state:628): Loading option 'get_biplot_pc2_loadings' from section [Query Objects Service Versions]...
2026-03-09,17:06:29 [DEBUG] (state.py:state:650): Returning value '{"description": "Biplot \ubcc0\uc218\ubcc4 PC2 \ub85c\ub529 (SCRIPT_REAL).", "type": "model", "version": 1, "dependencies": [], "target": null, "creation_time": 1773043588, "last_modified_time": 1773043588, "schema": null, "is_public": false}'
2026-03-09,17:06:29 [DEBUG] (state.py:state:628): Loading option 'get_biplot_pc2_loadings' from section [Query Objects Docstrings]...
2026-03-09,17:06:29 [DEBUG] (state.py:state:650): Returning value '-- no docstring found in query function --'
2026-03-09,17:06:29 [DEBUG] (state.py:state:628): Loading option 'get_channel' from section [Query Objects Service Versions]...
2026-03-09,17:06:29 [DEBUG] (state.py:state:650): Returning value '{"description": "6\uac1c \uad6c\ub9e4 + Region \u2192 \ucc44\ub110 0/1 \uc608\uce21 (SCRIPT_INT). ModelName \uc120\ud0dd \uac00\ub2a5.", "type": "model", "version": 1, "dependencies": [], "target": null, "creation_time": 1773043588, "last_modified_time": 1773043588, "schema": null, "is_public": false}'
2026-03-09,17:06:29 [DEBUG] (state.py:state:628): Loading option 'get_channel' from section [Query Objects Docstrings]...
2026-03-09,17:06:29 [DEBUG] (state.py:state:650): Returning value '-- no docstring found in query function --'
2026-03-09,17:06:29 [DEBUG] (state.py:state:628): Loading option 'get_channel_proba' from section [Query Objects Service Versions]...
2026-03-09,17:06:29 [DEBUG] (state.py:state:650): Returning value '{"description": "6\uac1c \uad6c\ub9e4 + Region \u2192 \ucc44\ub110 1(\uc591\uc131) \ud655\ub960 (SCRIPT_REAL). AUC-ROC \uace1\uc120\uc6a9.", "type": "model", "version": 1, "dependencies": [], "target": null, "creation_time": 1773043588, "last_modified_time": 1773043588, "schema": null, "is_public": false}'
2026-03-09,17:06:29 [DEBUG] (state.py:state:628): Loading option 'get_channel_proba' from section [Query Objects Docstrings]...
2026-03-09,17:06:29 [DEBUG] (state.py:state:650): Returning value '-- no docstring found in query function --'
2026-03-09,17:06:29 [DEBUG] (state.py:state:628): Loading option 'get_feature_importance' from section [Query Objects Service Versions]...
2026-03-09,17:06:29 [DEBUG] (state.py:state:650): Returning value '{"description": "\ubaa8\ub378\ubcc4 \ud2b9\uc131 \uc911\uc694\ub3c4 \ubc18\ud658 (Feature, ModelName).", "type": "model", "version": 1, "dependencies": [], "target": null, "creation_time": 1773043589, "last_modified_time": 1773043589, "schema": null, "is_public": false}'
2026-03-09,17:06:29 [DEBUG] (state.py:state:628): Loading option 'get_feature_importance' from section [Query Objects Docstrings]...
2026-03-09,17:06:29 [DEBUG] (state.py:state:650): Returning value '-- no docstring found in query function --'
2026-03-09,17:06:29 [DEBUG] (state.py:state:148): Collected endpoints: {'predict_ecotype_xgb': {'description': 'XGBoost elderly economic activity predictor', 'type': 'model', 'version': 6, 'dependencies': [], 'target': None, 'creation_time': 1772855169, 'last_modified_time': 1772858181, 'schema': None, 'is_public': False, 'docstring': '-- no docstring found in query function --'}, 'get_cluster': {'description': '6개 구매 컬럼 → 군집 ID (0~4) 리스트.', 'type': 'model', 'version': 1, 'dependencies': [], 'target': None, 'creation_time': 1773043582, 'last_modified_time': 1773043582, 'schema': None, 'is_public': False, 'docstring': '-- no docstring found in query function --'}, 'get_pca1': {'description': '행별 PC1 점수 (SCRIPT_REAL).', 'type': 'model', 'version': 1, 'dependencies': [], 'target': None, 'creation_time': 1773043587, 'last_modified_time': 1773043587, 'schema': None, 'is_public': False, 'docstring': '-- no docstring found in query function --'}, 'get_pca2': {'description': '행별 PC2 점수 (SCRIPT_REAL).', 'type': 'model', 'version': 1, 'dependencies': [], 'target': None, 'creation_time': 1773043588, 'last_modified_time': 1773043588, 'schema': None, 'is_public': False, 'docstring': '-- no docstring found in query function --'}, 'get_pca3': {'description': '행별 PC3 점수 (SCRIPT_REAL).', 'type': 'model', 'version': 1, 'dependencies': [], 'target': None, 'creation_time': 1773043588, 'last_modified_time': 1773043588, 'schema': None, 'is_public': False, 'docstring': '-- no docstring found in query function --'}, 'get_biplot_pc1_loadings': {'description': 'Biplot 변수별 PC1 로딩 (SCRIPT_REAL).', 'type': 'model', 'version': 1, 'dependencies': [], 'target': None, 'creation_time': 1773043588, 'last_modified_time': 1773043588, 'schema': None, 'is_public': False, 'docstring': '-- no docstring found in query function --'}, 'get_biplot_pc2_loadings': {'description': 'Biplot 변수별 PC2 로딩 (SCRIPT_REAL).', 'type': 'model', 'version': 1, 'dependencies': [], 'target': None, 'creation_time': 1773043588, 'last_modified_time': 1773043588, 'schema': None, 'is_public': False, 'docstring': '-- no docstring found in query function --'}, 'get_channel': {'description': '6개 구매 + Region → 채널 0/1 예측 (SCRIPT_INT). ModelName 선택 가능.', 'type': 'model', 'version': 1, 'dependencies': [], 'target': None, 'creation_time': 1773043588, 'last_modified_time': 1773043588, 'schema': None, 'is_public': False, 'docstring': '-- no docstring found in query function --'}, 'get_channel_proba': {'description': '6개 구매 + Region → 채널 1(양성) 확률 (SCRIPT_REAL). AUC-ROC 곡선용.', 'type': 'model', 'version': 1, 'dependencies': [], 'target': None, 'creation_time': 1773043588, 'last_modified_time': 1773043588, 'schema': None, 'is_public': False, 'docstring': '-- no docstring found in query function --'}, 'get_feature_importance': {'description': '모델별 특성 중요도 반환 (Feature, ModelName).', 'type': 'model', 'version': 1, 'dependencies': [], 'target': None, 'creation_time': 1773043589, 'last_modified_time': 1773043589, 'schema': None, 'is_public': False, 'docstring': '-- no docstring found in query function --'}}
2026-03-09,17:06:29 [DEBUG] (state.py:state:628): Loading option 'None' from section [Query Objects Service Versions]...
2026-03-09,17:06:29 [DEBUG] (state.py:state:650): Returning value '['predict_ecotype_xgb', 'get_cluster', 'get_pca1', 'get_pca2', 'get_pca3', 'get_biplot_pc1_loadings', 'get_biplot_pc2_loadings', 'get_channel', 'get_channel_proba', 'get_feature_importance']'
2026-03-09,17:06:29 [DEBUG] (state.py:state:628): Loading option 'predict_ecotype_xgb' from section [Query Objects Service Versions]...
2026-03-09,17:06:29 [DEBUG] (state.py:state:650): Returning value '{"description": "XGBoost elderly economic activity predictor", "type": "model", "version": 6, "dependencies": [], "target": null, "creation_time": 1772855169, "last_modified_time": 1772858181, "schema": null, "is_public": false}'
2026-03-09,17:06:29 [DEBUG] (state.py:state:628): Loading option 'predict_ecotype_xgb' from section [Query Objects Docstrings]...
2026-03-09,17:06:29 [DEBUG] (state.py:state:650): Returning value '-- no docstring found in query function --'
2026-03-09,17:06:29 [DEBUG] (state.py:state:628): Loading option 'get_cluster' from section [Query Objects Service Versions]...
2026-03-09,17:06:29 [DEBUG] (state.py:state:650): Returning value '{"description": "6\uac1c \uad6c\ub9e4 \uceec\ub7fc \u2192 \uad70\uc9d1 ID (0~4) \ub9ac\uc2a4\ud2b8.", "type": "model", "version": 1, "dependencies": [], "target": null, "creation_time": 1773043582, "last_modified_time": 1773043582, "schema": null, "is_public": false}'
2026-03-09,17:06:29 [DEBUG] (state.py:state:628): Loading option 'get_cluster' from section [Query Objects Docstrings]...
2026-03-09,17:06:29 [DEBUG] (state.py:state:650): Returning value '-- no docstring found in query function --'
2026-03-09,17:06:29 [DEBUG] (state.py:state:628): Loading option 'get_pca1' from section [Query Objects Service Versions]...
2026-03-09,17:06:29 [DEBUG] (state.py:state:650): Returning value '{"description": "\ud589\ubcc4 PC1 \uc810\uc218 (SCRIPT_REAL).", "type": "model", "version": 1, "dependencies": [], "target": null, "creation_time": 1773043587, "last_modified_time": 1773043587, "schema": null, "is_public": false}'
2026-03-09,17:06:29 [DEBUG] (state.py:state:628): Loading option 'get_pca1' from section [Query Objects Docstrings]...
2026-03-09,17:06:29 [DEBUG] (state.py:state:650): Returning value '-- no docstring found in query function --'
2026-03-09,17:06:29 [DEBUG] (state.py:state:628): Loading option 'get_pca2' from section [Query Objects Service Versions]...
2026-03-09,17:06:29 [DEBUG] (state.py:state:650): Returning value '{"description": "\ud589\ubcc4 PC2 \uc810\uc218 (SCRIPT_REAL).", "type": "model", "version": 1, "dependencies": [], "target": null, "creation_time": 1773043588, "last_modified_time": 1773043588, "schema": null, "is_public": false}'
2026-03-09,17:06:29 [DEBUG] (state.py:state:628): Loading option 'get_pca2' from section [Query Objects Docstrings]...
2026-03-09,17:06:29 [DEBUG] (state.py:state:650): Returning value '-- no docstring found in query function --'
2026-03-09,17:06:29 [DEBUG] (state.py:state:628): Loading option 'get_pca3' from section [Query Objects Service Versions]...
2026-03-09,17:06:29 [DEBUG] (state.py:state:650): Returning value '{"description": "\ud589\ubcc4 PC3 \uc810\uc218 (SCRIPT_REAL).", "type": "model", "version": 1, "dependencies": [], "target": null, "creation_time": 1773043588, "last_modified_time": 1773043588, "schema": null, "is_public": false}'
2026-03-09,17:06:29 [DEBUG] (state.py:state:628): Loading option 'get_pca3' from section [Query Objects Docstrings]...
2026-03-09,17:06:29 [DEBUG] (state.py:state:650): Returning value '-- no docstring found in query function --'
2026-03-09,17:06:29 [DEBUG] (state.py:state:628): Loading option 'get_biplot_pc1_loadings' from section [Query Objects Service Versions]...
2026-03-09,17:06:29 [DEBUG] (state.py:state:650): Returning value '{"description": "Biplot \ubcc0\uc218\ubcc4 PC1 \ub85c\ub529 (SCRIPT_REAL).", "type": "model", "version": 1, "dependencies": [], "target": null, "creation_time": 1773043588, "last_modified_time": 1773043588, "schema": null, "is_public": false}'
2026-03-09,17:06:29 [DEBUG] (state.py:state:628): Loading option 'get_biplot_pc1_loadings' from section [Query Objects Docstrings]...
2026-03-09,17:06:29 [DEBUG] (state.py:state:650): Returning value '-- no docstring found in query function --'
2026-03-09,17:06:29 [DEBUG] (state.py:state:628): Loading option 'get_biplot_pc2_loadings' from section [Query Objects Service Versions]...
2026-03-09,17:06:29 [DEBUG] (state.py:state:650): Returning value '{"description": "Biplot \ubcc0\uc218\ubcc4 PC2 \ub85c\ub529 (SCRIPT_REAL).", "type": "model", "version": 1, "dependencies": [], "target": null, "creation_time": 1773043588, "last_modified_time": 1773043588, "schema": null, "is_public": false}'
2026-03-09,17:06:29 [DEBUG] (state.py:state:628): Loading option 'get_biplot_pc2_loadings' from section [Query Objects Docstrings]...
2026-03-09,17:06:29 [DEBUG] (state.py:state:650): Returning value '-- no docstring found in query function --'
2026-03-09,17:06:29 [DEBUG] (state.py:state:628): Loading option 'get_channel' from section [Query Objects Service Versions]...
2026-03-09,17:06:29 [DEBUG] (state.py:state:650): Returning value '{"description": "6\uac1c \uad6c\ub9e4 + Region \u2192 \ucc44\ub110 0/1 \uc608\uce21 (SCRIPT_INT). ModelName \uc120\ud0dd \uac00\ub2a5.", "type": "model", "version": 1, "dependencies": [], "target": null, "creation_time": 1773043588, "last_modified_time": 1773043588, "schema": null, "is_public": false}'
2026-03-09,17:06:29 [DEBUG] (state.py:state:628): Loading option 'get_channel' from section [Query Objects Docstrings]...
2026-03-09,17:06:29 [DEBUG] (state.py:state:650): Returning value '-- no docstring found in query function --'
2026-03-09,17:06:29 [DEBUG] (state.py:state:628): Loading option 'get_channel_proba' from section [Query Objects Service Versions]...
2026-03-09,17:06:29 [DEBUG] (state.py:state:650): Returning value '{"description": "6\uac1c \uad6c\ub9e4 + Region \u2192 \ucc44\ub110 1(\uc591\uc131) \ud655\ub960 (SCRIPT_REAL). AUC-ROC \uace1\uc120\uc6a9.", "type": "model", "version": 1, "dependencies": [], "target": null, "creation_time": 1773043588, "last_modified_time": 1773043588, "schema": null, "is_public": false}'
2026-03-09,17:06:29 [DEBUG] (state.py:state:628): Loading option 'get_channel_proba' from section [Query Objects Docstrings]...
2026-03-09,17:06:29 [DEBUG] (state.py:state:650): Returning value '-- no docstring found in query function --'
2026-03-09,17:06:29 [DEBUG] (state.py:state:628): Loading option 'get_feature_importance' from section [Query Objects Service Versions]...
2026-03-09,17:06:29 [DEBUG] (state.py:state:650): Returning value '{"description": "\ubaa8\ub378\ubcc4 \ud2b9\uc131 \uc911\uc694\ub3c4 \ubc18\ud658 (Feature, ModelName).", "type": "model", "version": 1, "dependencies": [], "target": null, "creation_time": 1773043589, "last_modified_time": 1773043589, "schema": null, "is_public": false}'
2026-03-09,17:06:29 [DEBUG] (state.py:state:628): Loading option 'get_feature_importance' from section [Query Objects Docstrings]...
2026-03-09,17:06:29 [DEBUG] (state.py:state:650): Returning value '-- no docstring found in query function --'
2026-03-09,17:06:29 [DEBUG] (state.py:state:148): Collected endpoints: {'predict_ecotype_xgb': {'description': 'XGBoost elderly economic activity predictor', 'type': 'model', 'version': 6, 'dependencies': [], 'target': None, 'creation_time': 1772855169, 'last_modified_time': 1772858181, 'schema': None, 'is_public': False, 'docstring': '-- no docstring found in query function --'}, 'get_cluster': {'description': '6개 구매 컬럼 → 군집 ID (0~4) 리스트.', 'type': 'model', 'version': 1, 'dependencies': [], 'target': None, 'creation_time': 1773043582, 'last_modified_time': 1773043582, 'schema': None, 'is_public': False, 'docstring': '-- no docstring found in query function --'}, 'get_pca1': {'description': '행별 PC1 점수 (SCRIPT_REAL).', 'type': 'model', 'version': 1, 'dependencies': [], 'target': None, 'creation_time': 1773043587, 'last_modified_time': 1773043587, 'schema': None, 'is_public': False, 'docstring': '-- no docstring found in query function --'}, 'get_pca2': {'description': '행별 PC2 점수 (SCRIPT_REAL).', 'type': 'model', 'version': 1, 'dependencies': [], 'target': None, 'creation_time': 1773043588, 'last_modified_time': 1773043588, 'schema': None, 'is_public': False, 'docstring': '-- no docstring found in query function --'}, 'get_pca3': {'description': '행별 PC3 점수 (SCRIPT_REAL).', 'type': 'model', 'version': 1, 'dependencies': [], 'target': None, 'creation_time': 1773043588, 'last_modified_time': 1773043588, 'schema': None, 'is_public': False, 'docstring': '-- no docstring found in query function --'}, 'get_biplot_pc1_loadings': {'description': 'Biplot 변수별 PC1 로딩 (SCRIPT_REAL).', 'type': 'model', 'version': 1, 'dependencies': [], 'target': None, 'creation_time': 1773043588, 'last_modified_time': 1773043588, 'schema': None, 'is_public': False, 'docstring': '-- no docstring found in query function --'}, 'get_biplot_pc2_loadings': {'description': 'Biplot 변수별 PC2 로딩 (SCRIPT_REAL).', 'type': 'model', 'version': 1, 'dependencies': [], 'target': None, 'creation_time': 1773043588, 'last_modified_time': 1773043588, 'schema': None, 'is_public': False, 'docstring': '-- no docstring found in query function --'}, 'get_channel': {'description': '6개 구매 + Region → 채널 0/1 예측 (SCRIPT_INT). ModelName 선택 가능.', 'type': 'model', 'version': 1, 'dependencies': [], 'target': None, 'creation_time': 1773043588, 'last_modified_time': 1773043588, 'schema': None, 'is_public': False, 'docstring': '-- no docstring found in query function --'}, 'get_channel_proba': {'description': '6개 구매 + Region → 채널 1(양성) 확률 (SCRIPT_REAL). AUC-ROC 곡선용.', 'type': 'model', 'version': 1, 'dependencies': [], 'target': None, 'creation_time': 1773043588, 'last_modified_time': 1773043588, 'schema': None, 'is_public': False, 'docstring': '-- no docstring found in query function --'}, 'get_feature_importance': {'description': '모델별 특성 중요도 반환 (Feature, ModelName).', 'type': 'model', 'version': 1, 'dependencies': [], 'target': None, 'creation_time': 1773043589, 'last_modified_time': 1773043589, 'schema': None, 'is_public': False, 'docstring': '-- no docstring found in query function --'}}
2026-03-09,17:06:29 [DEBUG] (python_service.py:python_service:39): Received request LoadObject
2026-03-09,17:06:29 [DEBUG] (python_service.py:python_service:53): Returning response LoadInProgress(uri='get_feature_importance', path='C:\\Users\\bohee\\AppData\\Local\\Programs\\Python\\Python313\\Lib\\site-packages\\tabpy\\tabpy_server/query_objects/get_feature_importance/1', version=1, is_update=False, endpoint_type='model')
2026-03-09,17:06:29 [INFO] (python_service.py:python_service:89): Loading object:, URI=get_feature_importance, URL=C:\Users\bohee\AppData\Local\Programs\Python\Python313\Lib\site-packages\tabpy\tabpy_server/query_objects/get_feature_importance/1, version=1, is_updated=False
2026-03-09,17:06:29 [INFO] (callbacks.py:callbacks:24): Waiting for object to be loaded...
2026-03-09,17:06:29 [DEBUG] (python_service.py:python_service:39): Received request ListObjects
2026-03-09,17:06:29 [DEBUG] (python_service.py:python_service:53): Returning response ObjectList(objects={'predict_ecotype_xgb': {'version': 6, 'type': 'model', 'status': 'LoadSuccessful', 'reason': None}, 'get_cluster': {'version': 1, 'type': 'model', 'status': 'LoadSuccessful', 'reason': None}, 'get_pca1': {'version': 1, 'type': 'model', 'status': 'LoadSuccessful', 'reason': None}, 'get_pca2': {'version': 1, 'type': 'model', 'status': 'LoadSuccessful', 'reason': None}, 'get_pca3': {'version': 1, 'type': 'model', 'status': 'LoadSuccessful', 'reason': None}, 'get_biplot_pc1_loadings': {'version': 1, 'type': 'model', 'status': 'LoadSuccessful', 'reason': None}, 'get_biplot_pc2_loadings': {'version': 1, 'type': 'model', 'status': 'LoadSuccessful', 'reason': None}, 'get_channel': {'version': 1, 'type': 'model', 'status': 'LoadSuccessful', 'reason': None}, 'get_channel_proba': {'version': 1, 'type': 'model', 'status': 'LoadSuccessful', 'reason': None}, 'get_feature_importance': {'version': 1, 'type': 'model', 'status': 'LoadInProgress', 'reason': None}})
2026-03-09,17:06:29 [INFO] (query_object.py:query_object:80): Loaded query object "CustomQueryObject" successfully
2026-03-09,17:06:29 [DEBUG] (python_service.py:python_service:39): Received request ListObjects
2026-03-09,17:06:29 [DEBUG] (python_service.py:python_service:53): Returning response ObjectList(objects={'predict_ecotype_xgb': {'version': 6, 'type': 'model', 'status': 'LoadSuccessful', 'reason': None}, 'get_cluster': {'version': 1, 'type': 'model', 'status': 'LoadSuccessful', 'reason': None}, 'get_pca1': {'version': 1, 'type': 'model', 'status': 'LoadSuccessful', 'reason': None}, 'get_pca2': {'version': 1, 'type': 'model', 'status': 'LoadSuccessful', 'reason': None}, 'get_pca3': {'version': 1, 'type': 'model', 'status': 'LoadSuccessful', 'reason': None}, 'get_biplot_pc1_loadings': {'version': 1, 'type': 'model', 'status': 'LoadSuccessful', 'reason': None}, 'get_biplot_pc2_loadings': {'version': 1, 'type': 'model', 'status': 'LoadSuccessful', 'reason': None}, 'get_channel': {'version': 1, 'type': 'model', 'status': 'LoadSuccessful', 'reason': None}, 'get_channel_proba': {'version': 1, 'type': 'model', 'status': 'LoadSuccessful', 'reason': None}, 'get_feature_importance': {'version': 1, 'type': 'model', 'status': 'LoadSuccessful', 'reason': None}})
2026-03-09,17:06:29 [INFO] (callbacks.py:callbacks:35): Object load status: LoadSuccessful
2026-03-09,17:06:29 [DEBUG] (base_handler.py:base_handler:115): Endpoint get_feature_importance successfully added
2026-03-09,17:06:29 [DEBUG] (state.py:state:628): Loading option 'get_feature_importance' from section [Query Objects Service Versions]...
2026-03-09,17:06:29 [DEBUG] (state.py:state:650): Returning value '{"description": "\ubaa8\ub378\ubcc4 \ud2b9\uc131 \uc911\uc694\ub3c4 \ubc18\ud658 (Feature, ModelName).", "type": "model", "version": 1, "dependencies": [], "target": null, "creation_time": 1773043589, "last_modified_time": 1773043589, "schema": null, "is_public": false}'
2026-03-09,17:06:29 [DEBUG] (state.py:state:628): Loading option 'get_feature_importance' from section [Query Objects Docstrings]...
2026-03-09,17:06:29 [DEBUG] (state.py:state:650): Returning value '-- no docstring found in query function --'
2026-03-09,17:06:29 [DEBUG] (state.py:state:148): Collected endpoints: {'get_feature_importance': {'description': '모델별 특성 중요도 반환 (Feature, ModelName).', 'type': 'model', 'version': 1, 'dependencies': [], 'target': None, 'creation_time': 1773043589, 'last_modified_time': 1773043589, 'schema': None, 'is_public': False, 'docstring': '-- no docstring found in query function --'}}
2026-03-09,17:06:29 [INFO] (web.py:web:2418): 201 POST /endpoints (::1) 143.57ms
2026-03-09,17:06:29 [DEBUG] (base_handler.py:base_handler:115): Checking if need to handle authentication
2026-03-09,17:06:29 [DEBUG] (base_handler.py:base_handler:115): Handling authentication
2026-03-09,17:06:29 [INFO] (base_handler.py:base_handler:115): Authentication is not a required feature for API "v1"
2026-03-09,17:06:29 [DEBUG] (base_handler.py:base_handler:115): Checking request headers for authentication data
2026-03-09,17:06:29 [INFO] (base_handler.py:base_handler:115): Authorization header not found
2026-03-09,17:06:29 [DEBUG] (base_handler.py:base_handler:115): authentication not required, username and password are none
2026-03-09,17:06:29 [DEBUG] (state.py:state:526): Collecting Access-Control-Allow-Origin from state file ...
2026-03-09,17:06:29 [DEBUG] (state.py:state:628): Loading option 'Access-Control-Allow-Origin' from section [Service Info]...
2026-03-09,17:06:29 [DEBUG] (state.py:state:650): Returning value ''
2026-03-09,17:06:29 [DEBUG] (state.py:state:628): Loading option 'Access-Control-Allow-Headers' from section [Service Info]...
2026-03-09,17:06:29 [DEBUG] (state.py:state:650): Returning value ''
2026-03-09,17:06:29 [DEBUG] (state.py:state:628): Loading option 'Access-Control-Allow-Methods' from section [Service Info]...
2026-03-09,17:06:29 [DEBUG] (state.py:state:650): Returning value ''
2026-03-09,17:06:29 [DEBUG] (base_handler.py:base_handler:115): Found models: {'predict_ecotype_xgb': {'version': 6, 'type': 'model', 'status': 'LoadSuccessful', 'last_error': None}, 'get_cluster': {'version': 1, 'type': 'model', 'status': 'LoadSuccessful', 'last_error': None}, 'get_pca1': {'version': 1, 'type': 'model', 'status': 'LoadSuccessful', 'last_error': None}, 'get_pca2': {'version': 1, 'type': 'model', 'status': 'LoadSuccessful', 'last_error': None}, 'get_pca3': {'version': 1, 'type': 'model', 'status': 'LoadSuccessful', 'last_error': None}, 'get_biplot_pc1_loadings': {'version': 1, 'type': 'model', 'status': 'LoadSuccessful', 'last_error': None}, 'get_biplot_pc2_loadings': {'version': 1, 'type': 'model', 'status': 'LoadSuccessful', 'last_error': None}, 'get_channel': {'version': 1, 'type': 'model', 'status': 'LoadSuccessful', 'last_error': None}, 'get_channel_proba': {'version': 1, 'type': 'model', 'status': 'LoadSuccessful', 'last_error': None}, 'get_feature_importance': {'version': 1, 'type': 'model', 'status': 'LoadSuccessful', 'last_error': None}}
2026-03-09,17:06:29 [INFO] (web.py:web:2418): 200 GET /status (::1) 1.36ms
2026-03-09,17:06:29 [DEBUG] (base_handler.py:base_handler:115): Checking if need to handle authentication
2026-03-09,17:06:29 [DEBUG] (base_handler.py:base_handler:115): Handling authentication
2026-03-09,17:06:29 [INFO] (base_handler.py:base_handler:115): Authentication is not a required feature for API "v1"
2026-03-09,17:06:29 [DEBUG] (base_handler.py:base_handler:115): Checking request headers for authentication data
2026-03-09,17:06:29 [INFO] (base_handler.py:base_handler:115): Authorization header not found
2026-03-09,17:06:29 [DEBUG] (base_handler.py:base_handler:115): authentication not required, username and password are none
2026-03-09,17:06:29 [DEBUG] (state.py:state:526): Collecting Access-Control-Allow-Origin from state file ...
2026-03-09,17:06:29 [DEBUG] (state.py:state:628): Loading option 'Access-Control-Allow-Origin' from section [Service Info]...
2026-03-09,17:06:29 [DEBUG] (state.py:state:650): Returning value ''
2026-03-09,17:06:29 [DEBUG] (state.py:state:628): Loading option 'Access-Control-Allow-Headers' from section [Service Info]...
2026-03-09,17:06:29 [DEBUG] (state.py:state:650): Returning value ''
2026-03-09,17:06:29 [DEBUG] (state.py:state:628): Loading option 'Access-Control-Allow-Methods' from section [Service Info]...
2026-03-09,17:06:29 [DEBUG] (state.py:state:650): Returning value ''
2026-03-09,17:06:29 [DEBUG] (state.py:state:628): Loading option 'None' from section [Query Objects Service Versions]...
2026-03-09,17:06:29 [DEBUG] (state.py:state:650): Returning value '['predict_ecotype_xgb', 'get_cluster', 'get_pca1', 'get_pca2', 'get_pca3', 'get_biplot_pc1_loadings', 'get_biplot_pc2_loadings', 'get_channel', 'get_channel_proba', 'get_feature_importance']'
2026-03-09,17:06:29 [DEBUG] (state.py:state:628): Loading option 'predict_ecotype_xgb' from section [Query Objects Service Versions]...
2026-03-09,17:06:29 [DEBUG] (state.py:state:650): Returning value '{"description": "XGBoost elderly economic activity predictor", "type": "model", "version": 6, "dependencies": [], "target": null, "creation_time": 1772855169, "last_modified_time": 1772858181, "schema": null, "is_public": false}'
2026-03-09,17:06:29 [DEBUG] (state.py:state:628): Loading option 'predict_ecotype_xgb' from section [Query Objects Docstrings]...
2026-03-09,17:06:29 [DEBUG] (state.py:state:650): Returning value '-- no docstring found in query function --'
2026-03-09,17:06:29 [DEBUG] (state.py:state:628): Loading option 'get_cluster' from section [Query Objects Service Versions]...
2026-03-09,17:06:29 [DEBUG] (state.py:state:650): Returning value '{"description": "6\uac1c \uad6c\ub9e4 \uceec\ub7fc \u2192 \uad70\uc9d1 ID (0~4) \ub9ac\uc2a4\ud2b8.", "type": "model", "version": 1, "dependencies": [], "target": null, "creation_time": 1773043582, "last_modified_time": 1773043582, "schema": null, "is_public": false}'
2026-03-09,17:06:29 [DEBUG] (state.py:state:628): Loading option 'get_cluster' from section [Query Objects Docstrings]...
2026-03-09,17:06:29 [DEBUG] (state.py:state:650): Returning value '-- no docstring found in query function --'
2026-03-09,17:06:29 [DEBUG] (state.py:state:628): Loading option 'get_pca1' from section [Query Objects Service Versions]...
2026-03-09,17:06:29 [DEBUG] (state.py:state:650): Returning value '{"description": "\ud589\ubcc4 PC1 \uc810\uc218 (SCRIPT_REAL).", "type": "model", "version": 1, "dependencies": [], "target": null, "creation_time": 1773043587, "last_modified_time": 1773043587, "schema": null, "is_public": false}'
2026-03-09,17:06:29 [DEBUG] (state.py:state:628): Loading option 'get_pca1' from section [Query Objects Docstrings]...
2026-03-09,17:06:29 [DEBUG] (state.py:state:650): Returning value '-- no docstring found in query function --'
2026-03-09,17:06:29 [DEBUG] (state.py:state:628): Loading option 'get_pca2' from section [Query Objects Service Versions]...
2026-03-09,17:06:29 [DEBUG] (state.py:state:650): Returning value '{"description": "\ud589\ubcc4 PC2 \uc810\uc218 (SCRIPT_REAL).", "type": "model", "version": 1, "dependencies": [], "target": null, "creation_time": 1773043588, "last_modified_time": 1773043588, "schema": null, "is_public": false}'
2026-03-09,17:06:29 [DEBUG] (state.py:state:628): Loading option 'get_pca2' from section [Query Objects Docstrings]...
2026-03-09,17:06:29 [DEBUG] (state.py:state:650): Returning value '-- no docstring found in query function --'
2026-03-09,17:06:29 [DEBUG] (state.py:state:628): Loading option 'get_pca3' from section [Query Objects Service Versions]...
2026-03-09,17:06:29 [DEBUG] (state.py:state:650): Returning value '{"description": "\ud589\ubcc4 PC3 \uc810\uc218 (SCRIPT_REAL).", "type": "model", "version": 1, "dependencies": [], "target": null, "creation_time": 1773043588, "last_modified_time": 1773043588, "schema": null, "is_public": false}'
2026-03-09,17:06:29 [DEBUG] (state.py:state:628): Loading option 'get_pca3' from section [Query Objects Docstrings]...
2026-03-09,17:06:29 [DEBUG] (state.py:state:650): Returning value '-- no docstring found in query function --'
2026-03-09,17:06:29 [DEBUG] (state.py:state:628): Loading option 'get_biplot_pc1_loadings' from section [Query Objects Service Versions]...
2026-03-09,17:06:29 [DEBUG] (state.py:state:650): Returning value '{"description": "Biplot \ubcc0\uc218\ubcc4 PC1 \ub85c\ub529 (SCRIPT_REAL).", "type": "model", "version": 1, "dependencies": [], "target": null, "creation_time": 1773043588, "last_modified_time": 1773043588, "schema": null, "is_public": false}'
2026-03-09,17:06:29 [DEBUG] (state.py:state:628): Loading option 'get_biplot_pc1_loadings' from section [Query Objects Docstrings]...
2026-03-09,17:06:29 [DEBUG] (state.py:state:650): Returning value '-- no docstring found in query function --'
2026-03-09,17:06:29 [DEBUG] (state.py:state:628): Loading option 'get_biplot_pc2_loadings' from section [Query Objects Service Versions]...
2026-03-09,17:06:29 [DEBUG] (state.py:state:650): Returning value '{"description": "Biplot \ubcc0\uc218\ubcc4 PC2 \ub85c\ub529 (SCRIPT_REAL).", "type": "model", "version": 1, "dependencies": [], "target": null, "creation_time": 1773043588, "last_modified_time": 1773043588, "schema": null, "is_public": false}'
2026-03-09,17:06:29 [DEBUG] (state.py:state:628): Loading option 'get_biplot_pc2_loadings' from section [Query Objects Docstrings]...
2026-03-09,17:06:29 [DEBUG] (state.py:state:650): Returning value '-- no docstring found in query function --'
2026-03-09,17:06:29 [DEBUG] (state.py:state:628): Loading option 'get_channel' from section [Query Objects Service Versions]...
2026-03-09,17:06:29 [DEBUG] (state.py:state:650): Returning value '{"description": "6\uac1c \uad6c\ub9e4 + Region \u2192 \ucc44\ub110 0/1 \uc608\uce21 (SCRIPT_INT). ModelName \uc120\ud0dd \uac00\ub2a5.", "type": "model", "version": 1, "dependencies": [], "target": null, "creation_time": 1773043588, "last_modified_time": 1773043588, "schema": null, "is_public": false}'
2026-03-09,17:06:29 [DEBUG] (state.py:state:628): Loading option 'get_channel' from section [Query Objects Docstrings]...
2026-03-09,17:06:29 [DEBUG] (state.py:state:650): Returning value '-- no docstring found in query function --'
2026-03-09,17:06:29 [DEBUG] (state.py:state:628): Loading option 'get_channel_proba' from section [Query Objects Service Versions]...
2026-03-09,17:06:29 [DEBUG] (state.py:state:650): Returning value '{"description": "6\uac1c \uad6c\ub9e4 + Region \u2192 \ucc44\ub110 1(\uc591\uc131) \ud655\ub960 (SCRIPT_REAL). AUC-ROC \uace1\uc120\uc6a9.", "type": "model", "version": 1, "dependencies": [], "target": null, "creation_time": 1773043588, "last_modified_time": 1773043588, "schema": null, "is_public": false}'
2026-03-09,17:06:29 [DEBUG] (state.py:state:628): Loading option 'get_channel_proba' from section [Query Objects Docstrings]...
2026-03-09,17:06:29 [DEBUG] (state.py:state:650): Returning value '-- no docstring found in query function --'
2026-03-09,17:06:29 [DEBUG] (state.py:state:628): Loading option 'get_feature_importance' from section [Query Objects Service Versions]...
2026-03-09,17:06:29 [DEBUG] (state.py:state:650): Returning value '{"description": "\ubaa8\ub378\ubcc4 \ud2b9\uc131 \uc911\uc694\ub3c4 \ubc18\ud658 (Feature, ModelName).", "type": "model", "version": 1, "dependencies": [], "target": null, "creation_time": 1773043589, "last_modified_time": 1773043589, "schema": null, "is_public": false}'
2026-03-09,17:06:29 [DEBUG] (state.py:state:628): Loading option 'get_feature_importance' from section [Query Objects Docstrings]...
2026-03-09,17:06:29 [DEBUG] (state.py:state:650): Returning value '-- no docstring found in query function --'
2026-03-09,17:06:29 [DEBUG] (state.py:state:148): Collected endpoints: {'predict_ecotype_xgb': {'description': 'XGBoost elderly economic activity predictor', 'type': 'model', 'version': 6, 'dependencies': [], 'target': None, 'creation_time': 1772855169, 'last_modified_time': 1772858181, 'schema': None, 'is_public': False, 'docstring': '-- no docstring found in query function --'}, 'get_cluster': {'description': '6개 구매 컬럼 → 군집 ID (0~4) 리스트.', 'type': 'model', 'version': 1, 'dependencies': [], 'target': None, 'creation_time': 1773043582, 'last_modified_time': 1773043582, 'schema': None, 'is_public': False, 'docstring': '-- no docstring found in query function --'}, 'get_pca1': {'description': '행별 PC1 점수 (SCRIPT_REAL).', 'type': 'model', 'version': 1, 'dependencies': [], 'target': None, 'creation_time': 1773043587, 'last_modified_time': 1773043587, 'schema': None, 'is_public': False, 'docstring': '-- no docstring found in query function --'}, 'get_pca2': {'description': '행별 PC2 점수 (SCRIPT_REAL).', 'type': 'model', 'version': 1, 'dependencies': [], 'target': None, 'creation_time': 1773043588, 'last_modified_time': 1773043588, 'schema': None, 'is_public': False, 'docstring': '-- no docstring found in query function --'}, 'get_pca3': {'description': '행별 PC3 점수 (SCRIPT_REAL).', 'type': 'model', 'version': 1, 'dependencies': [], 'target': None, 'creation_time': 1773043588, 'last_modified_time': 1773043588, 'schema': None, 'is_public': False, 'docstring': '-- no docstring found in query function --'}, 'get_biplot_pc1_loadings': {'description': 'Biplot 변수별 PC1 로딩 (SCRIPT_REAL).', 'type': 'model', 'version': 1, 'dependencies': [], 'target': None, 'creation_time': 1773043588, 'last_modified_time': 1773043588, 'schema': None, 'is_public': False, 'docstring': '-- no docstring found in query function --'}, 'get_biplot_pc2_loadings': {'description': 'Biplot 변수별 PC2 로딩 (SCRIPT_REAL).', 'type': 'model', 'version': 1, 'dependencies': [], 'target': None, 'creation_time': 1773043588, 'last_modified_time': 1773043588, 'schema': None, 'is_public': False, 'docstring': '-- no docstring found in query function --'}, 'get_channel': {'description': '6개 구매 + Region → 채널 0/1 예측 (SCRIPT_INT). ModelName 선택 가능.', 'type': 'model', 'version': 1, 'dependencies': [], 'target': None, 'creation_time': 1773043588, 'last_modified_time': 1773043588, 'schema': None, 'is_public': False, 'docstring': '-- no docstring found in query function --'}, 'get_channel_proba': {'description': '6개 구매 + Region → 채널 1(양성) 확률 (SCRIPT_REAL). AUC-ROC 곡선용.', 'type': 'model', 'version': 1, 'dependencies': [], 'target': None, 'creation_time': 1773043588, 'last_modified_time': 1773043588, 'schema': None, 'is_public': False, 'docstring': '-- no docstring found in query function --'}, 'get_feature_importance': {'description': '모델별 특성 중요도 반환 (Feature, ModelName).', 'type': 'model', 'version': 1, 'dependencies': [], 'target': None, 'creation_time': 1773043589, 'last_modified_time': 1773043589, 'schema': None, 'is_public': False, 'docstring': '-- no docstring found in query function --'}}
2026-03-09,17:06:29 [INFO] (web.py:web:2418): 200 GET /endpoints (::1) 3.55ms
2026-03-09,17:06:29 [DEBUG] (base_handler.py:base_handler:115): Checking if need to handle authentication
2026-03-09,17:06:29 [DEBUG] (base_handler.py:base_handler:115): Handling authentication
2026-03-09,17:06:29 [INFO] (base_handler.py:base_handler:115): Authentication is not a required feature for API "v1"
2026-03-09,17:06:29 [DEBUG] (base_handler.py:base_handler:115): Checking request headers for authentication data
2026-03-09,17:06:29 [INFO] (base_handler.py:base_handler:115): Authorization header not found
2026-03-09,17:06:29 [DEBUG] (base_handler.py:base_handler:115): authentication not required, username and password are none
2026-03-09,17:06:29 [INFO] (web.py:web:2418): 200 GET /configurations/endpoint_upload_destination (::1) 0.84ms
2026-03-09,17:06:29 [DEBUG] (base_handler.py:base_handler:115): Checking if need to handle authentication
2026-03-09,17:06:29 [DEBUG] (base_handler.py:base_handler:115): Handling authentication
2026-03-09,17:06:29 [INFO] (base_handler.py:base_handler:115): Authentication is not a required feature for API "v1"
2026-03-09,17:06:29 [DEBUG] (base_handler.py:base_handler:115): Checking request headers for authentication data
2026-03-09,17:06:29 [INFO] (base_handler.py:base_handler:115): Authorization header not found
2026-03-09,17:06:29 [DEBUG] (base_handler.py:base_handler:115): authentication not required, username and password are none
2026-03-09,17:06:29 [DEBUG] (base_handler.py:base_handler:115): Processing PUT for /endpoints/get_cluster
2026-03-09,17:06:29 [DEBUG] (state.py:state:628): Loading option 'get_cluster' from section [Query Objects Service Versions]...
2026-03-09,17:06:29 [DEBUG] (state.py:state:650): Returning value '{"description": "6\uac1c \uad6c\ub9e4 \uceec\ub7fc \u2192 \uad70\uc9d1 ID (0~4) \ub9ac\uc2a4\ud2b8.", "type": "model", "version": 1, "dependencies": [], "target": null, "creation_time": 1773043582, "last_modified_time": 1773043582, "schema": null, "is_public": false}'
2026-03-09,17:06:29 [DEBUG] (state.py:state:628): Loading option 'get_cluster' from section [Query Objects Docstrings]...
2026-03-09,17:06:29 [DEBUG] (state.py:state:650): Returning value '-- no docstring found in query function --'
2026-03-09,17:06:29 [DEBUG] (state.py:state:148): Collected endpoints: {'get_cluster': {'description': '6개 구매 컬럼 → 군집 ID (0~4) 리스트.', 'type': 'model', 'version': 1, 'dependencies': [], 'target': None, 'creation_time': 1773043582, 'last_modified_time': 1773043582, 'schema': None, 'is_public': False, 'docstring': '-- no docstring found in query function --'}}
2026-03-09,17:06:29 [INFO] (base_handler.py:base_handler:115): Endpoint info: {'description': '6개 구매 컬럼 → 군집 ID (0~4) 리스트.', 'version': 2, 'name': 'get_cluster', 'dependencies': [], 'required_packages': [], 'type': 'model', 'required_files': [], 'src_path': 'C:\\Users\\bohee\\AppData\\Local\\Programs\\Python\\Python313\\Lib\\site-packages\\tabpy\\tabpy_server\\staging\\endpoints\\get_cluster\\2', 'methods': [{'method': 'query'}]}
2026-03-09,17:06:29 [DEBUG] (base_handler.py:base_handler:115): Adding/updating model get_cluster...
2026-03-09,17:06:29 [DEBUG] (state.py:state:628): Loading option 'None' from section [Query Objects Service Versions]...
2026-03-09,17:06:29 [DEBUG] (state.py:state:650): Returning value '['predict_ecotype_xgb', 'get_cluster', 'get_pca1', 'get_pca2', 'get_pca3', 'get_biplot_pc1_loadings', 'get_biplot_pc2_loadings', 'get_channel', 'get_channel_proba', 'get_feature_importance']'
2026-03-09,17:06:29 [DEBUG] (state.py:state:628): Loading option 'predict_ecotype_xgb' from section [Query Objects Service Versions]...
2026-03-09,17:06:29 [DEBUG] (state.py:state:650): Returning value '{"description": "XGBoost elderly economic activity predictor", "type": "model", "version": 6, "dependencies": [], "target": null, "creation_time": 1772855169, "last_modified_time": 1772858181, "schema": null, "is_public": false}'
2026-03-09,17:06:29 [DEBUG] (state.py:state:628): Loading option 'predict_ecotype_xgb' from section [Query Objects Docstrings]...
2026-03-09,17:06:29 [DEBUG] (state.py:state:650): Returning value '-- no docstring found in query function --'
2026-03-09,17:06:29 [DEBUG] (state.py:state:628): Loading option 'get_cluster' from section [Query Objects Service Versions]...
2026-03-09,17:06:29 [DEBUG] (state.py:state:650): Returning value '{"description": "6\uac1c \uad6c\ub9e4 \uceec\ub7fc \u2192 \uad70\uc9d1 ID (0~4) \ub9ac\uc2a4\ud2b8.", "type": "model", "version": 1, "dependencies": [], "target": null, "creation_time": 1773043582, "last_modified_time": 1773043582, "schema": null, "is_public": false}'
2026-03-09,17:06:29 [DEBUG] (state.py:state:628): Loading option 'get_cluster' from section [Query Objects Docstrings]...
2026-03-09,17:06:29 [DEBUG] (state.py:state:650): Returning value '-- no docstring found in query function --'
2026-03-09,17:06:29 [DEBUG] (state.py:state:628): Loading option 'get_pca1' from section [Query Objects Service Versions]...
2026-03-09,17:06:29 [DEBUG] (state.py:state:650): Returning value '{"description": "\ud589\ubcc4 PC1 \uc810\uc218 (SCRIPT_REAL).", "type": "model", "version": 1, "dependencies": [], "target": null, "creation_time": 1773043587, "last_modified_time": 1773043587, "schema": null, "is_public": false}'
2026-03-09,17:06:29 [DEBUG] (state.py:state:628): Loading option 'get_pca1' from section [Query Objects Docstrings]...
2026-03-09,17:06:29 [DEBUG] (state.py:state:650): Returning value '-- no docstring found in query function --'
2026-03-09,17:06:29 [DEBUG] (state.py:state:628): Loading option 'get_pca2' from section [Query Objects Service Versions]...
2026-03-09,17:06:29 [DEBUG] (state.py:state:650): Returning value '{"description": "\ud589\ubcc4 PC2 \uc810\uc218 (SCRIPT_REAL).", "type": "model", "version": 1, "dependencies": [], "target": null, "creation_time": 1773043588, "last_modified_time": 1773043588, "schema": null, "is_public": false}'
2026-03-09,17:06:29 [DEBUG] (state.py:state:628): Loading option 'get_pca2' from section [Query Objects Docstrings]...
2026-03-09,17:06:29 [DEBUG] (state.py:state:650): Returning value '-- no docstring found in query function --'
2026-03-09,17:06:29 [DEBUG] (state.py:state:628): Loading option 'get_pca3' from section [Query Objects Service Versions]...
2026-03-09,17:06:29 [DEBUG] (state.py:state:650): Returning value '{"description": "\ud589\ubcc4 PC3 \uc810\uc218 (SCRIPT_REAL).", "type": "model", "version": 1, "dependencies": [], "target": null, "creation_time": 1773043588, "last_modified_time": 1773043588, "schema": null, "is_public": false}'
2026-03-09,17:06:29 [DEBUG] (state.py:state:628): Loading option 'get_pca3' from section [Query Objects Docstrings]...
2026-03-09,17:06:29 [DEBUG] (state.py:state:650): Returning value '-- no docstring found in query function --'
2026-03-09,17:06:29 [DEBUG] (state.py:state:628): Loading option 'get_biplot_pc1_loadings' from section [Query Objects Service Versions]...
2026-03-09,17:06:29 [DEBUG] (state.py:state:650): Returning value '{"description": "Biplot \ubcc0\uc218\ubcc4 PC1 \ub85c\ub529 (SCRIPT_REAL).", "type": "model", "version": 1, "dependencies": [], "target": null, "creation_time": 1773043588, "last_modified_time": 1773043588, "schema": null, "is_public": false}'
2026-03-09,17:06:29 [DEBUG] (state.py:state:628): Loading option 'get_biplot_pc1_loadings' from section [Query Objects Docstrings]...
2026-03-09,17:06:29 [DEBUG] (state.py:state:650): Returning value '-- no docstring found in query function --'
2026-03-09,17:06:29 [DEBUG] (state.py:state:628): Loading option 'get_biplot_pc2_loadings' from section [Query Objects Service Versions]...
2026-03-09,17:06:29 [DEBUG] (state.py:state:650): Returning value '{"description": "Biplot \ubcc0\uc218\ubcc4 PC2 \ub85c\ub529 (SCRIPT_REAL).", "type": "model", "version": 1, "dependencies": [], "target": null, "creation_time": 1773043588, "last_modified_time": 1773043588, "schema": null, "is_public": false}'
2026-03-09,17:06:29 [DEBUG] (state.py:state:628): Loading option 'get_biplot_pc2_loadings' from section [Query Objects Docstrings]...
2026-03-09,17:06:29 [DEBUG] (state.py:state:650): Returning value '-- no docstring found in query function --'
2026-03-09,17:06:29 [DEBUG] (state.py:state:628): Loading option 'get_channel' from section [Query Objects Service Versions]...
2026-03-09,17:06:29 [DEBUG] (state.py:state:650): Returning value '{"description": "6\uac1c \uad6c\ub9e4 + Region \u2192 \ucc44\ub110 0/1 \uc608\uce21 (SCRIPT_INT). ModelName \uc120\ud0dd \uac00\ub2a5.", "type": "model", "version": 1, "dependencies": [], "target": null, "creation_time": 1773043588, "last_modified_time": 1773043588, "schema": null, "is_public": false}'
2026-03-09,17:06:29 [DEBUG] (state.py:state:628): Loading option 'get_channel' from section [Query Objects Docstrings]...
2026-03-09,17:06:29 [DEBUG] (state.py:state:650): Returning value '-- no docstring found in query function --'
2026-03-09,17:06:29 [DEBUG] (state.py:state:628): Loading option 'get_channel_proba' from section [Query Objects Service Versions]...
2026-03-09,17:06:29 [DEBUG] (state.py:state:650): Returning value '{"description": "6\uac1c \uad6c\ub9e4 + Region \u2192 \ucc44\ub110 1(\uc591\uc131) \ud655\ub960 (SCRIPT_REAL). AUC-ROC \uace1\uc120\uc6a9.", "type": "model", "version": 1, "dependencies": [], "target": null, "creation_time": 1773043588, "last_modified_time": 1773043588, "schema": null, "is_public": false}'
2026-03-09,17:06:29 [DEBUG] (state.py:state:628): Loading option 'get_channel_proba' from section [Query Objects Docstrings]...
2026-03-09,17:06:29 [DEBUG] (state.py:state:650): Returning value '-- no docstring found in query function --'
2026-03-09,17:06:29 [DEBUG] (state.py:state:628): Loading option 'get_feature_importance' from section [Query Objects Service Versions]...
2026-03-09,17:06:29 [DEBUG] (state.py:state:650): Returning value '{"description": "\ubaa8\ub378\ubcc4 \ud2b9\uc131 \uc911\uc694\ub3c4 \ubc18\ud658 (Feature, ModelName).", "type": "model", "version": 1, "dependencies": [], "target": null, "creation_time": 1773043589, "last_modified_time": 1773043589, "schema": null, "is_public": false}'
2026-03-09,17:06:29 [DEBUG] (state.py:state:628): Loading option 'get_feature_importance' from section [Query Objects Docstrings]...
2026-03-09,17:06:29 [DEBUG] (state.py:state:650): Returning value '-- no docstring found in query function --'
2026-03-09,17:06:29 [DEBUG] (state.py:state:148): Collected endpoints: {'predict_ecotype_xgb': {'description': 'XGBoost elderly economic activity predictor', 'type': 'model', 'version': 6, 'dependencies': [], 'target': None, 'creation_time': 1772855169, 'last_modified_time': 1772858181, 'schema': None, 'is_public': False, 'docstring': '-- no docstring found in query function --'}, 'get_cluster': {'description': '6개 구매 컬럼 → 군집 ID (0~4) 리스트.', 'type': 'model', 'version': 1, 'dependencies': [], 'target': None, 'creation_time': 1773043582, 'last_modified_time': 1773043582, 'schema': None, 'is_public': False, 'docstring': '-- no docstring found in query function --'}, 'get_pca1': {'description': '행별 PC1 점수 (SCRIPT_REAL).', 'type': 'model', 'version': 1, 'dependencies': [], 'target': None, 'creation_time': 1773043587, 'last_modified_time': 1773043587, 'schema': None, 'is_public': False, 'docstring': '-- no docstring found in query function --'}, 'get_pca2': {'description': '행별 PC2 점수 (SCRIPT_REAL).', 'type': 'model', 'version': 1, 'dependencies': [], 'target': None, 'creation_time': 1773043588, 'last_modified_time': 1773043588, 'schema': None, 'is_public': False, 'docstring': '-- no docstring found in query function --'}, 'get_pca3': {'description': '행별 PC3 점수 (SCRIPT_REAL).', 'type': 'model', 'version': 1, 'dependencies': [], 'target': None, 'creation_time': 1773043588, 'last_modified_time': 1773043588, 'schema': None, 'is_public': False, 'docstring': '-- no docstring found in query function --'}, 'get_biplot_pc1_loadings': {'description': 'Biplot 변수별 PC1 로딩 (SCRIPT_REAL).', 'type': 'model', 'version': 1, 'dependencies': [], 'target': None, 'creation_time': 1773043588, 'last_modified_time': 1773043588, 'schema': None, 'is_public': False, 'docstring': '-- no docstring found in query function --'}, 'get_biplot_pc2_loadings': {'description': 'Biplot 변수별 PC2 로딩 (SCRIPT_REAL).', 'type': 'model', 'version': 1, 'dependencies': [], 'target': None, 'creation_time': 1773043588, 'last_modified_time': 1773043588, 'schema': None, 'is_public': False, 'docstring': '-- no docstring found in query function --'}, 'get_channel': {'description': '6개 구매 + Region → 채널 0/1 예측 (SCRIPT_INT). ModelName 선택 가능.', 'type': 'model', 'version': 1, 'dependencies': [], 'target': None, 'creation_time': 1773043588, 'last_modified_time': 1773043588, 'schema': None, 'is_public': False, 'docstring': '-- no docstring found in query function --'}, 'get_channel_proba': {'description': '6개 구매 + Region → 채널 1(양성) 확률 (SCRIPT_REAL). AUC-ROC 곡선용.', 'type': 'model', 'version': 1, 'dependencies': [], 'target': None, 'creation_time': 1773043588, 'last_modified_time': 1773043588, 'schema': None, 'is_public': False, 'docstring': '-- no docstring found in query function --'}, 'get_feature_importance': {'description': '모델별 특성 중요도 반환 (Feature, ModelName).', 'type': 'model', 'version': 1, 'dependencies': [], 'target': None, 'creation_time': 1773043589, 'last_modified_time': 1773043589, 'schema': None, 'is_public': False, 'docstring': '-- no docstring found in query function --'}}
2026-03-09,17:06:29 [DEBUG] (state.py:state:628): Loading option 'None' from section [Query Objects Service Versions]...
2026-03-09,17:06:29 [DEBUG] (state.py:state:650): Returning value '['predict_ecotype_xgb', 'get_cluster', 'get_pca1', 'get_pca2', 'get_pca3', 'get_biplot_pc1_loadings', 'get_biplot_pc2_loadings', 'get_channel', 'get_channel_proba', 'get_feature_importance']'
2026-03-09,17:06:29 [DEBUG] (state.py:state:628): Loading option 'predict_ecotype_xgb' from section [Query Objects Service Versions]...
2026-03-09,17:06:29 [DEBUG] (state.py:state:650): Returning value '{"description": "XGBoost elderly economic activity predictor", "type": "model", "version": 6, "dependencies": [], "target": null, "creation_time": 1772855169, "last_modified_time": 1772858181, "schema": null, "is_public": false}'
2026-03-09,17:06:29 [DEBUG] (state.py:state:628): Loading option 'predict_ecotype_xgb' from section [Query Objects Docstrings]...
2026-03-09,17:06:29 [DEBUG] (state.py:state:650): Returning value '-- no docstring found in query function --'
2026-03-09,17:06:29 [DEBUG] (state.py:state:628): Loading option 'get_cluster' from section [Query Objects Service Versions]...
2026-03-09,17:06:29 [DEBUG] (state.py:state:650): Returning value '{"description": "6\uac1c \uad6c\ub9e4 \uceec\ub7fc \u2192 \uad70\uc9d1 ID (0~4) \ub9ac\uc2a4\ud2b8.", "type": "model", "version": 1, "dependencies": [], "target": null, "creation_time": 1773043582, "last_modified_time": 1773043582, "schema": null, "is_public": false}'
2026-03-09,17:06:29 [DEBUG] (state.py:state:628): Loading option 'get_cluster' from section [Query Objects Docstrings]...
2026-03-09,17:06:29 [DEBUG] (state.py:state:650): Returning value '-- no docstring found in query function --'
2026-03-09,17:06:29 [DEBUG] (state.py:state:628): Loading option 'get_pca1' from section [Query Objects Service Versions]...
2026-03-09,17:06:29 [DEBUG] (state.py:state:650): Returning value '{"description": "\ud589\ubcc4 PC1 \uc810\uc218 (SCRIPT_REAL).", "type": "model", "version": 1, "dependencies": [], "target": null, "creation_time": 1773043587, "last_modified_time": 1773043587, "schema": null, "is_public": false}'
2026-03-09,17:06:29 [DEBUG] (state.py:state:628): Loading option 'get_pca1' from section [Query Objects Docstrings]...
2026-03-09,17:06:29 [DEBUG] (state.py:state:650): Returning value '-- no docstring found in query function --'
2026-03-09,17:06:29 [DEBUG] (state.py:state:628): Loading option 'get_pca2' from section [Query Objects Service Versions]...
2026-03-09,17:06:29 [DEBUG] (state.py:state:650): Returning value '{"description": "\ud589\ubcc4 PC2 \uc810\uc218 (SCRIPT_REAL).", "type": "model", "version": 1, "dependencies": [], "target": null, "creation_time": 1773043588, "last_modified_time": 1773043588, "schema": null, "is_public": false}'
2026-03-09,17:06:29 [DEBUG] (state.py:state:628): Loading option 'get_pca2' from section [Query Objects Docstrings]...
2026-03-09,17:06:29 [DEBUG] (state.py:state:650): Returning value '-- no docstring found in query function --'
2026-03-09,17:06:29 [DEBUG] (state.py:state:628): Loading option 'get_pca3' from section [Query Objects Service Versions]...
2026-03-09,17:06:29 [DEBUG] (state.py:state:650): Returning value '{"description": "\ud589\ubcc4 PC3 \uc810\uc218 (SCRIPT_REAL).", "type": "model", "version": 1, "dependencies": [], "target": null, "creation_time": 1773043588, "last_modified_time": 1773043588, "schema": null, "is_public": false}'
2026-03-09,17:06:29 [DEBUG] (state.py:state:628): Loading option 'get_pca3' from section [Query Objects Docstrings]...
2026-03-09,17:06:29 [DEBUG] (state.py:state:650): Returning value '-- no docstring found in query function --'
2026-03-09,17:06:29 [DEBUG] (state.py:state:628): Loading option 'get_biplot_pc1_loadings' from section [Query Objects Service Versions]...
2026-03-09,17:06:29 [DEBUG] (state.py:state:650): Returning value '{"description": "Biplot \ubcc0\uc218\ubcc4 PC1 \ub85c\ub529 (SCRIPT_REAL).", "type": "model", "version": 1, "dependencies": [], "target": null, "creation_time": 1773043588, "last_modified_time": 1773043588, "schema": null, "is_public": false}'
2026-03-09,17:06:29 [DEBUG] (state.py:state:628): Loading option 'get_biplot_pc1_loadings' from section [Query Objects Docstrings]...
2026-03-09,17:06:29 [DEBUG] (state.py:state:650): Returning value '-- no docstring found in query function --'
2026-03-09,17:06:29 [DEBUG] (state.py:state:628): Loading option 'get_biplot_pc2_loadings' from section [Query Objects Service Versions]...
2026-03-09,17:06:29 [DEBUG] (state.py:state:650): Returning value '{"description": "Biplot \ubcc0\uc218\ubcc4 PC2 \ub85c\ub529 (SCRIPT_REAL).", "type": "model", "version": 1, "dependencies": [], "target": null, "creation_time": 1773043588, "last_modified_time": 1773043588, "schema": null, "is_public": false}'
2026-03-09,17:06:29 [DEBUG] (state.py:state:628): Loading option 'get_biplot_pc2_loadings' from section [Query Objects Docstrings]...
2026-03-09,17:06:29 [DEBUG] (state.py:state:650): Returning value '-- no docstring found in query function --'
2026-03-09,17:06:29 [DEBUG] (state.py:state:628): Loading option 'get_channel' from section [Query Objects Service Versions]...
2026-03-09,17:06:29 [DEBUG] (state.py:state:650): Returning value '{"description": "6\uac1c \uad6c\ub9e4 + Region \u2192 \ucc44\ub110 0/1 \uc608\uce21 (SCRIPT_INT). ModelName \uc120\ud0dd \uac00\ub2a5.", "type": "model", "version": 1, "dependencies": [], "target": null, "creation_time": 1773043588, "last_modified_time": 1773043588, "schema": null, "is_public": false}'
2026-03-09,17:06:29 [DEBUG] (state.py:state:628): Loading option 'get_channel' from section [Query Objects Docstrings]...
2026-03-09,17:06:29 [DEBUG] (state.py:state:650): Returning value '-- no docstring found in query function --'
2026-03-09,17:06:29 [DEBUG] (state.py:state:628): Loading option 'get_channel_proba' from section [Query Objects Service Versions]...
2026-03-09,17:06:29 [DEBUG] (state.py:state:650): Returning value '{"description": "6\uac1c \uad6c\ub9e4 + Region \u2192 \ucc44\ub110 1(\uc591\uc131) \ud655\ub960 (SCRIPT_REAL). AUC-ROC \uace1\uc120\uc6a9.", "type": "model", "version": 1, "dependencies": [], "target": null, "creation_time": 1773043588, "last_modified_time": 1773043588, "schema": null, "is_public": false}'
2026-03-09,17:06:29 [DEBUG] (state.py:state:628): Loading option 'get_channel_proba' from section [Query Objects Docstrings]...
2026-03-09,17:06:29 [DEBUG] (state.py:state:650): Returning value '-- no docstring found in query function --'
2026-03-09,17:06:29 [DEBUG] (state.py:state:628): Loading option 'get_feature_importance' from section [Query Objects Service Versions]...
2026-03-09,17:06:29 [DEBUG] (state.py:state:650): Returning value '{"description": "\ubaa8\ub378\ubcc4 \ud2b9\uc131 \uc911\uc694\ub3c4 \ubc18\ud658 (Feature, ModelName).", "type": "model", "version": 1, "dependencies": [], "target": null, "creation_time": 1773043589, "last_modified_time": 1773043589, "schema": null, "is_public": false}'
2026-03-09,17:06:29 [DEBUG] (state.py:state:628): Loading option 'get_feature_importance' from section [Query Objects Docstrings]...
2026-03-09,17:06:29 [DEBUG] (state.py:state:650): Returning value '-- no docstring found in query function --'
2026-03-09,17:06:29 [DEBUG] (state.py:state:148): Collected endpoints: {'predict_ecotype_xgb': {'description': 'XGBoost elderly economic activity predictor', 'type': 'model', 'version': 6, 'dependencies': [], 'target': None, 'creation_time': 1772855169, 'last_modified_time': 1772858181, 'schema': None, 'is_public': False, 'docstring': '-- no docstring found in query function --'}, 'get_cluster': {'description': '6개 구매 컬럼 → 군집 ID (0~4) 리스트.', 'type': 'model', 'version': 1, 'dependencies': [], 'target': None, 'creation_time': 1773043582, 'last_modified_time': 1773043582, 'schema': None, 'is_public': False, 'docstring': '-- no docstring found in query function --'}, 'get_pca1': {'description': '행별 PC1 점수 (SCRIPT_REAL).', 'type': 'model', 'version': 1, 'dependencies': [], 'target': None, 'creation_time': 1773043587, 'last_modified_time': 1773043587, 'schema': None, 'is_public': False, 'docstring': '-- no docstring found in query function --'}, 'get_pca2': {'description': '행별 PC2 점수 (SCRIPT_REAL).', 'type': 'model', 'version': 1, 'dependencies': [], 'target': None, 'creation_time': 1773043588, 'last_modified_time': 1773043588, 'schema': None, 'is_public': False, 'docstring': '-- no docstring found in query function --'}, 'get_pca3': {'description': '행별 PC3 점수 (SCRIPT_REAL).', 'type': 'model', 'version': 1, 'dependencies': [], 'target': None, 'creation_time': 1773043588, 'last_modified_time': 1773043588, 'schema': None, 'is_public': False, 'docstring': '-- no docstring found in query function --'}, 'get_biplot_pc1_loadings': {'description': 'Biplot 변수별 PC1 로딩 (SCRIPT_REAL).', 'type': 'model', 'version': 1, 'dependencies': [], 'target': None, 'creation_time': 1773043588, 'last_modified_time': 1773043588, 'schema': None, 'is_public': False, 'docstring': '-- no docstring found in query function --'}, 'get_biplot_pc2_loadings': {'description': 'Biplot 변수별 PC2 로딩 (SCRIPT_REAL).', 'type': 'model', 'version': 1, 'dependencies': [], 'target': None, 'creation_time': 1773043588, 'last_modified_time': 1773043588, 'schema': None, 'is_public': False, 'docstring': '-- no docstring found in query function --'}, 'get_channel': {'description': '6개 구매 + Region → 채널 0/1 예측 (SCRIPT_INT). ModelName 선택 가능.', 'type': 'model', 'version': 1, 'dependencies': [], 'target': None, 'creation_time': 1773043588, 'last_modified_time': 1773043588, 'schema': None, 'is_public': False, 'docstring': '-- no docstring found in query function --'}, 'get_channel_proba': {'description': '6개 구매 + Region → 채널 1(양성) 확률 (SCRIPT_REAL). AUC-ROC 곡선용.', 'type': 'model', 'version': 1, 'dependencies': [], 'target': None, 'creation_time': 1773043588, 'last_modified_time': 1773043588, 'schema': None, 'is_public': False, 'docstring': '-- no docstring found in query function --'}, 'get_feature_importance': {'description': '모델별 특성 중요도 반환 (Feature, ModelName).', 'type': 'model', 'version': 1, 'dependencies': [], 'target': None, 'creation_time': 1773043589, 'last_modified_time': 1773043589, 'schema': None, 'is_public': False, 'docstring': '-- no docstring found in query function --'}}
2026-03-09,17:06:29 [INFO] (state.py:state:657): Writing state to config
2026-03-09,17:06:29 [DEBUG] (util.py:util:19): State path is C:\Users\bohee\AppData\Local\Programs\Python\Python313\Lib\site-packages\tabpy\tabpy_server
2026-03-09,17:06:29 [INFO] (state.py:state:657): Writing state to config
2026-03-09,17:06:29 [DEBUG] (util.py:util:19): State path is C:\Users\bohee\AppData\Local\Programs\Python\Python313\Lib\site-packages\tabpy\tabpy_server
2026-03-09,17:06:29 [INFO] (state.py:state:657): Writing state to config
2026-03-09,17:06:29 [DEBUG] (util.py:util:19): State path is C:\Users\bohee\AppData\Local\Programs\Python\Python313\Lib\site-packages\tabpy\tabpy_server
2026-03-09,17:06:29 [INFO] (state.py:state:657): Writing state to config
2026-03-09,17:06:29 [DEBUG] (util.py:util:19): State path is C:\Users\bohee\AppData\Local\Programs\Python\Python313\Lib\site-packages\tabpy\tabpy_server
2026-03-09,17:06:29 [INFO] (state.py:state:657): Writing state to config
2026-03-09,17:06:29 [DEBUG] (util.py:util:19): State path is C:\Users\bohee\AppData\Local\Programs\Python\Python313\Lib\site-packages\tabpy\tabpy_server
2026-03-09,17:06:29 [INFO] (state.py:state:657): Writing state to config
2026-03-09,17:06:29 [DEBUG] (util.py:util:19): State path is C:\Users\bohee\AppData\Local\Programs\Python\Python313\Lib\site-packages\tabpy\tabpy_server
2026-03-09,17:06:29 [INFO] (state.py:state:657): Writing state to config
2026-03-09,17:06:29 [DEBUG] (util.py:util:19): State path is C:\Users\bohee\AppData\Local\Programs\Python\Python313\Lib\site-packages\tabpy\tabpy_server
2026-03-09,17:06:29 [INFO] (state.py:state:657): Writing state to config
2026-03-09,17:06:29 [DEBUG] (util.py:util:19): State path is C:\Users\bohee\AppData\Local\Programs\Python\Python313\Lib\site-packages\tabpy\tabpy_server
2026-03-09,17:06:29 [INFO] (state.py:state:657): Writing state to config
2026-03-09,17:06:29 [DEBUG] (util.py:util:19): State path is C:\Users\bohee\AppData\Local\Programs\Python\Python313\Lib\site-packages\tabpy\tabpy_server
2026-03-09,17:06:29 [INFO] (state.py:state:657): Writing state to config
2026-03-09,17:06:29 [DEBUG] (util.py:util:19): State path is C:\Users\bohee\AppData\Local\Programs\Python\Python313\Lib\site-packages\tabpy\tabpy_server
2026-03-09,17:06:29 [INFO] (state.py:state:657): Writing state to config
2026-03-09,17:06:29 [DEBUG] (util.py:util:19): State path is C:\Users\bohee\AppData\Local\Programs\Python\Python313\Lib\site-packages\tabpy\tabpy_server
2026-03-09,17:06:29 [INFO] (state.py:state:657): Writing state to config
2026-03-09,17:06:29 [DEBUG] (util.py:util:19): State path is C:\Users\bohee\AppData\Local\Programs\Python\Python313\Lib\site-packages\tabpy\tabpy_server
2026-03-09,17:06:29 [INFO] (state.py:state:657): Writing state to config
2026-03-09,17:06:29 [DEBUG] (util.py:util:19): State path is C:\Users\bohee\AppData\Local\Programs\Python\Python313\Lib\site-packages\tabpy\tabpy_server
2026-03-09,17:06:29 [INFO] (state.py:state:657): Writing state to config
2026-03-09,17:06:29 [DEBUG] (util.py:util:19): State path is C:\Users\bohee\AppData\Local\Programs\Python\Python313\Lib\site-packages\tabpy\tabpy_server
2026-03-09,17:06:29 [INFO] (state.py:state:657): Writing state to config
2026-03-09,17:06:29 [DEBUG] (util.py:util:19): State path is C:\Users\bohee\AppData\Local\Programs\Python\Python313\Lib\site-packages\tabpy\tabpy_server
2026-03-09,17:06:29 [INFO] (state.py:state:657): Writing state to config
2026-03-09,17:06:29 [DEBUG] (util.py:util:19): State path is C:\Users\bohee\AppData\Local\Programs\Python\Python313\Lib\site-packages\tabpy\tabpy_server
2026-03-09,17:06:29 [INFO] (state.py:state:657): Writing state to config
2026-03-09,17:06:29 [DEBUG] (util.py:util:19): State path is C:\Users\bohee\AppData\Local\Programs\Python\Python313\Lib\site-packages\tabpy\tabpy_server
2026-03-09,17:06:29 [INFO] (state.py:state:657): Writing state to config
2026-03-09,17:06:29 [DEBUG] (util.py:util:19): State path is C:\Users\bohee\AppData\Local\Programs\Python\Python313\Lib\site-packages\tabpy\tabpy_server
2026-03-09,17:06:29 [INFO] (state.py:state:657): Writing state to config
2026-03-09,17:06:29 [DEBUG] (util.py:util:19): State path is C:\Users\bohee\AppData\Local\Programs\Python\Python313\Lib\site-packages\tabpy\tabpy_server
2026-03-09,17:06:29 [INFO] (state.py:state:657): Writing state to config
2026-03-09,17:06:29 [DEBUG] (util.py:util:19): State path is C:\Users\bohee\AppData\Local\Programs\Python\Python313\Lib\site-packages\tabpy\tabpy_server
2026-03-09,17:06:29 [INFO] (base_handler.py:base_handler:115): Loading state from state file
2026-03-09,17:06:29 [DEBUG] (state.py:state:628): Loading option 'None' from section [Query Objects Service Versions]...
2026-03-09,17:06:29 [DEBUG] (state.py:state:650): Returning value '['predict_ecotype_xgb', 'get_cluster', 'get_pca1', 'get_pca2', 'get_pca3', 'get_biplot_pc1_loadings', 'get_biplot_pc2_loadings', 'get_channel', 'get_channel_proba', 'get_feature_importance']'
2026-03-09,17:06:29 [DEBUG] (state.py:state:628): Loading option 'predict_ecotype_xgb' from section [Query Objects Service Versions]...
2026-03-09,17:06:29 [DEBUG] (state.py:state:650): Returning value '{"description": "XGBoost elderly economic activity predictor", "type": "model", "version": 6, "dependencies": [], "target": null, "creation_time": 1772855169, "last_modified_time": 1772858181, "schema": null, "is_public": false}'
2026-03-09,17:06:29 [DEBUG] (state.py:state:628): Loading option 'predict_ecotype_xgb' from section [Query Objects Docstrings]...
2026-03-09,17:06:29 [DEBUG] (state.py:state:650): Returning value '-- no docstring found in query function --'
2026-03-09,17:06:29 [DEBUG] (state.py:state:628): Loading option 'get_cluster' from section [Query Objects Service Versions]...
2026-03-09,17:06:29 [DEBUG] (state.py:state:650): Returning value '{"description": "6\uac1c \uad6c\ub9e4 \uceec\ub7fc \u2192 \uad70\uc9d1 ID (0~4) \ub9ac\uc2a4\ud2b8.", "type": "model", "version": 1, "dependencies": [], "target": null, "creation_time": 1773043582, "last_modified_time": 1773043589, "schema": null, "is_public": false}'
2026-03-09,17:06:29 [DEBUG] (state.py:state:628): Loading option 'get_cluster' from section [Query Objects Docstrings]...
2026-03-09,17:06:29 [DEBUG] (state.py:state:650): Returning value '-- no docstring found in query function --'
2026-03-09,17:06:29 [DEBUG] (state.py:state:628): Loading option 'get_pca1' from section [Query Objects Service Versions]...
2026-03-09,17:06:29 [DEBUG] (state.py:state:650): Returning value '{"description": "\ud589\ubcc4 PC1 \uc810\uc218 (SCRIPT_REAL).", "type": "model", "version": 1, "dependencies": [], "target": null, "creation_time": 1773043587, "last_modified_time": 1773043587, "schema": null, "is_public": false}'
2026-03-09,17:06:29 [DEBUG] (state.py:state:628): Loading option 'get_pca1' from section [Query Objects Docstrings]...
2026-03-09,17:06:29 [DEBUG] (state.py:state:650): Returning value '-- no docstring found in query function --'
2026-03-09,17:06:29 [DEBUG] (state.py:state:628): Loading option 'get_pca2' from section [Query Objects Service Versions]...
2026-03-09,17:06:29 [DEBUG] (state.py:state:650): Returning value '{"description": "\ud589\ubcc4 PC2 \uc810\uc218 (SCRIPT_REAL).", "type": "model", "version": 1, "dependencies": [], "target": null, "creation_time": 1773043588, "last_modified_time": 1773043588, "schema": null, "is_public": false}'
2026-03-09,17:06:29 [DEBUG] (state.py:state:628): Loading option 'get_pca2' from section [Query Objects Docstrings]...
2026-03-09,17:06:29 [DEBUG] (state.py:state:650): Returning value '-- no docstring found in query function --'
2026-03-09,17:06:29 [DEBUG] (state.py:state:628): Loading option 'get_pca3' from section [Query Objects Service Versions]...
2026-03-09,17:06:29 [DEBUG] (state.py:state:650): Returning value '{"description": "\ud589\ubcc4 PC3 \uc810\uc218 (SCRIPT_REAL).", "type": "model", "version": 1, "dependencies": [], "target": null, "creation_time": 1773043588, "last_modified_time": 1773043588, "schema": null, "is_public": false}'
2026-03-09,17:06:29 [DEBUG] (state.py:state:628): Loading option 'get_pca3' from section [Query Objects Docstrings]...
2026-03-09,17:06:29 [DEBUG] (state.py:state:650): Returning value '-- no docstring found in query function --'
2026-03-09,17:06:29 [DEBUG] (state.py:state:628): Loading option 'get_biplot_pc1_loadings' from section [Query Objects Service Versions]...
2026-03-09,17:06:29 [DEBUG] (state.py:state:650): Returning value '{"description": "Biplot \ubcc0\uc218\ubcc4 PC1 \ub85c\ub529 (SCRIPT_REAL).", "type": "model", "version": 1, "dependencies": [], "target": null, "creation_time": 1773043588, "last_modified_time": 1773043588, "schema": null, "is_public": false}'
2026-03-09,17:06:29 [DEBUG] (state.py:state:628): Loading option 'get_biplot_pc1_loadings' from section [Query Objects Docstrings]...
2026-03-09,17:06:29 [DEBUG] (state.py:state:650): Returning value '-- no docstring found in query function --'
2026-03-09,17:06:29 [DEBUG] (state.py:state:628): Loading option 'get_biplot_pc2_loadings' from section [Query Objects Service Versions]...
2026-03-09,17:06:29 [DEBUG] (state.py:state:650): Returning value '{"description": "Biplot \ubcc0\uc218\ubcc4 PC2 \ub85c\ub529 (SCRIPT_REAL).", "type": "model", "version": 1, "dependencies": [], "target": null, "creation_time": 1773043588, "last_modified_time": 1773043588, "schema": null, "is_public": false}'
2026-03-09,17:06:29 [DEBUG] (state.py:state:628): Loading option 'get_biplot_pc2_loadings' from section [Query Objects Docstrings]...
2026-03-09,17:06:29 [DEBUG] (state.py:state:650): Returning value '-- no docstring found in query function --'
2026-03-09,17:06:29 [DEBUG] (state.py:state:628): Loading option 'get_channel' from section [Query Objects Service Versions]...
2026-03-09,17:06:29 [DEBUG] (state.py:state:650): Returning value '{"description": "6\uac1c \uad6c\ub9e4 + Region \u2192 \ucc44\ub110 0/1 \uc608\uce21 (SCRIPT_INT). ModelName \uc120\ud0dd \uac00\ub2a5.", "type": "model", "version": 1, "dependencies": [], "target": null, "creation_time": 1773043588, "last_modified_time": 1773043588, "schema": null, "is_public": false}'
2026-03-09,17:06:29 [DEBUG] (state.py:state:628): Loading option 'get_channel' from section [Query Objects Docstrings]...
2026-03-09,17:06:29 [DEBUG] (state.py:state:650): Returning value '-- no docstring found in query function --'
2026-03-09,17:06:29 [DEBUG] (state.py:state:628): Loading option 'get_channel_proba' from section [Query Objects Service Versions]...
2026-03-09,17:06:29 [DEBUG] (state.py:state:650): Returning value '{"description": "6\uac1c \uad6c\ub9e4 + Region \u2192 \ucc44\ub110 1(\uc591\uc131) \ud655\ub960 (SCRIPT_REAL). AUC-ROC \uace1\uc120\uc6a9.", "type": "model", "version": 1, "dependencies": [], "target": null, "creation_time": 1773043588, "last_modified_time": 1773043588, "schema": null, "is_public": false}'
2026-03-09,17:06:29 [DEBUG] (state.py:state:628): Loading option 'get_channel_proba' from section [Query Objects Docstrings]...
2026-03-09,17:06:29 [DEBUG] (state.py:state:650): Returning value '-- no docstring found in query function --'
2026-03-09,17:06:29 [DEBUG] (state.py:state:628): Loading option 'get_feature_importance' from section [Query Objects Service Versions]...
2026-03-09,17:06:29 [DEBUG] (state.py:state:650): Returning value '{"description": "\ubaa8\ub378\ubcc4 \ud2b9\uc131 \uc911\uc694\ub3c4 \ubc18\ud658 (Feature, ModelName).", "type": "model", "version": 1, "dependencies": [], "target": null, "creation_time": 1773043589, "last_modified_time": 1773043589, "schema": null, "is_public": false}'
2026-03-09,17:06:29 [DEBUG] (state.py:state:628): Loading option 'get_feature_importance' from section [Query Objects Docstrings]...
2026-03-09,17:06:29 [DEBUG] (state.py:state:650): Returning value '-- no docstring found in query function --'
2026-03-09,17:06:29 [DEBUG] (state.py:state:148): Collected endpoints: {'predict_ecotype_xgb': {'description': 'XGBoost elderly economic activity predictor', 'type': 'model', 'version': 6, 'dependencies': [], 'target': None, 'creation_time': 1772855169, 'last_modified_time': 1772858181, 'schema': None, 'is_public': False, 'docstring': '-- no docstring found in query function --'}, 'get_cluster': {'description': '6개 구매 컬럼 → 군집 ID (0~4) 리스트.', 'type': 'model', 'version': 1, 'dependencies': [], 'target': None, 'creation_time': 1773043582, 'last_modified_time': 1773043589, 'schema': None, 'is_public': False, 'docstring': '-- no docstring found in query function --'}, 'get_pca1': {'description': '행별 PC1 점수 (SCRIPT_REAL).', 'type': 'model', 'version': 1, 'dependencies': [], 'target': None, 'creation_time': 1773043587, 'last_modified_time': 1773043587, 'schema': None, 'is_public': False, 'docstring': '-- no docstring found in query function --'}, 'get_pca2': {'description': '행별 PC2 점수 (SCRIPT_REAL).', 'type': 'model', 'version': 1, 'dependencies': [], 'target': None, 'creation_time': 1773043588, 'last_modified_time': 1773043588, 'schema': None, 'is_public': False, 'docstring': '-- no docstring found in query function --'}, 'get_pca3': {'description': '행별 PC3 점수 (SCRIPT_REAL).', 'type': 'model', 'version': 1, 'dependencies': [], 'target': None, 'creation_time': 1773043588, 'last_modified_time': 1773043588, 'schema': None, 'is_public': False, 'docstring': '-- no docstring found in query function --'}, 'get_biplot_pc1_loadings': {'description': 'Biplot 변수별 PC1 로딩 (SCRIPT_REAL).', 'type': 'model', 'version': 1, 'dependencies': [], 'target': None, 'creation_time': 1773043588, 'last_modified_time': 1773043588, 'schema': None, 'is_public': False, 'docstring': '-- no docstring found in query function --'}, 'get_biplot_pc2_loadings': {'description': 'Biplot 변수별 PC2 로딩 (SCRIPT_REAL).', 'type': 'model', 'version': 1, 'dependencies': [], 'target': None, 'creation_time': 1773043588, 'last_modified_time': 1773043588, 'schema': None, 'is_public': False, 'docstring': '-- no docstring found in query function --'}, 'get_channel': {'description': '6개 구매 + Region → 채널 0/1 예측 (SCRIPT_INT). ModelName 선택 가능.', 'type': 'model', 'version': 1, 'dependencies': [], 'target': None, 'creation_time': 1773043588, 'last_modified_time': 1773043588, 'schema': None, 'is_public': False, 'docstring': '-- no docstring found in query function --'}, 'get_channel_proba': {'description': '6개 구매 + Region → 채널 1(양성) 확률 (SCRIPT_REAL). AUC-ROC 곡선용.', 'type': 'model', 'version': 1, 'dependencies': [], 'target': None, 'creation_time': 1773043588, 'last_modified_time': 1773043588, 'schema': None, 'is_public': False, 'docstring': '-- no docstring found in query function --'}, 'get_feature_importance': {'description': '모델별 특성 중요도 반환 (Feature, ModelName).', 'type': 'model', 'version': 1, 'dependencies': [], 'target': None, 'creation_time': 1773043589, 'last_modified_time': 1773043589, 'schema': None, 'is_public': False, 'docstring': '-- no docstring found in query function --'}}
2026-03-09,17:06:29 [DEBUG] (state.py:state:628): Loading option 'None' from section [Query Objects Service Versions]...
2026-03-09,17:06:29 [DEBUG] (state.py:state:650): Returning value '['predict_ecotype_xgb', 'get_cluster', 'get_pca1', 'get_pca2', 'get_pca3', 'get_biplot_pc1_loadings', 'get_biplot_pc2_loadings', 'get_channel', 'get_channel_proba', 'get_feature_importance']'
2026-03-09,17:06:29 [DEBUG] (state.py:state:628): Loading option 'predict_ecotype_xgb' from section [Query Objects Service Versions]...
2026-03-09,17:06:29 [DEBUG] (state.py:state:650): Returning value '{"description": "XGBoost elderly economic activity predictor", "type": "model", "version": 6, "dependencies": [], "target": null, "creation_time": 1772855169, "last_modified_time": 1772858181, "schema": null, "is_public": false}'
2026-03-09,17:06:29 [DEBUG] (state.py:state:628): Loading option 'predict_ecotype_xgb' from section [Query Objects Docstrings]...
2026-03-09,17:06:29 [DEBUG] (state.py:state:650): Returning value '-- no docstring found in query function --'
2026-03-09,17:06:29 [DEBUG] (state.py:state:628): Loading option 'get_cluster' from section [Query Objects Service Versions]...
2026-03-09,17:06:29 [DEBUG] (state.py:state:650): Returning value '{"description": "6\uac1c \uad6c\ub9e4 \uceec\ub7fc \u2192 \uad70\uc9d1 ID (0~4) \ub9ac\uc2a4\ud2b8.", "type": "model", "version": 1, "dependencies": [], "target": null, "creation_time": 1773043582, "last_modified_time": 1773043589, "schema": null, "is_public": false}'
2026-03-09,17:06:29 [DEBUG] (state.py:state:628): Loading option 'get_cluster' from section [Query Objects Docstrings]...
2026-03-09,17:06:29 [DEBUG] (state.py:state:650): Returning value '-- no docstring found in query function --'
2026-03-09,17:06:29 [DEBUG] (state.py:state:628): Loading option 'get_pca1' from section [Query Objects Service Versions]...
2026-03-09,17:06:29 [DEBUG] (state.py:state:650): Returning value '{"description": "\ud589\ubcc4 PC1 \uc810\uc218 (SCRIPT_REAL).", "type": "model", "version": 1, "dependencies": [], "target": null, "creation_time": 1773043587, "last_modified_time": 1773043587, "schema": null, "is_public": false}'
2026-03-09,17:06:29 [DEBUG] (state.py:state:628): Loading option 'get_pca1' from section [Query Objects Docstrings]...
2026-03-09,17:06:29 [DEBUG] (state.py:state:650): Returning value '-- no docstring found in query function --'
2026-03-09,17:06:29 [DEBUG] (state.py:state:628): Loading option 'get_pca2' from section [Query Objects Service Versions]...
2026-03-09,17:06:29 [DEBUG] (state.py:state:650): Returning value '{"description": "\ud589\ubcc4 PC2 \uc810\uc218 (SCRIPT_REAL).", "type": "model", "version": 1, "dependencies": [], "target": null, "creation_time": 1773043588, "last_modified_time": 1773043588, "schema": null, "is_public": false}'
2026-03-09,17:06:29 [DEBUG] (state.py:state:628): Loading option 'get_pca2' from section [Query Objects Docstrings]...
2026-03-09,17:06:29 [DEBUG] (state.py:state:650): Returning value '-- no docstring found in query function --'
2026-03-09,17:06:29 [DEBUG] (state.py:state:628): Loading option 'get_pca3' from section [Query Objects Service Versions]...
2026-03-09,17:06:29 [DEBUG] (state.py:state:650): Returning value '{"description": "\ud589\ubcc4 PC3 \uc810\uc218 (SCRIPT_REAL).", "type": "model", "version": 1, "dependencies": [], "target": null, "creation_time": 1773043588, "last_modified_time": 1773043588, "schema": null, "is_public": false}'
2026-03-09,17:06:29 [DEBUG] (state.py:state:628): Loading option 'get_pca3' from section [Query Objects Docstrings]...
2026-03-09,17:06:29 [DEBUG] (state.py:state:650): Returning value '-- no docstring found in query function --'
2026-03-09,17:06:29 [DEBUG] (state.py:state:628): Loading option 'get_biplot_pc1_loadings' from section [Query Objects Service Versions]...
2026-03-09,17:06:29 [DEBUG] (state.py:state:650): Returning value '{"description": "Biplot \ubcc0\uc218\ubcc4 PC1 \ub85c\ub529 (SCRIPT_REAL).", "type": "model", "version": 1, "dependencies": [], "target": null, "creation_time": 1773043588, "last_modified_time": 1773043588, "schema": null, "is_public": false}'
2026-03-09,17:06:29 [DEBUG] (state.py:state:628): Loading option 'get_biplot_pc1_loadings' from section [Query Objects Docstrings]...
2026-03-09,17:06:29 [DEBUG] (state.py:state:650): Returning value '-- no docstring found in query function --'
2026-03-09,17:06:29 [DEBUG] (state.py:state:628): Loading option 'get_biplot_pc2_loadings' from section [Query Objects Service Versions]...
2026-03-09,17:06:29 [DEBUG] (state.py:state:650): Returning value '{"description": "Biplot \ubcc0\uc218\ubcc4 PC2 \ub85c\ub529 (SCRIPT_REAL).", "type": "model", "version": 1, "dependencies": [], "target": null, "creation_time": 1773043588, "last_modified_time": 1773043588, "schema": null, "is_public": false}'
2026-03-09,17:06:29 [DEBUG] (state.py:state:628): Loading option 'get_biplot_pc2_loadings' from section [Query Objects Docstrings]...
2026-03-09,17:06:29 [DEBUG] (state.py:state:650): Returning value '-- no docstring found in query function --'
2026-03-09,17:06:29 [DEBUG] (state.py:state:628): Loading option 'get_channel' from section [Query Objects Service Versions]...
2026-03-09,17:06:29 [DEBUG] (state.py:state:650): Returning value '{"description": "6\uac1c \uad6c\ub9e4 + Region \u2192 \ucc44\ub110 0/1 \uc608\uce21 (SCRIPT_INT). ModelName \uc120\ud0dd \uac00\ub2a5.", "type": "model", "version": 1, "dependencies": [], "target": null, "creation_time": 1773043588, "last_modified_time": 1773043588, "schema": null, "is_public": false}'
2026-03-09,17:06:29 [DEBUG] (state.py:state:628): Loading option 'get_channel' from section [Query Objects Docstrings]...
2026-03-09,17:06:29 [DEBUG] (state.py:state:650): Returning value '-- no docstring found in query function --'
2026-03-09,17:06:29 [DEBUG] (state.py:state:628): Loading option 'get_channel_proba' from section [Query Objects Service Versions]...
2026-03-09,17:06:29 [DEBUG] (state.py:state:650): Returning value '{"description": "6\uac1c \uad6c\ub9e4 + Region \u2192 \ucc44\ub110 1(\uc591\uc131) \ud655\ub960 (SCRIPT_REAL). AUC-ROC \uace1\uc120\uc6a9.", "type": "model", "version": 1, "dependencies": [], "target": null, "creation_time": 1773043588, "last_modified_time": 1773043588, "schema": null, "is_public": false}'
2026-03-09,17:06:29 [DEBUG] (state.py:state:628): Loading option 'get_channel_proba' from section [Query Objects Docstrings]...
2026-03-09,17:06:29 [DEBUG] (state.py:state:650): Returning value '-- no docstring found in query function --'
2026-03-09,17:06:29 [DEBUG] (state.py:state:628): Loading option 'get_feature_importance' from section [Query Objects Service Versions]...
2026-03-09,17:06:29 [DEBUG] (state.py:state:650): Returning value '{"description": "\ubaa8\ub378\ubcc4 \ud2b9\uc131 \uc911\uc694\ub3c4 \ubc18\ud658 (Feature, ModelName).", "type": "model", "version": 1, "dependencies": [], "target": null, "creation_time": 1773043589, "last_modified_time": 1773043589, "schema": null, "is_public": false}'
2026-03-09,17:06:29 [DEBUG] (state.py:state:628): Loading option 'get_feature_importance' from section [Query Objects Docstrings]...
2026-03-09,17:06:29 [DEBUG] (state.py:state:650): Returning value '-- no docstring found in query function --'
2026-03-09,17:06:29 [DEBUG] (state.py:state:148): Collected endpoints: {'predict_ecotype_xgb': {'description': 'XGBoost elderly economic activity predictor', 'type': 'model', 'version': 6, 'dependencies': [], 'target': None, 'creation_time': 1772855169, 'last_modified_time': 1772858181, 'schema': None, 'is_public': False, 'docstring': '-- no docstring found in query function --'}, 'get_cluster': {'description': '6개 구매 컬럼 → 군집 ID (0~4) 리스트.', 'type': 'model', 'version': 1, 'dependencies': [], 'target': None, 'creation_time': 1773043582, 'last_modified_time': 1773043589, 'schema': None, 'is_public': False, 'docstring': '-- no docstring found in query function --'}, 'get_pca1': {'description': '행별 PC1 점수 (SCRIPT_REAL).', 'type': 'model', 'version': 1, 'dependencies': [], 'target': None, 'creation_time': 1773043587, 'last_modified_time': 1773043587, 'schema': None, 'is_public': False, 'docstring': '-- no docstring found in query function --'}, 'get_pca2': {'description': '행별 PC2 점수 (SCRIPT_REAL).', 'type': 'model', 'version': 1, 'dependencies': [], 'target': None, 'creation_time': 1773043588, 'last_modified_time': 1773043588, 'schema': None, 'is_public': False, 'docstring': '-- no docstring found in query function --'}, 'get_pca3': {'description': '행별 PC3 점수 (SCRIPT_REAL).', 'type': 'model', 'version': 1, 'dependencies': [], 'target': None, 'creation_time': 1773043588, 'last_modified_time': 1773043588, 'schema': None, 'is_public': False, 'docstring': '-- no docstring found in query function --'}, 'get_biplot_pc1_loadings': {'description': 'Biplot 변수별 PC1 로딩 (SCRIPT_REAL).', 'type': 'model', 'version': 1, 'dependencies': [], 'target': None, 'creation_time': 1773043588, 'last_modified_time': 1773043588, 'schema': None, 'is_public': False, 'docstring': '-- no docstring found in query function --'}, 'get_biplot_pc2_loadings': {'description': 'Biplot 변수별 PC2 로딩 (SCRIPT_REAL).', 'type': 'model', 'version': 1, 'dependencies': [], 'target': None, 'creation_time': 1773043588, 'last_modified_time': 1773043588, 'schema': None, 'is_public': False, 'docstring': '-- no docstring found in query function --'}, 'get_channel': {'description': '6개 구매 + Region → 채널 0/1 예측 (SCRIPT_INT). ModelName 선택 가능.', 'type': 'model', 'version': 1, 'dependencies': [], 'target': None, 'creation_time': 1773043588, 'last_modified_time': 1773043588, 'schema': None, 'is_public': False, 'docstring': '-- no docstring found in query function --'}, 'get_channel_proba': {'description': '6개 구매 + Region → 채널 1(양성) 확률 (SCRIPT_REAL). AUC-ROC 곡선용.', 'type': 'model', 'version': 1, 'dependencies': [], 'target': None, 'creation_time': 1773043588, 'last_modified_time': 1773043588, 'schema': None, 'is_public': False, 'docstring': '-- no docstring found in query function --'}, 'get_feature_importance': {'description': '모델별 특성 중요도 반환 (Feature, ModelName).', 'type': 'model', 'version': 1, 'dependencies': [], 'target': None, 'creation_time': 1773043589, 'last_modified_time': 1773043589, 'schema': None, 'is_public': False, 'docstring': '-- no docstring found in query function --'}}
2026-03-09,17:06:29 [DEBUG] (state.py:state:628): Loading option 'get_cluster' from section [Query Objects Service Versions]...
2026-03-09,17:06:29 [DEBUG] (state.py:state:650): Returning value '{"description": "6\uac1c \uad6c\ub9e4 \uceec\ub7fc \u2192 \uad70\uc9d1 ID (0~4) \ub9ac\uc2a4\ud2b8.", "type": "model", "version": 1, "dependencies": [], "target": null, "creation_time": 1773043582, "last_modified_time": 1773043589, "schema": null, "is_public": false}'
2026-03-09,17:06:29 [DEBUG] (state.py:state:628): Loading option 'get_cluster' from section [Query Objects Docstrings]...
2026-03-09,17:06:29 [DEBUG] (state.py:state:650): Returning value '-- no docstring found in query function --'
2026-03-09,17:06:29 [DEBUG] (state.py:state:148): Collected endpoints: {'get_cluster': {'description': '6개 구매 컬럼 → 군집 ID (0~4) 리스트.', 'type': 'model', 'version': 1, 'dependencies': [], 'target': None, 'creation_time': 1773043582, 'last_modified_time': 1773043589, 'schema': None, 'is_public': False, 'docstring': '-- no docstring found in query function --'}}
2026-03-09,17:06:29 [INFO] (web.py:web:2418): 200 PUT /endpoints/get_cluster (::1) 43.00ms
2026-03-09,17:06:29 [DEBUG] (base_handler.py:base_handler:115): Checking if need to handle authentication
2026-03-09,17:06:29 [DEBUG] (base_handler.py:base_handler:115): Handling authentication
2026-03-09,17:06:29 [INFO] (base_handler.py:base_handler:115): Authentication is not a required feature for API "v1"
2026-03-09,17:06:29 [DEBUG] (base_handler.py:base_handler:115): Checking request headers for authentication data
2026-03-09,17:06:29 [INFO] (base_handler.py:base_handler:115): Authorization header not found
2026-03-09,17:06:29 [DEBUG] (base_handler.py:base_handler:115): authentication not required, username and password are none
2026-03-09,17:06:29 [DEBUG] (state.py:state:526): Collecting Access-Control-Allow-Origin from state file ...
2026-03-09,17:06:29 [DEBUG] (state.py:state:628): Loading option 'Access-Control-Allow-Origin' from section [Service Info]...
2026-03-09,17:06:29 [DEBUG] (state.py:state:650): Returning value ''
2026-03-09,17:06:29 [DEBUG] (state.py:state:628): Loading option 'Access-Control-Allow-Headers' from section [Service Info]...
2026-03-09,17:06:29 [DEBUG] (state.py:state:650): Returning value ''
2026-03-09,17:06:29 [DEBUG] (state.py:state:628): Loading option 'Access-Control-Allow-Methods' from section [Service Info]...
2026-03-09,17:06:29 [DEBUG] (state.py:state:650): Returning value ''
2026-03-09,17:06:29 [DEBUG] (base_handler.py:base_handler:115): Found models: {'predict_ecotype_xgb': {'version': 6, 'type': 'model', 'status': 'LoadSuccessful', 'last_error': None}, 'get_cluster': {'version': 1, 'type': 'model', 'status': 'LoadSuccessful', 'last_error': None}, 'get_pca1': {'version': 1, 'type': 'model', 'status': 'LoadSuccessful', 'last_error': None}, 'get_pca2': {'version': 1, 'type': 'model', 'status': 'LoadSuccessful', 'last_error': None}, 'get_pca3': {'version': 1, 'type': 'model', 'status': 'LoadSuccessful', 'last_error': None}, 'get_biplot_pc1_loadings': {'version': 1, 'type': 'model', 'status': 'LoadSuccessful', 'last_error': None}, 'get_biplot_pc2_loadings': {'version': 1, 'type': 'model', 'status': 'LoadSuccessful', 'last_error': None}, 'get_channel': {'version': 1, 'type': 'model', 'status': 'LoadSuccessful', 'last_error': None}, 'get_channel_proba': {'version': 1, 'type': 'model', 'status': 'LoadSuccessful', 'last_error': None}, 'get_feature_importance': {'version': 1, 'type': 'model', 'status': 'LoadSuccessful', 'last_error': None}}
2026-03-09,17:06:29 [INFO] (web.py:web:2418): 200 GET /status (::1) 1.62ms
2026-03-09,17:06:30 [DEBUG] (base_handler.py:base_handler:115): Checking if need to handle authentication
2026-03-09,17:06:30 [DEBUG] (base_handler.py:base_handler:115): Handling authentication
2026-03-09,17:06:30 [INFO] (base_handler.py:base_handler:115): Authentication is not a required feature for API "v1"
2026-03-09,17:06:30 [DEBUG] (base_handler.py:base_handler:115): Checking request headers for authentication data
2026-03-09,17:06:30 [INFO] (base_handler.py:base_handler:115): Authorization header not found
2026-03-09,17:06:30 [DEBUG] (base_handler.py:base_handler:115): authentication not required, username and password are none
2026-03-09,17:06:30 [DEBUG] (state.py:state:526): Collecting Access-Control-Allow-Origin from state file ...
2026-03-09,17:06:30 [DEBUG] (state.py:state:628): Loading option 'Access-Control-Allow-Origin' from section [Service Info]...
2026-03-09,17:06:30 [DEBUG] (state.py:state:650): Returning value ''
2026-03-09,17:06:30 [DEBUG] (state.py:state:628): Loading option 'Access-Control-Allow-Headers' from section [Service Info]...
2026-03-09,17:06:30 [DEBUG] (state.py:state:650): Returning value ''
2026-03-09,17:06:30 [DEBUG] (state.py:state:628): Loading option 'Access-Control-Allow-Methods' from section [Service Info]...
2026-03-09,17:06:30 [DEBUG] (state.py:state:650): Returning value ''
2026-03-09,17:06:30 [DEBUG] (base_handler.py:base_handler:115): Found models: {'predict_ecotype_xgb': {'version': 6, 'type': 'model', 'status': 'LoadSuccessful', 'last_error': None}, 'get_cluster': {'version': 1, 'type': 'model', 'status': 'LoadSuccessful', 'last_error': None}, 'get_pca1': {'version': 1, 'type': 'model', 'status': 'LoadSuccessful', 'last_error': None}, 'get_pca2': {'version': 1, 'type': 'model', 'status': 'LoadSuccessful', 'last_error': None}, 'get_pca3': {'version': 1, 'type': 'model', 'status': 'LoadSuccessful', 'last_error': None}, 'get_biplot_pc1_loadings': {'version': 1, 'type': 'model', 'status': 'LoadSuccessful', 'last_error': None}, 'get_biplot_pc2_loadings': {'version': 1, 'type': 'model', 'status': 'LoadSuccessful', 'last_error': None}, 'get_channel': {'version': 1, 'type': 'model', 'status': 'LoadSuccessful', 'last_error': None}, 'get_channel_proba': {'version': 1, 'type': 'model', 'status': 'LoadSuccessful', 'last_error': None}, 'get_feature_importance': {'version': 1, 'type': 'model', 'status': 'LoadSuccessful', 'last_error': None}}
2026-03-09,17:06:30 [INFO] (web.py:web:2418): 200 GET /status (::1) 1.41ms
2026-03-09,17:06:31 [DEBUG] (base_handler.py:base_handler:115): Checking if need to handle authentication
2026-03-09,17:06:31 [DEBUG] (base_handler.py:base_handler:115): Handling authentication
2026-03-09,17:06:31 [INFO] (base_handler.py:base_handler:115): Authentication is not a required feature for API "v1"
2026-03-09,17:06:31 [DEBUG] (base_handler.py:base_handler:115): Checking request headers for authentication data
2026-03-09,17:06:31 [INFO] (base_handler.py:base_handler:115): Authorization header not found
2026-03-09,17:06:31 [DEBUG] (base_handler.py:base_handler:115): authentication not required, username and password are none
2026-03-09,17:06:31 [DEBUG] (state.py:state:526): Collecting Access-Control-Allow-Origin from state file ...
2026-03-09,17:06:31 [DEBUG] (state.py:state:628): Loading option 'Access-Control-Allow-Origin' from section [Service Info]...
2026-03-09,17:06:31 [DEBUG] (state.py:state:650): Returning value ''
2026-03-09,17:06:31 [DEBUG] (state.py:state:628): Loading option 'Access-Control-Allow-Headers' from section [Service Info]...
2026-03-09,17:06:31 [DEBUG] (state.py:state:650): Returning value ''
2026-03-09,17:06:31 [DEBUG] (state.py:state:628): Loading option 'Access-Control-Allow-Methods' from section [Service Info]...
2026-03-09,17:06:31 [DEBUG] (state.py:state:650): Returning value ''
2026-03-09,17:06:31 [DEBUG] (base_handler.py:base_handler:115): Found models: {'predict_ecotype_xgb': {'version': 6, 'type': 'model', 'status': 'LoadSuccessful', 'last_error': None}, 'get_cluster': {'version': 1, 'type': 'model', 'status': 'LoadSuccessful', 'last_error': None}, 'get_pca1': {'version': 1, 'type': 'model', 'status': 'LoadSuccessful', 'last_error': None}, 'get_pca2': {'version': 1, 'type': 'model', 'status': 'LoadSuccessful', 'last_error': None}, 'get_pca3': {'version': 1, 'type': 'model', 'status': 'LoadSuccessful', 'last_error': None}, 'get_biplot_pc1_loadings': {'version': 1, 'type': 'model', 'status': 'LoadSuccessful', 'last_error': None}, 'get_biplot_pc2_loadings': {'version': 1, 'type': 'model', 'status': 'LoadSuccessful', 'last_error': None}, 'get_channel': {'version': 1, 'type': 'model', 'status': 'LoadSuccessful', 'last_error': None}, 'get_channel_proba': {'version': 1, 'type': 'model', 'status': 'LoadSuccessful', 'last_error': None}, 'get_feature_importance': {'version': 1, 'type': 'model', 'status': 'LoadSuccessful', 'last_error': None}}
2026-03-09,17:06:31 [INFO] (web.py:web:2418): 200 GET /status (::1) 1.41ms
2026-03-09,17:06:32 [DEBUG] (base_handler.py:base_handler:115): Checking if need to handle authentication
2026-03-09,17:06:32 [DEBUG] (base_handler.py:base_handler:115): Handling authentication
2026-03-09,17:06:32 [INFO] (base_handler.py:base_handler:115): Authentication is not a required feature for API "v1"
2026-03-09,17:06:32 [DEBUG] (base_handler.py:base_handler:115): Checking request headers for authentication data
2026-03-09,17:06:32 [INFO] (base_handler.py:base_handler:115): Authorization header not found
2026-03-09,17:06:32 [DEBUG] (base_handler.py:base_handler:115): authentication not required, username and password are none
2026-03-09,17:06:32 [DEBUG] (state.py:state:526): Collecting Access-Control-Allow-Origin from state file ...
2026-03-09,17:06:32 [DEBUG] (state.py:state:628): Loading option 'Access-Control-Allow-Origin' from section [Service Info]...
2026-03-09,17:06:32 [DEBUG] (state.py:state:650): Returning value ''
2026-03-09,17:06:32 [DEBUG] (state.py:state:628): Loading option 'Access-Control-Allow-Headers' from section [Service Info]...
2026-03-09,17:06:32 [DEBUG] (state.py:state:650): Returning value ''
2026-03-09,17:06:32 [DEBUG] (state.py:state:628): Loading option 'Access-Control-Allow-Methods' from section [Service Info]...
2026-03-09,17:06:32 [DEBUG] (state.py:state:650): Returning value ''
2026-03-09,17:06:32 [DEBUG] (base_handler.py:base_handler:115): Found models: {'predict_ecotype_xgb': {'version': 6, 'type': 'model', 'status': 'LoadSuccessful', 'last_error': None}, 'get_cluster': {'version': 1, 'type': 'model', 'status': 'LoadSuccessful', 'last_error': None}, 'get_pca1': {'version': 1, 'type': 'model', 'status': 'LoadSuccessful', 'last_error': None}, 'get_pca2': {'version': 1, 'type': 'model', 'status': 'LoadSuccessful', 'last_error': None}, 'get_pca3': {'version': 1, 'type': 'model', 'status': 'LoadSuccessful', 'last_error': None}, 'get_biplot_pc1_loadings': {'version': 1, 'type': 'model', 'status': 'LoadSuccessful', 'last_error': None}, 'get_biplot_pc2_loadings': {'version': 1, 'type': 'model', 'status': 'LoadSuccessful', 'last_error': None}, 'get_channel': {'version': 1, 'type': 'model', 'status': 'LoadSuccessful', 'last_error': None}, 'get_channel_proba': {'version': 1, 'type': 'model', 'status': 'LoadSuccessful', 'last_error': None}, 'get_feature_importance': {'version': 1, 'type': 'model', 'status': 'LoadSuccessful', 'last_error': None}}
2026-03-09,17:06:32 [INFO] (web.py:web:2418): 200 GET /status (::1) 1.52ms
2026-03-09,17:06:33 [DEBUG] (base_handler.py:base_handler:115): Checking if need to handle authentication
2026-03-09,17:06:33 [DEBUG] (base_handler.py:base_handler:115): Handling authentication
2026-03-09,17:06:33 [INFO] (base_handler.py:base_handler:115): Authentication is not a required feature for API "v1"
2026-03-09,17:06:33 [DEBUG] (base_handler.py:base_handler:115): Checking request headers for authentication data
2026-03-09,17:06:33 [INFO] (base_handler.py:base_handler:115): Authorization header not found
2026-03-09,17:06:33 [DEBUG] (base_handler.py:base_handler:115): authentication not required, username and password are none
2026-03-09,17:06:33 [DEBUG] (state.py:state:526): Collecting Access-Control-Allow-Origin from state file ...
2026-03-09,17:06:33 [DEBUG] (state.py:state:628): Loading option 'Access-Control-Allow-Origin' from section [Service Info]...
2026-03-09,17:06:33 [DEBUG] (state.py:state:650): Returning value ''
2026-03-09,17:06:33 [DEBUG] (state.py:state:628): Loading option 'Access-Control-Allow-Headers' from section [Service Info]...
2026-03-09,17:06:33 [DEBUG] (state.py:state:650): Returning value ''
2026-03-09,17:06:33 [DEBUG] (state.py:state:628): Loading option 'Access-Control-Allow-Methods' from section [Service Info]...
2026-03-09,17:06:33 [DEBUG] (state.py:state:650): Returning value ''
2026-03-09,17:06:33 [DEBUG] (base_handler.py:base_handler:115): Found models: {'predict_ecotype_xgb': {'version': 6, 'type': 'model', 'status': 'LoadSuccessful', 'last_error': None}, 'get_cluster': {'version': 1, 'type': 'model', 'status': 'LoadSuccessful', 'last_error': None}, 'get_pca1': {'version': 1, 'type': 'model', 'status': 'LoadSuccessful', 'last_error': None}, 'get_pca2': {'version': 1, 'type': 'model', 'status': 'LoadSuccessful', 'last_error': None}, 'get_pca3': {'version': 1, 'type': 'model', 'status': 'LoadSuccessful', 'last_error': None}, 'get_biplot_pc1_loadings': {'version': 1, 'type': 'model', 'status': 'LoadSuccessful', 'last_error': None}, 'get_biplot_pc2_loadings': {'version': 1, 'type': 'model', 'status': 'LoadSuccessful', 'last_error': None}, 'get_channel': {'version': 1, 'type': 'model', 'status': 'LoadSuccessful', 'last_error': None}, 'get_channel_proba': {'version': 1, 'type': 'model', 'status': 'LoadSuccessful', 'last_error': None}, 'get_feature_importance': {'version': 1, 'type': 'model', 'status': 'LoadSuccessful', 'last_error': None}}
2026-03-09,17:06:33 [INFO] (web.py:web:2418): 200 GET /status (::1) 1.30ms
2026-03-09,17:06:34 [DEBUG] (base_handler.py:base_handler:115): Checking if need to handle authentication
2026-03-09,17:06:34 [DEBUG] (base_handler.py:base_handler:115): Handling authentication
2026-03-09,17:06:34 [INFO] (base_handler.py:base_handler:115): Authentication is not a required feature for API "v1"
2026-03-09,17:06:34 [DEBUG] (base_handler.py:base_handler:115): Checking request headers for authentication data
2026-03-09,17:06:34 [INFO] (base_handler.py:base_handler:115): Authorization header not found
2026-03-09,17:06:34 [DEBUG] (base_handler.py:base_handler:115): authentication not required, username and password are none
2026-03-09,17:06:34 [DEBUG] (state.py:state:526): Collecting Access-Control-Allow-Origin from state file ...
2026-03-09,17:06:34 [DEBUG] (state.py:state:628): Loading option 'Access-Control-Allow-Origin' from section [Service Info]...
2026-03-09,17:06:34 [DEBUG] (state.py:state:650): Returning value ''
2026-03-09,17:06:34 [DEBUG] (state.py:state:628): Loading option 'Access-Control-Allow-Headers' from section [Service Info]...
2026-03-09,17:06:34 [DEBUG] (state.py:state:650): Returning value ''
2026-03-09,17:06:34 [DEBUG] (state.py:state:628): Loading option 'Access-Control-Allow-Methods' from section [Service Info]...
2026-03-09,17:06:34 [DEBUG] (state.py:state:650): Returning value ''
2026-03-09,17:06:34 [DEBUG] (base_handler.py:base_handler:115): Found models: {'predict_ecotype_xgb': {'version': 6, 'type': 'model', 'status': 'LoadSuccessful', 'last_error': None}, 'get_cluster': {'version': 1, 'type': 'model', 'status': 'LoadSuccessful', 'last_error': None}, 'get_pca1': {'version': 1, 'type': 'model', 'status': 'LoadSuccessful', 'last_error': None}, 'get_pca2': {'version': 1, 'type': 'model', 'status': 'LoadSuccessful', 'last_error': None}, 'get_pca3': {'version': 1, 'type': 'model', 'status': 'LoadSuccessful', 'last_error': None}, 'get_biplot_pc1_loadings': {'version': 1, 'type': 'model', 'status': 'LoadSuccessful', 'last_error': None}, 'get_biplot_pc2_loadings': {'version': 1, 'type': 'model', 'status': 'LoadSuccessful', 'last_error': None}, 'get_channel': {'version': 1, 'type': 'model', 'status': 'LoadSuccessful', 'last_error': None}, 'get_channel_proba': {'version': 1, 'type': 'model', 'status': 'LoadSuccessful', 'last_error': None}, 'get_feature_importance': {'version': 1, 'type': 'model', 'status': 'LoadSuccessful', 'last_error': None}}
2026-03-09,17:06:34 [INFO] (web.py:web:2418): 200 GET /status (::1) 1.49ms
2026-03-09,17:06:35 [DEBUG] (base_handler.py:base_handler:115): Checking if need to handle authentication
2026-03-09,17:06:35 [DEBUG] (base_handler.py:base_handler:115): Handling authentication
2026-03-09,17:06:35 [INFO] (base_handler.py:base_handler:115): Authentication is not a required feature for API "v1"
2026-03-09,17:06:35 [DEBUG] (base_handler.py:base_handler:115): Checking request headers for authentication data
2026-03-09,17:06:35 [INFO] (base_handler.py:base_handler:115): Authorization header not found
2026-03-09,17:06:35 [DEBUG] (base_handler.py:base_handler:115): authentication not required, username and password are none
2026-03-09,17:06:35 [DEBUG] (state.py:state:526): Collecting Access-Control-Allow-Origin from state file ...
2026-03-09,17:06:35 [DEBUG] (state.py:state:628): Loading option 'Access-Control-Allow-Origin' from section [Service Info]...
2026-03-09,17:06:35 [DEBUG] (state.py:state:650): Returning value ''
2026-03-09,17:06:35 [DEBUG] (state.py:state:628): Loading option 'Access-Control-Allow-Headers' from section [Service Info]...
2026-03-09,17:06:35 [DEBUG] (state.py:state:650): Returning value ''
2026-03-09,17:06:35 [DEBUG] (state.py:state:628): Loading option 'Access-Control-Allow-Methods' from section [Service Info]...
2026-03-09,17:06:35 [DEBUG] (state.py:state:650): Returning value ''
2026-03-09,17:06:35 [DEBUG] (base_handler.py:base_handler:115): Found models: {'predict_ecotype_xgb': {'version': 6, 'type': 'model', 'status': 'LoadSuccessful', 'last_error': None}, 'get_cluster': {'version': 1, 'type': 'model', 'status': 'LoadSuccessful', 'last_error': None}, 'get_pca1': {'version': 1, 'type': 'model', 'status': 'LoadSuccessful', 'last_error': None}, 'get_pca2': {'version': 1, 'type': 'model', 'status': 'LoadSuccessful', 'last_error': None}, 'get_pca3': {'version': 1, 'type': 'model', 'status': 'LoadSuccessful', 'last_error': None}, 'get_biplot_pc1_loadings': {'version': 1, 'type': 'model', 'status': 'LoadSuccessful', 'last_error': None}, 'get_biplot_pc2_loadings': {'version': 1, 'type': 'model', 'status': 'LoadSuccessful', 'last_error': None}, 'get_channel': {'version': 1, 'type': 'model', 'status': 'LoadSuccessful', 'last_error': None}, 'get_channel_proba': {'version': 1, 'type': 'model', 'status': 'LoadSuccessful', 'last_error': None}, 'get_feature_importance': {'version': 1, 'type': 'model', 'status': 'LoadSuccessful', 'last_error': None}}
2026-03-09,17:06:35 [INFO] (web.py:web:2418): 200 GET /status (::1) 1.43ms
2026-03-09,17:06:36 [DEBUG] (base_handler.py:base_handler:115): Checking if need to handle authentication
2026-03-09,17:06:36 [DEBUG] (base_handler.py:base_handler:115): Handling authentication
2026-03-09,17:06:36 [INFO] (base_handler.py:base_handler:115): Authentication is not a required feature for API "v1"
2026-03-09,17:06:36 [DEBUG] (base_handler.py:base_handler:115): Checking request headers for authentication data
2026-03-09,17:06:36 [INFO] (base_handler.py:base_handler:115): Authorization header not found
2026-03-09,17:06:36 [DEBUG] (base_handler.py:base_handler:115): authentication not required, username and password are none
2026-03-09,17:06:36 [DEBUG] (state.py:state:526): Collecting Access-Control-Allow-Origin from state file ...
2026-03-09,17:06:36 [DEBUG] (state.py:state:628): Loading option 'Access-Control-Allow-Origin' from section [Service Info]...
2026-03-09,17:06:36 [DEBUG] (state.py:state:650): Returning value ''
2026-03-09,17:06:36 [DEBUG] (state.py:state:628): Loading option 'Access-Control-Allow-Headers' from section [Service Info]...
2026-03-09,17:06:36 [DEBUG] (state.py:state:650): Returning value ''
2026-03-09,17:06:36 [DEBUG] (state.py:state:628): Loading option 'Access-Control-Allow-Methods' from section [Service Info]...
2026-03-09,17:06:36 [DEBUG] (state.py:state:650): Returning value ''
2026-03-09,17:06:36 [DEBUG] (base_handler.py:base_handler:115): Found models: {'predict_ecotype_xgb': {'version': 6, 'type': 'model', 'status': 'LoadSuccessful', 'last_error': None}, 'get_cluster': {'version': 1, 'type': 'model', 'status': 'LoadSuccessful', 'last_error': None}, 'get_pca1': {'version': 1, 'type': 'model', 'status': 'LoadSuccessful', 'last_error': None}, 'get_pca2': {'version': 1, 'type': 'model', 'status': 'LoadSuccessful', 'last_error': None}, 'get_pca3': {'version': 1, 'type': 'model', 'status': 'LoadSuccessful', 'last_error': None}, 'get_biplot_pc1_loadings': {'version': 1, 'type': 'model', 'status': 'LoadSuccessful', 'last_error': None}, 'get_biplot_pc2_loadings': {'version': 1, 'type': 'model', 'status': 'LoadSuccessful', 'last_error': None}, 'get_channel': {'version': 1, 'type': 'model', 'status': 'LoadSuccessful', 'last_error': None}, 'get_channel_proba': {'version': 1, 'type': 'model', 'status': 'LoadSuccessful', 'last_error': None}, 'get_feature_importance': {'version': 1, 'type': 'model', 'status': 'LoadSuccessful', 'last_error': None}}
2026-03-09,17:06:36 [INFO] (web.py:web:2418): 200 GET /status (::1) 1.47ms
2026-03-09,17:06:37 [DEBUG] (base_handler.py:base_handler:115): Checking if need to handle authentication
2026-03-09,17:06:37 [DEBUG] (base_handler.py:base_handler:115): Handling authentication
2026-03-09,17:06:37 [INFO] (base_handler.py:base_handler:115): Authentication is not a required feature for API "v1"
2026-03-09,17:06:37 [DEBUG] (base_handler.py:base_handler:115): Checking request headers for authentication data
2026-03-09,17:06:37 [INFO] (base_handler.py:base_handler:115): Authorization header not found
2026-03-09,17:06:37 [DEBUG] (base_handler.py:base_handler:115): authentication not required, username and password are none
2026-03-09,17:06:37 [DEBUG] (state.py:state:526): Collecting Access-Control-Allow-Origin from state file ...
2026-03-09,17:06:37 [DEBUG] (state.py:state:628): Loading option 'Access-Control-Allow-Origin' from section [Service Info]...
2026-03-09,17:06:37 [DEBUG] (state.py:state:650): Returning value ''
2026-03-09,17:06:37 [DEBUG] (state.py:state:628): Loading option 'Access-Control-Allow-Headers' from section [Service Info]...
2026-03-09,17:06:37 [DEBUG] (state.py:state:650): Returning value ''
2026-03-09,17:06:37 [DEBUG] (state.py:state:628): Loading option 'Access-Control-Allow-Methods' from section [Service Info]...
2026-03-09,17:06:37 [DEBUG] (state.py:state:650): Returning value ''
2026-03-09,17:06:37 [DEBUG] (base_handler.py:base_handler:115): Found models: {'predict_ecotype_xgb': {'version': 6, 'type': 'model', 'status': 'LoadSuccessful', 'last_error': None}, 'get_cluster': {'version': 1, 'type': 'model', 'status': 'LoadSuccessful', 'last_error': None}, 'get_pca1': {'version': 1, 'type': 'model', 'status': 'LoadSuccessful', 'last_error': None}, 'get_pca2': {'version': 1, 'type': 'model', 'status': 'LoadSuccessful', 'last_error': None}, 'get_pca3': {'version': 1, 'type': 'model', 'status': 'LoadSuccessful', 'last_error': None}, 'get_biplot_pc1_loadings': {'version': 1, 'type': 'model', 'status': 'LoadSuccessful', 'last_error': None}, 'get_biplot_pc2_loadings': {'version': 1, 'type': 'model', 'status': 'LoadSuccessful', 'last_error': None}, 'get_channel': {'version': 1, 'type': 'model', 'status': 'LoadSuccessful', 'last_error': None}, 'get_channel_proba': {'version': 1, 'type': 'model', 'status': 'LoadSuccessful', 'last_error': None}, 'get_feature_importance': {'version': 1, 'type': 'model', 'status': 'LoadSuccessful', 'last_error': None}}
2026-03-09,17:06:37 [INFO] (web.py:web:2418): 200 GET /status (::1) 1.42ms
2026-03-09,17:06:38 [DEBUG] (base_handler.py:base_handler:115): Checking if need to handle authentication
2026-03-09,17:06:38 [DEBUG] (base_handler.py:base_handler:115): Handling authentication
2026-03-09,17:06:38 [INFO] (base_handler.py:base_handler:115): Authentication is not a required feature for API "v1"
2026-03-09,17:06:38 [DEBUG] (base_handler.py:base_handler:115): Checking request headers for authentication data
2026-03-09,17:06:38 [INFO] (base_handler.py:base_handler:115): Authorization header not found
2026-03-09,17:06:38 [DEBUG] (base_handler.py:base_handler:115): authentication not required, username and password are none
2026-03-09,17:06:38 [DEBUG] (state.py:state:526): Collecting Access-Control-Allow-Origin from state file ...
2026-03-09,17:06:38 [DEBUG] (state.py:state:628): Loading option 'Access-Control-Allow-Origin' from section [Service Info]...
2026-03-09,17:06:38 [DEBUG] (state.py:state:650): Returning value ''
2026-03-09,17:06:38 [DEBUG] (state.py:state:628): Loading option 'Access-Control-Allow-Headers' from section [Service Info]...
2026-03-09,17:06:38 [DEBUG] (state.py:state:650): Returning value ''
2026-03-09,17:06:38 [DEBUG] (state.py:state:628): Loading option 'Access-Control-Allow-Methods' from section [Service Info]...
2026-03-09,17:06:38 [DEBUG] (state.py:state:650): Returning value ''
2026-03-09,17:06:38 [DEBUG] (base_handler.py:base_handler:115): Found models: {'predict_ecotype_xgb': {'version': 6, 'type': 'model', 'status': 'LoadSuccessful', 'last_error': None}, 'get_cluster': {'version': 1, 'type': 'model', 'status': 'LoadSuccessful', 'last_error': None}, 'get_pca1': {'version': 1, 'type': 'model', 'status': 'LoadSuccessful', 'last_error': None}, 'get_pca2': {'version': 1, 'type': 'model', 'status': 'LoadSuccessful', 'last_error': None}, 'get_pca3': {'version': 1, 'type': 'model', 'status': 'LoadSuccessful', 'last_error': None}, 'get_biplot_pc1_loadings': {'version': 1, 'type': 'model', 'status': 'LoadSuccessful', 'last_error': None}, 'get_biplot_pc2_loadings': {'version': 1, 'type': 'model', 'status': 'LoadSuccessful', 'last_error': None}, 'get_channel': {'version': 1, 'type': 'model', 'status': 'LoadSuccessful', 'last_error': None}, 'get_channel_proba': {'version': 1, 'type': 'model', 'status': 'LoadSuccessful', 'last_error': None}, 'get_feature_importance': {'version': 1, 'type': 'model', 'status': 'LoadSuccessful', 'last_error': None}}
2026-03-09,17:06:38 [INFO] (web.py:web:2418): 200 GET /status (::1) 1.55ms
2026-03-09,17:06:39 [DEBUG] (base_handler.py:base_handler:115): Checking if need to handle authentication
2026-03-09,17:06:39 [DEBUG] (base_handler.py:base_handler:115): Handling authentication
2026-03-09,17:06:39 [INFO] (base_handler.py:base_handler:115): Authentication is not a required feature for API "v1"
2026-03-09,17:06:39 [DEBUG] (base_handler.py:base_handler:115): Checking request headers for authentication data
2026-03-09,17:06:39 [INFO] (base_handler.py:base_handler:115): Authorization header not found
2026-03-09,17:06:39 [DEBUG] (base_handler.py:base_handler:115): authentication not required, username and password are none
2026-03-09,17:06:39 [DEBUG] (state.py:state:526): Collecting Access-Control-Allow-Origin from state file ...
2026-03-09,17:06:39 [DEBUG] (state.py:state:628): Loading option 'Access-Control-Allow-Origin' from section [Service Info]...
2026-03-09,17:06:39 [DEBUG] (state.py:state:650): Returning value ''
2026-03-09,17:06:39 [DEBUG] (state.py:state:628): Loading option 'Access-Control-Allow-Headers' from section [Service Info]...
2026-03-09,17:06:39 [DEBUG] (state.py:state:650): Returning value ''
2026-03-09,17:06:39 [DEBUG] (state.py:state:628): Loading option 'Access-Control-Allow-Methods' from section [Service Info]...
2026-03-09,17:06:39 [DEBUG] (state.py:state:650): Returning value ''
2026-03-09,17:06:39 [DEBUG] (base_handler.py:base_handler:115): Found models: {'predict_ecotype_xgb': {'version': 6, 'type': 'model', 'status': 'LoadSuccessful', 'last_error': None}, 'get_cluster': {'version': 1, 'type': 'model', 'status': 'LoadSuccessful', 'last_error': None}, 'get_pca1': {'version': 1, 'type': 'model', 'status': 'LoadSuccessful', 'last_error': None}, 'get_pca2': {'version': 1, 'type': 'model', 'status': 'LoadSuccessful', 'last_error': None}, 'get_pca3': {'version': 1, 'type': 'model', 'status': 'LoadSuccessful', 'last_error': None}, 'get_biplot_pc1_loadings': {'version': 1, 'type': 'model', 'status': 'LoadSuccessful', 'last_error': None}, 'get_biplot_pc2_loadings': {'version': 1, 'type': 'model', 'status': 'LoadSuccessful', 'last_error': None}, 'get_channel': {'version': 1, 'type': 'model', 'status': 'LoadSuccessful', 'last_error': None}, 'get_channel_proba': {'version': 1, 'type': 'model', 'status': 'LoadSuccessful', 'last_error': None}, 'get_feature_importance': {'version': 1, 'type': 'model', 'status': 'LoadSuccessful', 'last_error': None}}
2026-03-09,17:06:39 [INFO] (web.py:web:2418): 200 GET /status (::1) 1.50ms
2026-03-09,17:07:14 [DEBUG] (base_handler.py:base_handler:115): Checking if need to handle authentication
2026-03-09,17:07:14 [DEBUG] (base_handler.py:base_handler:115): Handling authentication
2026-03-09,17:07:14 [INFO] (base_handler.py:base_handler:115): Authentication is not a required feature for API "v1"
2026-03-09,17:07:14 [DEBUG] (base_handler.py:base_handler:115): Checking request headers for authentication data
2026-03-09,17:07:14 [INFO] (base_handler.py:base_handler:115): Authorization header not found
2026-03-09,17:07:14 [DEBUG] (base_handler.py:base_handler:115): authentication not required, username and password are none
2026-03-09,17:07:14 [DEBUG] (state.py:state:526): Collecting Access-Control-Allow-Origin from state file ...
2026-03-09,17:07:14 [DEBUG] (state.py:state:628): Loading option 'Access-Control-Allow-Origin' from section [Service Info]...
2026-03-09,17:07:14 [DEBUG] (state.py:state:650): Returning value ''
2026-03-09,17:07:14 [DEBUG] (state.py:state:628): Loading option 'Access-Control-Allow-Headers' from section [Service Info]...
2026-03-09,17:07:14 [DEBUG] (state.py:state:650): Returning value ''
2026-03-09,17:07:14 [DEBUG] (state.py:state:628): Loading option 'Access-Control-Allow-Methods' from section [Service Info]...
2026-03-09,17:07:14 [DEBUG] (state.py:state:650): Returning value ''
2026-03-09,17:07:14 [DEBUG] (state.py:state:628): Loading option 'Description' from section [Service Info]...
2026-03-09,17:07:14 [DEBUG] (state.py:state:650): Returning value ''
2026-03-09,17:07:14 [DEBUG] (state.py:state:628): Loading option 'Creation Time' from section [Service Info]...
2026-03-09,17:07:14 [DEBUG] (state.py:state:650): Returning value '0'
2026-03-09,17:07:14 [DEBUG] (state.py:state:628): Loading option 'Name' from section [Service Info]...
2026-03-09,17:07:14 [DEBUG] (state.py:state:650): Returning value 'TabPy Server'
2026-03-09,17:07:14 [INFO] (web.py:web:2418): 200 GET /info (::1) 1.43ms
2026-03-09,17:07:14 [DEBUG] (base_handler.py:base_handler:115): Checking if need to handle authentication
2026-03-09,17:07:14 [DEBUG] (base_handler.py:base_handler:115): Handling authentication
2026-03-09,17:07:14 [INFO] (base_handler.py:base_handler:115): Authentication is not a required feature for API "v1"
2026-03-09,17:07:14 [DEBUG] (base_handler.py:base_handler:115): Checking request headers for authentication data
2026-03-09,17:07:14 [INFO] (base_handler.py:base_handler:115): Authorization header not found
2026-03-09,17:07:14 [DEBUG] (base_handler.py:base_handler:115): authentication not required, username and password are none
2026-03-09,17:07:14 [DEBUG] (state.py:state:526): Collecting Access-Control-Allow-Origin from state file ...
2026-03-09,17:07:14 [DEBUG] (state.py:state:628): Loading option 'Access-Control-Allow-Origin' from section [Service Info]...
2026-03-09,17:07:14 [DEBUG] (state.py:state:650): Returning value ''
2026-03-09,17:07:14 [DEBUG] (state.py:state:628): Loading option 'Access-Control-Allow-Headers' from section [Service Info]...
2026-03-09,17:07:14 [DEBUG] (state.py:state:650): Returning value ''
2026-03-09,17:07:14 [DEBUG] (state.py:state:628): Loading option 'Access-Control-Allow-Methods' from section [Service Info]...
2026-03-09,17:07:14 [DEBUG] (state.py:state:650): Returning value ''
2026-03-09,17:07:14 [DEBUG] (base_handler.py:base_handler:115): Processing POST request...
2026-03-09,17:07:14 [INFO] (base_handler.py:base_handler:115): function to evaluate=def _user_script(tabpy, _arg1, _arg2, _arg3, _arg4, _arg5, _arg6, _arg7, _arg8):
 
 from tabpy_wholesale import get_channel_proba
 # _arg8이 리스트로 들어올 경우를 대비해 첫 번째 항목([0])을 추출합니다.
 model_name = _arg8[0] if isinstance(_arg8, list) else _arg8
 return get_channel_proba(_arg1,_arg2,_arg3,_arg4,_arg5,_arg6,_arg7, model_name)

2026-03-09,17:07:14 [INFO] (web.py:web:2418): 200 POST /evaluate (::1) 5.35ms
2026-03-09,17:07:14 [DEBUG] (base_handler.py:base_handler:115): Checking if need to handle authentication
2026-03-09,17:07:14 [DEBUG] (base_handler.py:base_handler:115): Handling authentication
2026-03-09,17:07:14 [INFO] (base_handler.py:base_handler:115): Authentication is not a required feature for API "v1"
2026-03-09,17:07:14 [DEBUG] (base_handler.py:base_handler:115): Checking request headers for authentication data
2026-03-09,17:07:14 [INFO] (base_handler.py:base_handler:115): Authorization header not found
2026-03-09,17:07:14 [DEBUG] (base_handler.py:base_handler:115): authentication not required, username and password are none
2026-03-09,17:07:14 [DEBUG] (state.py:state:526): Collecting Access-Control-Allow-Origin from state file ...
2026-03-09,17:07:14 [DEBUG] (state.py:state:628): Loading option 'Access-Control-Allow-Origin' from section [Service Info]...
2026-03-09,17:07:14 [DEBUG] (state.py:state:650): Returning value ''
2026-03-09,17:07:14 [DEBUG] (state.py:state:628): Loading option 'Access-Control-Allow-Headers' from section [Service Info]...
2026-03-09,17:07:14 [DEBUG] (state.py:state:650): Returning value ''
2026-03-09,17:07:14 [DEBUG] (state.py:state:628): Loading option 'Access-Control-Allow-Methods' from section [Service Info]...
2026-03-09,17:07:14 [DEBUG] (state.py:state:650): Returning value ''
2026-03-09,17:07:14 [DEBUG] (state.py:state:628): Loading option 'Description' from section [Service Info]...
2026-03-09,17:07:14 [DEBUG] (state.py:state:650): Returning value ''
2026-03-09,17:07:14 [DEBUG] (state.py:state:628): Loading option 'Creation Time' from section [Service Info]...
2026-03-09,17:07:14 [DEBUG] (state.py:state:650): Returning value '0'
2026-03-09,17:07:14 [DEBUG] (state.py:state:628): Loading option 'Name' from section [Service Info]...
2026-03-09,17:07:14 [DEBUG] (state.py:state:650): Returning value 'TabPy Server'
2026-03-09,17:07:14 [INFO] (web.py:web:2418): 200 GET /info (::1) 1.71ms
2026-03-09,17:07:14 [DEBUG] (base_handler.py:base_handler:115): Checking if need to handle authentication
2026-03-09,17:07:14 [DEBUG] (base_handler.py:base_handler:115): Handling authentication
2026-03-09,17:07:14 [INFO] (base_handler.py:base_handler:115): Authentication is not a required feature for API "v1"
2026-03-09,17:07:14 [DEBUG] (base_handler.py:base_handler:115): Checking request headers for authentication data
2026-03-09,17:07:14 [INFO] (base_handler.py:base_handler:115): Authorization header not found
2026-03-09,17:07:14 [DEBUG] (base_handler.py:base_handler:115): authentication not required, username and password are none
2026-03-09,17:07:14 [DEBUG] (state.py:state:526): Collecting Access-Control-Allow-Origin from state file ...
2026-03-09,17:07:14 [DEBUG] (state.py:state:628): Loading option 'Access-Control-Allow-Origin' from section [Service Info]...
2026-03-09,17:07:14 [DEBUG] (state.py:state:650): Returning value ''
2026-03-09,17:07:14 [DEBUG] (state.py:state:628): Loading option 'Access-Control-Allow-Headers' from section [Service Info]...
2026-03-09,17:07:14 [DEBUG] (state.py:state:650): Returning value ''
2026-03-09,17:07:14 [DEBUG] (state.py:state:628): Loading option 'Access-Control-Allow-Methods' from section [Service Info]...
2026-03-09,17:07:14 [DEBUG] (state.py:state:650): Returning value ''
2026-03-09,17:07:14 [DEBUG] (base_handler.py:base_handler:115): Processing POST request...
2026-03-09,17:07:14 [INFO] (base_handler.py:base_handler:115): function to evaluate=def _user_script(tabpy, _arg1, _arg2, _arg3, _arg4, _arg5, _arg6, _arg7, _arg8):
 
 from tabpy_wholesale import get_channel_proba
 # _arg8이 리스트로 들어올 경우를 대비해 첫 번째 항목([0])을 추출합니다.
 model_name = _arg8[0] if isinstance(_arg8, list) else _arg8
 return get_channel_proba(_arg1,_arg2,_arg3,_arg4,_arg5,_arg6,_arg7, model_name)

2026-03-09,17:07:14 [INFO] (web.py:web:2418): 200 POST /evaluate (::1) 4.69ms
2026-03-09,17:11:17 [DEBUG] (base_handler.py:base_handler:115): Checking if need to handle authentication
2026-03-09,17:11:17 [DEBUG] (base_handler.py:base_handler:115): Handling authentication
2026-03-09,17:11:17 [INFO] (base_handler.py:base_handler:115): Authentication is not a required feature for API "v1"
2026-03-09,17:11:17 [DEBUG] (base_handler.py:base_handler:115): Checking request headers for authentication data
2026-03-09,17:11:17 [INFO] (base_handler.py:base_handler:115): Authorization header not found
2026-03-09,17:11:17 [DEBUG] (base_handler.py:base_handler:115): authentication not required, username and password are none
2026-03-09,17:11:17 [DEBUG] (state.py:state:526): Collecting Access-Control-Allow-Origin from state file ...
2026-03-09,17:11:17 [DEBUG] (state.py:state:628): Loading option 'Access-Control-Allow-Origin' from section [Service Info]...
2026-03-09,17:11:17 [DEBUG] (state.py:state:650): Returning value ''
2026-03-09,17:11:17 [DEBUG] (state.py:state:628): Loading option 'Access-Control-Allow-Headers' from section [Service Info]...
2026-03-09,17:11:17 [DEBUG] (state.py:state:650): Returning value ''
2026-03-09,17:11:17 [DEBUG] (state.py:state:628): Loading option 'Access-Control-Allow-Methods' from section [Service Info]...
2026-03-09,17:11:17 [DEBUG] (state.py:state:650): Returning value ''
2026-03-09,17:11:17 [DEBUG] (state.py:state:628): Loading option 'Description' from section [Service Info]...
2026-03-09,17:11:17 [DEBUG] (state.py:state:650): Returning value ''
2026-03-09,17:11:17 [DEBUG] (state.py:state:628): Loading option 'Creation Time' from section [Service Info]...
2026-03-09,17:11:17 [DEBUG] (state.py:state:650): Returning value '0'
2026-03-09,17:11:17 [DEBUG] (state.py:state:628): Loading option 'Name' from section [Service Info]...
2026-03-09,17:11:17 [DEBUG] (state.py:state:650): Returning value 'TabPy Server'
2026-03-09,17:11:17 [INFO] (web.py:web:2418): 200 GET /info (::1) 1.42ms
2026-03-09,17:11:17 [DEBUG] (base_handler.py:base_handler:115): Checking if need to handle authentication
2026-03-09,17:11:17 [DEBUG] (base_handler.py:base_handler:115): Handling authentication
2026-03-09,17:11:17 [INFO] (base_handler.py:base_handler:115): Authentication is not a required feature for API "v1"
2026-03-09,17:11:17 [DEBUG] (base_handler.py:base_handler:115): Checking request headers for authentication data
2026-03-09,17:11:17 [INFO] (base_handler.py:base_handler:115): Authorization header not found
2026-03-09,17:11:17 [DEBUG] (base_handler.py:base_handler:115): authentication not required, username and password are none
2026-03-09,17:11:17 [DEBUG] (state.py:state:526): Collecting Access-Control-Allow-Origin from state file ...
2026-03-09,17:11:17 [DEBUG] (state.py:state:628): Loading option 'Access-Control-Allow-Origin' from section [Service Info]...
2026-03-09,17:11:17 [DEBUG] (state.py:state:650): Returning value ''
2026-03-09,17:11:17 [DEBUG] (state.py:state:628): Loading option 'Access-Control-Allow-Headers' from section [Service Info]...
2026-03-09,17:11:17 [DEBUG] (state.py:state:650): Returning value ''
2026-03-09,17:11:17 [DEBUG] (state.py:state:628): Loading option 'Access-Control-Allow-Methods' from section [Service Info]...
2026-03-09,17:11:17 [DEBUG] (state.py:state:650): Returning value ''
2026-03-09,17:11:17 [DEBUG] (base_handler.py:base_handler:115): Processing POST request...
2026-03-09,17:11:17 [INFO] (base_handler.py:base_handler:115): function to evaluate=def _user_script(tabpy, _arg1, _arg2, _arg3, _arg4, _arg5, _arg6, _arg7, _arg8):
 return tabpy.query('get_channel_proba', _arg1, _arg2, _arg3, _arg4, _arg5, _arg6, _arg7, _arg8)['response']

2026-03-09,17:11:17 [DEBUG] (base_handler.py:base_handler:115): Querying http://localhost:9004/query/get_channel_proba...
2026-03-09,17:11:17 [DEBUG] (connectionpool.py:connectionpool:241): Starting new HTTP connection (1): localhost:9004
2026-03-09,17:11:17 [DEBUG] (base_handler.py:base_handler:115): Checking if need to handle authentication
2026-03-09,17:11:17 [DEBUG] (base_handler.py:base_handler:115): Handling authentication
2026-03-09,17:11:17 [INFO] (base_handler.py:base_handler:115): Authentication is not a required feature for API "v1"
2026-03-09,17:11:17 [DEBUG] (base_handler.py:base_handler:115): Checking request headers for authentication data
2026-03-09,17:11:17 [INFO] (base_handler.py:base_handler:115): Authorization header not found
2026-03-09,17:11:17 [DEBUG] (base_handler.py:base_handler:115): authentication not required, username and password are none
2026-03-09,17:11:17 [DEBUG] (base_handler.py:base_handler:115): Processing POST for /query/get_channel_proba...
2026-03-09,17:11:17 [DEBUG] (base_handler.py:base_handler:115): Processing query get_channel_proba...
2026-03-09,17:11:17 [DEBUG] (state.py:state:526): Collecting Access-Control-Allow-Origin from state file ...
2026-03-09,17:11:17 [DEBUG] (state.py:state:628): Loading option 'Access-Control-Allow-Origin' from section [Service Info]...
2026-03-09,17:11:17 [DEBUG] (state.py:state:650): Returning value ''
2026-03-09,17:11:17 [DEBUG] (state.py:state:628): Loading option 'Access-Control-Allow-Headers' from section [Service Info]...
2026-03-09,17:11:17 [DEBUG] (state.py:state:650): Returning value ''
2026-03-09,17:11:17 [DEBUG] (state.py:state:628): Loading option 'Access-Control-Allow-Methods' from section [Service Info]...
2026-03-09,17:11:17 [DEBUG] (state.py:state:650): Returning value ''
2026-03-09,17:11:17 [DEBUG] (base_handler.py:base_handler:115): Collecting query info for get_channel_proba...
2026-03-09,17:11:17 [DEBUG] (python_service.py:python_service:236): Querying Python service get_channel_proba...
2026-03-09,17:11:17 [DEBUG] (python_service.py:python_service:248): Found object {'version': 1, 'type': 'model', 'endpoint_obj': <tabpy_client.custom_query_object.CustomQueryObject object at 0x000002101A109BF0>, 'status': 'LoadSuccessful', 'last_error': None}
2026-03-09,17:11:17 [DEBUG] (python_service.py:python_service:262): Querying endpoint with params ([[7291], [1012], [2062], [1291], [240], [1775], [1], ['XGBoost']])...
2026-03-09,17:11:17 [ERROR] (python_service.py:python_service:272): 'ValueError' object has no attribute 'message'
Traceback (most recent call last):
  File "C:\Users\bohee\AppData\Local\Programs\Python\Python313\Lib\site-packages\tabpy_client\custom_query_object.py", line 51, in query
    ret = self.custom_query(*args, **kwargs)
  File "c:\Users\bohee\Documents\GitHub\Machine_learning\[LAB 05] 비지도 학습 - 구매 패턴 기반 고객 군집 분석과 페르소나 도출\tabpy_wholesale_cluster.py", line 317, in get_channel_proba
    clf = _load_channel_model(ModelName)
  File "c:\Users\bohee\Documents\GitHub\Machine_learning\[LAB 05] 비지도 학습 - 구매 패턴 기반 고객 군집 분석과 페르소나 도출\tabpy_wholesale_cluster.py", line 235, in _load_channel_model
    raise ValueError(
        f"지원 모델: {list(_CHANNEL_MODEL_FILES.keys())}. 입력: {model_name}"
    )
ValueError: 지원 모델: ['logisticregression', 'xgboost', 'catboost', 'randomforest']. 입력: ['XGBoost']

During handling of the above exception, another exception occurred:

Traceback (most recent call last):
  File "C:\Users\bohee\AppData\Local\Programs\Python\Python313\Lib\site-packages\tabpy\tabpy_server\psws\python_service.py", line 266, in query
    result = pred_obj.query(*params)
  File "C:\Users\bohee\AppData\Local\Programs\Python\Python313\Lib\site-packages\tabpy_client\custom_query_object.py", line 53, in query
    _logger.exception('Exception hit when running custom query, error: %s' % e.message)
                                                                             ^^^^^^^^^
AttributeError: 'ValueError' object has no attribute 'message'
2026-03-09,17:11:17 [ERROR] (python_service.py:python_service:274): AttributeError : 'ValueError' object has no attribute 'message'
2026-03-09,17:11:17 [DEBUG] (base_handler.py:base_handler:115): Query info: QueryFailed(uri='get_channel_proba', error="AttributeError : 'ValueError' object has no attribute 'message'")
2026-03-09,17:11:17 [ERROR] (base_handler.py:base_handler:115): Failed query, response: QueryFailed(uri='get_channel_proba', error="AttributeError : 'ValueError' object has no attribute 'message'")
2026-03-09,17:11:17 [ERROR] (base_handler.py:base_handler:115): Responding with status=500, message="Error querying function 'get_channel_proba'", info="{'uri': 'get_channel_proba', 'error': "AttributeError : 'ValueError' object has no attribute 'message'", 'type': 'QueryFailed'}"
2026-03-09,17:11:17 [DEBUG] (connectionpool.py:connectionpool:544): http://localhost:9004 "POST /query/get_channel_proba HTTP/1.1" 500 195
2026-03-09,17:11:17 [ERROR] (web.py:web:2418): 500 POST /query/get_channel_proba (::1) 18.29ms
2026-03-09,17:11:17 [ERROR] (base_handler.py:base_handler:115): Traceback (most recent call last):
  File "C:\Users\bohee\AppData\Local\Programs\Python\Python313\Lib\site-packages\tabpy\tabpy_server\handlers\evaluation_plane_handler.py", line 178, in post
    yield self._post_impl()
  File "C:\Users\bohee\AppData\Roaming\Python\Python313\site-packages\tornado\gen.py", line 783, in run
    value = future.result()
  File "C:\Users\bohee\AppData\Roaming\Python\Python313\site-packages\tornado\gen.py", line 796, in run
    yielded = self.gen.throw(exc)
  File "C:\Users\bohee\AppData\Local\Programs\Python\Python313\Lib\site-packages\tabpy\tabpy_server\handlers\evaluation_plane_handler.py", line 118, in _post_impl
    result = yield self._call_subprocess(function_to_evaluate, arguments)
             ^^^^^^^^^^^^^^^^^^^^^^^^^^^^^^^^^^^^^^^^^^^^^^^^^^^^^^^^^^^^
  File "C:\Users\bohee\AppData\Roaming\Python\Python313\site-packages\tornado\gen.py", line 783, in run
    value = future.result()
  File "C:\Users\bohee\AppData\Roaming\Python\Python313\site-packages\tornado\gen.py", line 796, in run
    yielded = self.gen.throw(exc)
  File "C:\Users\bohee\AppData\Local\Programs\Python\Python313\Lib\site-packages\tabpy\tabpy_server\handlers\evaluation_plane_handler.py", line 212, in _call_subprocess
    ret = yield gen.with_timeout(timedelta(seconds=self.eval_timeout), future)
          ^^^^^^^^^^^^^^^^^^^^^^^^^^^^^^^^^^^^^^^^^^^^^^^^^^^^^^^^^^^^^^^^^^^^
  File "C:\Users\bohee\AppData\Roaming\Python\Python313\site-packages\tornado\gen.py", line 783, in run
    value = future.result()
  File "C:\Users\bohee\AppData\Local\Programs\Python\Python313\Lib\concurrent\futures\thread.py", line 59, in run
    result = self.fn(*self.args, **self.kwargs)
  File "<string>", line 2, in _user_script
KeyError: 'response'

2026-03-09,17:11:17 [ERROR] (base_handler.py:base_handler:115): Responding with status=404, message="Error processing script", info="The endpoint you're trying to query did not respond. Please make sure the endpoint exists and the correct set of arguments are provided."
2026-03-09,17:11:17 [WARNING] (web.py:web:2418): 404 POST /evaluate (::1) 33.72ms
2026-03-09,17:11:45 [DEBUG] (base_handler.py:base_handler:115): Checking if need to handle authentication
2026-03-09,17:11:45 [DEBUG] (base_handler.py:base_handler:115): Handling authentication
2026-03-09,17:11:45 [INFO] (base_handler.py:base_handler:115): Authentication is not a required feature for API "v1"
2026-03-09,17:11:45 [DEBUG] (base_handler.py:base_handler:115): Checking request headers for authentication data
2026-03-09,17:11:45 [INFO] (base_handler.py:base_handler:115): Authorization header not found
2026-03-09,17:11:45 [DEBUG] (base_handler.py:base_handler:115): authentication not required, username and password are none
2026-03-09,17:11:45 [DEBUG] (state.py:state:526): Collecting Access-Control-Allow-Origin from state file ...
2026-03-09,17:11:45 [DEBUG] (state.py:state:628): Loading option 'Access-Control-Allow-Origin' from section [Service Info]...
2026-03-09,17:11:45 [DEBUG] (state.py:state:650): Returning value ''
2026-03-09,17:11:45 [DEBUG] (state.py:state:628): Loading option 'Access-Control-Allow-Headers' from section [Service Info]...
2026-03-09,17:11:45 [DEBUG] (state.py:state:650): Returning value ''
2026-03-09,17:11:45 [DEBUG] (state.py:state:628): Loading option 'Access-Control-Allow-Methods' from section [Service Info]...
2026-03-09,17:11:45 [DEBUG] (state.py:state:650): Returning value ''
2026-03-09,17:11:45 [DEBUG] (state.py:state:628): Loading option 'Description' from section [Service Info]...
2026-03-09,17:11:45 [DEBUG] (state.py:state:650): Returning value ''
2026-03-09,17:11:45 [DEBUG] (state.py:state:628): Loading option 'Creation Time' from section [Service Info]...
2026-03-09,17:11:45 [DEBUG] (state.py:state:650): Returning value '0'
2026-03-09,17:11:45 [DEBUG] (state.py:state:628): Loading option 'Name' from section [Service Info]...
2026-03-09,17:11:45 [DEBUG] (state.py:state:650): Returning value 'TabPy Server'
2026-03-09,17:11:45 [INFO] (web.py:web:2418): 200 GET /info (::1) 1.42ms
2026-03-09,17:11:46 [DEBUG] (base_handler.py:base_handler:115): Checking if need to handle authentication
2026-03-09,17:11:46 [DEBUG] (base_handler.py:base_handler:115): Handling authentication
2026-03-09,17:11:46 [INFO] (base_handler.py:base_handler:115): Authentication is not a required feature for API "v1"
2026-03-09,17:11:46 [DEBUG] (base_handler.py:base_handler:115): Checking request headers for authentication data
2026-03-09,17:11:46 [INFO] (base_handler.py:base_handler:115): Authorization header not found
2026-03-09,17:11:46 [DEBUG] (base_handler.py:base_handler:115): authentication not required, username and password are none
2026-03-09,17:11:46 [DEBUG] (state.py:state:526): Collecting Access-Control-Allow-Origin from state file ...
2026-03-09,17:11:46 [DEBUG] (state.py:state:628): Loading option 'Access-Control-Allow-Origin' from section [Service Info]...
2026-03-09,17:11:46 [DEBUG] (state.py:state:650): Returning value ''
2026-03-09,17:11:46 [DEBUG] (state.py:state:628): Loading option 'Access-Control-Allow-Headers' from section [Service Info]...
2026-03-09,17:11:46 [DEBUG] (state.py:state:650): Returning value ''
2026-03-09,17:11:46 [DEBUG] (state.py:state:628): Loading option 'Access-Control-Allow-Methods' from section [Service Info]...
2026-03-09,17:11:46 [DEBUG] (state.py:state:650): Returning value ''
2026-03-09,17:11:46 [DEBUG] (state.py:state:628): Loading option 'Description' from section [Service Info]...
2026-03-09,17:11:46 [DEBUG] (state.py:state:650): Returning value ''
2026-03-09,17:11:46 [DEBUG] (state.py:state:628): Loading option 'Creation Time' from section [Service Info]...
2026-03-09,17:11:46 [DEBUG] (state.py:state:650): Returning value '0'
2026-03-09,17:11:46 [DEBUG] (state.py:state:628): Loading option 'Name' from section [Service Info]...
2026-03-09,17:11:46 [DEBUG] (state.py:state:650): Returning value 'TabPy Server'
2026-03-09,17:11:46 [INFO] (web.py:web:2418): 200 GET /info (::1) 1.45ms
2026-03-09,17:11:46 [DEBUG] (base_handler.py:base_handler:115): Checking if need to handle authentication
2026-03-09,17:11:46 [DEBUG] (base_handler.py:base_handler:115): Handling authentication
2026-03-09,17:11:46 [INFO] (base_handler.py:base_handler:115): Authentication is not a required feature for API "v1"
2026-03-09,17:11:46 [DEBUG] (base_handler.py:base_handler:115): Checking request headers for authentication data
2026-03-09,17:11:46 [INFO] (base_handler.py:base_handler:115): Authorization header not found
2026-03-09,17:11:46 [DEBUG] (base_handler.py:base_handler:115): authentication not required, username and password are none
2026-03-09,17:11:46 [DEBUG] (state.py:state:526): Collecting Access-Control-Allow-Origin from state file ...
2026-03-09,17:11:46 [DEBUG] (state.py:state:628): Loading option 'Access-Control-Allow-Origin' from section [Service Info]...
2026-03-09,17:11:46 [DEBUG] (state.py:state:650): Returning value ''
2026-03-09,17:11:46 [DEBUG] (state.py:state:628): Loading option 'Access-Control-Allow-Headers' from section [Service Info]...
2026-03-09,17:11:46 [DEBUG] (state.py:state:650): Returning value ''
2026-03-09,17:11:46 [DEBUG] (state.py:state:628): Loading option 'Access-Control-Allow-Methods' from section [Service Info]...
2026-03-09,17:11:46 [DEBUG] (state.py:state:650): Returning value ''
2026-03-09,17:11:46 [DEBUG] (base_handler.py:base_handler:115): Processing POST request...
2026-03-09,17:11:46 [INFO] (base_handler.py:base_handler:115): function to evaluate=def _user_script(tabpy, _arg1, _arg2, _arg3, _arg4, _arg5, _arg6, _arg7, _arg8):
 return tabpy.query('get_channel_proba', _arg1, _arg2, _arg3, _arg4, _arg5, _arg6, _arg7, _arg8)['response']

2026-03-09,17:11:46 [DEBUG] (base_handler.py:base_handler:115): Querying http://localhost:9004/query/get_channel_proba...
2026-03-09,17:11:46 [DEBUG] (connectionpool.py:connectionpool:241): Starting new HTTP connection (1): localhost:9004
2026-03-09,17:11:46 [DEBUG] (base_handler.py:base_handler:115): Checking if need to handle authentication
2026-03-09,17:11:46 [DEBUG] (base_handler.py:base_handler:115): Handling authentication
2026-03-09,17:11:46 [INFO] (base_handler.py:base_handler:115): Authentication is not a required feature for API "v1"
2026-03-09,17:11:46 [DEBUG] (base_handler.py:base_handler:115): Checking request headers for authentication data
2026-03-09,17:11:46 [INFO] (base_handler.py:base_handler:115): Authorization header not found
2026-03-09,17:11:46 [DEBUG] (base_handler.py:base_handler:115): authentication not required, username and password are none
2026-03-09,17:11:46 [DEBUG] (base_handler.py:base_handler:115): Processing POST for /query/get_channel_proba...
2026-03-09,17:11:46 [DEBUG] (base_handler.py:base_handler:115): Processing query get_channel_proba...
2026-03-09,17:11:46 [DEBUG] (state.py:state:526): Collecting Access-Control-Allow-Origin from state file ...
2026-03-09,17:11:46 [DEBUG] (state.py:state:628): Loading option 'Access-Control-Allow-Origin' from section [Service Info]...
2026-03-09,17:11:46 [DEBUG] (state.py:state:650): Returning value ''
2026-03-09,17:11:46 [DEBUG] (state.py:state:628): Loading option 'Access-Control-Allow-Headers' from section [Service Info]...
2026-03-09,17:11:46 [DEBUG] (state.py:state:650): Returning value ''
2026-03-09,17:11:46 [DEBUG] (state.py:state:628): Loading option 'Access-Control-Allow-Methods' from section [Service Info]...
2026-03-09,17:11:46 [DEBUG] (state.py:state:650): Returning value ''
2026-03-09,17:11:46 [DEBUG] (base_handler.py:base_handler:115): Collecting query info for get_channel_proba...
2026-03-09,17:11:46 [DEBUG] (python_service.py:python_service:236): Querying Python service get_channel_proba...
2026-03-09,17:11:46 [DEBUG] (python_service.py:python_service:248): Found object {'version': 1, 'type': 'model', 'endpoint_obj': <tabpy_client.custom_query_object.CustomQueryObject object at 0x000002101A109BF0>, 'status': 'LoadSuccessful', 'last_error': None}
2026-03-09,17:11:46 [DEBUG] (python_service.py:python_service:262): Querying endpoint with params ([[7291], [1012], [2062], [1291], [240], [1775], [1], ['XGBoost']])...
2026-03-09,17:11:46 [ERROR] (python_service.py:python_service:272): 'ValueError' object has no attribute 'message'
Traceback (most recent call last):
  File "C:\Users\bohee\AppData\Local\Programs\Python\Python313\Lib\site-packages\tabpy_client\custom_query_object.py", line 51, in query
    ret = self.custom_query(*args, **kwargs)
  File "c:\Users\bohee\Documents\GitHub\Machine_learning\[LAB 05] 비지도 학습 - 구매 패턴 기반 고객 군집 분석과 페르소나 도출\tabpy_wholesale_cluster.py", line 317, in get_channel_proba
    clf = _load_channel_model(ModelName)
  File "c:\Users\bohee\Documents\GitHub\Machine_learning\[LAB 05] 비지도 학습 - 구매 패턴 기반 고객 군집 분석과 페르소나 도출\tabpy_wholesale_cluster.py", line 235, in _load_channel_model
    raise ValueError(
        f"지원 모델: {list(_CHANNEL_MODEL_FILES.keys())}. 입력: {model_name}"
    )
ValueError: 지원 모델: ['logisticregression', 'xgboost', 'catboost', 'randomforest']. 입력: ['XGBoost']

During handling of the above exception, another exception occurred:

Traceback (most recent call last):
  File "C:\Users\bohee\AppData\Local\Programs\Python\Python313\Lib\site-packages\tabpy\tabpy_server\psws\python_service.py", line 266, in query
    result = pred_obj.query(*params)
  File "C:\Users\bohee\AppData\Local\Programs\Python\Python313\Lib\site-packages\tabpy_client\custom_query_object.py", line 53, in query
    _logger.exception('Exception hit when running custom query, error: %s' % e.message)
                                                                             ^^^^^^^^^
AttributeError: 'ValueError' object has no attribute 'message'
2026-03-09,17:11:46 [ERROR] (python_service.py:python_service:274): AttributeError : 'ValueError' object has no attribute 'message'
2026-03-09,17:11:46 [DEBUG] (base_handler.py:base_handler:115): Query info: QueryFailed(uri='get_channel_proba', error="AttributeError : 'ValueError' object has no attribute 'message'")
2026-03-09,17:11:46 [ERROR] (base_handler.py:base_handler:115): Failed query, response: QueryFailed(uri='get_channel_proba', error="AttributeError : 'ValueError' object has no attribute 'message'")
2026-03-09,17:11:46 [ERROR] (base_handler.py:base_handler:115): Responding with status=500, message="Error querying function 'get_channel_proba'", info="{'uri': 'get_channel_proba', 'error': "AttributeError : 'ValueError' object has no attribute 'message'", 'type': 'QueryFailed'}"
2026-03-09,17:11:46 [DEBUG] (connectionpool.py:connectionpool:544): http://localhost:9004 "POST /query/get_channel_proba HTTP/1.1" 500 195
2026-03-09,17:11:46 [ERROR] (web.py:web:2418): 500 POST /query/get_channel_proba (::1) 3.34ms
2026-03-09,17:11:46 [ERROR] (base_handler.py:base_handler:115): Traceback (most recent call last):
  File "C:\Users\bohee\AppData\Local\Programs\Python\Python313\Lib\site-packages\tabpy\tabpy_server\handlers\evaluation_plane_handler.py", line 178, in post
    yield self._post_impl()
  File "C:\Users\bohee\AppData\Roaming\Python\Python313\site-packages\tornado\gen.py", line 783, in run
    value = future.result()
  File "C:\Users\bohee\AppData\Roaming\Python\Python313\site-packages\tornado\gen.py", line 796, in run
    yielded = self.gen.throw(exc)
  File "C:\Users\bohee\AppData\Local\Programs\Python\Python313\Lib\site-packages\tabpy\tabpy_server\handlers\evaluation_plane_handler.py", line 118, in _post_impl
    result = yield self._call_subprocess(function_to_evaluate, arguments)
             ^^^^^^^^^^^^^^^^^^^^^^^^^^^^^^^^^^^^^^^^^^^^^^^^^^^^^^^^^^^^
  File "C:\Users\bohee\AppData\Roaming\Python\Python313\site-packages\tornado\gen.py", line 783, in run
    value = future.result()
  File "C:\Users\bohee\AppData\Roaming\Python\Python313\site-packages\tornado\gen.py", line 796, in run
    yielded = self.gen.throw(exc)
  File "C:\Users\bohee\AppData\Local\Programs\Python\Python313\Lib\site-packages\tabpy\tabpy_server\handlers\evaluation_plane_handler.py", line 212, in _call_subprocess
    ret = yield gen.with_timeout(timedelta(seconds=self.eval_timeout), future)
          ^^^^^^^^^^^^^^^^^^^^^^^^^^^^^^^^^^^^^^^^^^^^^^^^^^^^^^^^^^^^^^^^^^^^
  File "C:\Users\bohee\AppData\Roaming\Python\Python313\site-packages\tornado\gen.py", line 783, in run
    value = future.result()
  File "C:\Users\bohee\AppData\Local\Programs\Python\Python313\Lib\concurrent\futures\thread.py", line 59, in run
    result = self.fn(*self.args, **self.kwargs)
  File "<string>", line 2, in _user_script
KeyError: 'response'

2026-03-09,17:11:46 [ERROR] (base_handler.py:base_handler:115): Responding with status=404, message="Error processing script", info="The endpoint you're trying to query did not respond. Please make sure the endpoint exists and the correct set of arguments are provided."
2026-03-09,17:11:46 [WARNING] (web.py:web:2418): 404 POST /evaluate (::1) 8.85ms
2026-03-09,17:12:14 [DEBUG] (base_handler.py:base_handler:115): Checking if need to handle authentication
2026-03-09,17:12:14 [DEBUG] (base_handler.py:base_handler:115): Handling authentication
2026-03-09,17:12:14 [INFO] (base_handler.py:base_handler:115): Authentication is not a required feature for API "v1"
2026-03-09,17:12:14 [DEBUG] (base_handler.py:base_handler:115): Checking request headers for authentication data
2026-03-09,17:12:14 [INFO] (base_handler.py:base_handler:115): Authorization header not found
2026-03-09,17:12:14 [DEBUG] (base_handler.py:base_handler:115): authentication not required, username and password are none
2026-03-09,17:12:14 [DEBUG] (state.py:state:526): Collecting Access-Control-Allow-Origin from state file ...
2026-03-09,17:12:14 [DEBUG] (state.py:state:628): Loading option 'Access-Control-Allow-Origin' from section [Service Info]...
2026-03-09,17:12:14 [DEBUG] (state.py:state:650): Returning value ''
2026-03-09,17:12:14 [DEBUG] (state.py:state:628): Loading option 'Access-Control-Allow-Headers' from section [Service Info]...
2026-03-09,17:12:14 [DEBUG] (state.py:state:650): Returning value ''
2026-03-09,17:12:14 [DEBUG] (state.py:state:628): Loading option 'Access-Control-Allow-Methods' from section [Service Info]...
2026-03-09,17:12:14 [DEBUG] (state.py:state:650): Returning value ''
2026-03-09,17:12:14 [DEBUG] (state.py:state:628): Loading option 'None' from section [Query Objects Service Versions]...
2026-03-09,17:12:14 [DEBUG] (state.py:state:650): Returning value '['predict_ecotype_xgb', 'get_cluster', 'get_pca1', 'get_pca2', 'get_pca3', 'get_biplot_pc1_loadings', 'get_biplot_pc2_loadings', 'get_channel', 'get_channel_proba', 'get_feature_importance']'
2026-03-09,17:12:14 [DEBUG] (state.py:state:628): Loading option 'predict_ecotype_xgb' from section [Query Objects Service Versions]...
2026-03-09,17:12:14 [DEBUG] (state.py:state:650): Returning value '{"description": "XGBoost elderly economic activity predictor", "type": "model", "version": 6, "dependencies": [], "target": null, "creation_time": 1772855169, "last_modified_time": 1772858181, "schema": null, "is_public": false}'
2026-03-09,17:12:14 [DEBUG] (state.py:state:628): Loading option 'predict_ecotype_xgb' from section [Query Objects Docstrings]...
2026-03-09,17:12:14 [DEBUG] (state.py:state:650): Returning value '-- no docstring found in query function --'
2026-03-09,17:12:14 [DEBUG] (state.py:state:628): Loading option 'get_cluster' from section [Query Objects Service Versions]...
2026-03-09,17:12:14 [DEBUG] (state.py:state:650): Returning value '{"description": "6\uac1c \uad6c\ub9e4 \uceec\ub7fc \u2192 \uad70\uc9d1 ID (0~4) \ub9ac\uc2a4\ud2b8.", "type": "model", "version": 1, "dependencies": [], "target": null, "creation_time": 1773043582, "last_modified_time": 1773043589, "schema": null, "is_public": false}'
2026-03-09,17:12:14 [DEBUG] (state.py:state:628): Loading option 'get_cluster' from section [Query Objects Docstrings]...
2026-03-09,17:12:14 [DEBUG] (state.py:state:650): Returning value '-- no docstring found in query function --'
2026-03-09,17:12:14 [DEBUG] (state.py:state:628): Loading option 'get_pca1' from section [Query Objects Service Versions]...
2026-03-09,17:12:14 [DEBUG] (state.py:state:650): Returning value '{"description": "\ud589\ubcc4 PC1 \uc810\uc218 (SCRIPT_REAL).", "type": "model", "version": 1, "dependencies": [], "target": null, "creation_time": 1773043587, "last_modified_time": 1773043587, "schema": null, "is_public": false}'
2026-03-09,17:12:14 [DEBUG] (state.py:state:628): Loading option 'get_pca1' from section [Query Objects Docstrings]...
2026-03-09,17:12:14 [DEBUG] (state.py:state:650): Returning value '-- no docstring found in query function --'
2026-03-09,17:12:14 [DEBUG] (state.py:state:628): Loading option 'get_pca2' from section [Query Objects Service Versions]...
2026-03-09,17:12:14 [DEBUG] (state.py:state:650): Returning value '{"description": "\ud589\ubcc4 PC2 \uc810\uc218 (SCRIPT_REAL).", "type": "model", "version": 1, "dependencies": [], "target": null, "creation_time": 1773043588, "last_modified_time": 1773043588, "schema": null, "is_public": false}'
2026-03-09,17:12:14 [DEBUG] (state.py:state:628): Loading option 'get_pca2' from section [Query Objects Docstrings]...
2026-03-09,17:12:14 [DEBUG] (state.py:state:650): Returning value '-- no docstring found in query function --'
2026-03-09,17:12:14 [DEBUG] (state.py:state:628): Loading option 'get_pca3' from section [Query Objects Service Versions]...
2026-03-09,17:12:14 [DEBUG] (state.py:state:650): Returning value '{"description": "\ud589\ubcc4 PC3 \uc810\uc218 (SCRIPT_REAL).", "type": "model", "version": 1, "dependencies": [], "target": null, "creation_time": 1773043588, "last_modified_time": 1773043588, "schema": null, "is_public": false}'
2026-03-09,17:12:14 [DEBUG] (state.py:state:628): Loading option 'get_pca3' from section [Query Objects Docstrings]...
2026-03-09,17:12:14 [DEBUG] (state.py:state:650): Returning value '-- no docstring found in query function --'
2026-03-09,17:12:14 [DEBUG] (state.py:state:628): Loading option 'get_biplot_pc1_loadings' from section [Query Objects Service Versions]...
2026-03-09,17:12:14 [DEBUG] (state.py:state:650): Returning value '{"description": "Biplot \ubcc0\uc218\ubcc4 PC1 \ub85c\ub529 (SCRIPT_REAL).", "type": "model", "version": 1, "dependencies": [], "target": null, "creation_time": 1773043588, "last_modified_time": 1773043588, "schema": null, "is_public": false}'
2026-03-09,17:12:14 [DEBUG] (state.py:state:628): Loading option 'get_biplot_pc1_loadings' from section [Query Objects Docstrings]...
2026-03-09,17:12:14 [DEBUG] (state.py:state:650): Returning value '-- no docstring found in query function --'
2026-03-09,17:12:14 [DEBUG] (state.py:state:628): Loading option 'get_biplot_pc2_loadings' from section [Query Objects Service Versions]...
2026-03-09,17:12:14 [DEBUG] (state.py:state:650): Returning value '{"description": "Biplot \ubcc0\uc218\ubcc4 PC2 \ub85c\ub529 (SCRIPT_REAL).", "type": "model", "version": 1, "dependencies": [], "target": null, "creation_time": 1773043588, "last_modified_time": 1773043588, "schema": null, "is_public": false}'
2026-03-09,17:12:14 [DEBUG] (state.py:state:628): Loading option 'get_biplot_pc2_loadings' from section [Query Objects Docstrings]...
2026-03-09,17:12:14 [DEBUG] (state.py:state:650): Returning value '-- no docstring found in query function --'
2026-03-09,17:12:14 [DEBUG] (state.py:state:628): Loading option 'get_channel' from section [Query Objects Service Versions]...
2026-03-09,17:12:14 [DEBUG] (state.py:state:650): Returning value '{"description": "6\uac1c \uad6c\ub9e4 + Region \u2192 \ucc44\ub110 0/1 \uc608\uce21 (SCRIPT_INT). ModelName \uc120\ud0dd \uac00\ub2a5.", "type": "model", "version": 1, "dependencies": [], "target": null, "creation_time": 1773043588, "last_modified_time": 1773043588, "schema": null, "is_public": false}'
2026-03-09,17:12:14 [DEBUG] (state.py:state:628): Loading option 'get_channel' from section [Query Objects Docstrings]...
2026-03-09,17:12:14 [DEBUG] (state.py:state:650): Returning value '-- no docstring found in query function --'
2026-03-09,17:12:14 [DEBUG] (state.py:state:628): Loading option 'get_channel_proba' from section [Query Objects Service Versions]...
2026-03-09,17:12:14 [DEBUG] (state.py:state:650): Returning value '{"description": "6\uac1c \uad6c\ub9e4 + Region \u2192 \ucc44\ub110 1(\uc591\uc131) \ud655\ub960 (SCRIPT_REAL). AUC-ROC \uace1\uc120\uc6a9.", "type": "model", "version": 1, "dependencies": [], "target": null, "creation_time": 1773043588, "last_modified_time": 1773043588, "schema": null, "is_public": false}'
2026-03-09,17:12:14 [DEBUG] (state.py:state:628): Loading option 'get_channel_proba' from section [Query Objects Docstrings]...
2026-03-09,17:12:14 [DEBUG] (state.py:state:650): Returning value '-- no docstring found in query function --'
2026-03-09,17:12:14 [DEBUG] (state.py:state:628): Loading option 'get_feature_importance' from section [Query Objects Service Versions]...
2026-03-09,17:12:14 [DEBUG] (state.py:state:650): Returning value '{"description": "\ubaa8\ub378\ubcc4 \ud2b9\uc131 \uc911\uc694\ub3c4 \ubc18\ud658 (Feature, ModelName).", "type": "model", "version": 1, "dependencies": [], "target": null, "creation_time": 1773043589, "last_modified_time": 1773043589, "schema": null, "is_public": false}'
2026-03-09,17:12:14 [DEBUG] (state.py:state:628): Loading option 'get_feature_importance' from section [Query Objects Docstrings]...
2026-03-09,17:12:14 [DEBUG] (state.py:state:650): Returning value '-- no docstring found in query function --'
2026-03-09,17:12:14 [DEBUG] (state.py:state:148): Collected endpoints: {'predict_ecotype_xgb': {'description': 'XGBoost elderly economic activity predictor', 'type': 'model', 'version': 6, 'dependencies': [], 'target': None, 'creation_time': 1772855169, 'last_modified_time': 1772858181, 'schema': None, 'is_public': False, 'docstring': '-- no docstring found in query function --'}, 'get_cluster': {'description': '6개 구매 컬럼 → 군집 ID (0~4) 리스트.', 'type': 'model', 'version': 1, 'dependencies': [], 'target': None, 'creation_time': 1773043582, 'last_modified_time': 1773043589, 'schema': None, 'is_public': False, 'docstring': '-- no docstring found in query function --'}, 'get_pca1': {'description': '행별 PC1 점수 (SCRIPT_REAL).', 'type': 'model', 'version': 1, 'dependencies': [], 'target': None, 'creation_time': 1773043587, 'last_modified_time': 1773043587, 'schema': None, 'is_public': False, 'docstring': '-- no docstring found in query function --'}, 'get_pca2': {'description': '행별 PC2 점수 (SCRIPT_REAL).', 'type': 'model', 'version': 1, 'dependencies': [], 'target': None, 'creation_time': 1773043588, 'last_modified_time': 1773043588, 'schema': None, 'is_public': False, 'docstring': '-- no docstring found in query function --'}, 'get_pca3': {'description': '행별 PC3 점수 (SCRIPT_REAL).', 'type': 'model', 'version': 1, 'dependencies': [], 'target': None, 'creation_time': 1773043588, 'last_modified_time': 1773043588, 'schema': None, 'is_public': False, 'docstring': '-- no docstring found in query function --'}, 'get_biplot_pc1_loadings': {'description': 'Biplot 변수별 PC1 로딩 (SCRIPT_REAL).', 'type': 'model', 'version': 1, 'dependencies': [], 'target': None, 'creation_time': 1773043588, 'last_modified_time': 1773043588, 'schema': None, 'is_public': False, 'docstring': '-- no docstring found in query function --'}, 'get_biplot_pc2_loadings': {'description': 'Biplot 변수별 PC2 로딩 (SCRIPT_REAL).', 'type': 'model', 'version': 1, 'dependencies': [], 'target': None, 'creation_time': 1773043588, 'last_modified_time': 1773043588, 'schema': None, 'is_public': False, 'docstring': '-- no docstring found in query function --'}, 'get_channel': {'description': '6개 구매 + Region → 채널 0/1 예측 (SCRIPT_INT). ModelName 선택 가능.', 'type': 'model', 'version': 1, 'dependencies': [], 'target': None, 'creation_time': 1773043588, 'last_modified_time': 1773043588, 'schema': None, 'is_public': False, 'docstring': '-- no docstring found in query function --'}, 'get_channel_proba': {'description': '6개 구매 + Region → 채널 1(양성) 확률 (SCRIPT_REAL). AUC-ROC 곡선용.', 'type': 'model', 'version': 1, 'dependencies': [], 'target': None, 'creation_time': 1773043588, 'last_modified_time': 1773043588, 'schema': None, 'is_public': False, 'docstring': '-- no docstring found in query function --'}, 'get_feature_importance': {'description': '모델별 특성 중요도 반환 (Feature, ModelName).', 'type': 'model', 'version': 1, 'dependencies': [], 'target': None, 'creation_time': 1773043589, 'last_modified_time': 1773043589, 'schema': None, 'is_public': False, 'docstring': '-- no docstring found in query function --'}}
2026-03-09,17:12:14 [INFO] (web.py:web:2418): 200 GET /endpoints (::1) 3.26ms
2026-03-09,17:12:14 [DEBUG] (base_handler.py:base_handler:115): Checking if need to handle authentication
2026-03-09,17:12:14 [DEBUG] (base_handler.py:base_handler:115): Handling authentication
2026-03-09,17:12:14 [INFO] (base_handler.py:base_handler:115): Authentication is not a required feature for API "v1"
2026-03-09,17:12:14 [DEBUG] (base_handler.py:base_handler:115): Checking request headers for authentication data
2026-03-09,17:12:14 [INFO] (base_handler.py:base_handler:115): Authorization header not found
2026-03-09,17:12:14 [DEBUG] (base_handler.py:base_handler:115): authentication not required, username and password are none
2026-03-09,17:12:14 [INFO] (web.py:web:2418): 200 GET /configurations/endpoint_upload_destination (::1) 0.87ms
2026-03-09,17:12:14 [DEBUG] (base_handler.py:base_handler:115): Checking if need to handle authentication
2026-03-09,17:12:14 [DEBUG] (base_handler.py:base_handler:115): Handling authentication
2026-03-09,17:12:14 [INFO] (base_handler.py:base_handler:115): Authentication is not a required feature for API "v1"
2026-03-09,17:12:14 [DEBUG] (base_handler.py:base_handler:115): Checking request headers for authentication data
2026-03-09,17:12:14 [INFO] (base_handler.py:base_handler:115): Authorization header not found
2026-03-09,17:12:14 [DEBUG] (base_handler.py:base_handler:115): authentication not required, username and password are none
2026-03-09,17:12:14 [DEBUG] (base_handler.py:base_handler:115): Processing PUT for /endpoints/get_cluster
2026-03-09,17:12:14 [DEBUG] (state.py:state:628): Loading option 'get_cluster' from section [Query Objects Service Versions]...
2026-03-09,17:12:14 [DEBUG] (state.py:state:650): Returning value '{"description": "6\uac1c \uad6c\ub9e4 \uceec\ub7fc \u2192 \uad70\uc9d1 ID (0~4) \ub9ac\uc2a4\ud2b8.", "type": "model", "version": 1, "dependencies": [], "target": null, "creation_time": 1773043582, "last_modified_time": 1773043589, "schema": null, "is_public": false}'
2026-03-09,17:12:14 [DEBUG] (state.py:state:628): Loading option 'get_cluster' from section [Query Objects Docstrings]...
2026-03-09,17:12:14 [DEBUG] (state.py:state:650): Returning value '-- no docstring found in query function --'
2026-03-09,17:12:14 [DEBUG] (state.py:state:148): Collected endpoints: {'get_cluster': {'description': '6개 구매 컬럼 → 군집 ID (0~4) 리스트.', 'type': 'model', 'version': 1, 'dependencies': [], 'target': None, 'creation_time': 1773043582, 'last_modified_time': 1773043589, 'schema': None, 'is_public': False, 'docstring': '-- no docstring found in query function --'}}
2026-03-09,17:12:14 [INFO] (base_handler.py:base_handler:115): Endpoint info: {'description': '6개 구매 컬럼 → 군집 ID (0~4) 리스트.', 'version': 2, 'src_path': 'C:\\Users\\bohee\\AppData\\Local\\Programs\\Python\\Python313\\Lib\\site-packages\\tabpy\\tabpy_server\\staging\\endpoints\\get_cluster\\2', 'dependencies': [], 'required_packages': [], 'methods': [{'method': 'query'}], 'name': 'get_cluster', 'type': 'model', 'required_files': []}
2026-03-09,17:12:14 [DEBUG] (base_handler.py:base_handler:115): Adding/updating model get_cluster...
2026-03-09,17:12:14 [DEBUG] (state.py:state:628): Loading option 'None' from section [Query Objects Service Versions]...
2026-03-09,17:12:14 [DEBUG] (state.py:state:650): Returning value '['predict_ecotype_xgb', 'get_cluster', 'get_pca1', 'get_pca2', 'get_pca3', 'get_biplot_pc1_loadings', 'get_biplot_pc2_loadings', 'get_channel', 'get_channel_proba', 'get_feature_importance']'
2026-03-09,17:12:14 [DEBUG] (state.py:state:628): Loading option 'predict_ecotype_xgb' from section [Query Objects Service Versions]...
2026-03-09,17:12:14 [DEBUG] (state.py:state:650): Returning value '{"description": "XGBoost elderly economic activity predictor", "type": "model", "version": 6, "dependencies": [], "target": null, "creation_time": 1772855169, "last_modified_time": 1772858181, "schema": null, "is_public": false}'
2026-03-09,17:12:14 [DEBUG] (state.py:state:628): Loading option 'predict_ecotype_xgb' from section [Query Objects Docstrings]...
2026-03-09,17:12:14 [DEBUG] (state.py:state:650): Returning value '-- no docstring found in query function --'
2026-03-09,17:12:14 [DEBUG] (state.py:state:628): Loading option 'get_cluster' from section [Query Objects Service Versions]...
2026-03-09,17:12:14 [DEBUG] (state.py:state:650): Returning value '{"description": "6\uac1c \uad6c\ub9e4 \uceec\ub7fc \u2192 \uad70\uc9d1 ID (0~4) \ub9ac\uc2a4\ud2b8.", "type": "model", "version": 1, "dependencies": [], "target": null, "creation_time": 1773043582, "last_modified_time": 1773043589, "schema": null, "is_public": false}'
2026-03-09,17:12:14 [DEBUG] (state.py:state:628): Loading option 'get_cluster' from section [Query Objects Docstrings]...
2026-03-09,17:12:14 [DEBUG] (state.py:state:650): Returning value '-- no docstring found in query function --'
2026-03-09,17:12:14 [DEBUG] (state.py:state:628): Loading option 'get_pca1' from section [Query Objects Service Versions]...
2026-03-09,17:12:14 [DEBUG] (state.py:state:650): Returning value '{"description": "\ud589\ubcc4 PC1 \uc810\uc218 (SCRIPT_REAL).", "type": "model", "version": 1, "dependencies": [], "target": null, "creation_time": 1773043587, "last_modified_time": 1773043587, "schema": null, "is_public": false}'
2026-03-09,17:12:14 [DEBUG] (state.py:state:628): Loading option 'get_pca1' from section [Query Objects Docstrings]...
2026-03-09,17:12:14 [DEBUG] (state.py:state:650): Returning value '-- no docstring found in query function --'
2026-03-09,17:12:14 [DEBUG] (state.py:state:628): Loading option 'get_pca2' from section [Query Objects Service Versions]...
2026-03-09,17:12:14 [DEBUG] (state.py:state:650): Returning value '{"description": "\ud589\ubcc4 PC2 \uc810\uc218 (SCRIPT_REAL).", "type": "model", "version": 1, "dependencies": [], "target": null, "creation_time": 1773043588, "last_modified_time": 1773043588, "schema": null, "is_public": false}'
2026-03-09,17:12:14 [DEBUG] (state.py:state:628): Loading option 'get_pca2' from section [Query Objects Docstrings]...
2026-03-09,17:12:14 [DEBUG] (state.py:state:650): Returning value '-- no docstring found in query function --'
2026-03-09,17:12:14 [DEBUG] (state.py:state:628): Loading option 'get_pca3' from section [Query Objects Service Versions]...
2026-03-09,17:12:14 [DEBUG] (state.py:state:650): Returning value '{"description": "\ud589\ubcc4 PC3 \uc810\uc218 (SCRIPT_REAL).", "type": "model", "version": 1, "dependencies": [], "target": null, "creation_time": 1773043588, "last_modified_time": 1773043588, "schema": null, "is_public": false}'
2026-03-09,17:12:14 [DEBUG] (state.py:state:628): Loading option 'get_pca3' from section [Query Objects Docstrings]...
2026-03-09,17:12:14 [DEBUG] (state.py:state:650): Returning value '-- no docstring found in query function --'
2026-03-09,17:12:14 [DEBUG] (state.py:state:628): Loading option 'get_biplot_pc1_loadings' from section [Query Objects Service Versions]...
2026-03-09,17:12:14 [DEBUG] (state.py:state:650): Returning value '{"description": "Biplot \ubcc0\uc218\ubcc4 PC1 \ub85c\ub529 (SCRIPT_REAL).", "type": "model", "version": 1, "dependencies": [], "target": null, "creation_time": 1773043588, "last_modified_time": 1773043588, "schema": null, "is_public": false}'
2026-03-09,17:12:14 [DEBUG] (state.py:state:628): Loading option 'get_biplot_pc1_loadings' from section [Query Objects Docstrings]...
2026-03-09,17:12:14 [DEBUG] (state.py:state:650): Returning value '-- no docstring found in query function --'
2026-03-09,17:12:14 [DEBUG] (state.py:state:628): Loading option 'get_biplot_pc2_loadings' from section [Query Objects Service Versions]...
2026-03-09,17:12:14 [DEBUG] (state.py:state:650): Returning value '{"description": "Biplot \ubcc0\uc218\ubcc4 PC2 \ub85c\ub529 (SCRIPT_REAL).", "type": "model", "version": 1, "dependencies": [], "target": null, "creation_time": 1773043588, "last_modified_time": 1773043588, "schema": null, "is_public": false}'
2026-03-09,17:12:14 [DEBUG] (state.py:state:628): Loading option 'get_biplot_pc2_loadings' from section [Query Objects Docstrings]...
2026-03-09,17:12:14 [DEBUG] (state.py:state:650): Returning value '-- no docstring found in query function --'
2026-03-09,17:12:14 [DEBUG] (state.py:state:628): Loading option 'get_channel' from section [Query Objects Service Versions]...
2026-03-09,17:12:14 [DEBUG] (state.py:state:650): Returning value '{"description": "6\uac1c \uad6c\ub9e4 + Region \u2192 \ucc44\ub110 0/1 \uc608\uce21 (SCRIPT_INT). ModelName \uc120\ud0dd \uac00\ub2a5.", "type": "model", "version": 1, "dependencies": [], "target": null, "creation_time": 1773043588, "last_modified_time": 1773043588, "schema": null, "is_public": false}'
2026-03-09,17:12:14 [DEBUG] (state.py:state:628): Loading option 'get_channel' from section [Query Objects Docstrings]...
2026-03-09,17:12:14 [DEBUG] (state.py:state:650): Returning value '-- no docstring found in query function --'
2026-03-09,17:12:14 [DEBUG] (state.py:state:628): Loading option 'get_channel_proba' from section [Query Objects Service Versions]...
2026-03-09,17:12:14 [DEBUG] (state.py:state:650): Returning value '{"description": "6\uac1c \uad6c\ub9e4 + Region \u2192 \ucc44\ub110 1(\uc591\uc131) \ud655\ub960 (SCRIPT_REAL). AUC-ROC \uace1\uc120\uc6a9.", "type": "model", "version": 1, "dependencies": [], "target": null, "creation_time": 1773043588, "last_modified_time": 1773043588, "schema": null, "is_public": false}'
2026-03-09,17:12:14 [DEBUG] (state.py:state:628): Loading option 'get_channel_proba' from section [Query Objects Docstrings]...
2026-03-09,17:12:14 [DEBUG] (state.py:state:650): Returning value '-- no docstring found in query function --'
2026-03-09,17:12:14 [DEBUG] (state.py:state:628): Loading option 'get_feature_importance' from section [Query Objects Service Versions]...
2026-03-09,17:12:14 [DEBUG] (state.py:state:650): Returning value '{"description": "\ubaa8\ub378\ubcc4 \ud2b9\uc131 \uc911\uc694\ub3c4 \ubc18\ud658 (Feature, ModelName).", "type": "model", "version": 1, "dependencies": [], "target": null, "creation_time": 1773043589, "last_modified_time": 1773043589, "schema": null, "is_public": false}'
2026-03-09,17:12:14 [DEBUG] (state.py:state:628): Loading option 'get_feature_importance' from section [Query Objects Docstrings]...
2026-03-09,17:12:14 [DEBUG] (state.py:state:650): Returning value '-- no docstring found in query function --'
2026-03-09,17:12:14 [DEBUG] (state.py:state:148): Collected endpoints: {'predict_ecotype_xgb': {'description': 'XGBoost elderly economic activity predictor', 'type': 'model', 'version': 6, 'dependencies': [], 'target': None, 'creation_time': 1772855169, 'last_modified_time': 1772858181, 'schema': None, 'is_public': False, 'docstring': '-- no docstring found in query function --'}, 'get_cluster': {'description': '6개 구매 컬럼 → 군집 ID (0~4) 리스트.', 'type': 'model', 'version': 1, 'dependencies': [], 'target': None, 'creation_time': 1773043582, 'last_modified_time': 1773043589, 'schema': None, 'is_public': False, 'docstring': '-- no docstring found in query function --'}, 'get_pca1': {'description': '행별 PC1 점수 (SCRIPT_REAL).', 'type': 'model', 'version': 1, 'dependencies': [], 'target': None, 'creation_time': 1773043587, 'last_modified_time': 1773043587, 'schema': None, 'is_public': False, 'docstring': '-- no docstring found in query function --'}, 'get_pca2': {'description': '행별 PC2 점수 (SCRIPT_REAL).', 'type': 'model', 'version': 1, 'dependencies': [], 'target': None, 'creation_time': 1773043588, 'last_modified_time': 1773043588, 'schema': None, 'is_public': False, 'docstring': '-- no docstring found in query function --'}, 'get_pca3': {'description': '행별 PC3 점수 (SCRIPT_REAL).', 'type': 'model', 'version': 1, 'dependencies': [], 'target': None, 'creation_time': 1773043588, 'last_modified_time': 1773043588, 'schema': None, 'is_public': False, 'docstring': '-- no docstring found in query function --'}, 'get_biplot_pc1_loadings': {'description': 'Biplot 변수별 PC1 로딩 (SCRIPT_REAL).', 'type': 'model', 'version': 1, 'dependencies': [], 'target': None, 'creation_time': 1773043588, 'last_modified_time': 1773043588, 'schema': None, 'is_public': False, 'docstring': '-- no docstring found in query function --'}, 'get_biplot_pc2_loadings': {'description': 'Biplot 변수별 PC2 로딩 (SCRIPT_REAL).', 'type': 'model', 'version': 1, 'dependencies': [], 'target': None, 'creation_time': 1773043588, 'last_modified_time': 1773043588, 'schema': None, 'is_public': False, 'docstring': '-- no docstring found in query function --'}, 'get_channel': {'description': '6개 구매 + Region → 채널 0/1 예측 (SCRIPT_INT). ModelName 선택 가능.', 'type': 'model', 'version': 1, 'dependencies': [], 'target': None, 'creation_time': 1773043588, 'last_modified_time': 1773043588, 'schema': None, 'is_public': False, 'docstring': '-- no docstring found in query function --'}, 'get_channel_proba': {'description': '6개 구매 + Region → 채널 1(양성) 확률 (SCRIPT_REAL). AUC-ROC 곡선용.', 'type': 'model', 'version': 1, 'dependencies': [], 'target': None, 'creation_time': 1773043588, 'last_modified_time': 1773043588, 'schema': None, 'is_public': False, 'docstring': '-- no docstring found in query function --'}, 'get_feature_importance': {'description': '모델별 특성 중요도 반환 (Feature, ModelName).', 'type': 'model', 'version': 1, 'dependencies': [], 'target': None, 'creation_time': 1773043589, 'last_modified_time': 1773043589, 'schema': None, 'is_public': False, 'docstring': '-- no docstring found in query function --'}}
2026-03-09,17:12:14 [DEBUG] (state.py:state:628): Loading option 'None' from section [Query Objects Service Versions]...
2026-03-09,17:12:14 [DEBUG] (state.py:state:650): Returning value '['predict_ecotype_xgb', 'get_cluster', 'get_pca1', 'get_pca2', 'get_pca3', 'get_biplot_pc1_loadings', 'get_biplot_pc2_loadings', 'get_channel', 'get_channel_proba', 'get_feature_importance']'
2026-03-09,17:12:14 [DEBUG] (state.py:state:628): Loading option 'predict_ecotype_xgb' from section [Query Objects Service Versions]...
2026-03-09,17:12:14 [DEBUG] (state.py:state:650): Returning value '{"description": "XGBoost elderly economic activity predictor", "type": "model", "version": 6, "dependencies": [], "target": null, "creation_time": 1772855169, "last_modified_time": 1772858181, "schema": null, "is_public": false}'
2026-03-09,17:12:14 [DEBUG] (state.py:state:628): Loading option 'predict_ecotype_xgb' from section [Query Objects Docstrings]...
2026-03-09,17:12:14 [DEBUG] (state.py:state:650): Returning value '-- no docstring found in query function --'
2026-03-09,17:12:14 [DEBUG] (state.py:state:628): Loading option 'get_cluster' from section [Query Objects Service Versions]...
2026-03-09,17:12:14 [DEBUG] (state.py:state:650): Returning value '{"description": "6\uac1c \uad6c\ub9e4 \uceec\ub7fc \u2192 \uad70\uc9d1 ID (0~4) \ub9ac\uc2a4\ud2b8.", "type": "model", "version": 1, "dependencies": [], "target": null, "creation_time": 1773043582, "last_modified_time": 1773043589, "schema": null, "is_public": false}'
2026-03-09,17:12:14 [DEBUG] (state.py:state:628): Loading option 'get_cluster' from section [Query Objects Docstrings]...
2026-03-09,17:12:14 [DEBUG] (state.py:state:650): Returning value '-- no docstring found in query function --'
2026-03-09,17:12:14 [DEBUG] (state.py:state:628): Loading option 'get_pca1' from section [Query Objects Service Versions]...
2026-03-09,17:12:14 [DEBUG] (state.py:state:650): Returning value '{"description": "\ud589\ubcc4 PC1 \uc810\uc218 (SCRIPT_REAL).", "type": "model", "version": 1, "dependencies": [], "target": null, "creation_time": 1773043587, "last_modified_time": 1773043587, "schema": null, "is_public": false}'
2026-03-09,17:12:14 [DEBUG] (state.py:state:628): Loading option 'get_pca1' from section [Query Objects Docstrings]...
2026-03-09,17:12:14 [DEBUG] (state.py:state:650): Returning value '-- no docstring found in query function --'
2026-03-09,17:12:14 [DEBUG] (state.py:state:628): Loading option 'get_pca2' from section [Query Objects Service Versions]...
2026-03-09,17:12:14 [DEBUG] (state.py:state:650): Returning value '{"description": "\ud589\ubcc4 PC2 \uc810\uc218 (SCRIPT_REAL).", "type": "model", "version": 1, "dependencies": [], "target": null, "creation_time": 1773043588, "last_modified_time": 1773043588, "schema": null, "is_public": false}'
2026-03-09,17:12:14 [DEBUG] (state.py:state:628): Loading option 'get_pca2' from section [Query Objects Docstrings]...
2026-03-09,17:12:14 [DEBUG] (state.py:state:650): Returning value '-- no docstring found in query function --'
2026-03-09,17:12:14 [DEBUG] (state.py:state:628): Loading option 'get_pca3' from section [Query Objects Service Versions]...
2026-03-09,17:12:14 [DEBUG] (state.py:state:650): Returning value '{"description": "\ud589\ubcc4 PC3 \uc810\uc218 (SCRIPT_REAL).", "type": "model", "version": 1, "dependencies": [], "target": null, "creation_time": 1773043588, "last_modified_time": 1773043588, "schema": null, "is_public": false}'
2026-03-09,17:12:14 [DEBUG] (state.py:state:628): Loading option 'get_pca3' from section [Query Objects Docstrings]...
2026-03-09,17:12:14 [DEBUG] (state.py:state:650): Returning value '-- no docstring found in query function --'
2026-03-09,17:12:14 [DEBUG] (state.py:state:628): Loading option 'get_biplot_pc1_loadings' from section [Query Objects Service Versions]...
2026-03-09,17:12:14 [DEBUG] (state.py:state:650): Returning value '{"description": "Biplot \ubcc0\uc218\ubcc4 PC1 \ub85c\ub529 (SCRIPT_REAL).", "type": "model", "version": 1, "dependencies": [], "target": null, "creation_time": 1773043588, "last_modified_time": 1773043588, "schema": null, "is_public": false}'
2026-03-09,17:12:14 [DEBUG] (state.py:state:628): Loading option 'get_biplot_pc1_loadings' from section [Query Objects Docstrings]...
2026-03-09,17:12:14 [DEBUG] (state.py:state:650): Returning value '-- no docstring found in query function --'
2026-03-09,17:12:14 [DEBUG] (state.py:state:628): Loading option 'get_biplot_pc2_loadings' from section [Query Objects Service Versions]...
2026-03-09,17:12:14 [DEBUG] (state.py:state:650): Returning value '{"description": "Biplot \ubcc0\uc218\ubcc4 PC2 \ub85c\ub529 (SCRIPT_REAL).", "type": "model", "version": 1, "dependencies": [], "target": null, "creation_time": 1773043588, "last_modified_time": 1773043588, "schema": null, "is_public": false}'
2026-03-09,17:12:14 [DEBUG] (state.py:state:628): Loading option 'get_biplot_pc2_loadings' from section [Query Objects Docstrings]...
2026-03-09,17:12:14 [DEBUG] (state.py:state:650): Returning value '-- no docstring found in query function --'
2026-03-09,17:12:14 [DEBUG] (state.py:state:628): Loading option 'get_channel' from section [Query Objects Service Versions]...
2026-03-09,17:12:14 [DEBUG] (state.py:state:650): Returning value '{"description": "6\uac1c \uad6c\ub9e4 + Region \u2192 \ucc44\ub110 0/1 \uc608\uce21 (SCRIPT_INT). ModelName \uc120\ud0dd \uac00\ub2a5.", "type": "model", "version": 1, "dependencies": [], "target": null, "creation_time": 1773043588, "last_modified_time": 1773043588, "schema": null, "is_public": false}'
2026-03-09,17:12:14 [DEBUG] (state.py:state:628): Loading option 'get_channel' from section [Query Objects Docstrings]...
2026-03-09,17:12:14 [DEBUG] (state.py:state:650): Returning value '-- no docstring found in query function --'
2026-03-09,17:12:14 [DEBUG] (state.py:state:628): Loading option 'get_channel_proba' from section [Query Objects Service Versions]...
2026-03-09,17:12:14 [DEBUG] (state.py:state:650): Returning value '{"description": "6\uac1c \uad6c\ub9e4 + Region \u2192 \ucc44\ub110 1(\uc591\uc131) \ud655\ub960 (SCRIPT_REAL). AUC-ROC \uace1\uc120\uc6a9.", "type": "model", "version": 1, "dependencies": [], "target": null, "creation_time": 1773043588, "last_modified_time": 1773043588, "schema": null, "is_public": false}'
2026-03-09,17:12:14 [DEBUG] (state.py:state:628): Loading option 'get_channel_proba' from section [Query Objects Docstrings]...
2026-03-09,17:12:14 [DEBUG] (state.py:state:650): Returning value '-- no docstring found in query function --'
2026-03-09,17:12:14 [DEBUG] (state.py:state:628): Loading option 'get_feature_importance' from section [Query Objects Service Versions]...
2026-03-09,17:12:14 [DEBUG] (state.py:state:650): Returning value '{"description": "\ubaa8\ub378\ubcc4 \ud2b9\uc131 \uc911\uc694\ub3c4 \ubc18\ud658 (Feature, ModelName).", "type": "model", "version": 1, "dependencies": [], "target": null, "creation_time": 1773043589, "last_modified_time": 1773043589, "schema": null, "is_public": false}'
2026-03-09,17:12:14 [DEBUG] (state.py:state:628): Loading option 'get_feature_importance' from section [Query Objects Docstrings]...
2026-03-09,17:12:14 [DEBUG] (state.py:state:650): Returning value '-- no docstring found in query function --'
2026-03-09,17:12:14 [DEBUG] (state.py:state:148): Collected endpoints: {'predict_ecotype_xgb': {'description': 'XGBoost elderly economic activity predictor', 'type': 'model', 'version': 6, 'dependencies': [], 'target': None, 'creation_time': 1772855169, 'last_modified_time': 1772858181, 'schema': None, 'is_public': False, 'docstring': '-- no docstring found in query function --'}, 'get_cluster': {'description': '6개 구매 컬럼 → 군집 ID (0~4) 리스트.', 'type': 'model', 'version': 1, 'dependencies': [], 'target': None, 'creation_time': 1773043582, 'last_modified_time': 1773043589, 'schema': None, 'is_public': False, 'docstring': '-- no docstring found in query function --'}, 'get_pca1': {'description': '행별 PC1 점수 (SCRIPT_REAL).', 'type': 'model', 'version': 1, 'dependencies': [], 'target': None, 'creation_time': 1773043587, 'last_modified_time': 1773043587, 'schema': None, 'is_public': False, 'docstring': '-- no docstring found in query function --'}, 'get_pca2': {'description': '행별 PC2 점수 (SCRIPT_REAL).', 'type': 'model', 'version': 1, 'dependencies': [], 'target': None, 'creation_time': 1773043588, 'last_modified_time': 1773043588, 'schema': None, 'is_public': False, 'docstring': '-- no docstring found in query function --'}, 'get_pca3': {'description': '행별 PC3 점수 (SCRIPT_REAL).', 'type': 'model', 'version': 1, 'dependencies': [], 'target': None, 'creation_time': 1773043588, 'last_modified_time': 1773043588, 'schema': None, 'is_public': False, 'docstring': '-- no docstring found in query function --'}, 'get_biplot_pc1_loadings': {'description': 'Biplot 변수별 PC1 로딩 (SCRIPT_REAL).', 'type': 'model', 'version': 1, 'dependencies': [], 'target': None, 'creation_time': 1773043588, 'last_modified_time': 1773043588, 'schema': None, 'is_public': False, 'docstring': '-- no docstring found in query function --'}, 'get_biplot_pc2_loadings': {'description': 'Biplot 변수별 PC2 로딩 (SCRIPT_REAL).', 'type': 'model', 'version': 1, 'dependencies': [], 'target': None, 'creation_time': 1773043588, 'last_modified_time': 1773043588, 'schema': None, 'is_public': False, 'docstring': '-- no docstring found in query function --'}, 'get_channel': {'description': '6개 구매 + Region → 채널 0/1 예측 (SCRIPT_INT). ModelName 선택 가능.', 'type': 'model', 'version': 1, 'dependencies': [], 'target': None, 'creation_time': 1773043588, 'last_modified_time': 1773043588, 'schema': None, 'is_public': False, 'docstring': '-- no docstring found in query function --'}, 'get_channel_proba': {'description': '6개 구매 + Region → 채널 1(양성) 확률 (SCRIPT_REAL). AUC-ROC 곡선용.', 'type': 'model', 'version': 1, 'dependencies': [], 'target': None, 'creation_time': 1773043588, 'last_modified_time': 1773043588, 'schema': None, 'is_public': False, 'docstring': '-- no docstring found in query function --'}, 'get_feature_importance': {'description': '모델별 특성 중요도 반환 (Feature, ModelName).', 'type': 'model', 'version': 1, 'dependencies': [], 'target': None, 'creation_time': 1773043589, 'last_modified_time': 1773043589, 'schema': None, 'is_public': False, 'docstring': '-- no docstring found in query function --'}}
2026-03-09,17:12:14 [INFO] (state.py:state:657): Writing state to config
2026-03-09,17:12:14 [DEBUG] (util.py:util:19): State path is C:\Users\bohee\AppData\Local\Programs\Python\Python313\Lib\site-packages\tabpy\tabpy_server
2026-03-09,17:12:14 [INFO] (state.py:state:657): Writing state to config
2026-03-09,17:12:14 [DEBUG] (util.py:util:19): State path is C:\Users\bohee\AppData\Local\Programs\Python\Python313\Lib\site-packages\tabpy\tabpy_server
2026-03-09,17:12:14 [INFO] (state.py:state:657): Writing state to config
2026-03-09,17:12:14 [DEBUG] (util.py:util:19): State path is C:\Users\bohee\AppData\Local\Programs\Python\Python313\Lib\site-packages\tabpy\tabpy_server
2026-03-09,17:12:14 [INFO] (state.py:state:657): Writing state to config
2026-03-09,17:12:14 [DEBUG] (util.py:util:19): State path is C:\Users\bohee\AppData\Local\Programs\Python\Python313\Lib\site-packages\tabpy\tabpy_server
2026-03-09,17:12:14 [INFO] (state.py:state:657): Writing state to config
2026-03-09,17:12:14 [DEBUG] (util.py:util:19): State path is C:\Users\bohee\AppData\Local\Programs\Python\Python313\Lib\site-packages\tabpy\tabpy_server
2026-03-09,17:12:14 [INFO] (state.py:state:657): Writing state to config
2026-03-09,17:12:14 [DEBUG] (util.py:util:19): State path is C:\Users\bohee\AppData\Local\Programs\Python\Python313\Lib\site-packages\tabpy\tabpy_server
2026-03-09,17:12:14 [INFO] (state.py:state:657): Writing state to config
2026-03-09,17:12:14 [DEBUG] (util.py:util:19): State path is C:\Users\bohee\AppData\Local\Programs\Python\Python313\Lib\site-packages\tabpy\tabpy_server
2026-03-09,17:12:14 [INFO] (state.py:state:657): Writing state to config
2026-03-09,17:12:14 [DEBUG] (util.py:util:19): State path is C:\Users\bohee\AppData\Local\Programs\Python\Python313\Lib\site-packages\tabpy\tabpy_server
2026-03-09,17:12:14 [INFO] (state.py:state:657): Writing state to config
2026-03-09,17:12:14 [DEBUG] (util.py:util:19): State path is C:\Users\bohee\AppData\Local\Programs\Python\Python313\Lib\site-packages\tabpy\tabpy_server
2026-03-09,17:12:14 [INFO] (state.py:state:657): Writing state to config
2026-03-09,17:12:14 [DEBUG] (util.py:util:19): State path is C:\Users\bohee\AppData\Local\Programs\Python\Python313\Lib\site-packages\tabpy\tabpy_server
2026-03-09,17:12:14 [INFO] (state.py:state:657): Writing state to config
2026-03-09,17:12:14 [DEBUG] (util.py:util:19): State path is C:\Users\bohee\AppData\Local\Programs\Python\Python313\Lib\site-packages\tabpy\tabpy_server
2026-03-09,17:12:14 [INFO] (state.py:state:657): Writing state to config
2026-03-09,17:12:14 [DEBUG] (util.py:util:19): State path is C:\Users\bohee\AppData\Local\Programs\Python\Python313\Lib\site-packages\tabpy\tabpy_server
2026-03-09,17:12:14 [INFO] (state.py:state:657): Writing state to config
2026-03-09,17:12:14 [DEBUG] (util.py:util:19): State path is C:\Users\bohee\AppData\Local\Programs\Python\Python313\Lib\site-packages\tabpy\tabpy_server
2026-03-09,17:12:14 [INFO] (state.py:state:657): Writing state to config
2026-03-09,17:12:14 [DEBUG] (util.py:util:19): State path is C:\Users\bohee\AppData\Local\Programs\Python\Python313\Lib\site-packages\tabpy\tabpy_server
2026-03-09,17:12:14 [INFO] (state.py:state:657): Writing state to config
2026-03-09,17:12:14 [DEBUG] (util.py:util:19): State path is C:\Users\bohee\AppData\Local\Programs\Python\Python313\Lib\site-packages\tabpy\tabpy_server
2026-03-09,17:12:14 [INFO] (state.py:state:657): Writing state to config
2026-03-09,17:12:14 [DEBUG] (util.py:util:19): State path is C:\Users\bohee\AppData\Local\Programs\Python\Python313\Lib\site-packages\tabpy\tabpy_server
2026-03-09,17:12:14 [INFO] (state.py:state:657): Writing state to config
2026-03-09,17:12:14 [DEBUG] (util.py:util:19): State path is C:\Users\bohee\AppData\Local\Programs\Python\Python313\Lib\site-packages\tabpy\tabpy_server
2026-03-09,17:12:14 [INFO] (state.py:state:657): Writing state to config
2026-03-09,17:12:14 [DEBUG] (util.py:util:19): State path is C:\Users\bohee\AppData\Local\Programs\Python\Python313\Lib\site-packages\tabpy\tabpy_server
2026-03-09,17:12:14 [INFO] (state.py:state:657): Writing state to config
2026-03-09,17:12:14 [DEBUG] (util.py:util:19): State path is C:\Users\bohee\AppData\Local\Programs\Python\Python313\Lib\site-packages\tabpy\tabpy_server
2026-03-09,17:12:14 [INFO] (state.py:state:657): Writing state to config
2026-03-09,17:12:14 [DEBUG] (util.py:util:19): State path is C:\Users\bohee\AppData\Local\Programs\Python\Python313\Lib\site-packages\tabpy\tabpy_server
2026-03-09,17:12:14 [INFO] (base_handler.py:base_handler:115): Loading state from state file
2026-03-09,17:12:14 [DEBUG] (state.py:state:628): Loading option 'None' from section [Query Objects Service Versions]...
2026-03-09,17:12:14 [DEBUG] (state.py:state:650): Returning value '['predict_ecotype_xgb', 'get_cluster', 'get_pca1', 'get_pca2', 'get_pca3', 'get_biplot_pc1_loadings', 'get_biplot_pc2_loadings', 'get_channel', 'get_channel_proba', 'get_feature_importance']'
2026-03-09,17:12:14 [DEBUG] (state.py:state:628): Loading option 'predict_ecotype_xgb' from section [Query Objects Service Versions]...
2026-03-09,17:12:14 [DEBUG] (state.py:state:650): Returning value '{"description": "XGBoost elderly economic activity predictor", "type": "model", "version": 6, "dependencies": [], "target": null, "creation_time": 1772855169, "last_modified_time": 1772858181, "schema": null, "is_public": false}'
2026-03-09,17:12:14 [DEBUG] (state.py:state:628): Loading option 'predict_ecotype_xgb' from section [Query Objects Docstrings]...
2026-03-09,17:12:14 [DEBUG] (state.py:state:650): Returning value '-- no docstring found in query function --'
2026-03-09,17:12:14 [DEBUG] (state.py:state:628): Loading option 'get_cluster' from section [Query Objects Service Versions]...
2026-03-09,17:12:14 [DEBUG] (state.py:state:650): Returning value '{"description": "6\uac1c \uad6c\ub9e4 \uceec\ub7fc \u2192 \uad70\uc9d1 ID (0~4) \ub9ac\uc2a4\ud2b8.", "type": "model", "version": 1, "dependencies": [], "target": null, "creation_time": 1773043582, "last_modified_time": 1773043934, "schema": null, "is_public": false}'
2026-03-09,17:12:14 [DEBUG] (state.py:state:628): Loading option 'get_cluster' from section [Query Objects Docstrings]...
2026-03-09,17:12:14 [DEBUG] (state.py:state:650): Returning value '-- no docstring found in query function --'
2026-03-09,17:12:14 [DEBUG] (state.py:state:628): Loading option 'get_pca1' from section [Query Objects Service Versions]...
2026-03-09,17:12:14 [DEBUG] (state.py:state:650): Returning value '{"description": "\ud589\ubcc4 PC1 \uc810\uc218 (SCRIPT_REAL).", "type": "model", "version": 1, "dependencies": [], "target": null, "creation_time": 1773043587, "last_modified_time": 1773043587, "schema": null, "is_public": false}'
2026-03-09,17:12:14 [DEBUG] (state.py:state:628): Loading option 'get_pca1' from section [Query Objects Docstrings]...
2026-03-09,17:12:14 [DEBUG] (state.py:state:650): Returning value '-- no docstring found in query function --'
2026-03-09,17:12:14 [DEBUG] (state.py:state:628): Loading option 'get_pca2' from section [Query Objects Service Versions]...
2026-03-09,17:12:14 [DEBUG] (state.py:state:650): Returning value '{"description": "\ud589\ubcc4 PC2 \uc810\uc218 (SCRIPT_REAL).", "type": "model", "version": 1, "dependencies": [], "target": null, "creation_time": 1773043588, "last_modified_time": 1773043588, "schema": null, "is_public": false}'
2026-03-09,17:12:14 [DEBUG] (state.py:state:628): Loading option 'get_pca2' from section [Query Objects Docstrings]...
2026-03-09,17:12:14 [DEBUG] (state.py:state:650): Returning value '-- no docstring found in query function --'
2026-03-09,17:12:14 [DEBUG] (state.py:state:628): Loading option 'get_pca3' from section [Query Objects Service Versions]...
2026-03-09,17:12:14 [DEBUG] (state.py:state:650): Returning value '{"description": "\ud589\ubcc4 PC3 \uc810\uc218 (SCRIPT_REAL).", "type": "model", "version": 1, "dependencies": [], "target": null, "creation_time": 1773043588, "last_modified_time": 1773043588, "schema": null, "is_public": false}'
2026-03-09,17:12:14 [DEBUG] (state.py:state:628): Loading option 'get_pca3' from section [Query Objects Docstrings]...
2026-03-09,17:12:14 [DEBUG] (state.py:state:650): Returning value '-- no docstring found in query function --'
2026-03-09,17:12:14 [DEBUG] (state.py:state:628): Loading option 'get_biplot_pc1_loadings' from section [Query Objects Service Versions]...
2026-03-09,17:12:14 [DEBUG] (state.py:state:650): Returning value '{"description": "Biplot \ubcc0\uc218\ubcc4 PC1 \ub85c\ub529 (SCRIPT_REAL).", "type": "model", "version": 1, "dependencies": [], "target": null, "creation_time": 1773043588, "last_modified_time": 1773043588, "schema": null, "is_public": false}'
2026-03-09,17:12:14 [DEBUG] (state.py:state:628): Loading option 'get_biplot_pc1_loadings' from section [Query Objects Docstrings]...
2026-03-09,17:12:14 [DEBUG] (state.py:state:650): Returning value '-- no docstring found in query function --'
2026-03-09,17:12:14 [DEBUG] (state.py:state:628): Loading option 'get_biplot_pc2_loadings' from section [Query Objects Service Versions]...
2026-03-09,17:12:14 [DEBUG] (state.py:state:650): Returning value '{"description": "Biplot \ubcc0\uc218\ubcc4 PC2 \ub85c\ub529 (SCRIPT_REAL).", "type": "model", "version": 1, "dependencies": [], "target": null, "creation_time": 1773043588, "last_modified_time": 1773043588, "schema": null, "is_public": false}'
2026-03-09,17:12:14 [DEBUG] (state.py:state:628): Loading option 'get_biplot_pc2_loadings' from section [Query Objects Docstrings]...
2026-03-09,17:12:14 [DEBUG] (state.py:state:650): Returning value '-- no docstring found in query function --'
2026-03-09,17:12:14 [DEBUG] (state.py:state:628): Loading option 'get_channel' from section [Query Objects Service Versions]...
2026-03-09,17:12:14 [DEBUG] (state.py:state:650): Returning value '{"description": "6\uac1c \uad6c\ub9e4 + Region \u2192 \ucc44\ub110 0/1 \uc608\uce21 (SCRIPT_INT). ModelName \uc120\ud0dd \uac00\ub2a5.", "type": "model", "version": 1, "dependencies": [], "target": null, "creation_time": 1773043588, "last_modified_time": 1773043588, "schema": null, "is_public": false}'
2026-03-09,17:12:14 [DEBUG] (state.py:state:628): Loading option 'get_channel' from section [Query Objects Docstrings]...
2026-03-09,17:12:14 [DEBUG] (state.py:state:650): Returning value '-- no docstring found in query function --'
2026-03-09,17:12:14 [DEBUG] (state.py:state:628): Loading option 'get_channel_proba' from section [Query Objects Service Versions]...
2026-03-09,17:12:14 [DEBUG] (state.py:state:650): Returning value '{"description": "6\uac1c \uad6c\ub9e4 + Region \u2192 \ucc44\ub110 1(\uc591\uc131) \ud655\ub960 (SCRIPT_REAL). AUC-ROC \uace1\uc120\uc6a9.", "type": "model", "version": 1, "dependencies": [], "target": null, "creation_time": 1773043588, "last_modified_time": 1773043588, "schema": null, "is_public": false}'
2026-03-09,17:12:14 [DEBUG] (state.py:state:628): Loading option 'get_channel_proba' from section [Query Objects Docstrings]...
2026-03-09,17:12:14 [DEBUG] (state.py:state:650): Returning value '-- no docstring found in query function --'
2026-03-09,17:12:14 [DEBUG] (state.py:state:628): Loading option 'get_feature_importance' from section [Query Objects Service Versions]...
2026-03-09,17:12:14 [DEBUG] (state.py:state:650): Returning value '{"description": "\ubaa8\ub378\ubcc4 \ud2b9\uc131 \uc911\uc694\ub3c4 \ubc18\ud658 (Feature, ModelName).", "type": "model", "version": 1, "dependencies": [], "target": null, "creation_time": 1773043589, "last_modified_time": 1773043589, "schema": null, "is_public": false}'
2026-03-09,17:12:14 [DEBUG] (state.py:state:628): Loading option 'get_feature_importance' from section [Query Objects Docstrings]...
2026-03-09,17:12:14 [DEBUG] (state.py:state:650): Returning value '-- no docstring found in query function --'
2026-03-09,17:12:14 [DEBUG] (state.py:state:148): Collected endpoints: {'predict_ecotype_xgb': {'description': 'XGBoost elderly economic activity predictor', 'type': 'model', 'version': 6, 'dependencies': [], 'target': None, 'creation_time': 1772855169, 'last_modified_time': 1772858181, 'schema': None, 'is_public': False, 'docstring': '-- no docstring found in query function --'}, 'get_cluster': {'description': '6개 구매 컬럼 → 군집 ID (0~4) 리스트.', 'type': 'model', 'version': 1, 'dependencies': [], 'target': None, 'creation_time': 1773043582, 'last_modified_time': 1773043934, 'schema': None, 'is_public': False, 'docstring': '-- no docstring found in query function --'}, 'get_pca1': {'description': '행별 PC1 점수 (SCRIPT_REAL).', 'type': 'model', 'version': 1, 'dependencies': [], 'target': None, 'creation_time': 1773043587, 'last_modified_time': 1773043587, 'schema': None, 'is_public': False, 'docstring': '-- no docstring found in query function --'}, 'get_pca2': {'description': '행별 PC2 점수 (SCRIPT_REAL).', 'type': 'model', 'version': 1, 'dependencies': [], 'target': None, 'creation_time': 1773043588, 'last_modified_time': 1773043588, 'schema': None, 'is_public': False, 'docstring': '-- no docstring found in query function --'}, 'get_pca3': {'description': '행별 PC3 점수 (SCRIPT_REAL).', 'type': 'model', 'version': 1, 'dependencies': [], 'target': None, 'creation_time': 1773043588, 'last_modified_time': 1773043588, 'schema': None, 'is_public': False, 'docstring': '-- no docstring found in query function --'}, 'get_biplot_pc1_loadings': {'description': 'Biplot 변수별 PC1 로딩 (SCRIPT_REAL).', 'type': 'model', 'version': 1, 'dependencies': [], 'target': None, 'creation_time': 1773043588, 'last_modified_time': 1773043588, 'schema': None, 'is_public': False, 'docstring': '-- no docstring found in query function --'}, 'get_biplot_pc2_loadings': {'description': 'Biplot 변수별 PC2 로딩 (SCRIPT_REAL).', 'type': 'model', 'version': 1, 'dependencies': [], 'target': None, 'creation_time': 1773043588, 'last_modified_time': 1773043588, 'schema': None, 'is_public': False, 'docstring': '-- no docstring found in query function --'}, 'get_channel': {'description': '6개 구매 + Region → 채널 0/1 예측 (SCRIPT_INT). ModelName 선택 가능.', 'type': 'model', 'version': 1, 'dependencies': [], 'target': None, 'creation_time': 1773043588, 'last_modified_time': 1773043588, 'schema': None, 'is_public': False, 'docstring': '-- no docstring found in query function --'}, 'get_channel_proba': {'description': '6개 구매 + Region → 채널 1(양성) 확률 (SCRIPT_REAL). AUC-ROC 곡선용.', 'type': 'model', 'version': 1, 'dependencies': [], 'target': None, 'creation_time': 1773043588, 'last_modified_time': 1773043588, 'schema': None, 'is_public': False, 'docstring': '-- no docstring found in query function --'}, 'get_feature_importance': {'description': '모델별 특성 중요도 반환 (Feature, ModelName).', 'type': 'model', 'version': 1, 'dependencies': [], 'target': None, 'creation_time': 1773043589, 'last_modified_time': 1773043589, 'schema': None, 'is_public': False, 'docstring': '-- no docstring found in query function --'}}
2026-03-09,17:12:14 [DEBUG] (state.py:state:628): Loading option 'None' from section [Query Objects Service Versions]...
2026-03-09,17:12:14 [DEBUG] (state.py:state:650): Returning value '['predict_ecotype_xgb', 'get_cluster', 'get_pca1', 'get_pca2', 'get_pca3', 'get_biplot_pc1_loadings', 'get_biplot_pc2_loadings', 'get_channel', 'get_channel_proba', 'get_feature_importance']'
2026-03-09,17:12:14 [DEBUG] (state.py:state:628): Loading option 'predict_ecotype_xgb' from section [Query Objects Service Versions]...
2026-03-09,17:12:14 [DEBUG] (state.py:state:650): Returning value '{"description": "XGBoost elderly economic activity predictor", "type": "model", "version": 6, "dependencies": [], "target": null, "creation_time": 1772855169, "last_modified_time": 1772858181, "schema": null, "is_public": false}'
2026-03-09,17:12:14 [DEBUG] (state.py:state:628): Loading option 'predict_ecotype_xgb' from section [Query Objects Docstrings]...
2026-03-09,17:12:14 [DEBUG] (state.py:state:650): Returning value '-- no docstring found in query function --'
2026-03-09,17:12:14 [DEBUG] (state.py:state:628): Loading option 'get_cluster' from section [Query Objects Service Versions]...
2026-03-09,17:12:14 [DEBUG] (state.py:state:650): Returning value '{"description": "6\uac1c \uad6c\ub9e4 \uceec\ub7fc \u2192 \uad70\uc9d1 ID (0~4) \ub9ac\uc2a4\ud2b8.", "type": "model", "version": 1, "dependencies": [], "target": null, "creation_time": 1773043582, "last_modified_time": 1773043934, "schema": null, "is_public": false}'
2026-03-09,17:12:14 [DEBUG] (state.py:state:628): Loading option 'get_cluster' from section [Query Objects Docstrings]...
2026-03-09,17:12:14 [DEBUG] (state.py:state:650): Returning value '-- no docstring found in query function --'
2026-03-09,17:12:14 [DEBUG] (state.py:state:628): Loading option 'get_pca1' from section [Query Objects Service Versions]...
2026-03-09,17:12:14 [DEBUG] (state.py:state:650): Returning value '{"description": "\ud589\ubcc4 PC1 \uc810\uc218 (SCRIPT_REAL).", "type": "model", "version": 1, "dependencies": [], "target": null, "creation_time": 1773043587, "last_modified_time": 1773043587, "schema": null, "is_public": false}'
2026-03-09,17:12:14 [DEBUG] (state.py:state:628): Loading option 'get_pca1' from section [Query Objects Docstrings]...
2026-03-09,17:12:14 [DEBUG] (state.py:state:650): Returning value '-- no docstring found in query function --'
2026-03-09,17:12:14 [DEBUG] (state.py:state:628): Loading option 'get_pca2' from section [Query Objects Service Versions]...
2026-03-09,17:12:14 [DEBUG] (state.py:state:650): Returning value '{"description": "\ud589\ubcc4 PC2 \uc810\uc218 (SCRIPT_REAL).", "type": "model", "version": 1, "dependencies": [], "target": null, "creation_time": 1773043588, "last_modified_time": 1773043588, "schema": null, "is_public": false}'
2026-03-09,17:12:14 [DEBUG] (state.py:state:628): Loading option 'get_pca2' from section [Query Objects Docstrings]...
2026-03-09,17:12:14 [DEBUG] (state.py:state:650): Returning value '-- no docstring found in query function --'
2026-03-09,17:12:14 [DEBUG] (state.py:state:628): Loading option 'get_pca3' from section [Query Objects Service Versions]...
2026-03-09,17:12:14 [DEBUG] (state.py:state:650): Returning value '{"description": "\ud589\ubcc4 PC3 \uc810\uc218 (SCRIPT_REAL).", "type": "model", "version": 1, "dependencies": [], "target": null, "creation_time": 1773043588, "last_modified_time": 1773043588, "schema": null, "is_public": false}'
2026-03-09,17:12:14 [DEBUG] (state.py:state:628): Loading option 'get_pca3' from section [Query Objects Docstrings]...
2026-03-09,17:12:14 [DEBUG] (state.py:state:650): Returning value '-- no docstring found in query function --'
2026-03-09,17:12:14 [DEBUG] (state.py:state:628): Loading option 'get_biplot_pc1_loadings' from section [Query Objects Service Versions]...
2026-03-09,17:12:14 [DEBUG] (state.py:state:650): Returning value '{"description": "Biplot \ubcc0\uc218\ubcc4 PC1 \ub85c\ub529 (SCRIPT_REAL).", "type": "model", "version": 1, "dependencies": [], "target": null, "creation_time": 1773043588, "last_modified_time": 1773043588, "schema": null, "is_public": false}'
2026-03-09,17:12:14 [DEBUG] (state.py:state:628): Loading option 'get_biplot_pc1_loadings' from section [Query Objects Docstrings]...
2026-03-09,17:12:14 [DEBUG] (state.py:state:650): Returning value '-- no docstring found in query function --'
2026-03-09,17:12:14 [DEBUG] (state.py:state:628): Loading option 'get_biplot_pc2_loadings' from section [Query Objects Service Versions]...
2026-03-09,17:12:14 [DEBUG] (state.py:state:650): Returning value '{"description": "Biplot \ubcc0\uc218\ubcc4 PC2 \ub85c\ub529 (SCRIPT_REAL).", "type": "model", "version": 1, "dependencies": [], "target": null, "creation_time": 1773043588, "last_modified_time": 1773043588, "schema": null, "is_public": false}'
2026-03-09,17:12:14 [DEBUG] (state.py:state:628): Loading option 'get_biplot_pc2_loadings' from section [Query Objects Docstrings]...
2026-03-09,17:12:14 [DEBUG] (state.py:state:650): Returning value '-- no docstring found in query function --'
2026-03-09,17:12:14 [DEBUG] (state.py:state:628): Loading option 'get_channel' from section [Query Objects Service Versions]...
2026-03-09,17:12:14 [DEBUG] (state.py:state:650): Returning value '{"description": "6\uac1c \uad6c\ub9e4 + Region \u2192 \ucc44\ub110 0/1 \uc608\uce21 (SCRIPT_INT). ModelName \uc120\ud0dd \uac00\ub2a5.", "type": "model", "version": 1, "dependencies": [], "target": null, "creation_time": 1773043588, "last_modified_time": 1773043588, "schema": null, "is_public": false}'
2026-03-09,17:12:14 [DEBUG] (state.py:state:628): Loading option 'get_channel' from section [Query Objects Docstrings]...
2026-03-09,17:12:14 [DEBUG] (state.py:state:650): Returning value '-- no docstring found in query function --'
2026-03-09,17:12:14 [DEBUG] (state.py:state:628): Loading option 'get_channel_proba' from section [Query Objects Service Versions]...
2026-03-09,17:12:14 [DEBUG] (state.py:state:650): Returning value '{"description": "6\uac1c \uad6c\ub9e4 + Region \u2192 \ucc44\ub110 1(\uc591\uc131) \ud655\ub960 (SCRIPT_REAL). AUC-ROC \uace1\uc120\uc6a9.", "type": "model", "version": 1, "dependencies": [], "target": null, "creation_time": 1773043588, "last_modified_time": 1773043588, "schema": null, "is_public": false}'
2026-03-09,17:12:14 [DEBUG] (state.py:state:628): Loading option 'get_channel_proba' from section [Query Objects Docstrings]...
2026-03-09,17:12:14 [DEBUG] (state.py:state:650): Returning value '-- no docstring found in query function --'
2026-03-09,17:12:14 [DEBUG] (state.py:state:628): Loading option 'get_feature_importance' from section [Query Objects Service Versions]...
2026-03-09,17:12:14 [DEBUG] (state.py:state:650): Returning value '{"description": "\ubaa8\ub378\ubcc4 \ud2b9\uc131 \uc911\uc694\ub3c4 \ubc18\ud658 (Feature, ModelName).", "type": "model", "version": 1, "dependencies": [], "target": null, "creation_time": 1773043589, "last_modified_time": 1773043589, "schema": null, "is_public": false}'
2026-03-09,17:12:14 [DEBUG] (state.py:state:628): Loading option 'get_feature_importance' from section [Query Objects Docstrings]...
2026-03-09,17:12:14 [DEBUG] (state.py:state:650): Returning value '-- no docstring found in query function --'
2026-03-09,17:12:14 [DEBUG] (state.py:state:148): Collected endpoints: {'predict_ecotype_xgb': {'description': 'XGBoost elderly economic activity predictor', 'type': 'model', 'version': 6, 'dependencies': [], 'target': None, 'creation_time': 1772855169, 'last_modified_time': 1772858181, 'schema': None, 'is_public': False, 'docstring': '-- no docstring found in query function --'}, 'get_cluster': {'description': '6개 구매 컬럼 → 군집 ID (0~4) 리스트.', 'type': 'model', 'version': 1, 'dependencies': [], 'target': None, 'creation_time': 1773043582, 'last_modified_time': 1773043934, 'schema': None, 'is_public': False, 'docstring': '-- no docstring found in query function --'}, 'get_pca1': {'description': '행별 PC1 점수 (SCRIPT_REAL).', 'type': 'model', 'version': 1, 'dependencies': [], 'target': None, 'creation_time': 1773043587, 'last_modified_time': 1773043587, 'schema': None, 'is_public': False, 'docstring': '-- no docstring found in query function --'}, 'get_pca2': {'description': '행별 PC2 점수 (SCRIPT_REAL).', 'type': 'model', 'version': 1, 'dependencies': [], 'target': None, 'creation_time': 1773043588, 'last_modified_time': 1773043588, 'schema': None, 'is_public': False, 'docstring': '-- no docstring found in query function --'}, 'get_pca3': {'description': '행별 PC3 점수 (SCRIPT_REAL).', 'type': 'model', 'version': 1, 'dependencies': [], 'target': None, 'creation_time': 1773043588, 'last_modified_time': 1773043588, 'schema': None, 'is_public': False, 'docstring': '-- no docstring found in query function --'}, 'get_biplot_pc1_loadings': {'description': 'Biplot 변수별 PC1 로딩 (SCRIPT_REAL).', 'type': 'model', 'version': 1, 'dependencies': [], 'target': None, 'creation_time': 1773043588, 'last_modified_time': 1773043588, 'schema': None, 'is_public': False, 'docstring': '-- no docstring found in query function --'}, 'get_biplot_pc2_loadings': {'description': 'Biplot 변수별 PC2 로딩 (SCRIPT_REAL).', 'type': 'model', 'version': 1, 'dependencies': [], 'target': None, 'creation_time': 1773043588, 'last_modified_time': 1773043588, 'schema': None, 'is_public': False, 'docstring': '-- no docstring found in query function --'}, 'get_channel': {'description': '6개 구매 + Region → 채널 0/1 예측 (SCRIPT_INT). ModelName 선택 가능.', 'type': 'model', 'version': 1, 'dependencies': [], 'target': None, 'creation_time': 1773043588, 'last_modified_time': 1773043588, 'schema': None, 'is_public': False, 'docstring': '-- no docstring found in query function --'}, 'get_channel_proba': {'description': '6개 구매 + Region → 채널 1(양성) 확률 (SCRIPT_REAL). AUC-ROC 곡선용.', 'type': 'model', 'version': 1, 'dependencies': [], 'target': None, 'creation_time': 1773043588, 'last_modified_time': 1773043588, 'schema': None, 'is_public': False, 'docstring': '-- no docstring found in query function --'}, 'get_feature_importance': {'description': '모델별 특성 중요도 반환 (Feature, ModelName).', 'type': 'model', 'version': 1, 'dependencies': [], 'target': None, 'creation_time': 1773043589, 'last_modified_time': 1773043589, 'schema': None, 'is_public': False, 'docstring': '-- no docstring found in query function --'}}
2026-03-09,17:12:14 [DEBUG] (state.py:state:628): Loading option 'get_cluster' from section [Query Objects Service Versions]...
2026-03-09,17:12:14 [DEBUG] (state.py:state:650): Returning value '{"description": "6\uac1c \uad6c\ub9e4 \uceec\ub7fc \u2192 \uad70\uc9d1 ID (0~4) \ub9ac\uc2a4\ud2b8.", "type": "model", "version": 1, "dependencies": [], "target": null, "creation_time": 1773043582, "last_modified_time": 1773043934, "schema": null, "is_public": false}'
2026-03-09,17:12:14 [DEBUG] (state.py:state:628): Loading option 'get_cluster' from section [Query Objects Docstrings]...
2026-03-09,17:12:14 [DEBUG] (state.py:state:650): Returning value '-- no docstring found in query function --'
2026-03-09,17:12:14 [DEBUG] (state.py:state:148): Collected endpoints: {'get_cluster': {'description': '6개 구매 컬럼 → 군집 ID (0~4) 리스트.', 'type': 'model', 'version': 1, 'dependencies': [], 'target': None, 'creation_time': 1773043582, 'last_modified_time': 1773043934, 'schema': None, 'is_public': False, 'docstring': '-- no docstring found in query function --'}}
2026-03-09,17:12:14 [INFO] (web.py:web:2418): 200 PUT /endpoints/get_cluster (::1) 38.21ms
2026-03-09,17:12:14 [DEBUG] (base_handler.py:base_handler:115): Checking if need to handle authentication
2026-03-09,17:12:14 [DEBUG] (base_handler.py:base_handler:115): Handling authentication
2026-03-09,17:12:14 [INFO] (base_handler.py:base_handler:115): Authentication is not a required feature for API "v1"
2026-03-09,17:12:14 [DEBUG] (base_handler.py:base_handler:115): Checking request headers for authentication data
2026-03-09,17:12:14 [INFO] (base_handler.py:base_handler:115): Authorization header not found
2026-03-09,17:12:14 [DEBUG] (base_handler.py:base_handler:115): authentication not required, username and password are none
2026-03-09,17:12:14 [DEBUG] (state.py:state:526): Collecting Access-Control-Allow-Origin from state file ...
2026-03-09,17:12:14 [DEBUG] (state.py:state:628): Loading option 'Access-Control-Allow-Origin' from section [Service Info]...
2026-03-09,17:12:14 [DEBUG] (state.py:state:650): Returning value ''
2026-03-09,17:12:14 [DEBUG] (state.py:state:628): Loading option 'Access-Control-Allow-Headers' from section [Service Info]...
2026-03-09,17:12:14 [DEBUG] (state.py:state:650): Returning value ''
2026-03-09,17:12:14 [DEBUG] (state.py:state:628): Loading option 'Access-Control-Allow-Methods' from section [Service Info]...
2026-03-09,17:12:14 [DEBUG] (state.py:state:650): Returning value ''
2026-03-09,17:12:14 [DEBUG] (base_handler.py:base_handler:115): Found models: {'predict_ecotype_xgb': {'version': 6, 'type': 'model', 'status': 'LoadSuccessful', 'last_error': None}, 'get_cluster': {'version': 1, 'type': 'model', 'status': 'LoadSuccessful', 'last_error': None}, 'get_pca1': {'version': 1, 'type': 'model', 'status': 'LoadSuccessful', 'last_error': None}, 'get_pca2': {'version': 1, 'type': 'model', 'status': 'LoadSuccessful', 'last_error': None}, 'get_pca3': {'version': 1, 'type': 'model', 'status': 'LoadSuccessful', 'last_error': None}, 'get_biplot_pc1_loadings': {'version': 1, 'type': 'model', 'status': 'LoadSuccessful', 'last_error': None}, 'get_biplot_pc2_loadings': {'version': 1, 'type': 'model', 'status': 'LoadSuccessful', 'last_error': None}, 'get_channel': {'version': 1, 'type': 'model', 'status': 'LoadSuccessful', 'last_error': None}, 'get_channel_proba': {'version': 1, 'type': 'model', 'status': 'LoadSuccessful', 'last_error': None}, 'get_feature_importance': {'version': 1, 'type': 'model', 'status': 'LoadSuccessful', 'last_error': None}}
2026-03-09,17:12:14 [INFO] (web.py:web:2418): 200 GET /status (::1) 1.09ms
2026-03-09,17:12:15 [DEBUG] (base_handler.py:base_handler:115): Checking if need to handle authentication
2026-03-09,17:12:15 [DEBUG] (base_handler.py:base_handler:115): Handling authentication
2026-03-09,17:12:15 [INFO] (base_handler.py:base_handler:115): Authentication is not a required feature for API "v1"
2026-03-09,17:12:15 [DEBUG] (base_handler.py:base_handler:115): Checking request headers for authentication data
2026-03-09,17:12:15 [INFO] (base_handler.py:base_handler:115): Authorization header not found
2026-03-09,17:12:15 [DEBUG] (base_handler.py:base_handler:115): authentication not required, username and password are none
2026-03-09,17:12:15 [DEBUG] (state.py:state:526): Collecting Access-Control-Allow-Origin from state file ...
2026-03-09,17:12:15 [DEBUG] (state.py:state:628): Loading option 'Access-Control-Allow-Origin' from section [Service Info]...
2026-03-09,17:12:15 [DEBUG] (state.py:state:650): Returning value ''
2026-03-09,17:12:15 [DEBUG] (state.py:state:628): Loading option 'Access-Control-Allow-Headers' from section [Service Info]...
2026-03-09,17:12:15 [DEBUG] (state.py:state:650): Returning value ''
2026-03-09,17:12:15 [DEBUG] (state.py:state:628): Loading option 'Access-Control-Allow-Methods' from section [Service Info]...
2026-03-09,17:12:15 [DEBUG] (state.py:state:650): Returning value ''
2026-03-09,17:12:15 [DEBUG] (base_handler.py:base_handler:115): Found models: {'predict_ecotype_xgb': {'version': 6, 'type': 'model', 'status': 'LoadSuccessful', 'last_error': None}, 'get_cluster': {'version': 1, 'type': 'model', 'status': 'LoadSuccessful', 'last_error': None}, 'get_pca1': {'version': 1, 'type': 'model', 'status': 'LoadSuccessful', 'last_error': None}, 'get_pca2': {'version': 1, 'type': 'model', 'status': 'LoadSuccessful', 'last_error': None}, 'get_pca3': {'version': 1, 'type': 'model', 'status': 'LoadSuccessful', 'last_error': None}, 'get_biplot_pc1_loadings': {'version': 1, 'type': 'model', 'status': 'LoadSuccessful', 'last_error': None}, 'get_biplot_pc2_loadings': {'version': 1, 'type': 'model', 'status': 'LoadSuccessful', 'last_error': None}, 'get_channel': {'version': 1, 'type': 'model', 'status': 'LoadSuccessful', 'last_error': None}, 'get_channel_proba': {'version': 1, 'type': 'model', 'status': 'LoadSuccessful', 'last_error': None}, 'get_feature_importance': {'version': 1, 'type': 'model', 'status': 'LoadSuccessful', 'last_error': None}}
2026-03-09,17:12:15 [INFO] (web.py:web:2418): 200 GET /status (::1) 1.44ms
2026-03-09,17:12:16 [DEBUG] (base_handler.py:base_handler:115): Checking if need to handle authentication
2026-03-09,17:12:16 [DEBUG] (base_handler.py:base_handler:115): Handling authentication
2026-03-09,17:12:16 [INFO] (base_handler.py:base_handler:115): Authentication is not a required feature for API "v1"
2026-03-09,17:12:16 [DEBUG] (base_handler.py:base_handler:115): Checking request headers for authentication data
2026-03-09,17:12:16 [INFO] (base_handler.py:base_handler:115): Authorization header not found
2026-03-09,17:12:16 [DEBUG] (base_handler.py:base_handler:115): authentication not required, username and password are none
2026-03-09,17:12:16 [DEBUG] (state.py:state:526): Collecting Access-Control-Allow-Origin from state file ...
2026-03-09,17:12:16 [DEBUG] (state.py:state:628): Loading option 'Access-Control-Allow-Origin' from section [Service Info]...
2026-03-09,17:12:16 [DEBUG] (state.py:state:650): Returning value ''
2026-03-09,17:12:16 [DEBUG] (state.py:state:628): Loading option 'Access-Control-Allow-Headers' from section [Service Info]...
2026-03-09,17:12:16 [DEBUG] (state.py:state:650): Returning value ''
2026-03-09,17:12:16 [DEBUG] (state.py:state:628): Loading option 'Access-Control-Allow-Methods' from section [Service Info]...
2026-03-09,17:12:16 [DEBUG] (state.py:state:650): Returning value ''
2026-03-09,17:12:16 [DEBUG] (base_handler.py:base_handler:115): Found models: {'predict_ecotype_xgb': {'version': 6, 'type': 'model', 'status': 'LoadSuccessful', 'last_error': None}, 'get_cluster': {'version': 1, 'type': 'model', 'status': 'LoadSuccessful', 'last_error': None}, 'get_pca1': {'version': 1, 'type': 'model', 'status': 'LoadSuccessful', 'last_error': None}, 'get_pca2': {'version': 1, 'type': 'model', 'status': 'LoadSuccessful', 'last_error': None}, 'get_pca3': {'version': 1, 'type': 'model', 'status': 'LoadSuccessful', 'last_error': None}, 'get_biplot_pc1_loadings': {'version': 1, 'type': 'model', 'status': 'LoadSuccessful', 'last_error': None}, 'get_biplot_pc2_loadings': {'version': 1, 'type': 'model', 'status': 'LoadSuccessful', 'last_error': None}, 'get_channel': {'version': 1, 'type': 'model', 'status': 'LoadSuccessful', 'last_error': None}, 'get_channel_proba': {'version': 1, 'type': 'model', 'status': 'LoadSuccessful', 'last_error': None}, 'get_feature_importance': {'version': 1, 'type': 'model', 'status': 'LoadSuccessful', 'last_error': None}}
2026-03-09,17:12:16 [INFO] (web.py:web:2418): 200 GET /status (::1) 1.39ms
2026-03-09,17:12:17 [DEBUG] (base_handler.py:base_handler:115): Checking if need to handle authentication
2026-03-09,17:12:17 [DEBUG] (base_handler.py:base_handler:115): Handling authentication
2026-03-09,17:12:17 [INFO] (base_handler.py:base_handler:115): Authentication is not a required feature for API "v1"
2026-03-09,17:12:17 [DEBUG] (base_handler.py:base_handler:115): Checking request headers for authentication data
2026-03-09,17:12:17 [INFO] (base_handler.py:base_handler:115): Authorization header not found
2026-03-09,17:12:17 [DEBUG] (base_handler.py:base_handler:115): authentication not required, username and password are none
2026-03-09,17:12:17 [DEBUG] (state.py:state:526): Collecting Access-Control-Allow-Origin from state file ...
2026-03-09,17:12:17 [DEBUG] (state.py:state:628): Loading option 'Access-Control-Allow-Origin' from section [Service Info]...
2026-03-09,17:12:17 [DEBUG] (state.py:state:650): Returning value ''
2026-03-09,17:12:17 [DEBUG] (state.py:state:628): Loading option 'Access-Control-Allow-Headers' from section [Service Info]...
2026-03-09,17:12:17 [DEBUG] (state.py:state:650): Returning value ''
2026-03-09,17:12:17 [DEBUG] (state.py:state:628): Loading option 'Access-Control-Allow-Methods' from section [Service Info]...
2026-03-09,17:12:17 [DEBUG] (state.py:state:650): Returning value ''
2026-03-09,17:12:17 [DEBUG] (base_handler.py:base_handler:115): Found models: {'predict_ecotype_xgb': {'version': 6, 'type': 'model', 'status': 'LoadSuccessful', 'last_error': None}, 'get_cluster': {'version': 1, 'type': 'model', 'status': 'LoadSuccessful', 'last_error': None}, 'get_pca1': {'version': 1, 'type': 'model', 'status': 'LoadSuccessful', 'last_error': None}, 'get_pca2': {'version': 1, 'type': 'model', 'status': 'LoadSuccessful', 'last_error': None}, 'get_pca3': {'version': 1, 'type': 'model', 'status': 'LoadSuccessful', 'last_error': None}, 'get_biplot_pc1_loadings': {'version': 1, 'type': 'model', 'status': 'LoadSuccessful', 'last_error': None}, 'get_biplot_pc2_loadings': {'version': 1, 'type': 'model', 'status': 'LoadSuccessful', 'last_error': None}, 'get_channel': {'version': 1, 'type': 'model', 'status': 'LoadSuccessful', 'last_error': None}, 'get_channel_proba': {'version': 1, 'type': 'model', 'status': 'LoadSuccessful', 'last_error': None}, 'get_feature_importance': {'version': 1, 'type': 'model', 'status': 'LoadSuccessful', 'last_error': None}}
2026-03-09,17:12:17 [INFO] (web.py:web:2418): 200 GET /status (::1) 1.23ms
2026-03-09,17:12:18 [DEBUG] (base_handler.py:base_handler:115): Checking if need to handle authentication
2026-03-09,17:12:18 [DEBUG] (base_handler.py:base_handler:115): Handling authentication
2026-03-09,17:12:18 [INFO] (base_handler.py:base_handler:115): Authentication is not a required feature for API "v1"
2026-03-09,17:12:18 [DEBUG] (base_handler.py:base_handler:115): Checking request headers for authentication data
2026-03-09,17:12:18 [INFO] (base_handler.py:base_handler:115): Authorization header not found
2026-03-09,17:12:18 [DEBUG] (base_handler.py:base_handler:115): authentication not required, username and password are none
2026-03-09,17:12:18 [DEBUG] (state.py:state:526): Collecting Access-Control-Allow-Origin from state file ...
2026-03-09,17:12:18 [DEBUG] (state.py:state:628): Loading option 'Access-Control-Allow-Origin' from section [Service Info]...
2026-03-09,17:12:18 [DEBUG] (state.py:state:650): Returning value ''
2026-03-09,17:12:18 [DEBUG] (state.py:state:628): Loading option 'Access-Control-Allow-Headers' from section [Service Info]...
2026-03-09,17:12:18 [DEBUG] (state.py:state:650): Returning value ''
2026-03-09,17:12:18 [DEBUG] (state.py:state:628): Loading option 'Access-Control-Allow-Methods' from section [Service Info]...
2026-03-09,17:12:18 [DEBUG] (state.py:state:650): Returning value ''
2026-03-09,17:12:18 [DEBUG] (base_handler.py:base_handler:115): Found models: {'predict_ecotype_xgb': {'version': 6, 'type': 'model', 'status': 'LoadSuccessful', 'last_error': None}, 'get_cluster': {'version': 1, 'type': 'model', 'status': 'LoadSuccessful', 'last_error': None}, 'get_pca1': {'version': 1, 'type': 'model', 'status': 'LoadSuccessful', 'last_error': None}, 'get_pca2': {'version': 1, 'type': 'model', 'status': 'LoadSuccessful', 'last_error': None}, 'get_pca3': {'version': 1, 'type': 'model', 'status': 'LoadSuccessful', 'last_error': None}, 'get_biplot_pc1_loadings': {'version': 1, 'type': 'model', 'status': 'LoadSuccessful', 'last_error': None}, 'get_biplot_pc2_loadings': {'version': 1, 'type': 'model', 'status': 'LoadSuccessful', 'last_error': None}, 'get_channel': {'version': 1, 'type': 'model', 'status': 'LoadSuccessful', 'last_error': None}, 'get_channel_proba': {'version': 1, 'type': 'model', 'status': 'LoadSuccessful', 'last_error': None}, 'get_feature_importance': {'version': 1, 'type': 'model', 'status': 'LoadSuccessful', 'last_error': None}}
2026-03-09,17:12:18 [INFO] (web.py:web:2418): 200 GET /status (::1) 1.35ms
2026-03-09,17:12:19 [DEBUG] (base_handler.py:base_handler:115): Checking if need to handle authentication
2026-03-09,17:12:19 [DEBUG] (base_handler.py:base_handler:115): Handling authentication
2026-03-09,17:12:19 [INFO] (base_handler.py:base_handler:115): Authentication is not a required feature for API "v1"
2026-03-09,17:12:19 [DEBUG] (base_handler.py:base_handler:115): Checking request headers for authentication data
2026-03-09,17:12:19 [INFO] (base_handler.py:base_handler:115): Authorization header not found
2026-03-09,17:12:19 [DEBUG] (base_handler.py:base_handler:115): authentication not required, username and password are none
2026-03-09,17:12:19 [DEBUG] (state.py:state:526): Collecting Access-Control-Allow-Origin from state file ...
2026-03-09,17:12:19 [DEBUG] (state.py:state:628): Loading option 'Access-Control-Allow-Origin' from section [Service Info]...
2026-03-09,17:12:19 [DEBUG] (state.py:state:650): Returning value ''
2026-03-09,17:12:19 [DEBUG] (state.py:state:628): Loading option 'Access-Control-Allow-Headers' from section [Service Info]...
2026-03-09,17:12:19 [DEBUG] (state.py:state:650): Returning value ''
2026-03-09,17:12:19 [DEBUG] (state.py:state:628): Loading option 'Access-Control-Allow-Methods' from section [Service Info]...
2026-03-09,17:12:19 [DEBUG] (state.py:state:650): Returning value ''
2026-03-09,17:12:19 [DEBUG] (base_handler.py:base_handler:115): Found models: {'predict_ecotype_xgb': {'version': 6, 'type': 'model', 'status': 'LoadSuccessful', 'last_error': None}, 'get_cluster': {'version': 1, 'type': 'model', 'status': 'LoadSuccessful', 'last_error': None}, 'get_pca1': {'version': 1, 'type': 'model', 'status': 'LoadSuccessful', 'last_error': None}, 'get_pca2': {'version': 1, 'type': 'model', 'status': 'LoadSuccessful', 'last_error': None}, 'get_pca3': {'version': 1, 'type': 'model', 'status': 'LoadSuccessful', 'last_error': None}, 'get_biplot_pc1_loadings': {'version': 1, 'type': 'model', 'status': 'LoadSuccessful', 'last_error': None}, 'get_biplot_pc2_loadings': {'version': 1, 'type': 'model', 'status': 'LoadSuccessful', 'last_error': None}, 'get_channel': {'version': 1, 'type': 'model', 'status': 'LoadSuccessful', 'last_error': None}, 'get_channel_proba': {'version': 1, 'type': 'model', 'status': 'LoadSuccessful', 'last_error': None}, 'get_feature_importance': {'version': 1, 'type': 'model', 'status': 'LoadSuccessful', 'last_error': None}}
2026-03-09,17:12:19 [INFO] (web.py:web:2418): 200 GET /status (::1) 1.91ms
2026-03-09,17:12:20 [DEBUG] (base_handler.py:base_handler:115): Checking if need to handle authentication
2026-03-09,17:12:20 [DEBUG] (base_handler.py:base_handler:115): Handling authentication
2026-03-09,17:12:20 [INFO] (base_handler.py:base_handler:115): Authentication is not a required feature for API "v1"
2026-03-09,17:12:20 [DEBUG] (base_handler.py:base_handler:115): Checking request headers for authentication data
2026-03-09,17:12:20 [INFO] (base_handler.py:base_handler:115): Authorization header not found
2026-03-09,17:12:20 [DEBUG] (base_handler.py:base_handler:115): authentication not required, username and password are none
2026-03-09,17:12:20 [DEBUG] (state.py:state:526): Collecting Access-Control-Allow-Origin from state file ...
2026-03-09,17:12:20 [DEBUG] (state.py:state:628): Loading option 'Access-Control-Allow-Origin' from section [Service Info]...
2026-03-09,17:12:20 [DEBUG] (state.py:state:650): Returning value ''
2026-03-09,17:12:20 [DEBUG] (state.py:state:628): Loading option 'Access-Control-Allow-Headers' from section [Service Info]...
2026-03-09,17:12:20 [DEBUG] (state.py:state:650): Returning value ''
2026-03-09,17:12:20 [DEBUG] (state.py:state:628): Loading option 'Access-Control-Allow-Methods' from section [Service Info]...
2026-03-09,17:12:20 [DEBUG] (state.py:state:650): Returning value ''
2026-03-09,17:12:20 [DEBUG] (base_handler.py:base_handler:115): Found models: {'predict_ecotype_xgb': {'version': 6, 'type': 'model', 'status': 'LoadSuccessful', 'last_error': None}, 'get_cluster': {'version': 1, 'type': 'model', 'status': 'LoadSuccessful', 'last_error': None}, 'get_pca1': {'version': 1, 'type': 'model', 'status': 'LoadSuccessful', 'last_error': None}, 'get_pca2': {'version': 1, 'type': 'model', 'status': 'LoadSuccessful', 'last_error': None}, 'get_pca3': {'version': 1, 'type': 'model', 'status': 'LoadSuccessful', 'last_error': None}, 'get_biplot_pc1_loadings': {'version': 1, 'type': 'model', 'status': 'LoadSuccessful', 'last_error': None}, 'get_biplot_pc2_loadings': {'version': 1, 'type': 'model', 'status': 'LoadSuccessful', 'last_error': None}, 'get_channel': {'version': 1, 'type': 'model', 'status': 'LoadSuccessful', 'last_error': None}, 'get_channel_proba': {'version': 1, 'type': 'model', 'status': 'LoadSuccessful', 'last_error': None}, 'get_feature_importance': {'version': 1, 'type': 'model', 'status': 'LoadSuccessful', 'last_error': None}}
2026-03-09,17:12:20 [INFO] (web.py:web:2418): 200 GET /status (::1) 1.45ms
2026-03-09,17:12:21 [DEBUG] (base_handler.py:base_handler:115): Checking if need to handle authentication
2026-03-09,17:12:21 [DEBUG] (base_handler.py:base_handler:115): Handling authentication
2026-03-09,17:12:21 [INFO] (base_handler.py:base_handler:115): Authentication is not a required feature for API "v1"
2026-03-09,17:12:21 [DEBUG] (base_handler.py:base_handler:115): Checking request headers for authentication data
2026-03-09,17:12:21 [INFO] (base_handler.py:base_handler:115): Authorization header not found
2026-03-09,17:12:21 [DEBUG] (base_handler.py:base_handler:115): authentication not required, username and password are none
2026-03-09,17:12:21 [DEBUG] (state.py:state:526): Collecting Access-Control-Allow-Origin from state file ...
2026-03-09,17:12:21 [DEBUG] (state.py:state:628): Loading option 'Access-Control-Allow-Origin' from section [Service Info]...
2026-03-09,17:12:21 [DEBUG] (state.py:state:650): Returning value ''
2026-03-09,17:12:21 [DEBUG] (state.py:state:628): Loading option 'Access-Control-Allow-Headers' from section [Service Info]...
2026-03-09,17:12:21 [DEBUG] (state.py:state:650): Returning value ''
2026-03-09,17:12:21 [DEBUG] (state.py:state:628): Loading option 'Access-Control-Allow-Methods' from section [Service Info]...
2026-03-09,17:12:21 [DEBUG] (state.py:state:650): Returning value ''
2026-03-09,17:12:21 [DEBUG] (base_handler.py:base_handler:115): Found models: {'predict_ecotype_xgb': {'version': 6, 'type': 'model', 'status': 'LoadSuccessful', 'last_error': None}, 'get_cluster': {'version': 1, 'type': 'model', 'status': 'LoadSuccessful', 'last_error': None}, 'get_pca1': {'version': 1, 'type': 'model', 'status': 'LoadSuccessful', 'last_error': None}, 'get_pca2': {'version': 1, 'type': 'model', 'status': 'LoadSuccessful', 'last_error': None}, 'get_pca3': {'version': 1, 'type': 'model', 'status': 'LoadSuccessful', 'last_error': None}, 'get_biplot_pc1_loadings': {'version': 1, 'type': 'model', 'status': 'LoadSuccessful', 'last_error': None}, 'get_biplot_pc2_loadings': {'version': 1, 'type': 'model', 'status': 'LoadSuccessful', 'last_error': None}, 'get_channel': {'version': 1, 'type': 'model', 'status': 'LoadSuccessful', 'last_error': None}, 'get_channel_proba': {'version': 1, 'type': 'model', 'status': 'LoadSuccessful', 'last_error': None}, 'get_feature_importance': {'version': 1, 'type': 'model', 'status': 'LoadSuccessful', 'last_error': None}}
2026-03-09,17:12:21 [INFO] (web.py:web:2418): 200 GET /status (::1) 1.73ms
2026-03-09,17:12:22 [DEBUG] (base_handler.py:base_handler:115): Checking if need to handle authentication
2026-03-09,17:12:22 [DEBUG] (base_handler.py:base_handler:115): Handling authentication
2026-03-09,17:12:22 [INFO] (base_handler.py:base_handler:115): Authentication is not a required feature for API "v1"
2026-03-09,17:12:22 [DEBUG] (base_handler.py:base_handler:115): Checking request headers for authentication data
2026-03-09,17:12:22 [INFO] (base_handler.py:base_handler:115): Authorization header not found
2026-03-09,17:12:22 [DEBUG] (base_handler.py:base_handler:115): authentication not required, username and password are none
2026-03-09,17:12:22 [DEBUG] (state.py:state:526): Collecting Access-Control-Allow-Origin from state file ...
2026-03-09,17:12:22 [DEBUG] (state.py:state:628): Loading option 'Access-Control-Allow-Origin' from section [Service Info]...
2026-03-09,17:12:22 [DEBUG] (state.py:state:650): Returning value ''
2026-03-09,17:12:22 [DEBUG] (state.py:state:628): Loading option 'Access-Control-Allow-Headers' from section [Service Info]...
2026-03-09,17:12:22 [DEBUG] (state.py:state:650): Returning value ''
2026-03-09,17:12:22 [DEBUG] (state.py:state:628): Loading option 'Access-Control-Allow-Methods' from section [Service Info]...
2026-03-09,17:12:22 [DEBUG] (state.py:state:650): Returning value ''
2026-03-09,17:12:22 [DEBUG] (base_handler.py:base_handler:115): Found models: {'predict_ecotype_xgb': {'version': 6, 'type': 'model', 'status': 'LoadSuccessful', 'last_error': None}, 'get_cluster': {'version': 1, 'type': 'model', 'status': 'LoadSuccessful', 'last_error': None}, 'get_pca1': {'version': 1, 'type': 'model', 'status': 'LoadSuccessful', 'last_error': None}, 'get_pca2': {'version': 1, 'type': 'model', 'status': 'LoadSuccessful', 'last_error': None}, 'get_pca3': {'version': 1, 'type': 'model', 'status': 'LoadSuccessful', 'last_error': None}, 'get_biplot_pc1_loadings': {'version': 1, 'type': 'model', 'status': 'LoadSuccessful', 'last_error': None}, 'get_biplot_pc2_loadings': {'version': 1, 'type': 'model', 'status': 'LoadSuccessful', 'last_error': None}, 'get_channel': {'version': 1, 'type': 'model', 'status': 'LoadSuccessful', 'last_error': None}, 'get_channel_proba': {'version': 1, 'type': 'model', 'status': 'LoadSuccessful', 'last_error': None}, 'get_feature_importance': {'version': 1, 'type': 'model', 'status': 'LoadSuccessful', 'last_error': None}}
2026-03-09,17:12:22 [INFO] (web.py:web:2418): 200 GET /status (::1) 1.83ms
2026-03-09,17:12:23 [DEBUG] (base_handler.py:base_handler:115): Checking if need to handle authentication
2026-03-09,17:12:23 [DEBUG] (base_handler.py:base_handler:115): Handling authentication
2026-03-09,17:12:23 [INFO] (base_handler.py:base_handler:115): Authentication is not a required feature for API "v1"
2026-03-09,17:12:23 [DEBUG] (base_handler.py:base_handler:115): Checking request headers for authentication data
2026-03-09,17:12:23 [INFO] (base_handler.py:base_handler:115): Authorization header not found
2026-03-09,17:12:23 [DEBUG] (base_handler.py:base_handler:115): authentication not required, username and password are none
2026-03-09,17:12:23 [DEBUG] (state.py:state:526): Collecting Access-Control-Allow-Origin from state file ...
2026-03-09,17:12:23 [DEBUG] (state.py:state:628): Loading option 'Access-Control-Allow-Origin' from section [Service Info]...
2026-03-09,17:12:23 [DEBUG] (state.py:state:650): Returning value ''
2026-03-09,17:12:23 [DEBUG] (state.py:state:628): Loading option 'Access-Control-Allow-Headers' from section [Service Info]...
2026-03-09,17:12:23 [DEBUG] (state.py:state:650): Returning value ''
2026-03-09,17:12:23 [DEBUG] (state.py:state:628): Loading option 'Access-Control-Allow-Methods' from section [Service Info]...
2026-03-09,17:12:23 [DEBUG] (state.py:state:650): Returning value ''
2026-03-09,17:12:23 [DEBUG] (base_handler.py:base_handler:115): Found models: {'predict_ecotype_xgb': {'version': 6, 'type': 'model', 'status': 'LoadSuccessful', 'last_error': None}, 'get_cluster': {'version': 1, 'type': 'model', 'status': 'LoadSuccessful', 'last_error': None}, 'get_pca1': {'version': 1, 'type': 'model', 'status': 'LoadSuccessful', 'last_error': None}, 'get_pca2': {'version': 1, 'type': 'model', 'status': 'LoadSuccessful', 'last_error': None}, 'get_pca3': {'version': 1, 'type': 'model', 'status': 'LoadSuccessful', 'last_error': None}, 'get_biplot_pc1_loadings': {'version': 1, 'type': 'model', 'status': 'LoadSuccessful', 'last_error': None}, 'get_biplot_pc2_loadings': {'version': 1, 'type': 'model', 'status': 'LoadSuccessful', 'last_error': None}, 'get_channel': {'version': 1, 'type': 'model', 'status': 'LoadSuccessful', 'last_error': None}, 'get_channel_proba': {'version': 1, 'type': 'model', 'status': 'LoadSuccessful', 'last_error': None}, 'get_feature_importance': {'version': 1, 'type': 'model', 'status': 'LoadSuccessful', 'last_error': None}}
2026-03-09,17:12:23 [INFO] (web.py:web:2418): 200 GET /status (::1) 1.33ms
2026-03-09,17:12:23 [DEBUG] (base_handler.py:base_handler:115): Checking if need to handle authentication
2026-03-09,17:12:23 [DEBUG] (base_handler.py:base_handler:115): Handling authentication
2026-03-09,17:12:23 [INFO] (base_handler.py:base_handler:115): Authentication is not a required feature for API "v1"
2026-03-09,17:12:23 [DEBUG] (base_handler.py:base_handler:115): Checking request headers for authentication data
2026-03-09,17:12:23 [INFO] (base_handler.py:base_handler:115): Authorization header not found
2026-03-09,17:12:23 [DEBUG] (base_handler.py:base_handler:115): authentication not required, username and password are none
2026-03-09,17:12:23 [DEBUG] (state.py:state:526): Collecting Access-Control-Allow-Origin from state file ...
2026-03-09,17:12:23 [DEBUG] (state.py:state:628): Loading option 'Access-Control-Allow-Origin' from section [Service Info]...
2026-03-09,17:12:23 [DEBUG] (state.py:state:650): Returning value ''
2026-03-09,17:12:23 [DEBUG] (state.py:state:628): Loading option 'Access-Control-Allow-Headers' from section [Service Info]...
2026-03-09,17:12:23 [DEBUG] (state.py:state:650): Returning value ''
2026-03-09,17:12:23 [DEBUG] (state.py:state:628): Loading option 'Access-Control-Allow-Methods' from section [Service Info]...
2026-03-09,17:12:23 [DEBUG] (state.py:state:650): Returning value ''
2026-03-09,17:12:23 [DEBUG] (state.py:state:628): Loading option 'Description' from section [Service Info]...
2026-03-09,17:12:23 [DEBUG] (state.py:state:650): Returning value ''
2026-03-09,17:12:23 [DEBUG] (state.py:state:628): Loading option 'Creation Time' from section [Service Info]...
2026-03-09,17:12:23 [DEBUG] (state.py:state:650): Returning value '0'
2026-03-09,17:12:23 [DEBUG] (state.py:state:628): Loading option 'Name' from section [Service Info]...
2026-03-09,17:12:23 [DEBUG] (state.py:state:650): Returning value 'TabPy Server'
2026-03-09,17:12:23 [INFO] (web.py:web:2418): 200 GET /info (::1) 1.44ms
2026-03-09,17:12:23 [DEBUG] (base_handler.py:base_handler:115): Checking if need to handle authentication
2026-03-09,17:12:23 [DEBUG] (base_handler.py:base_handler:115): Handling authentication
2026-03-09,17:12:23 [INFO] (base_handler.py:base_handler:115): Authentication is not a required feature for API "v1"
2026-03-09,17:12:23 [DEBUG] (base_handler.py:base_handler:115): Checking request headers for authentication data
2026-03-09,17:12:23 [INFO] (base_handler.py:base_handler:115): Authorization header not found
2026-03-09,17:12:23 [DEBUG] (base_handler.py:base_handler:115): authentication not required, username and password are none
2026-03-09,17:12:23 [DEBUG] (state.py:state:526): Collecting Access-Control-Allow-Origin from state file ...
2026-03-09,17:12:23 [DEBUG] (state.py:state:628): Loading option 'Access-Control-Allow-Origin' from section [Service Info]...
2026-03-09,17:12:23 [DEBUG] (state.py:state:650): Returning value ''
2026-03-09,17:12:23 [DEBUG] (state.py:state:628): Loading option 'Access-Control-Allow-Headers' from section [Service Info]...
2026-03-09,17:12:23 [DEBUG] (state.py:state:650): Returning value ''
2026-03-09,17:12:23 [DEBUG] (state.py:state:628): Loading option 'Access-Control-Allow-Methods' from section [Service Info]...
2026-03-09,17:12:23 [DEBUG] (state.py:state:650): Returning value ''
2026-03-09,17:12:23 [DEBUG] (base_handler.py:base_handler:115): Processing POST request...
2026-03-09,17:12:23 [INFO] (base_handler.py:base_handler:115): function to evaluate=def _user_script(tabpy, _arg1, _arg2, _arg3, _arg4, _arg5, _arg6, _arg7, _arg8):
 return tabpy.query('get_channel_proba', _arg1, _arg2, _arg3, _arg4, _arg5, _arg6, _arg7, _arg8)['response']

2026-03-09,17:12:23 [DEBUG] (base_handler.py:base_handler:115): Querying http://localhost:9004/query/get_channel_proba...
2026-03-09,17:12:23 [DEBUG] (connectionpool.py:connectionpool:241): Starting new HTTP connection (1): localhost:9004
2026-03-09,17:12:23 [DEBUG] (base_handler.py:base_handler:115): Checking if need to handle authentication
2026-03-09,17:12:23 [DEBUG] (base_handler.py:base_handler:115): Handling authentication
2026-03-09,17:12:23 [INFO] (base_handler.py:base_handler:115): Authentication is not a required feature for API "v1"
2026-03-09,17:12:23 [DEBUG] (base_handler.py:base_handler:115): Checking request headers for authentication data
2026-03-09,17:12:23 [INFO] (base_handler.py:base_handler:115): Authorization header not found
2026-03-09,17:12:23 [DEBUG] (base_handler.py:base_handler:115): authentication not required, username and password are none
2026-03-09,17:12:23 [DEBUG] (base_handler.py:base_handler:115): Processing POST for /query/get_channel_proba...
2026-03-09,17:12:23 [DEBUG] (base_handler.py:base_handler:115): Processing query get_channel_proba...
2026-03-09,17:12:23 [DEBUG] (state.py:state:526): Collecting Access-Control-Allow-Origin from state file ...
2026-03-09,17:12:23 [DEBUG] (state.py:state:628): Loading option 'Access-Control-Allow-Origin' from section [Service Info]...
2026-03-09,17:12:23 [DEBUG] (state.py:state:650): Returning value ''
2026-03-09,17:12:23 [DEBUG] (state.py:state:628): Loading option 'Access-Control-Allow-Headers' from section [Service Info]...
2026-03-09,17:12:23 [DEBUG] (state.py:state:650): Returning value ''
2026-03-09,17:12:23 [DEBUG] (state.py:state:628): Loading option 'Access-Control-Allow-Methods' from section [Service Info]...
2026-03-09,17:12:23 [DEBUG] (state.py:state:650): Returning value ''
2026-03-09,17:12:23 [DEBUG] (base_handler.py:base_handler:115): Collecting query info for get_channel_proba...
2026-03-09,17:12:23 [DEBUG] (python_service.py:python_service:236): Querying Python service get_channel_proba...
2026-03-09,17:12:23 [DEBUG] (python_service.py:python_service:248): Found object {'version': 1, 'type': 'model', 'endpoint_obj': <tabpy_client.custom_query_object.CustomQueryObject object at 0x000002101A109BF0>, 'status': 'LoadSuccessful', 'last_error': None}
2026-03-09,17:12:23 [DEBUG] (python_service.py:python_service:262): Querying endpoint with params ([[7291], [1012], [2062], [1291], [240], [1775], [1], ['XGBoost']])...
2026-03-09,17:12:23 [ERROR] (python_service.py:python_service:272): 'ValueError' object has no attribute 'message'
Traceback (most recent call last):
  File "C:\Users\bohee\AppData\Local\Programs\Python\Python313\Lib\site-packages\tabpy_client\custom_query_object.py", line 51, in query
    ret = self.custom_query(*args, **kwargs)
  File "c:\Users\bohee\Documents\GitHub\Machine_learning\[LAB 05] 비지도 학습 - 구매 패턴 기반 고객 군집 분석과 페르소나 도출\tabpy_wholesale_cluster.py", line 317, in get_channel_proba
    clf = _load_channel_model(ModelName)
  File "c:\Users\bohee\Documents\GitHub\Machine_learning\[LAB 05] 비지도 학습 - 구매 패턴 기반 고객 군집 분석과 페르소나 도출\tabpy_wholesale_cluster.py", line 235, in _load_channel_model
    raise ValueError(
        f"지원 모델: {list(_CHANNEL_MODEL_FILES.keys())}. 입력: {model_name}"
    )
ValueError: 지원 모델: ['logisticregression', 'xgboost', 'catboost', 'randomforest']. 입력: ['XGBoost']

During handling of the above exception, another exception occurred:

Traceback (most recent call last):
  File "C:\Users\bohee\AppData\Local\Programs\Python\Python313\Lib\site-packages\tabpy\tabpy_server\psws\python_service.py", line 266, in query
    result = pred_obj.query(*params)
  File "C:\Users\bohee\AppData\Local\Programs\Python\Python313\Lib\site-packages\tabpy_client\custom_query_object.py", line 53, in query
    _logger.exception('Exception hit when running custom query, error: %s' % e.message)
                                                                             ^^^^^^^^^
AttributeError: 'ValueError' object has no attribute 'message'
2026-03-09,17:12:23 [ERROR] (python_service.py:python_service:274): AttributeError : 'ValueError' object has no attribute 'message'
2026-03-09,17:12:23 [DEBUG] (base_handler.py:base_handler:115): Query info: QueryFailed(uri='get_channel_proba', error="AttributeError : 'ValueError' object has no attribute 'message'")
2026-03-09,17:12:23 [ERROR] (base_handler.py:base_handler:115): Failed query, response: QueryFailed(uri='get_channel_proba', error="AttributeError : 'ValueError' object has no attribute 'message'")
2026-03-09,17:12:23 [ERROR] (base_handler.py:base_handler:115): Responding with status=500, message="Error querying function 'get_channel_proba'", info="{'uri': 'get_channel_proba', 'error': "AttributeError : 'ValueError' object has no attribute 'message'", 'type': 'QueryFailed'}"
2026-03-09,17:12:23 [DEBUG] (connectionpool.py:connectionpool:544): http://localhost:9004 "POST /query/get_channel_proba HTTP/1.1" 500 195
2026-03-09,17:12:23 [ERROR] (web.py:web:2418): 500 POST /query/get_channel_proba (::1) 4.79ms
2026-03-09,17:12:23 [ERROR] (base_handler.py:base_handler:115): Traceback (most recent call last):
  File "C:\Users\bohee\AppData\Local\Programs\Python\Python313\Lib\site-packages\tabpy\tabpy_server\handlers\evaluation_plane_handler.py", line 178, in post
    yield self._post_impl()
  File "C:\Users\bohee\AppData\Roaming\Python\Python313\site-packages\tornado\gen.py", line 783, in run
    value = future.result()
  File "C:\Users\bohee\AppData\Roaming\Python\Python313\site-packages\tornado\gen.py", line 796, in run
    yielded = self.gen.throw(exc)
  File "C:\Users\bohee\AppData\Local\Programs\Python\Python313\Lib\site-packages\tabpy\tabpy_server\handlers\evaluation_plane_handler.py", line 118, in _post_impl
    result = yield self._call_subprocess(function_to_evaluate, arguments)
             ^^^^^^^^^^^^^^^^^^^^^^^^^^^^^^^^^^^^^^^^^^^^^^^^^^^^^^^^^^^^
  File "C:\Users\bohee\AppData\Roaming\Python\Python313\site-packages\tornado\gen.py", line 783, in run
    value = future.result()
  File "C:\Users\bohee\AppData\Roaming\Python\Python313\site-packages\tornado\gen.py", line 796, in run
    yielded = self.gen.throw(exc)
  File "C:\Users\bohee\AppData\Local\Programs\Python\Python313\Lib\site-packages\tabpy\tabpy_server\handlers\evaluation_plane_handler.py", line 212, in _call_subprocess
    ret = yield gen.with_timeout(timedelta(seconds=self.eval_timeout), future)
          ^^^^^^^^^^^^^^^^^^^^^^^^^^^^^^^^^^^^^^^^^^^^^^^^^^^^^^^^^^^^^^^^^^^^
  File "C:\Users\bohee\AppData\Roaming\Python\Python313\site-packages\tornado\gen.py", line 783, in run
    value = future.result()
  File "C:\Users\bohee\AppData\Local\Programs\Python\Python313\Lib\concurrent\futures\thread.py", line 59, in run
    result = self.fn(*self.args, **self.kwargs)
  File "<string>", line 2, in _user_script
KeyError: 'response'

2026-03-09,17:12:23 [ERROR] (base_handler.py:base_handler:115): Responding with status=404, message="Error processing script", info="The endpoint you're trying to query did not respond. Please make sure the endpoint exists and the correct set of arguments are provided."
2026-03-09,17:12:23 [WARNING] (web.py:web:2418): 404 POST /evaluate (::1) 11.37ms
2026-03-09,17:12:24 [DEBUG] (base_handler.py:base_handler:115): Checking if need to handle authentication
2026-03-09,17:12:24 [DEBUG] (base_handler.py:base_handler:115): Handling authentication
2026-03-09,17:12:24 [INFO] (base_handler.py:base_handler:115): Authentication is not a required feature for API "v1"
2026-03-09,17:12:24 [DEBUG] (base_handler.py:base_handler:115): Checking request headers for authentication data
2026-03-09,17:12:24 [INFO] (base_handler.py:base_handler:115): Authorization header not found
2026-03-09,17:12:24 [DEBUG] (base_handler.py:base_handler:115): authentication not required, username and password are none
2026-03-09,17:12:24 [DEBUG] (state.py:state:526): Collecting Access-Control-Allow-Origin from state file ...
2026-03-09,17:12:24 [DEBUG] (state.py:state:628): Loading option 'Access-Control-Allow-Origin' from section [Service Info]...
2026-03-09,17:12:24 [DEBUG] (state.py:state:650): Returning value ''
2026-03-09,17:12:24 [DEBUG] (state.py:state:628): Loading option 'Access-Control-Allow-Headers' from section [Service Info]...
2026-03-09,17:12:24 [DEBUG] (state.py:state:650): Returning value ''
2026-03-09,17:12:24 [DEBUG] (state.py:state:628): Loading option 'Access-Control-Allow-Methods' from section [Service Info]...
2026-03-09,17:12:24 [DEBUG] (state.py:state:650): Returning value ''
2026-03-09,17:12:24 [DEBUG] (base_handler.py:base_handler:115): Found models: {'predict_ecotype_xgb': {'version': 6, 'type': 'model', 'status': 'LoadSuccessful', 'last_error': None}, 'get_cluster': {'version': 1, 'type': 'model', 'status': 'LoadSuccessful', 'last_error': None}, 'get_pca1': {'version': 1, 'type': 'model', 'status': 'LoadSuccessful', 'last_error': None}, 'get_pca2': {'version': 1, 'type': 'model', 'status': 'LoadSuccessful', 'last_error': None}, 'get_pca3': {'version': 1, 'type': 'model', 'status': 'LoadSuccessful', 'last_error': None}, 'get_biplot_pc1_loadings': {'version': 1, 'type': 'model', 'status': 'LoadSuccessful', 'last_error': None}, 'get_biplot_pc2_loadings': {'version': 1, 'type': 'model', 'status': 'LoadSuccessful', 'last_error': None}, 'get_channel': {'version': 1, 'type': 'model', 'status': 'LoadSuccessful', 'last_error': None}, 'get_channel_proba': {'version': 1, 'type': 'model', 'status': 'LoadSuccessful', 'last_error': None}, 'get_feature_importance': {'version': 1, 'type': 'model', 'status': 'LoadSuccessful', 'last_error': None}}
2026-03-09,17:12:24 [INFO] (web.py:web:2418): 200 GET /status (::1) 1.65ms
