2026-02-09 16:03:52,412:WARNING:
'cuml' is a soft dependency and not included in the pycaret installation. Please run: `pip install cuml` to install.
2026-02-09 16:03:52,414:WARNING:
'cuml' is a soft dependency and not included in the pycaret installation. Please run: `pip install cuml` to install.
2026-02-09 16:03:52,414:WARNING:
'cuml' is a soft dependency and not included in the pycaret installation. Please run: `pip install cuml` to install.
2026-02-09 16:03:52,414:WARNING:
'cuml' is a soft dependency and not included in the pycaret installation. Please run: `pip install cuml` to install.
2026-02-09 16:07:08,695:WARNING:
'cuml' is a soft dependency and not included in the pycaret installation. Please run: `pip install cuml` to install.
2026-02-09 16:07:08,695:WARNING:
'cuml' is a soft dependency and not included in the pycaret installation. Please run: `pip install cuml` to install.
2026-02-09 16:07:08,695:WARNING:
'cuml' is a soft dependency and not included in the pycaret installation. Please run: `pip install cuml` to install.
2026-02-09 16:07:08,695:WARNING:
'cuml' is a soft dependency and not included in the pycaret installation. Please run: `pip install cuml` to install.
2026-02-09 16:07:09,895:INFO:PyCaret RegressionExperiment
2026-02-09 16:07:09,897:INFO:Logging name: reg-default-name
2026-02-09 16:07:09,897:INFO:ML Usecase: MLUsecase.REGRESSION
2026-02-09 16:07:09,897:INFO:version 3.3.2
2026-02-09 16:07:09,897:INFO:Initializing setup()
2026-02-09 16:07:09,897:INFO:self.USI: 0d17
2026-02-09 16:07:09,897:INFO:self._variable_keys: {'X', 'USI', 'memory', 'X_test', 'y', 'transform_target_param', 'fold_generator', 'fold_shuffle_param', 'logging_param', 'X_train', 'data', 'fold_groups_param', 'seed', 'n_jobs_param', 'y_train', 'html_param', 'exp_id', '_ml_usecase', 'log_plots_param', '_available_plots', 'idx', 'exp_name_log', 'gpu_param', 'pipeline', 'y_test', 'target_param', 'gpu_n_jobs_param'}
2026-02-09 16:07:09,897:INFO:Checking environment
2026-02-09 16:07:09,897:INFO:python_version: 3.11.9
2026-02-09 16:07:09,897:INFO:python_build: ('tags/v3.11.9:de54cf5', 'Apr  2 2024 10:12:12')
2026-02-09 16:07:09,897:INFO:machine: AMD64
2026-02-09 16:07:09,897:INFO:platform: Windows-10-10.0.26200-SP0
2026-02-09 16:07:09,897:INFO:Memory: svmem(total=16881364992, available=2518646784, percent=85.1, used=14362718208, free=2518646784)
2026-02-09 16:07:09,897:INFO:Physical Core: 6
2026-02-09 16:07:09,897:INFO:Logical Core: 12
2026-02-09 16:07:09,897:INFO:Checking libraries
2026-02-09 16:07:09,897:INFO:System:
2026-02-09 16:07:09,897:INFO:    python: 3.11.9 (tags/v3.11.9:de54cf5, Apr  2 2024, 10:12:12) [MSC v.1938 64 bit (AMD64)]
2026-02-09 16:07:09,897:INFO:executable: c:\Users\itwill\AppData\Local\Programs\Python\Python311\python.exe
2026-02-09 16:07:09,897:INFO:   machine: Windows-10-10.0.26200-SP0
2026-02-09 16:07:09,897:INFO:PyCaret required dependencies:
2026-02-09 16:07:09,911:WARNING:c:\Users\itwill\AppData\Local\Programs\Python\Python311\Lib\site-packages\_distutils_hack\__init__.py:33: UserWarning: Setuptools is replacing distutils.
  warnings.warn("Setuptools is replacing distutils.")

2026-02-09 16:07:09,914:INFO:                 pip: 26.0.1
2026-02-09 16:07:09,914:INFO:          setuptools: 65.5.0
2026-02-09 16:07:09,914:INFO:             pycaret: 3.3.2
2026-02-09 16:07:09,914:INFO:             IPython: 9.10.0
2026-02-09 16:07:09,914:INFO:          ipywidgets: 8.1.8
2026-02-09 16:07:09,914:INFO:                tqdm: 4.67.3
2026-02-09 16:07:09,914:INFO:               numpy: 1.26.4
2026-02-09 16:07:09,914:INFO:              pandas: 2.1.4
2026-02-09 16:07:09,914:INFO:              jinja2: 3.1.6
2026-02-09 16:07:09,914:INFO:               scipy: 1.11.4
2026-02-09 16:07:09,914:INFO:              joblib: 1.3.2
2026-02-09 16:07:09,914:INFO:             sklearn: 1.4.2
2026-02-09 16:07:09,914:INFO:                pyod: 2.0.6
2026-02-09 16:07:09,914:INFO:            imblearn: 0.13.0
2026-02-09 16:07:09,914:INFO:   category_encoders: 2.7.0
2026-02-09 16:07:09,914:INFO:            lightgbm: 4.6.0
2026-02-09 16:07:09,914:INFO:               numba: 0.63.1
2026-02-09 16:07:09,914:INFO:            requests: 2.32.5
2026-02-09 16:07:09,914:INFO:          matplotlib: 3.7.5
2026-02-09 16:07:09,914:INFO:          scikitplot: 0.3.7
2026-02-09 16:07:09,914:INFO:         yellowbrick: 1.5
2026-02-09 16:07:09,914:INFO:              plotly: 6.5.2
2026-02-09 16:07:09,914:INFO:    plotly-resampler: Not installed
2026-02-09 16:07:09,914:INFO:             kaleido: 1.2.0
2026-02-09 16:07:09,914:INFO:           schemdraw: 0.15
2026-02-09 16:07:09,914:INFO:         statsmodels: 0.14.6
2026-02-09 16:07:09,914:INFO:              sktime: 0.26.0
2026-02-09 16:07:09,914:INFO:               tbats: 1.1.3
2026-02-09 16:07:09,914:INFO:            pmdarima: 2.0.4
2026-02-09 16:07:09,915:INFO:              psutil: 7.2.2
2026-02-09 16:07:09,915:INFO:          markupsafe: 3.0.3
2026-02-09 16:07:09,915:INFO:             pickle5: Not installed
2026-02-09 16:07:09,915:INFO:         cloudpickle: 3.1.2
2026-02-09 16:07:09,915:INFO:         deprecation: 2.1.0
2026-02-09 16:07:09,915:INFO:              xxhash: 3.6.0
2026-02-09 16:07:09,915:INFO:           wurlitzer: Not installed
2026-02-09 16:07:09,915:INFO:PyCaret optional dependencies:
2026-02-09 16:07:09,923:INFO:                shap: 0.49.1
2026-02-09 16:07:09,923:INFO:           interpret: Not installed
2026-02-09 16:07:09,923:INFO:                umap: Not installed
2026-02-09 16:07:09,923:INFO:     ydata_profiling: Not installed
2026-02-09 16:07:09,923:INFO:  explainerdashboard: Not installed
2026-02-09 16:07:09,923:INFO:             autoviz: Not installed
2026-02-09 16:07:09,923:INFO:           fairlearn: Not installed
2026-02-09 16:07:09,923:INFO:          deepchecks: Not installed
2026-02-09 16:07:09,923:INFO:             xgboost: 2.1.4
2026-02-09 16:07:09,923:INFO:            catboost: 1.2.8
2026-02-09 16:07:09,923:INFO:              kmodes: 0.12.2
2026-02-09 16:07:09,923:INFO:             mlxtend: Not installed
2026-02-09 16:07:09,923:INFO:       statsforecast: Not installed
2026-02-09 16:07:09,923:INFO:        tune_sklearn: Not installed
2026-02-09 16:07:09,923:INFO:                 ray: Not installed
2026-02-09 16:07:09,924:INFO:            hyperopt: Not installed
2026-02-09 16:07:09,924:INFO:              optuna: Not installed
2026-02-09 16:07:09,924:INFO:               skopt: Not installed
2026-02-09 16:07:09,924:INFO:              mlflow: Not installed
2026-02-09 16:07:09,924:INFO:              gradio: Not installed
2026-02-09 16:07:09,924:INFO:             fastapi: Not installed
2026-02-09 16:07:09,924:INFO:             uvicorn: Not installed
2026-02-09 16:07:09,924:INFO:              m2cgen: Not installed
2026-02-09 16:07:09,924:INFO:           evidently: Not installed
2026-02-09 16:07:09,924:INFO:               fugue: Not installed
2026-02-09 16:07:09,924:INFO:           streamlit: Not installed
2026-02-09 16:07:09,924:INFO:             prophet: 1.3.0
2026-02-09 16:07:09,924:INFO:None
2026-02-09 16:07:09,924:INFO:Set up data.
2026-02-09 16:07:09,928:INFO:Set up folding strategy.
2026-02-09 16:07:09,928:INFO:Set up train/test split.
2026-02-09 16:07:09,931:INFO:Set up index.
2026-02-09 16:07:09,931:INFO:Assigning column types.
2026-02-09 16:07:09,935:INFO:Engine successfully changes for model 'lr' to 'sklearn'.
2026-02-09 16:07:09,935:INFO:Engine for model 'lasso' has not been set explicitly, hence returning None.
2026-02-09 16:07:09,937:INFO:Engine for model 'ridge' has not been set explicitly, hence returning None.
2026-02-09 16:07:09,938:INFO:Engine for model 'en' has not been set explicitly, hence returning None.
2026-02-09 16:07:09,977:INFO:Engine for model 'svm' has not been set explicitly, hence returning None.
2026-02-09 16:07:10,006:INFO:Engine for model 'knn' has not been set explicitly, hence returning None.
2026-02-09 16:07:10,006:INFO:Soft dependency imported: xgboost: 2.1.4
2026-02-09 16:07:10,006:INFO:Soft dependency imported: catboost: 1.2.8
2026-02-09 16:07:10,006:INFO:Engine for model 'lasso' has not been set explicitly, hence returning None.
2026-02-09 16:07:10,006:INFO:Engine for model 'ridge' has not been set explicitly, hence returning None.
2026-02-09 16:07:10,018:INFO:Engine for model 'en' has not been set explicitly, hence returning None.
2026-02-09 16:07:10,053:INFO:Engine for model 'svm' has not been set explicitly, hence returning None.
2026-02-09 16:07:10,085:INFO:Engine for model 'knn' has not been set explicitly, hence returning None.
2026-02-09 16:07:10,085:INFO:Soft dependency imported: xgboost: 2.1.4
2026-02-09 16:07:10,087:INFO:Soft dependency imported: catboost: 1.2.8
2026-02-09 16:07:10,087:INFO:Engine successfully changes for model 'lasso' to 'sklearn'.
2026-02-09 16:07:10,087:INFO:Engine for model 'ridge' has not been set explicitly, hence returning None.
2026-02-09 16:07:10,087:INFO:Engine for model 'en' has not been set explicitly, hence returning None.
2026-02-09 16:07:10,119:INFO:Engine for model 'svm' has not been set explicitly, hence returning None.
2026-02-09 16:07:10,154:INFO:Engine for model 'knn' has not been set explicitly, hence returning None.
2026-02-09 16:07:10,154:INFO:Soft dependency imported: xgboost: 2.1.4
2026-02-09 16:07:10,156:INFO:Soft dependency imported: catboost: 1.2.8
2026-02-09 16:07:10,159:INFO:Engine for model 'ridge' has not been set explicitly, hence returning None.
2026-02-09 16:07:10,161:INFO:Engine for model 'en' has not been set explicitly, hence returning None.
2026-02-09 16:07:10,197:INFO:Engine for model 'svm' has not been set explicitly, hence returning None.
2026-02-09 16:07:10,222:INFO:Engine for model 'knn' has not been set explicitly, hence returning None.
2026-02-09 16:07:10,222:INFO:Soft dependency imported: xgboost: 2.1.4
2026-02-09 16:07:10,222:INFO:Soft dependency imported: catboost: 1.2.8
2026-02-09 16:07:10,222:INFO:Engine successfully changes for model 'ridge' to 'sklearn'.
2026-02-09 16:07:10,234:INFO:Engine for model 'en' has not been set explicitly, hence returning None.
2026-02-09 16:07:10,276:INFO:Engine for model 'svm' has not been set explicitly, hence returning None.
2026-02-09 16:07:10,302:INFO:Engine for model 'knn' has not been set explicitly, hence returning None.
2026-02-09 16:07:10,302:INFO:Soft dependency imported: xgboost: 2.1.4
2026-02-09 16:07:10,305:INFO:Soft dependency imported: catboost: 1.2.8
2026-02-09 16:07:10,310:INFO:Engine for model 'en' has not been set explicitly, hence returning None.
2026-02-09 16:07:10,345:INFO:Engine for model 'svm' has not been set explicitly, hence returning None.
2026-02-09 16:07:10,367:INFO:Engine for model 'knn' has not been set explicitly, hence returning None.
2026-02-09 16:07:10,367:INFO:Soft dependency imported: xgboost: 2.1.4
2026-02-09 16:07:10,367:INFO:Soft dependency imported: catboost: 1.2.8
2026-02-09 16:07:10,367:INFO:Engine successfully changes for model 'en' to 'sklearn'.
2026-02-09 16:07:10,404:INFO:Engine for model 'svm' has not been set explicitly, hence returning None.
2026-02-09 16:07:10,430:INFO:Engine for model 'knn' has not been set explicitly, hence returning None.
2026-02-09 16:07:10,430:INFO:Soft dependency imported: xgboost: 2.1.4
2026-02-09 16:07:10,430:INFO:Soft dependency imported: catboost: 1.2.8
2026-02-09 16:07:10,468:INFO:Engine for model 'svm' has not been set explicitly, hence returning None.
2026-02-09 16:07:10,494:INFO:Engine for model 'knn' has not been set explicitly, hence returning None.
2026-02-09 16:07:10,494:INFO:Soft dependency imported: xgboost: 2.1.4
2026-02-09 16:07:10,494:INFO:Soft dependency imported: catboost: 1.2.8
2026-02-09 16:07:10,494:INFO:Engine successfully changes for model 'knn' to 'sklearn'.
2026-02-09 16:07:10,524:INFO:Engine for model 'svm' has not been set explicitly, hence returning None.
2026-02-09 16:07:10,553:INFO:Soft dependency imported: xgboost: 2.1.4
2026-02-09 16:07:10,553:INFO:Soft dependency imported: catboost: 1.2.8
2026-02-09 16:07:10,593:INFO:Engine for model 'svm' has not been set explicitly, hence returning None.
2026-02-09 16:07:10,621:INFO:Soft dependency imported: xgboost: 2.1.4
2026-02-09 16:07:10,621:INFO:Soft dependency imported: catboost: 1.2.8
2026-02-09 16:07:10,621:INFO:Engine successfully changes for model 'svm' to 'sklearn'.
2026-02-09 16:07:10,684:INFO:Soft dependency imported: xgboost: 2.1.4
2026-02-09 16:07:10,686:INFO:Soft dependency imported: catboost: 1.2.8
2026-02-09 16:07:10,745:INFO:Soft dependency imported: xgboost: 2.1.4
2026-02-09 16:07:10,745:INFO:Soft dependency imported: catboost: 1.2.8
2026-02-09 16:07:10,745:INFO:Preparing preprocessing pipeline...
2026-02-09 16:07:10,745:INFO:Set up simple imputation.
2026-02-09 16:07:10,745:INFO:Set up encoding of ordinal features.
2026-02-09 16:07:10,745:INFO:Set up encoding of categorical features.
2026-02-09 16:07:10,745:INFO:Set up feature normalization.
2026-02-09 16:07:10,795:INFO:Finished creating preprocessing pipeline.
2026-02-09 16:07:10,805:INFO:Pipeline: Pipeline(memory=FastMemory(location=C:\Users\itwill\AppData\Local\Temp\joblib),
         steps=[('numerical_imputer',
                 TransformerWrapper(include=['visitors', 'avg_price',
                                             'marketing_cost', 'delivery_ratio',
                                             'rain_mm', 'temperature'],
                                    transformer=SimpleImputer())),
                ('categorical_imputer',
                 TransformerWrapper(include=['weekend', 'holiday'],
                                    transformer=SimpleImputer(strat...
                 TransformerWrapper(include=['weekend', 'holiday'],
                                    transformer=OrdinalEncoder(cols=['weekend',
                                                                     'holiday'],
                                                               handle_missing='return_nan',
                                                               mapping=[{'col': 'weekend',
                                                                         'data_type': dtype('float64'),
                                                                         'mapping': 0.000    0
1.000    1
NaN     -1
dtype: int64},
                                                                        {'col': 'holiday',
                                                                         'data_type': dtype('float64'),
                                                                         'mapping': 0.000    0
1.000    1
NaN     -1
dtype: int64}]))),
                ('normalize',
                 TransformerWrapper(transformer=StandardScaler()))])
2026-02-09 16:07:10,805:INFO:Creating final display dataframe.
2026-02-09 16:07:10,904:INFO:Setup _display_container:                     Description             Value
0                    Session id                52
1                        Target             sales
2                   Target type        Regression
3           Original data shape          (353, 9)
4        Transformed data shape          (353, 9)
5   Transformed train set shape          (264, 9)
6    Transformed test set shape           (89, 9)
7              Numeric features                 6
8          Categorical features                 2
9                    Preprocess              True
10              Imputation type            simple
11           Numeric imputation              mean
12       Categorical imputation              mode
13     Maximum one-hot encoding                25
14              Encoding method              None
15                    Normalize              True
16             Normalize method            zscore
17               Fold Generator             KFold
18                  Fold Number                 5
19                     CPU Jobs                -1
20                      Use GPU             False
21               Log Experiment             False
22              Experiment Name  reg-default-name
23                          USI              0d17
2026-02-09 16:07:10,958:INFO:Soft dependency imported: xgboost: 2.1.4
2026-02-09 16:07:10,958:INFO:Soft dependency imported: catboost: 1.2.8
2026-02-09 16:07:11,023:INFO:Soft dependency imported: xgboost: 2.1.4
2026-02-09 16:07:11,023:INFO:Soft dependency imported: catboost: 1.2.8
2026-02-09 16:07:11,023:INFO:setup() successfully completed in 1.14s...............
2026-02-09 16:12:30,189:INFO:gpu_param set to False
2026-02-09 16:12:30,254:INFO:Soft dependency imported: xgboost: 2.1.4
2026-02-09 16:12:30,255:INFO:Soft dependency imported: catboost: 1.2.8
2026-02-09 16:12:30,308:INFO:Soft dependency imported: xgboost: 2.1.4
2026-02-09 16:12:30,308:INFO:Soft dependency imported: catboost: 1.2.8
2026-02-09 16:13:44,430:INFO:Initializing create_model()
2026-02-09 16:13:44,430:INFO:create_model(self=<pycaret.regression.oop.RegressionExperiment object at 0x000001E68784E7D0>, estimator=rf, fold=None, round=4, cross_validation=True, predict=True, fit_kwargs=None, groups=None, refit=True, probability_threshold=None, experiment_custom_tags=None, verbose=True, system=True, add_to_model_list=True, metrics=None, display=None, model_only=True, return_train_score=False, error_score=0.0, kwargs={})
2026-02-09 16:13:44,430:INFO:Checking exceptions
2026-02-09 16:13:44,440:INFO:Importing libraries
2026-02-09 16:13:44,440:INFO:Copying training dataset
2026-02-09 16:13:44,451:INFO:Defining folds
2026-02-09 16:13:44,451:INFO:Declaring metric variables
2026-02-09 16:13:44,453:INFO:Importing untrained model
2026-02-09 16:13:44,456:INFO:Random Forest Regressor Imported successfully
2026-02-09 16:13:44,460:INFO:Starting cross validation
2026-02-09 16:13:44,469:INFO:Cross validating with KFold(n_splits=5, random_state=None, shuffle=False), n_jobs=-1
2026-02-09 16:13:47,441:WARNING:c:\Users\itwill\AppData\Local\Programs\Python\Python311\Lib\site-packages\_distutils_hack\__init__.py:33: UserWarning: Setuptools is replacing distutils.
  warnings.warn("Setuptools is replacing distutils.")

2026-02-09 16:13:47,441:WARNING:c:\Users\itwill\AppData\Local\Programs\Python\Python311\Lib\site-packages\_distutils_hack\__init__.py:33: UserWarning: Setuptools is replacing distutils.
  warnings.warn("Setuptools is replacing distutils.")

2026-02-09 16:13:47,447:WARNING:c:\Users\itwill\AppData\Local\Programs\Python\Python311\Lib\site-packages\_distutils_hack\__init__.py:33: UserWarning: Setuptools is replacing distutils.
  warnings.warn("Setuptools is replacing distutils.")

2026-02-09 16:13:47,447:WARNING:c:\Users\itwill\AppData\Local\Programs\Python\Python311\Lib\site-packages\_distutils_hack\__init__.py:33: UserWarning: Setuptools is replacing distutils.
  warnings.warn("Setuptools is replacing distutils.")

2026-02-09 16:13:47,455:WARNING:c:\Users\itwill\AppData\Local\Programs\Python\Python311\Lib\site-packages\_distutils_hack\__init__.py:33: UserWarning: Setuptools is replacing distutils.
  warnings.warn("Setuptools is replacing distutils.")

2026-02-09 16:13:47,761:INFO:Calculating mean and std
2026-02-09 16:13:47,765:INFO:Creating metrics dataframe
2026-02-09 16:13:47,771:INFO:Finalizing model
2026-02-09 16:13:47,883:INFO:Uploading results into container
2026-02-09 16:13:47,884:INFO:Uploading model into container now
2026-02-09 16:13:47,889:INFO:_master_model_container: 1
2026-02-09 16:13:47,889:INFO:_display_container: 2
2026-02-09 16:13:47,890:INFO:RandomForestRegressor(n_jobs=-1, random_state=52)
2026-02-09 16:13:47,890:INFO:create_model() successfully completed......................................
2026-02-09 16:15:06,016:INFO:Initializing tune_model()
2026-02-09 16:15:06,016:INFO:tune_model(self=<pycaret.regression.oop.RegressionExperiment object at 0x000001E68784E7D0>, estimator=RandomForestRegressor(n_jobs=-1, random_state=52), fold=5, round=4, n_iter=30, custom_grid={'n_estimators': [50, 500], 'max_depth': [None, 10], 'min_samples_leaf': [5, 10], 'max_features': ['sqrt', 1.0]}, optimize=RMSE, custom_scorer=None, search_library=scikit-learn, search_algorithm=grid, early_stopping=True, early_stopping_max_iters=10, choose_better=True, fit_kwargs=None, groups=None, return_tuner=False, verbose=False, tuner_verbose=True, return_train_score=False, kwargs={})
2026-02-09 16:15:06,016:INFO:Checking exceptions
2026-02-09 16:15:06,020:INFO:Copying training dataset
2026-02-09 16:15:06,022:INFO:Checking base model
2026-02-09 16:15:06,022:INFO:Base model : Random Forest Regressor
2026-02-09 16:15:06,022:INFO:Declaring metric variables
2026-02-09 16:15:06,022:INFO:Defining Hyperparameters
2026-02-09 16:15:06,106:INFO:custom_grid: {'actual_estimator__n_estimators': [50, 500], 'actual_estimator__max_depth': [None, 10], 'actual_estimator__min_samples_leaf': [5, 10], 'actual_estimator__max_features': ['sqrt', 1.0]}
2026-02-09 16:15:06,106:INFO:Tuning with n_jobs=-1
2026-02-09 16:15:06,106:INFO:Initializing GridSearchCV
2026-02-09 16:15:10,581:WARNING:c:\Users\itwill\AppData\Local\Programs\Python\Python311\Lib\site-packages\_distutils_hack\__init__.py:33: UserWarning: Setuptools is replacing distutils.
  warnings.warn("Setuptools is replacing distutils.")

2026-02-09 16:15:10,600:WARNING:c:\Users\itwill\AppData\Local\Programs\Python\Python311\Lib\site-packages\_distutils_hack\__init__.py:33: UserWarning: Setuptools is replacing distutils.
  warnings.warn("Setuptools is replacing distutils.")

2026-02-09 16:15:10,641:WARNING:c:\Users\itwill\AppData\Local\Programs\Python\Python311\Lib\site-packages\_distutils_hack\__init__.py:33: UserWarning: Setuptools is replacing distutils.
  warnings.warn("Setuptools is replacing distutils.")

2026-02-09 16:15:10,652:WARNING:c:\Users\itwill\AppData\Local\Programs\Python\Python311\Lib\site-packages\_distutils_hack\__init__.py:33: UserWarning: Setuptools is replacing distutils.
  warnings.warn("Setuptools is replacing distutils.")

2026-02-09 16:15:10,678:WARNING:c:\Users\itwill\AppData\Local\Programs\Python\Python311\Lib\site-packages\_distutils_hack\__init__.py:33: UserWarning: Setuptools is replacing distutils.
  warnings.warn("Setuptools is replacing distutils.")

2026-02-09 16:15:10,723:WARNING:c:\Users\itwill\AppData\Local\Programs\Python\Python311\Lib\site-packages\_distutils_hack\__init__.py:33: UserWarning: Setuptools is replacing distutils.
  warnings.warn("Setuptools is replacing distutils.")

2026-02-09 16:15:12,432:INFO:best_params: {'actual_estimator__max_depth': 10, 'actual_estimator__max_features': 1.0, 'actual_estimator__min_samples_leaf': 5, 'actual_estimator__n_estimators': 500}
2026-02-09 16:15:12,432:INFO:Hyperparameter search completed
2026-02-09 16:15:12,432:INFO:SubProcess create_model() called ==================================
2026-02-09 16:15:12,433:INFO:Initializing create_model()
2026-02-09 16:15:12,433:INFO:create_model(self=<pycaret.regression.oop.RegressionExperiment object at 0x000001E68784E7D0>, estimator=RandomForestRegressor(n_jobs=-1, random_state=52), fold=KFold(n_splits=5, random_state=None, shuffle=False), round=4, cross_validation=True, predict=True, fit_kwargs={}, groups=None, refit=True, probability_threshold=None, experiment_custom_tags=None, verbose=True, system=False, add_to_model_list=True, metrics=None, display=<pycaret.internal.display.display.CommonDisplay object at 0x000001E687AC86D0>, model_only=True, return_train_score=False, error_score=0.0, kwargs={'max_depth': 10, 'max_features': 1.0, 'min_samples_leaf': 5, 'n_estimators': 500})
2026-02-09 16:15:12,433:INFO:Checking exceptions
2026-02-09 16:15:12,433:INFO:Importing libraries
2026-02-09 16:15:12,433:INFO:Copying training dataset
2026-02-09 16:15:12,437:INFO:Defining folds
2026-02-09 16:15:12,437:INFO:Declaring metric variables
2026-02-09 16:15:12,437:INFO:Importing untrained model
2026-02-09 16:15:12,437:INFO:Declaring custom model
2026-02-09 16:15:12,438:INFO:Random Forest Regressor Imported successfully
2026-02-09 16:15:12,438:INFO:Starting cross validation
2026-02-09 16:15:12,439:INFO:Cross validating with KFold(n_splits=5, random_state=None, shuffle=False), n_jobs=-1
2026-02-09 16:15:12,964:INFO:Calculating mean and std
2026-02-09 16:15:12,964:INFO:Creating metrics dataframe
2026-02-09 16:15:12,964:INFO:Finalizing model
2026-02-09 16:15:13,300:INFO:Uploading results into container
2026-02-09 16:15:13,300:INFO:Uploading model into container now
2026-02-09 16:15:13,300:INFO:_master_model_container: 2
2026-02-09 16:15:13,300:INFO:_display_container: 3
2026-02-09 16:15:13,300:INFO:RandomForestRegressor(max_depth=10, min_samples_leaf=5, n_estimators=500,
                      n_jobs=-1, random_state=52)
2026-02-09 16:15:13,300:INFO:create_model() successfully completed......................................
2026-02-09 16:15:13,380:INFO:SubProcess create_model() end ==================================
2026-02-09 16:15:13,380:INFO:choose_better activated
2026-02-09 16:15:13,380:INFO:SubProcess create_model() called ==================================
2026-02-09 16:15:13,380:INFO:Initializing create_model()
2026-02-09 16:15:13,380:INFO:create_model(self=<pycaret.regression.oop.RegressionExperiment object at 0x000001E68784E7D0>, estimator=RandomForestRegressor(n_jobs=-1, random_state=52), fold=KFold(n_splits=5, random_state=None, shuffle=False), round=4, cross_validation=True, predict=True, fit_kwargs={}, groups=None, refit=True, probability_threshold=None, experiment_custom_tags=None, verbose=False, system=False, add_to_model_list=True, metrics=None, display=None, model_only=True, return_train_score=False, error_score=0.0, kwargs={})
2026-02-09 16:15:13,380:INFO:Checking exceptions
2026-02-09 16:15:13,380:INFO:Importing libraries
2026-02-09 16:15:13,380:INFO:Copying training dataset
2026-02-09 16:15:13,380:INFO:Defining folds
2026-02-09 16:15:13,380:INFO:Declaring metric variables
2026-02-09 16:15:13,380:INFO:Importing untrained model
2026-02-09 16:15:13,380:INFO:Declaring custom model
2026-02-09 16:15:13,380:INFO:Random Forest Regressor Imported successfully
2026-02-09 16:15:13,380:INFO:Starting cross validation
2026-02-09 16:15:13,380:INFO:Cross validating with KFold(n_splits=5, random_state=None, shuffle=False), n_jobs=-1
2026-02-09 16:15:13,559:INFO:Calculating mean and std
2026-02-09 16:15:13,559:INFO:Creating metrics dataframe
2026-02-09 16:15:13,561:INFO:Finalizing model
2026-02-09 16:15:13,667:INFO:Uploading results into container
2026-02-09 16:15:13,667:INFO:Uploading model into container now
2026-02-09 16:15:13,669:INFO:_master_model_container: 3
2026-02-09 16:15:13,669:INFO:_display_container: 4
2026-02-09 16:15:13,669:INFO:RandomForestRegressor(n_jobs=-1, random_state=52)
2026-02-09 16:15:13,669:INFO:create_model() successfully completed......................................
2026-02-09 16:15:13,747:INFO:SubProcess create_model() end ==================================
2026-02-09 16:15:13,748:INFO:RandomForestRegressor(n_jobs=-1, random_state=52) result for RMSE is 0.2214
2026-02-09 16:15:13,748:INFO:RandomForestRegressor(max_depth=10, min_samples_leaf=5, n_estimators=500,
                      n_jobs=-1, random_state=52) result for RMSE is 0.2207
2026-02-09 16:15:13,748:INFO:RandomForestRegressor(max_depth=10, min_samples_leaf=5, n_estimators=500,
                      n_jobs=-1, random_state=52) is best model
2026-02-09 16:15:13,748:INFO:choose_better completed
2026-02-09 16:15:13,749:INFO:_master_model_container: 3
2026-02-09 16:15:13,749:INFO:_display_container: 3
2026-02-09 16:15:13,749:INFO:RandomForestRegressor(max_depth=10, min_samples_leaf=5, n_estimators=500,
                      n_jobs=-1, random_state=52)
2026-02-09 16:15:13,749:INFO:tune_model() successfully completed......................................
2026-02-09 16:15:59,918:INFO:Initializing evaluate_model()
2026-02-09 16:15:59,918:INFO:evaluate_model(self=<pycaret.regression.oop.RegressionExperiment object at 0x000001E68784E7D0>, estimator=RandomForestRegressor(max_depth=10, min_samples_leaf=5, n_estimators=500,
                      n_jobs=-1, random_state=52), fold=None, fit_kwargs=None, plot_kwargs=None, feature_name=None, groups=None)
2026-02-09 16:15:59,924:INFO:Initializing plot_model()
2026-02-09 16:15:59,924:INFO:plot_model(self=<pycaret.regression.oop.RegressionExperiment object at 0x000001E68784E7D0>, estimator=RandomForestRegressor(max_depth=10, min_samples_leaf=5, n_estimators=500,
                      n_jobs=-1, random_state=52), plot=pipeline, scale=1, save=False, fold=KFold(n_splits=5, random_state=None, shuffle=False), fit_kwargs={}, plot_kwargs=None, groups=None, feature_name=None, label=False, verbose=False, system=True, display=None, display_format=None)
2026-02-09 16:15:59,924:INFO:Checking exceptions
2026-02-09 16:15:59,954:INFO:Preloading libraries
2026-02-09 16:15:59,971:INFO:Copying training dataset
2026-02-09 16:15:59,971:INFO:Plot type: pipeline
2026-02-09 16:16:00,106:INFO:Visual Rendered Successfully
2026-02-09 16:16:00,186:INFO:plot_model() successfully completed......................................
2026-02-09 16:16:37,979:INFO:Initializing interpret_model()
2026-02-09 16:16:37,979:INFO:interpret_model(self=<pycaret.regression.oop.RegressionExperiment object at 0x000001E68784E7D0>, estimator=RandomForestRegressor(max_depth=10, min_samples_leaf=5, n_estimators=500,
                      n_jobs=-1, random_state=52), plot=summary, feature=None, observation=None, use_train_data=True, X_new_sample=None, y_new_sample=None, save=False, kwargs={})
2026-02-09 16:16:37,979:INFO:Checking exceptions
2026-02-09 16:16:37,979:INFO:Soft dependency imported: shap: 0.49.1
2026-02-09 16:16:38,012:INFO:plot type: summary
2026-02-09 16:16:38,012:INFO:Creating TreeExplainer
2026-02-09 16:16:38,023:INFO:Compiling shap values
2026-02-09 16:16:38,338:WARNING:c:\Users\itwill\AppData\Local\Programs\Python\Python311\Lib\site-packages\pycaret\internal\pycaret_experiment\supervised_experiment.py:4145: FutureWarning: The NumPy global RNG was seeded by calling `np.random.seed`. In a future version this function will no longer use the global RNG. Pass `rng` explicitly to opt-in to the new behaviour and silence this warning.
  shap_plot = shap.summary_plot(shap_values, test_X, show=show, **kwargs)

2026-02-09 16:16:38,504:INFO:Visual Rendered Successfully
2026-02-09 16:16:38,504:INFO:interpret_model() successfully completed......................................
2026-02-09 16:17:33,686:INFO:Initializing interpret_model()
2026-02-09 16:17:33,686:INFO:interpret_model(self=<pycaret.regression.oop.RegressionExperiment object at 0x000001E68784E7D0>, estimator=RandomForestRegressor(max_depth=10, min_samples_leaf=5, n_estimators=500,
                      n_jobs=-1, random_state=52), plot=correlation, feature=temperature, observation=None, use_train_data=True, X_new_sample=None, y_new_sample=None, save=False, kwargs={})
2026-02-09 16:17:33,686:INFO:Checking exceptions
2026-02-09 16:17:33,686:INFO:Soft dependency imported: shap: 0.49.1
2026-02-09 16:17:33,716:INFO:plot type: correlation
2026-02-09 16:17:33,716:WARNING:feature value passed. Feature used for correlation plot: temperature
2026-02-09 16:17:33,718:INFO:Creating TreeExplainer
2026-02-09 16:17:33,733:INFO:Compiling shap values
2026-02-09 16:17:34,053:INFO:model type detected: type 2
2026-02-09 16:17:34,187:INFO:Visual Rendered Successfully
2026-02-09 16:17:34,187:INFO:interpret_model() successfully completed......................................
2026-02-09 16:18:39,192:INFO:Initializing get_config()
2026-02-09 16:18:39,196:INFO:get_config(self=<pycaret.regression.oop.RegressionExperiment object at 0x000001E68784E7D0>, variable=X)
2026-02-09 16:18:39,209:INFO:Variable:  returned as             visitors  avg_price  marketing_cost  delivery_ratio  rain_mm  \
date                                                                       
2024-06-11       129       8590           8.987           0.410    2.028   
2024-06-20       115      22020           8.412           0.380    2.219   
2024-08-25       115      14630           9.457           0.490    2.251   
2024-11-22       137      16830           8.810           0.380    1.194   
2024-12-30       106      13370           8.537           0.480    2.197   
...              ...        ...             ...             ...      ...   
2024-03-20       122      11410           9.589           0.410    2.322   
2024-10-20       116      16050           8.390           0.530    1.841   
2024-11-23       133      14910           8.576           0.260    1.163   
2024-07-23       120      14680           8.189           0.530    1.825   
2024-11-18       129       9970           8.975           0.400    2.303   

            temperature holiday weekend  
date                                     
2024-06-11       14.200       0       0  
2024-06-20        8.000       0       0  
2024-08-25       -2.900       1       1  
2024-11-22        0.700       0       0  
2024-12-30        9.600       0       0  
...                 ...     ...     ...  
2024-03-20       26.000       0       0  
2024-10-20       -5.800       1       1  
2024-11-23       -1.400       1       1  
2024-07-23        2.600       0       0  
2024-11-18       -2.000       0       0  

[353 rows x 8 columns]
2026-02-09 16:18:39,209:INFO:get_config() successfully completed......................................
2026-02-09 16:18:39,209:INFO:Initializing get_config()
2026-02-09 16:18:39,209:INFO:get_config(self=<pycaret.regression.oop.RegressionExperiment object at 0x000001E68784E7D0>, variable=y)
2026-02-09 16:18:39,210:INFO:Variable:  returned as date
2024-06-11   16.142
2024-06-20   15.944
2024-08-25   16.580
2024-11-22   16.408
2024-12-30   16.235
              ...  
2024-03-20   16.246
2024-10-20   16.988
2024-11-23   16.865
2024-07-23   16.111
2024-11-18   15.904
Name: sales, Length: 353, dtype: float32
2026-02-09 16:18:39,210:INFO:get_config() successfully completed......................................
2026-02-09 16:18:39,210:INFO:Initializing get_config()
2026-02-09 16:18:39,210:INFO:get_config(self=<pycaret.regression.oop.RegressionExperiment object at 0x000001E68784E7D0>, variable=X_train)
2026-02-09 16:18:39,210:INFO:Variable: 'X_train' used to return the transformed values in PyCaret 2.x. From PyCaret 3.x, this will return the raw values. If you need the transformed values, call get_config with 'X_train_transformed' instead.
2026-02-09 16:18:39,211:WARNING:c:\Users\itwill\AppData\Local\Programs\Python\Python311\Lib\site-packages\pycaret\internal\pycaret_experiment\pycaret_experiment.py:321: UserWarning: Variable: 'X_train' used to return the transformed values in PyCaret 2.x. From PyCaret 3.x, this will return the raw values. If you need the transformed values, call get_config with 'X_train_transformed' instead.
  warnings.warn(msg)  # print on screen

2026-02-09 16:18:39,211:INFO:Variable:  returned as             visitors  avg_price  marketing_cost  delivery_ratio  rain_mm  \
date                                                                       
2024-06-11       129       8590           8.987           0.410    2.028   
2024-06-20       115      22020           8.412           0.380    2.219   
2024-08-25       115      14630           9.457           0.490    2.251   
2024-11-22       137      16830           8.810           0.380    1.194   
2024-12-30       106      13370           8.537           0.480    2.197   
...              ...        ...             ...             ...      ...   
2024-03-30       123      13930           7.901           0.530    2.015   
2024-06-04       114      25370           8.700           0.510    1.589   
2024-01-14       101      11620           8.319           0.210    0.916   
2024-10-05        98      17270           8.269           0.280    1.335   
2024-06-10       109      15710           8.700           0.540    1.758   

            temperature holiday weekend  
date                                     
2024-06-11       14.200       0       0  
2024-06-20        8.000       0       0  
2024-08-25       -2.900       1       1  
2024-11-22        0.700       0       0  
2024-12-30        9.600       0       0  
...                 ...     ...     ...  
2024-03-30       27.700       1       1  
2024-06-04       11.400       0       0  
2024-01-14       12.900       1       1  
2024-10-05       -5.900       1       1  
2024-06-10       11.600       0       0  

[264 rows x 8 columns]
2026-02-09 16:18:39,211:INFO:get_config() successfully completed......................................
2026-02-09 16:18:39,211:INFO:Initializing get_config()
2026-02-09 16:18:39,211:INFO:get_config(self=<pycaret.regression.oop.RegressionExperiment object at 0x000001E68784E7D0>, variable=y_train)
2026-02-09 16:18:39,211:INFO:Variable: 'y_train' used to return the transformed values in PyCaret 2.x. From PyCaret 3.x, this will return the raw values. If you need the transformed values, call get_config with 'y_train_transformed' instead.
2026-02-09 16:18:39,211:WARNING:c:\Users\itwill\AppData\Local\Programs\Python\Python311\Lib\site-packages\pycaret\internal\pycaret_experiment\pycaret_experiment.py:321: UserWarning: Variable: 'y_train' used to return the transformed values in PyCaret 2.x. From PyCaret 3.x, this will return the raw values. If you need the transformed values, call get_config with 'y_train_transformed' instead.
  warnings.warn(msg)  # print on screen

2026-02-09 16:18:39,211:INFO:Variable:  returned as date
2024-06-11   16.142
2024-06-20   15.944
2024-08-25   16.580
2024-11-22   16.408
2024-12-30   16.235
              ...  
2024-03-30   16.420
2024-06-04   16.372
2024-01-14   16.631
2024-10-05   16.479
2024-06-10   15.976
Name: sales, Length: 264, dtype: float32
2026-02-09 16:18:39,211:INFO:get_config() successfully completed......................................
2026-02-09 16:18:39,211:INFO:Initializing get_config()
2026-02-09 16:18:39,211:INFO:get_config(self=<pycaret.regression.oop.RegressionExperiment object at 0x000001E68784E7D0>, variable=X_test)
2026-02-09 16:18:39,211:INFO:Variable: 'X_test' used to return the transformed values in PyCaret 2.x. From PyCaret 3.x, this will return the raw values. If you need the transformed values, call get_config with 'X_test_transformed' instead.
2026-02-09 16:18:39,211:WARNING:c:\Users\itwill\AppData\Local\Programs\Python\Python311\Lib\site-packages\pycaret\internal\pycaret_experiment\pycaret_experiment.py:321: UserWarning: Variable: 'X_test' used to return the transformed values in PyCaret 2.x. From PyCaret 3.x, this will return the raw values. If you need the transformed values, call get_config with 'X_test_transformed' instead.
  warnings.warn(msg)  # print on screen

2026-02-09 16:18:39,219:INFO:Variable:  returned as             visitors  avg_price  marketing_cost  delivery_ratio  rain_mm  \
date                                                                       
2024-07-06       119      10750           9.781           0.510    1.946   
2024-02-18       129      20280           8.594           0.480    2.163   
2024-05-14       101      15370           9.116           0.420    1.856   
2024-02-05       121      12660           9.297           0.730    1.758   
2024-05-20       113      14930           8.189           0.460    0.588   
2024-04-04       137      15100           8.683           0.500    1.435   
2024-11-14       110       9530           8.962           0.470    0.916   
2024-12-25       131      17110           8.576           0.470    2.534   
2024-07-03       118      11580           8.343           0.340    2.001   
2024-05-10       123      13320           7.824           0.580    0.875   
2024-05-29       120      17660          10.469           0.590    1.526   
2024-05-22       125      13400           8.477           0.370    1.482   
2024-06-18       110      13100           8.949           0.410    1.609   
2024-02-19       115      15900           9.511           0.430    1.030   
2024-10-31       118      16190           8.825           0.450    0.875   
2024-05-12       111      21280           7.938           0.430    0.405   
2024-12-26       105      13520           7.650           0.350    1.361   
2024-04-06       138      19640           7.496           0.560    1.758   
2024-07-09       123      13360           9.417           0.410    1.030   
2024-04-08       134      21740           8.882           0.470    2.493   
2024-10-18       127      12230           8.868           0.530    2.313   
2024-11-04       115      12040           9.852           0.410    0.262   
2024-08-27       137      19300           8.854           0.650    2.728   
2024-08-20       121      15340           8.390           0.330    1.775   
2024-01-07       123      15650           9.000           0.340    1.960   
2024-12-21       126      16070           8.716           0.470    1.065   
2024-04-27       107      18080           9.259           0.400    2.092   
2024-04-26       135      16750           8.764           0.520    0.405   
2024-12-10       115      16150           9.759           0.580    1.569   
2024-12-20        95      10470           8.896           0.620    0.470   
2024-10-07       118      18510           7.439           0.470    2.501   
2024-06-13       110      10320           8.367           0.180    2.342   
2024-07-30       128      18780           8.839           0.350    1.917   
2024-01-25       109      21320           8.132           0.510    0.405   
2024-01-26       125      15180           8.683           0.510    0.262   
2024-08-22       134      15460           9.048           0.500    0.642   
2024-02-14       119      18750           8.716           0.310    2.754   
2024-02-24       130      10560           8.161           0.410    1.932   
2024-03-03       128      20720           8.975           0.510    1.872   
2024-01-01       122      14490           9.200           0.480    1.946   
2024-03-05       125      14170           8.764           0.420    2.054   
2024-07-16       124      15420           8.517           0.390    2.272   
2024-05-05       139      15410           9.350           0.470    2.175   
2024-01-22       134      20040           8.748           0.440    0.916   
2024-06-21       111      18530           9.324           0.550    0.993   
2024-02-29       127      13470           9.127           0.460    1.589   
2024-11-30       101      20060           8.909           0.180    2.067   
2024-07-13       127      21930           8.319           0.490    1.686   
2024-06-05       126      20820           9.770           0.610    1.988   
2024-06-03       134      15240           8.780           0.640    2.054   
2024-09-24       116      15550           8.949           0.450    0.531   
2024-09-22       117      14400           9.333           0.410    1.856   
2024-11-28       100      17460           9.083           0.450    1.705   
2024-04-07       113      16610           9.629           0.260    1.887   
2024-11-20       114      16500           8.825           0.500    2.197   
2024-09-01       129      17790           9.240           0.260    1.131   
2024-03-19       116      15340           8.923           0.460    2.219   
2024-01-02       106      11880           9.149           0.480    2.079   
2024-09-04       118      23040           8.613           0.400    1.253   
2024-01-03       120      18010           8.666           0.430    2.595   
2024-03-01       119      13590          10.296           0.470    1.856   
2024-04-17       126      16260           8.594           0.710    2.262   
2024-09-18       129      11940           8.007           0.230    2.821   
2024-07-10       133       7290           8.102           0.470    2.219   
2024-05-18       109      17420           9.071           0.360    0.470   
2024-09-10       105      15950           9.116           0.390    2.197   
2024-03-22       112      13750           8.132           0.390    2.351   
2024-05-21       100      17360           9.190           0.340    2.140   
2024-01-12       109      13800           8.613           0.540    1.649   
2024-12-18       124      23560           8.839           0.330    2.851   
2024-10-08       129      15060           8.243           0.350    1.194   
2024-01-28       121      11040           8.648           0.350    1.775   
2024-09-21       109      21480           8.294           0.390    2.262   
2024-01-29       124      10900           8.962           0.510    1.131   
2024-10-17       113      19570           9.297           0.470    0.833   
2024-02-15       127      11510           8.517           0.460    0.405   
2024-10-21       116      11210           8.477           0.750    2.468   
2024-05-16       113      12170           8.666           0.170    1.526   
2024-07-24       126      13610           8.882           0.770    1.526   
2024-06-16       125       8920           8.987           0.320    0.405   
2024-08-15       126      13090           8.071           0.410    2.251   
2024-02-07       129      13540           7.901           0.330    0.642   
2024-01-09       109      17550           8.537           0.490    1.758   
2024-10-01       124      11850          10.853           0.580    1.740   
2024-03-20       122      11410           9.589           0.410    2.322   
2024-10-20       116      16050           8.390           0.530    1.841   
2024-11-23       133      14910           8.576           0.260    1.163   
2024-07-23       120      14680           8.189           0.530    1.825   
2024-11-18       129       9970           8.975           0.400    2.303   

            temperature holiday weekend  
date                                     
2024-07-06        8.900       1       1  
2024-02-18       22.700       1       1  
2024-05-14       26.500       0       0  
2024-02-05       18.100       0       0  
2024-05-20       20.400       0       0  
2024-04-04       24.300       1       0  
2024-11-14       -1.500       0       0  
2024-12-25        8.100       0       0  
2024-07-03        8.500       0       0  
2024-05-10       22.400       0       0  
2024-05-29       19.000       0       0  
2024-05-22       22.500       0       0  
2024-06-18       11.900       0       0  
2024-02-19       21.600       0       0  
2024-10-31       -3.900       0       0  
2024-05-12       18.600       1       1  
2024-12-26        2.700       0       0  
2024-04-06       24.400       1       1  
2024-07-09        5.900       0       0  
2024-04-08       24.900       0       0  
2024-10-18       -3.500       0       0  
2024-11-04       -0.700       0       0  
2024-08-27       -3.600       0       0  
2024-08-20       -3.000       0       0  
2024-01-07       15.100       1       1  
2024-12-21        8.400       1       1  
2024-04-27       24.600       1       1  
2024-04-26       22.300       0       0  
2024-12-10        3.500       0       0  
2024-12-20        5.000       0       0  
2024-10-07       -1.600       0       0  
2024-06-13       10.700       0       0  
2024-07-30        0.400       0       0  
2024-01-25       15.500       0       0  
2024-01-26       17.300       0       0  
2024-08-22       -2.500       0       0  
2024-02-14       19.100       0       0  
2024-02-24       23.400       1       1  
2024-03-03       21.800       1       1  
2024-01-01        5.200       0       0  
2024-03-05       24.200       0       0  
2024-07-16        2.800       0       0  
2024-05-05       20.400       1       1  
2024-01-22       14.300       0       0  
2024-06-21       11.900       1       0  
2024-02-29       21.100       0       0  
2024-11-30        3.500       1       1  
2024-07-13        8.600       1       1  
2024-06-05       16.600       0       0  
2024-06-03       14.700       0       0  
2024-09-24       -4.900       0       0  
2024-09-22       -4.500       1       1  
2024-11-28        0.500       0       0  
2024-04-07       27.600       1       1  
2024-11-20        0.400       1       0  
2024-09-01       -5.400       1       1  
2024-03-19       25.700       0       0  
2024-01-02       11.100       0       0  
2024-09-04       -4.800       0       0  
2024-01-03       12.900       1       0  
2024-03-01       25.800       0       0  
2024-04-17       25.300       0       0  
2024-09-18       -3.300       0       0  
2024-07-10       10.100       0       0  
2024-05-18       20.200       1       1  
2024-09-10       -4.300       0       0  
2024-03-22       22.300       0       0  
2024-05-21       16.400       0       0  
2024-01-12       15.000       0       0  
2024-12-18        7.700       0       0  
2024-10-08       -4.000       0       0  
2024-01-28       14.900       1       1  
2024-09-21       -4.700       1       1  
2024-01-29       14.100       0       0  
2024-10-17       -4.200       0       0  
2024-02-15       19.900       1       0  
2024-10-21       -6.600       0       0  
2024-05-16       22.300       0       0  
2024-07-24        2.200       0       0  
2024-06-16       13.900       1       1  
2024-08-15       -0.400       0       0  
2024-02-07       15.700       0       0  
2024-01-09       10.500       0       0  
2024-10-01       -7.800       0       0  
2024-03-20       26.000       0       0  
2024-10-20       -5.800       1       1  
2024-11-23       -1.400       1       1  
2024-07-23        2.600       0       0  
2024-11-18       -2.000       0       0  
2026-02-09 16:18:39,219:INFO:get_config() successfully completed......................................
2026-02-09 16:18:39,219:INFO:Initializing get_config()
2026-02-09 16:18:39,219:INFO:get_config(self=<pycaret.regression.oop.RegressionExperiment object at 0x000001E68784E7D0>, variable=y_test)
2026-02-09 16:18:39,219:INFO:Variable: 'y_test' used to return the transformed values in PyCaret 2.x. From PyCaret 3.x, this will return the raw values. If you need the transformed values, call get_config with 'y_test_transformed' instead.
2026-02-09 16:18:39,219:WARNING:c:\Users\itwill\AppData\Local\Programs\Python\Python311\Lib\site-packages\pycaret\internal\pycaret_experiment\pycaret_experiment.py:321: UserWarning: Variable: 'y_test' used to return the transformed values in PyCaret 2.x. From PyCaret 3.x, this will return the raw values. If you need the transformed values, call get_config with 'y_test_transformed' instead.
  warnings.warn(msg)  # print on screen

2026-02-09 16:18:39,220:INFO:Variable:  returned as date
2024-07-06   16.911
2024-02-18   16.891
2024-05-14   16.175
2024-02-05   16.495
2024-05-20   16.135
2024-04-04   16.403
2024-11-14   16.214
2024-12-25   16.303
2024-07-03   15.995
2024-05-10   16.144
2024-05-29   16.454
2024-05-22   16.189
2024-06-18   16.081
2024-02-19   16.987
2024-10-31   16.215
2024-05-12   16.930
2024-12-26   16.080
2024-04-06   16.701
2024-07-09   16.390
2024-04-08   16.023
2024-10-18   15.932
2024-11-04   16.367
2024-08-27   16.202
2024-08-20   16.356
2024-01-07   16.629
2024-12-21   16.852
2024-04-27   16.410
2024-04-26   16.188
2024-12-10   16.578
2024-12-20   15.998
2024-10-07   15.711
2024-06-13   16.191
2024-07-30   16.465
2024-01-25   16.120
2024-01-26   16.606
2024-08-22   16.421
2024-02-14   16.029
2024-02-24   16.550
2024-03-03   16.857
2024-01-01   16.169
2024-03-05   15.846
2024-07-16   15.784
2024-05-05   16.827
2024-01-22   16.504
2024-06-21   16.400
2024-02-29   16.809
2024-11-30   16.653
2024-07-13   17.301
2024-06-05   16.459
2024-06-03   16.252
2024-09-24   16.081
2024-09-22   17.004
2024-11-28   16.305
2024-04-07   17.413
2024-11-20   16.346
2024-09-01   17.150
2024-03-19   15.900
2024-01-02   16.005
2024-09-04   16.522
2024-01-03   16.354
2024-03-01   16.255
2024-04-17   16.031
2024-09-18   15.603
2024-07-10   15.727
2024-05-18   16.845
2024-09-10   16.386
2024-03-22   15.729
2024-05-21   16.328
2024-01-12   16.095
2024-12-18   16.088
2024-10-08   16.150
2024-01-28   16.471
2024-09-21   16.933
2024-01-29   16.377
2024-10-17   16.436
2024-02-15   16.455
2024-10-21   16.004
2024-05-16   16.516
2024-07-24   15.894
2024-06-16   16.906
2024-08-15   16.004
2024-02-07   16.266
2024-01-09   15.819
2024-10-01   16.455
2024-03-20   16.246
2024-10-20   16.988
2024-11-23   16.865
2024-07-23   16.111
2024-11-18   15.904
Name: sales, dtype: float32
2026-02-09 16:18:39,220:INFO:get_config() successfully completed......................................
2026-02-09 16:18:39,221:INFO:Initializing get_config()
2026-02-09 16:18:39,221:INFO:get_config(self=<pycaret.regression.oop.RegressionExperiment object at 0x000001E68784E7D0>, variable=X_train_transformed)
2026-02-09 16:18:39,239:INFO:Variable: X_train returned as             visitors  avg_price  marketing_cost  delivery_ratio  rain_mm  \
date                                                                       
2024-06-11     0.916     -1.801           0.229          -0.296    0.594   
2024-06-20    -0.415      1.761          -0.740          -0.549    0.884   
2024-08-25    -0.415     -0.199           1.020           0.378    0.933   
2024-11-22     1.677      0.385          -0.070          -0.549   -0.675   
2024-12-30    -1.271     -0.533          -0.529           0.294    0.851   
...              ...        ...             ...             ...      ...   
2024-03-30     0.345     -0.384          -1.600           0.715    0.573   
2024-06-04    -0.510      2.650          -0.256           0.546   -0.074   
2024-01-14    -1.747     -0.997          -0.897          -1.981   -1.097   
2024-10-05    -2.032      0.502          -0.981          -1.392   -0.460   
2024-06-10    -0.986      0.088          -0.256           0.799    0.183   

            temperature  holiday  weekend  
date                                       
2024-06-11        0.406   -0.731   -0.653  
2024-06-20       -0.173   -0.731   -0.653  
2024-08-25       -1.191    1.367    1.530  
2024-11-22       -0.855   -0.731   -0.653  
2024-12-30       -0.023   -0.731   -0.653  
...                 ...      ...      ...  
2024-03-30        1.667    1.367    1.530  
2024-06-04        0.145   -0.731   -0.653  
2024-01-14        0.285    1.367    1.530  
2024-10-05       -1.471    1.367    1.530  
2024-06-10        0.163   -0.731   -0.653  

[264 rows x 8 columns]
2026-02-09 16:18:39,239:INFO:get_config() successfully completed......................................
2026-02-09 16:18:39,239:INFO:Initializing get_config()
2026-02-09 16:18:39,239:INFO:get_config(self=<pycaret.regression.oop.RegressionExperiment object at 0x000001E68784E7D0>, variable=y_train_transformed)
2026-02-09 16:18:39,267:INFO:Variable: y_train returned as date
2024-06-11   16.142
2024-06-20   15.944
2024-08-25   16.580
2024-11-22   16.408
2024-12-30   16.235
              ...  
2024-03-30   16.420
2024-06-04   16.372
2024-01-14   16.631
2024-10-05   16.479
2024-06-10   15.976
Name: sales, Length: 264, dtype: float32
2026-02-09 16:18:39,267:INFO:get_config() successfully completed......................................
2026-02-09 16:18:39,268:INFO:Initializing get_config()
2026-02-09 16:18:39,268:INFO:get_config(self=<pycaret.regression.oop.RegressionExperiment object at 0x000001E68784E7D0>, variable=X_test_transformed)
2026-02-09 16:18:39,294:INFO:Variable: X_test returned as             visitors  avg_price  marketing_cost  delivery_ratio  rain_mm  \
date                                                                       
2024-07-06    -0.035     -1.228           1.566           0.546    0.468   
2024-02-18     0.916      1.300          -0.433           0.294    0.799   
2024-05-14    -1.747     -0.002           0.446          -0.212    0.332   
2024-02-05     0.155     -0.721           0.749           2.400    0.183   
2024-05-20    -0.606     -0.119          -1.116           0.125   -1.597   
2024-04-04     1.677     -0.074          -0.284           0.462   -0.308   
2024-11-14    -0.891     -1.551           0.186           0.209   -1.097   
2024-12-25     1.106      0.459          -0.465           0.209    1.362   
2024-07-03    -0.130     -1.008          -0.856          -0.886    0.553   
2024-05-10     0.345     -0.546          -1.729           1.136   -1.159   
2024-05-29     0.060      0.605           2.723           1.221   -0.170   
2024-05-22     0.536     -0.525          -0.631          -0.633   -0.238   
2024-06-18    -0.891     -0.604           0.164          -0.296   -0.043   
2024-02-19    -0.415      0.138           1.110          -0.128   -0.925   
2024-10-31    -0.130      0.215          -0.045           0.041   -1.159   
2024-05-12    -0.796      1.565          -1.539          -0.128   -1.874   
2024-12-26    -1.366     -0.493          -2.023          -0.802   -0.421   
2024-04-06     1.772      1.130          -2.282           0.968    0.183   
2024-07-09     0.345     -0.535           0.953          -0.296   -0.925   
2024-04-08     1.392      1.687           0.051           0.209    1.301   
2024-10-18     0.726     -0.835           0.028           0.715    1.026   
2024-11-04    -0.415     -0.886           1.685          -0.296   -2.091   
2024-08-27     1.677      1.040           0.004           1.726    1.657   
2024-08-20     0.155     -0.010          -0.778          -0.970    0.209   
2024-01-07     0.345      0.072           0.250          -0.886    0.490   
2024-12-21     0.631      0.183          -0.228           0.209   -0.871   
2024-04-27    -1.176      0.716           0.687          -0.380    0.690   
2024-04-26     1.487      0.364          -0.147           0.631   -1.874   
2024-12-10    -0.415      0.205           1.527           1.136   -0.105   
2024-12-20    -2.318     -1.302           0.075           1.473   -1.776   
2024-10-07    -0.130      0.830          -2.379           0.209    1.313   
2024-06-13    -0.891     -1.342          -0.817          -2.234    1.070   
2024-07-30     0.821      0.902          -0.020          -0.802    0.424   
2024-01-25    -0.986      1.576          -1.212           0.546   -1.874   
2024-01-26     0.536     -0.053          -0.284           0.546   -2.091   
2024-08-22     1.392      0.022           0.331           0.462   -1.514   
2024-02-14    -0.035      0.894          -0.228          -1.139    1.697   
2024-02-24     1.011     -1.278          -1.163          -0.296    0.447   
2024-03-03     0.821      1.417           0.207           0.546    0.356   
2024-01-01     0.250     -0.236           0.587           0.294    0.468   
2024-03-05     0.536     -0.321          -0.147          -0.212    0.633   
2024-07-16     0.441      0.011          -0.563          -0.465    0.964   
2024-05-05     1.867      0.008           0.840           0.209    0.816   
2024-01-22     1.392      1.236          -0.174          -0.043   -1.097   
2024-06-21    -0.796      0.836           0.795           0.883   -0.980   
2024-02-29     0.726     -0.506           0.464           0.125   -0.074   
2024-11-30    -1.747      1.242           0.097          -2.234    0.652   
2024-07-13     0.726      1.738          -0.897           0.378    0.074   
2024-06-05     0.631      1.443           1.547           1.389    0.532   
2024-06-03     1.392     -0.037          -0.121           1.642    0.633   
2024-09-24    -0.320      0.045           0.164           0.041   -1.683   
2024-09-22    -0.225     -0.260           0.810          -0.296    0.332   
2024-11-28    -1.842      0.552           0.389           0.041    0.102   
2024-04-07    -0.606      0.327           1.309          -1.560    0.379   
2024-11-20    -0.510      0.297          -0.045           0.462    0.851   
2024-09-01     0.916      0.640           0.654          -1.560   -0.770   
2024-03-19    -0.320     -0.010           0.120           0.125    0.884   
2024-01-02    -1.271     -0.928           0.500           0.294    0.672   
2024-09-04    -0.130      2.032          -0.402          -0.380   -0.585   
2024-01-03     0.060      0.698          -0.313          -0.128    1.456   
2024-03-01    -0.035     -0.474           2.432           0.209    0.332   
2024-04-17     0.631      0.234          -0.433           2.232    0.949   
2024-09-18     0.916     -0.912          -1.423          -1.813    1.800   
2024-07-10     1.297     -2.145          -1.262           0.209    0.884   
2024-05-18    -0.986      0.541           0.370          -0.717   -1.776   
2024-09-10    -1.366      0.151           0.446          -0.465    0.851   
2024-03-22    -0.701     -0.432          -1.212          -0.465    1.085   
2024-05-21    -1.842      0.525           0.570          -0.886    0.764   
2024-01-12    -0.986     -0.419          -0.402           0.799    0.016   
2024-12-18     0.441      2.170          -0.020          -0.970    1.844   
2024-10-08     0.916     -0.085          -1.025          -0.802   -0.675   
2024-01-28     0.155     -1.151          -0.342          -0.802    0.209   
2024-09-21    -0.986      1.618          -0.938          -0.465    0.949   
2024-01-29     0.441     -1.188           0.186           0.546   -0.770   
2024-10-17    -0.606      1.112           0.749           0.209   -1.224   
2024-02-15     0.726     -1.026          -0.563           0.125   -1.874   
2024-10-21    -0.320     -1.106          -0.631           2.569    1.262   
2024-05-16    -0.606     -0.851          -0.313          -2.318   -0.170   
2024-07-24     0.631     -0.469           0.051           2.737   -0.170   
2024-06-16     0.536     -1.713           0.229          -1.055   -1.874   
2024-08-15     0.631     -0.607          -1.314          -0.296    0.933   
2024-02-07     0.916     -0.488          -1.600          -0.970   -1.514   
2024-01-09    -0.986      0.576          -0.529           0.378    0.183   
2024-10-01     0.441     -0.936           3.371           1.136    0.156   
2024-03-20     0.250     -1.053           1.242          -0.296    1.041   
2024-10-20    -0.320      0.178          -0.778           0.715    0.308   
2024-11-23     1.297     -0.124          -0.465          -1.560   -0.722   
2024-07-23     0.060     -0.185          -1.116           0.715    0.284   
2024-11-18     0.916     -1.435           0.207          -0.380    1.011   

            temperature  holiday  weekend  
date                                       
2024-07-06       -0.089    1.367    1.530  
2024-02-18        1.200    1.367    1.530  
2024-05-14        1.555   -0.731   -0.653  
2024-02-05        0.770   -0.731   -0.653  
2024-05-20        0.985   -0.731   -0.653  
2024-04-04        1.350    1.367   -0.653  
2024-11-14       -1.060   -0.731   -0.653  
2024-12-25       -0.163   -0.731   -0.653  
2024-07-03       -0.126   -0.731   -0.653  
2024-05-10        1.172   -0.731   -0.653  
2024-05-29        0.855   -0.731   -0.653  
2024-05-22        1.181   -0.731   -0.653  
2024-06-18        0.191   -0.731   -0.653  
2024-02-19        1.097   -0.731   -0.653  
2024-10-31       -1.284   -0.731   -0.653  
2024-05-12        0.817    1.367    1.530  
2024-12-26       -0.668   -0.731   -0.653  
2024-04-06        1.359    1.367    1.530  
2024-07-09       -0.369   -0.731   -0.653  
2024-04-08        1.406   -0.731   -0.653  
2024-10-18       -1.247   -0.731   -0.653  
2024-11-04       -0.985   -0.731   -0.653  
2024-08-27       -1.256   -0.731   -0.653  
2024-08-20       -1.200   -0.731   -0.653  
2024-01-07        0.490    1.367    1.530  
2024-12-21       -0.135    1.367    1.530  
2024-04-27        1.378    1.367    1.530  
2024-04-26        1.163   -0.731   -0.653  
2024-12-10       -0.593   -0.731   -0.653  
2024-12-20       -0.453   -0.731   -0.653  
2024-10-07       -1.069   -0.731   -0.653  
2024-06-13        0.079   -0.731   -0.653  
2024-07-30       -0.883   -0.731   -0.653  
2024-01-25        0.528   -0.731   -0.653  
2024-01-26        0.696   -0.731   -0.653  
2024-08-22       -1.153   -0.731   -0.653  
2024-02-14        0.864   -0.731   -0.653  
2024-02-24        1.265    1.367    1.530  
2024-03-03        1.116    1.367    1.530  
2024-01-01       -0.434   -0.731   -0.653  
2024-03-05        1.340   -0.731   -0.653  
2024-07-16       -0.658   -0.731   -0.653  
2024-05-05        0.985    1.367    1.530  
2024-01-22        0.416   -0.731   -0.653  
2024-06-21        0.191    1.367   -0.653  
2024-02-29        1.051   -0.731   -0.653  
2024-11-30       -0.593    1.367    1.530  
2024-07-13       -0.117    1.367    1.530  
2024-06-05        0.630   -0.731   -0.653  
2024-06-03        0.453   -0.731   -0.653  
2024-09-24       -1.378   -0.731   -0.653  
2024-09-22       -1.340    1.367    1.530  
2024-11-28       -0.873   -0.731   -0.653  
2024-04-07        1.658    1.367    1.530  
2024-11-20       -0.883    1.367   -0.653  
2024-09-01       -1.424    1.367    1.530  
2024-03-19        1.480   -0.731   -0.653  
2024-01-02        0.117   -0.731   -0.653  
2024-09-04       -1.368   -0.731   -0.653  
2024-01-03        0.285    1.367   -0.653  
2024-03-01        1.490   -0.731   -0.653  
2024-04-17        1.443   -0.731   -0.653  
2024-09-18       -1.228   -0.731   -0.653  
2024-07-10        0.023   -0.731   -0.653  
2024-05-18        0.967    1.367    1.530  
2024-09-10       -1.322   -0.731   -0.653  
2024-03-22        1.163   -0.731   -0.653  
2024-05-21        0.612   -0.731   -0.653  
2024-01-12        0.481   -0.731   -0.653  
2024-12-18       -0.201   -0.731   -0.653  
2024-10-08       -1.294   -0.731   -0.653  
2024-01-28        0.472    1.367    1.530  
2024-09-21       -1.359    1.367    1.530  
2024-01-29        0.397   -0.731   -0.653  
2024-10-17       -1.312   -0.731   -0.653  
2024-02-15        0.939    1.367   -0.653  
2024-10-21       -1.536   -0.731   -0.653  
2024-05-16        1.163   -0.731   -0.653  
2024-07-24       -0.714   -0.731   -0.653  
2024-06-16        0.378    1.367    1.530  
2024-08-15       -0.957   -0.731   -0.653  
2024-02-07        0.546   -0.731   -0.653  
2024-01-09        0.061   -0.731   -0.653  
2024-10-01       -1.648   -0.731   -0.653  
2024-03-20        1.508   -0.731   -0.653  
2024-10-20       -1.462    1.367    1.530  
2024-11-23       -1.051    1.367    1.530  
2024-07-23       -0.677   -0.731   -0.653  
2024-11-18       -1.107   -0.731   -0.653  
2026-02-09 16:18:39,294:INFO:get_config() successfully completed......................................
2026-02-09 16:18:39,294:INFO:Initializing get_config()
2026-02-09 16:18:39,294:INFO:get_config(self=<pycaret.regression.oop.RegressionExperiment object at 0x000001E68784E7D0>, variable=y_test_transformed)
2026-02-09 16:18:39,319:INFO:Variable: y_test returned as date
2024-07-06   16.911
2024-02-18   16.891
2024-05-14   16.175
2024-02-05   16.495
2024-05-20   16.135
2024-04-04   16.403
2024-11-14   16.214
2024-12-25   16.303
2024-07-03   15.995
2024-05-10   16.144
2024-05-29   16.454
2024-05-22   16.189
2024-06-18   16.081
2024-02-19   16.987
2024-10-31   16.215
2024-05-12   16.930
2024-12-26   16.080
2024-04-06   16.701
2024-07-09   16.390
2024-04-08   16.023
2024-10-18   15.932
2024-11-04   16.367
2024-08-27   16.202
2024-08-20   16.356
2024-01-07   16.629
2024-12-21   16.852
2024-04-27   16.410
2024-04-26   16.188
2024-12-10   16.578
2024-12-20   15.998
2024-10-07   15.711
2024-06-13   16.191
2024-07-30   16.465
2024-01-25   16.120
2024-01-26   16.606
2024-08-22   16.421
2024-02-14   16.029
2024-02-24   16.550
2024-03-03   16.857
2024-01-01   16.169
2024-03-05   15.846
2024-07-16   15.784
2024-05-05   16.827
2024-01-22   16.504
2024-06-21   16.400
2024-02-29   16.809
2024-11-30   16.653
2024-07-13   17.301
2024-06-05   16.459
2024-06-03   16.252
2024-09-24   16.081
2024-09-22   17.004
2024-11-28   16.305
2024-04-07   17.413
2024-11-20   16.346
2024-09-01   17.150
2024-03-19   15.900
2024-01-02   16.005
2024-09-04   16.522
2024-01-03   16.354
2024-03-01   16.255
2024-04-17   16.031
2024-09-18   15.603
2024-07-10   15.727
2024-05-18   16.845
2024-09-10   16.386
2024-03-22   15.729
2024-05-21   16.328
2024-01-12   16.095
2024-12-18   16.088
2024-10-08   16.150
2024-01-28   16.471
2024-09-21   16.933
2024-01-29   16.377
2024-10-17   16.436
2024-02-15   16.455
2024-10-21   16.004
2024-05-16   16.516
2024-07-24   15.894
2024-06-16   16.906
2024-08-15   16.004
2024-02-07   16.266
2024-01-09   15.819
2024-10-01   16.455
2024-03-20   16.246
2024-10-20   16.988
2024-11-23   16.865
2024-07-23   16.111
2024-11-18   15.904
Name: sales, dtype: float32
2026-02-09 16:18:39,319:INFO:get_config() successfully completed......................................
2026-02-09 16:20:19,314:INFO:Initializing get_config()
2026-02-09 16:20:19,314:INFO:get_config(self=<pycaret.regression.oop.RegressionExperiment object at 0x000001E68784E7D0>, variable=x)
2026-02-09 16:20:32,711:INFO:Initializing get_config()
2026-02-09 16:20:32,711:INFO:get_config(self=<pycaret.regression.oop.RegressionExperiment object at 0x000001E68784E7D0>, variable=x)
2026-02-09 16:21:13,873:INFO:Initializing get_config()
2026-02-09 16:21:13,874:INFO:get_config(self=<pycaret.regression.oop.RegressionExperiment object at 0x000001E68784E7D0>, variable=X)
2026-02-09 16:21:13,879:INFO:Variable:  returned as             visitors  avg_price  marketing_cost  delivery_ratio  rain_mm  \
date                                                                       
2024-06-11       129       8590           8.987           0.410    2.028   
2024-06-20       115      22020           8.412           0.380    2.219   
2024-08-25       115      14630           9.457           0.490    2.251   
2024-11-22       137      16830           8.810           0.380    1.194   
2024-12-30       106      13370           8.537           0.480    2.197   
...              ...        ...             ...             ...      ...   
2024-03-20       122      11410           9.589           0.410    2.322   
2024-10-20       116      16050           8.390           0.530    1.841   
2024-11-23       133      14910           8.576           0.260    1.163   
2024-07-23       120      14680           8.189           0.530    1.825   
2024-11-18       129       9970           8.975           0.400    2.303   

            temperature holiday weekend  
date                                     
2024-06-11       14.200       0       0  
2024-06-20        8.000       0       0  
2024-08-25       -2.900       1       1  
2024-11-22        0.700       0       0  
2024-12-30        9.600       0       0  
...                 ...     ...     ...  
2024-03-20       26.000       0       0  
2024-10-20       -5.800       1       1  
2024-11-23       -1.400       1       1  
2024-07-23        2.600       0       0  
2024-11-18       -2.000       0       0  

[353 rows x 8 columns]
2026-02-09 16:21:13,879:INFO:get_config() successfully completed......................................
2026-02-09 16:21:13,879:INFO:Initializing get_config()
2026-02-09 16:21:13,879:INFO:get_config(self=<pycaret.regression.oop.RegressionExperiment object at 0x000001E68784E7D0>, variable=y)
2026-02-09 16:21:13,880:INFO:Variable:  returned as date
2024-06-11   16.142
2024-06-20   15.944
2024-08-25   16.580
2024-11-22   16.408
2024-12-30   16.235
              ...  
2024-03-20   16.246
2024-10-20   16.988
2024-11-23   16.865
2024-07-23   16.111
2024-11-18   15.904
Name: sales, Length: 353, dtype: float32
2026-02-09 16:21:13,881:INFO:get_config() successfully completed......................................
2026-02-09 16:21:13,881:INFO:Initializing get_config()
2026-02-09 16:21:13,881:INFO:get_config(self=<pycaret.regression.oop.RegressionExperiment object at 0x000001E68784E7D0>, variable=X_train)
2026-02-09 16:21:13,881:INFO:Variable: 'X_train' used to return the transformed values in PyCaret 2.x. From PyCaret 3.x, this will return the raw values. If you need the transformed values, call get_config with 'X_train_transformed' instead.
2026-02-09 16:21:13,882:WARNING:c:\Users\itwill\AppData\Local\Programs\Python\Python311\Lib\site-packages\pycaret\internal\pycaret_experiment\pycaret_experiment.py:321: UserWarning: Variable: 'X_train' used to return the transformed values in PyCaret 2.x. From PyCaret 3.x, this will return the raw values. If you need the transformed values, call get_config with 'X_train_transformed' instead.
  warnings.warn(msg)  # print on screen

2026-02-09 16:21:13,887:INFO:Variable:  returned as             visitors  avg_price  marketing_cost  delivery_ratio  rain_mm  \
date                                                                       
2024-06-11       129       8590           8.987           0.410    2.028   
2024-06-20       115      22020           8.412           0.380    2.219   
2024-08-25       115      14630           9.457           0.490    2.251   
2024-11-22       137      16830           8.810           0.380    1.194   
2024-12-30       106      13370           8.537           0.480    2.197   
...              ...        ...             ...             ...      ...   
2024-03-30       123      13930           7.901           0.530    2.015   
2024-06-04       114      25370           8.700           0.510    1.589   
2024-01-14       101      11620           8.319           0.210    0.916   
2024-10-05        98      17270           8.269           0.280    1.335   
2024-06-10       109      15710           8.700           0.540    1.758   

            temperature holiday weekend  
date                                     
2024-06-11       14.200       0       0  
2024-06-20        8.000       0       0  
2024-08-25       -2.900       1       1  
2024-11-22        0.700       0       0  
2024-12-30        9.600       0       0  
...                 ...     ...     ...  
2024-03-30       27.700       1       1  
2024-06-04       11.400       0       0  
2024-01-14       12.900       1       1  
2024-10-05       -5.900       1       1  
2024-06-10       11.600       0       0  

[264 rows x 8 columns]
2026-02-09 16:21:13,887:INFO:get_config() successfully completed......................................
2026-02-09 16:21:13,887:INFO:Initializing get_config()
2026-02-09 16:21:13,888:INFO:get_config(self=<pycaret.regression.oop.RegressionExperiment object at 0x000001E68784E7D0>, variable=y_train)
2026-02-09 16:21:13,888:INFO:Variable: 'y_train' used to return the transformed values in PyCaret 2.x. From PyCaret 3.x, this will return the raw values. If you need the transformed values, call get_config with 'y_train_transformed' instead.
2026-02-09 16:21:13,888:WARNING:c:\Users\itwill\AppData\Local\Programs\Python\Python311\Lib\site-packages\pycaret\internal\pycaret_experiment\pycaret_experiment.py:321: UserWarning: Variable: 'y_train' used to return the transformed values in PyCaret 2.x. From PyCaret 3.x, this will return the raw values. If you need the transformed values, call get_config with 'y_train_transformed' instead.
  warnings.warn(msg)  # print on screen

2026-02-09 16:21:13,890:INFO:Variable:  returned as date
2024-06-11   16.142
2024-06-20   15.944
2024-08-25   16.580
2024-11-22   16.408
2024-12-30   16.235
              ...  
2024-03-30   16.420
2024-06-04   16.372
2024-01-14   16.631
2024-10-05   16.479
2024-06-10   15.976
Name: sales, Length: 264, dtype: float32
2026-02-09 16:21:13,891:INFO:get_config() successfully completed......................................
2026-02-09 16:21:13,891:INFO:Initializing get_config()
2026-02-09 16:21:13,891:INFO:get_config(self=<pycaret.regression.oop.RegressionExperiment object at 0x000001E68784E7D0>, variable=X_test)
2026-02-09 16:21:13,891:INFO:Variable: 'X_test' used to return the transformed values in PyCaret 2.x. From PyCaret 3.x, this will return the raw values. If you need the transformed values, call get_config with 'X_test_transformed' instead.
2026-02-09 16:21:13,891:WARNING:c:\Users\itwill\AppData\Local\Programs\Python\Python311\Lib\site-packages\pycaret\internal\pycaret_experiment\pycaret_experiment.py:321: UserWarning: Variable: 'X_test' used to return the transformed values in PyCaret 2.x. From PyCaret 3.x, this will return the raw values. If you need the transformed values, call get_config with 'X_test_transformed' instead.
  warnings.warn(msg)  # print on screen

2026-02-09 16:21:13,895:INFO:Variable:  returned as             visitors  avg_price  marketing_cost  delivery_ratio  rain_mm  \
date                                                                       
2024-07-06       119      10750           9.781           0.510    1.946   
2024-02-18       129      20280           8.594           0.480    2.163   
2024-05-14       101      15370           9.116           0.420    1.856   
2024-02-05       121      12660           9.297           0.730    1.758   
2024-05-20       113      14930           8.189           0.460    0.588   
2024-04-04       137      15100           8.683           0.500    1.435   
2024-11-14       110       9530           8.962           0.470    0.916   
2024-12-25       131      17110           8.576           0.470    2.534   
2024-07-03       118      11580           8.343           0.340    2.001   
2024-05-10       123      13320           7.824           0.580    0.875   
2024-05-29       120      17660          10.469           0.590    1.526   
2024-05-22       125      13400           8.477           0.370    1.482   
2024-06-18       110      13100           8.949           0.410    1.609   
2024-02-19       115      15900           9.511           0.430    1.030   
2024-10-31       118      16190           8.825           0.450    0.875   
2024-05-12       111      21280           7.938           0.430    0.405   
2024-12-26       105      13520           7.650           0.350    1.361   
2024-04-06       138      19640           7.496           0.560    1.758   
2024-07-09       123      13360           9.417           0.410    1.030   
2024-04-08       134      21740           8.882           0.470    2.493   
2024-10-18       127      12230           8.868           0.530    2.313   
2024-11-04       115      12040           9.852           0.410    0.262   
2024-08-27       137      19300           8.854           0.650    2.728   
2024-08-20       121      15340           8.390           0.330    1.775   
2024-01-07       123      15650           9.000           0.340    1.960   
2024-12-21       126      16070           8.716           0.470    1.065   
2024-04-27       107      18080           9.259           0.400    2.092   
2024-04-26       135      16750           8.764           0.520    0.405   
2024-12-10       115      16150           9.759           0.580    1.569   
2024-12-20        95      10470           8.896           0.620    0.470   
2024-10-07       118      18510           7.439           0.470    2.501   
2024-06-13       110      10320           8.367           0.180    2.342   
2024-07-30       128      18780           8.839           0.350    1.917   
2024-01-25       109      21320           8.132           0.510    0.405   
2024-01-26       125      15180           8.683           0.510    0.262   
2024-08-22       134      15460           9.048           0.500    0.642   
2024-02-14       119      18750           8.716           0.310    2.754   
2024-02-24       130      10560           8.161           0.410    1.932   
2024-03-03       128      20720           8.975           0.510    1.872   
2024-01-01       122      14490           9.200           0.480    1.946   
2024-03-05       125      14170           8.764           0.420    2.054   
2024-07-16       124      15420           8.517           0.390    2.272   
2024-05-05       139      15410           9.350           0.470    2.175   
2024-01-22       134      20040           8.748           0.440    0.916   
2024-06-21       111      18530           9.324           0.550    0.993   
2024-02-29       127      13470           9.127           0.460    1.589   
2024-11-30       101      20060           8.909           0.180    2.067   
2024-07-13       127      21930           8.319           0.490    1.686   
2024-06-05       126      20820           9.770           0.610    1.988   
2024-06-03       134      15240           8.780           0.640    2.054   
2024-09-24       116      15550           8.949           0.450    0.531   
2024-09-22       117      14400           9.333           0.410    1.856   
2024-11-28       100      17460           9.083           0.450    1.705   
2024-04-07       113      16610           9.629           0.260    1.887   
2024-11-20       114      16500           8.825           0.500    2.197   
2024-09-01       129      17790           9.240           0.260    1.131   
2024-03-19       116      15340           8.923           0.460    2.219   
2024-01-02       106      11880           9.149           0.480    2.079   
2024-09-04       118      23040           8.613           0.400    1.253   
2024-01-03       120      18010           8.666           0.430    2.595   
2024-03-01       119      13590          10.296           0.470    1.856   
2024-04-17       126      16260           8.594           0.710    2.262   
2024-09-18       129      11940           8.007           0.230    2.821   
2024-07-10       133       7290           8.102           0.470    2.219   
2024-05-18       109      17420           9.071           0.360    0.470   
2024-09-10       105      15950           9.116           0.390    2.197   
2024-03-22       112      13750           8.132           0.390    2.351   
2024-05-21       100      17360           9.190           0.340    2.140   
2024-01-12       109      13800           8.613           0.540    1.649   
2024-12-18       124      23560           8.839           0.330    2.851   
2024-10-08       129      15060           8.243           0.350    1.194   
2024-01-28       121      11040           8.648           0.350    1.775   
2024-09-21       109      21480           8.294           0.390    2.262   
2024-01-29       124      10900           8.962           0.510    1.131   
2024-10-17       113      19570           9.297           0.470    0.833   
2024-02-15       127      11510           8.517           0.460    0.405   
2024-10-21       116      11210           8.477           0.750    2.468   
2024-05-16       113      12170           8.666           0.170    1.526   
2024-07-24       126      13610           8.882           0.770    1.526   
2024-06-16       125       8920           8.987           0.320    0.405   
2024-08-15       126      13090           8.071           0.410    2.251   
2024-02-07       129      13540           7.901           0.330    0.642   
2024-01-09       109      17550           8.537           0.490    1.758   
2024-10-01       124      11850          10.853           0.580    1.740   
2024-03-20       122      11410           9.589           0.410    2.322   
2024-10-20       116      16050           8.390           0.530    1.841   
2024-11-23       133      14910           8.576           0.260    1.163   
2024-07-23       120      14680           8.189           0.530    1.825   
2024-11-18       129       9970           8.975           0.400    2.303   

            temperature holiday weekend  
date                                     
2024-07-06        8.900       1       1  
2024-02-18       22.700       1       1  
2024-05-14       26.500       0       0  
2024-02-05       18.100       0       0  
2024-05-20       20.400       0       0  
2024-04-04       24.300       1       0  
2024-11-14       -1.500       0       0  
2024-12-25        8.100       0       0  
2024-07-03        8.500       0       0  
2024-05-10       22.400       0       0  
2024-05-29       19.000       0       0  
2024-05-22       22.500       0       0  
2024-06-18       11.900       0       0  
2024-02-19       21.600       0       0  
2024-10-31       -3.900       0       0  
2024-05-12       18.600       1       1  
2024-12-26        2.700       0       0  
2024-04-06       24.400       1       1  
2024-07-09        5.900       0       0  
2024-04-08       24.900       0       0  
2024-10-18       -3.500       0       0  
2024-11-04       -0.700       0       0  
2024-08-27       -3.600       0       0  
2024-08-20       -3.000       0       0  
2024-01-07       15.100       1       1  
2024-12-21        8.400       1       1  
2024-04-27       24.600       1       1  
2024-04-26       22.300       0       0  
2024-12-10        3.500       0       0  
2024-12-20        5.000       0       0  
2024-10-07       -1.600       0       0  
2024-06-13       10.700       0       0  
2024-07-30        0.400       0       0  
2024-01-25       15.500       0       0  
2024-01-26       17.300       0       0  
2024-08-22       -2.500       0       0  
2024-02-14       19.100       0       0  
2024-02-24       23.400       1       1  
2024-03-03       21.800       1       1  
2024-01-01        5.200       0       0  
2024-03-05       24.200       0       0  
2024-07-16        2.800       0       0  
2024-05-05       20.400       1       1  
2024-01-22       14.300       0       0  
2024-06-21       11.900       1       0  
2024-02-29       21.100       0       0  
2024-11-30        3.500       1       1  
2024-07-13        8.600       1       1  
2024-06-05       16.600       0       0  
2024-06-03       14.700       0       0  
2024-09-24       -4.900       0       0  
2024-09-22       -4.500       1       1  
2024-11-28        0.500       0       0  
2024-04-07       27.600       1       1  
2024-11-20        0.400       1       0  
2024-09-01       -5.400       1       1  
2024-03-19       25.700       0       0  
2024-01-02       11.100       0       0  
2024-09-04       -4.800       0       0  
2024-01-03       12.900       1       0  
2024-03-01       25.800       0       0  
2024-04-17       25.300       0       0  
2024-09-18       -3.300       0       0  
2024-07-10       10.100       0       0  
2024-05-18       20.200       1       1  
2024-09-10       -4.300       0       0  
2024-03-22       22.300       0       0  
2024-05-21       16.400       0       0  
2024-01-12       15.000       0       0  
2024-12-18        7.700       0       0  
2024-10-08       -4.000       0       0  
2024-01-28       14.900       1       1  
2024-09-21       -4.700       1       1  
2024-01-29       14.100       0       0  
2024-10-17       -4.200       0       0  
2024-02-15       19.900       1       0  
2024-10-21       -6.600       0       0  
2024-05-16       22.300       0       0  
2024-07-24        2.200       0       0  
2024-06-16       13.900       1       1  
2024-08-15       -0.400       0       0  
2024-02-07       15.700       0       0  
2024-01-09       10.500       0       0  
2024-10-01       -7.800       0       0  
2024-03-20       26.000       0       0  
2024-10-20       -5.800       1       1  
2024-11-23       -1.400       1       1  
2024-07-23        2.600       0       0  
2024-11-18       -2.000       0       0  
2026-02-09 16:21:13,896:INFO:get_config() successfully completed......................................
2026-02-09 16:21:13,896:INFO:Initializing get_config()
2026-02-09 16:21:13,896:INFO:get_config(self=<pycaret.regression.oop.RegressionExperiment object at 0x000001E68784E7D0>, variable=y_test)
2026-02-09 16:21:13,896:INFO:Variable: 'y_test' used to return the transformed values in PyCaret 2.x. From PyCaret 3.x, this will return the raw values. If you need the transformed values, call get_config with 'y_test_transformed' instead.
2026-02-09 16:21:13,896:WARNING:c:\Users\itwill\AppData\Local\Programs\Python\Python311\Lib\site-packages\pycaret\internal\pycaret_experiment\pycaret_experiment.py:321: UserWarning: Variable: 'y_test' used to return the transformed values in PyCaret 2.x. From PyCaret 3.x, this will return the raw values. If you need the transformed values, call get_config with 'y_test_transformed' instead.
  warnings.warn(msg)  # print on screen

2026-02-09 16:21:13,899:INFO:Variable:  returned as date
2024-07-06   16.911
2024-02-18   16.891
2024-05-14   16.175
2024-02-05   16.495
2024-05-20   16.135
2024-04-04   16.403
2024-11-14   16.214
2024-12-25   16.303
2024-07-03   15.995
2024-05-10   16.144
2024-05-29   16.454
2024-05-22   16.189
2024-06-18   16.081
2024-02-19   16.987
2024-10-31   16.215
2024-05-12   16.930
2024-12-26   16.080
2024-04-06   16.701
2024-07-09   16.390
2024-04-08   16.023
2024-10-18   15.932
2024-11-04   16.367
2024-08-27   16.202
2024-08-20   16.356
2024-01-07   16.629
2024-12-21   16.852
2024-04-27   16.410
2024-04-26   16.188
2024-12-10   16.578
2024-12-20   15.998
2024-10-07   15.711
2024-06-13   16.191
2024-07-30   16.465
2024-01-25   16.120
2024-01-26   16.606
2024-08-22   16.421
2024-02-14   16.029
2024-02-24   16.550
2024-03-03   16.857
2024-01-01   16.169
2024-03-05   15.846
2024-07-16   15.784
2024-05-05   16.827
2024-01-22   16.504
2024-06-21   16.400
2024-02-29   16.809
2024-11-30   16.653
2024-07-13   17.301
2024-06-05   16.459
2024-06-03   16.252
2024-09-24   16.081
2024-09-22   17.004
2024-11-28   16.305
2024-04-07   17.413
2024-11-20   16.346
2024-09-01   17.150
2024-03-19   15.900
2024-01-02   16.005
2024-09-04   16.522
2024-01-03   16.354
2024-03-01   16.255
2024-04-17   16.031
2024-09-18   15.603
2024-07-10   15.727
2024-05-18   16.845
2024-09-10   16.386
2024-03-22   15.729
2024-05-21   16.328
2024-01-12   16.095
2024-12-18   16.088
2024-10-08   16.150
2024-01-28   16.471
2024-09-21   16.933
2024-01-29   16.377
2024-10-17   16.436
2024-02-15   16.455
2024-10-21   16.004
2024-05-16   16.516
2024-07-24   15.894
2024-06-16   16.906
2024-08-15   16.004
2024-02-07   16.266
2024-01-09   15.819
2024-10-01   16.455
2024-03-20   16.246
2024-10-20   16.988
2024-11-23   16.865
2024-07-23   16.111
2024-11-18   15.904
Name: sales, dtype: float32
2026-02-09 16:21:13,899:INFO:get_config() successfully completed......................................
2026-02-09 16:21:13,899:INFO:Initializing get_config()
2026-02-09 16:21:13,899:INFO:get_config(self=<pycaret.regression.oop.RegressionExperiment object at 0x000001E68784E7D0>, variable=X_train_transformed)
2026-02-09 16:21:13,938:INFO:Variable: X_train returned as             visitors  avg_price  marketing_cost  delivery_ratio  rain_mm  \
date                                                                       
2024-06-11     0.916     -1.801           0.229          -0.296    0.594   
2024-06-20    -0.415      1.761          -0.740          -0.549    0.884   
2024-08-25    -0.415     -0.199           1.020           0.378    0.933   
2024-11-22     1.677      0.385          -0.070          -0.549   -0.675   
2024-12-30    -1.271     -0.533          -0.529           0.294    0.851   
...              ...        ...             ...             ...      ...   
2024-03-30     0.345     -0.384          -1.600           0.715    0.573   
2024-06-04    -0.510      2.650          -0.256           0.546   -0.074   
2024-01-14    -1.747     -0.997          -0.897          -1.981   -1.097   
2024-10-05    -2.032      0.502          -0.981          -1.392   -0.460   
2024-06-10    -0.986      0.088          -0.256           0.799    0.183   

            temperature  holiday  weekend  
date                                       
2024-06-11        0.406   -0.731   -0.653  
2024-06-20       -0.173   -0.731   -0.653  
2024-08-25       -1.191    1.367    1.530  
2024-11-22       -0.855   -0.731   -0.653  
2024-12-30       -0.023   -0.731   -0.653  
...                 ...      ...      ...  
2024-03-30        1.667    1.367    1.530  
2024-06-04        0.145   -0.731   -0.653  
2024-01-14        0.285    1.367    1.530  
2024-10-05       -1.471    1.367    1.530  
2024-06-10        0.163   -0.731   -0.653  

[264 rows x 8 columns]
2026-02-09 16:21:13,938:INFO:get_config() successfully completed......................................
2026-02-09 16:21:13,938:INFO:Initializing get_config()
2026-02-09 16:21:13,938:INFO:get_config(self=<pycaret.regression.oop.RegressionExperiment object at 0x000001E68784E7D0>, variable=y_train_transformed)
2026-02-09 16:21:13,956:INFO:Variable: y_train returned as date
2024-06-11   16.142
2024-06-20   15.944
2024-08-25   16.580
2024-11-22   16.408
2024-12-30   16.235
              ...  
2024-03-30   16.420
2024-06-04   16.372
2024-01-14   16.631
2024-10-05   16.479
2024-06-10   15.976
Name: sales, Length: 264, dtype: float32
2026-02-09 16:21:13,956:INFO:get_config() successfully completed......................................
2026-02-09 16:21:13,956:INFO:Initializing get_config()
2026-02-09 16:21:13,956:INFO:get_config(self=<pycaret.regression.oop.RegressionExperiment object at 0x000001E68784E7D0>, variable=X_test_transformed)
2026-02-09 16:21:13,986:INFO:Variable: X_test returned as             visitors  avg_price  marketing_cost  delivery_ratio  rain_mm  \
date                                                                       
2024-07-06    -0.035     -1.228           1.566           0.546    0.468   
2024-02-18     0.916      1.300          -0.433           0.294    0.799   
2024-05-14    -1.747     -0.002           0.446          -0.212    0.332   
2024-02-05     0.155     -0.721           0.749           2.400    0.183   
2024-05-20    -0.606     -0.119          -1.116           0.125   -1.597   
2024-04-04     1.677     -0.074          -0.284           0.462   -0.308   
2024-11-14    -0.891     -1.551           0.186           0.209   -1.097   
2024-12-25     1.106      0.459          -0.465           0.209    1.362   
2024-07-03    -0.130     -1.008          -0.856          -0.886    0.553   
2024-05-10     0.345     -0.546          -1.729           1.136   -1.159   
2024-05-29     0.060      0.605           2.723           1.221   -0.170   
2024-05-22     0.536     -0.525          -0.631          -0.633   -0.238   
2024-06-18    -0.891     -0.604           0.164          -0.296   -0.043   
2024-02-19    -0.415      0.138           1.110          -0.128   -0.925   
2024-10-31    -0.130      0.215          -0.045           0.041   -1.159   
2024-05-12    -0.796      1.565          -1.539          -0.128   -1.874   
2024-12-26    -1.366     -0.493          -2.023          -0.802   -0.421   
2024-04-06     1.772      1.130          -2.282           0.968    0.183   
2024-07-09     0.345     -0.535           0.953          -0.296   -0.925   
2024-04-08     1.392      1.687           0.051           0.209    1.301   
2024-10-18     0.726     -0.835           0.028           0.715    1.026   
2024-11-04    -0.415     -0.886           1.685          -0.296   -2.091   
2024-08-27     1.677      1.040           0.004           1.726    1.657   
2024-08-20     0.155     -0.010          -0.778          -0.970    0.209   
2024-01-07     0.345      0.072           0.250          -0.886    0.490   
2024-12-21     0.631      0.183          -0.228           0.209   -0.871   
2024-04-27    -1.176      0.716           0.687          -0.380    0.690   
2024-04-26     1.487      0.364          -0.147           0.631   -1.874   
2024-12-10    -0.415      0.205           1.527           1.136   -0.105   
2024-12-20    -2.318     -1.302           0.075           1.473   -1.776   
2024-10-07    -0.130      0.830          -2.379           0.209    1.313   
2024-06-13    -0.891     -1.342          -0.817          -2.234    1.070   
2024-07-30     0.821      0.902          -0.020          -0.802    0.424   
2024-01-25    -0.986      1.576          -1.212           0.546   -1.874   
2024-01-26     0.536     -0.053          -0.284           0.546   -2.091   
2024-08-22     1.392      0.022           0.331           0.462   -1.514   
2024-02-14    -0.035      0.894          -0.228          -1.139    1.697   
2024-02-24     1.011     -1.278          -1.163          -0.296    0.447   
2024-03-03     0.821      1.417           0.207           0.546    0.356   
2024-01-01     0.250     -0.236           0.587           0.294    0.468   
2024-03-05     0.536     -0.321          -0.147          -0.212    0.633   
2024-07-16     0.441      0.011          -0.563          -0.465    0.964   
2024-05-05     1.867      0.008           0.840           0.209    0.816   
2024-01-22     1.392      1.236          -0.174          -0.043   -1.097   
2024-06-21    -0.796      0.836           0.795           0.883   -0.980   
2024-02-29     0.726     -0.506           0.464           0.125   -0.074   
2024-11-30    -1.747      1.242           0.097          -2.234    0.652   
2024-07-13     0.726      1.738          -0.897           0.378    0.074   
2024-06-05     0.631      1.443           1.547           1.389    0.532   
2024-06-03     1.392     -0.037          -0.121           1.642    0.633   
2024-09-24    -0.320      0.045           0.164           0.041   -1.683   
2024-09-22    -0.225     -0.260           0.810          -0.296    0.332   
2024-11-28    -1.842      0.552           0.389           0.041    0.102   
2024-04-07    -0.606      0.327           1.309          -1.560    0.379   
2024-11-20    -0.510      0.297          -0.045           0.462    0.851   
2024-09-01     0.916      0.640           0.654          -1.560   -0.770   
2024-03-19    -0.320     -0.010           0.120           0.125    0.884   
2024-01-02    -1.271     -0.928           0.500           0.294    0.672   
2024-09-04    -0.130      2.032          -0.402          -0.380   -0.585   
2024-01-03     0.060      0.698          -0.313          -0.128    1.456   
2024-03-01    -0.035     -0.474           2.432           0.209    0.332   
2024-04-17     0.631      0.234          -0.433           2.232    0.949   
2024-09-18     0.916     -0.912          -1.423          -1.813    1.800   
2024-07-10     1.297     -2.145          -1.262           0.209    0.884   
2024-05-18    -0.986      0.541           0.370          -0.717   -1.776   
2024-09-10    -1.366      0.151           0.446          -0.465    0.851   
2024-03-22    -0.701     -0.432          -1.212          -0.465    1.085   
2024-05-21    -1.842      0.525           0.570          -0.886    0.764   
2024-01-12    -0.986     -0.419          -0.402           0.799    0.016   
2024-12-18     0.441      2.170          -0.020          -0.970    1.844   
2024-10-08     0.916     -0.085          -1.025          -0.802   -0.675   
2024-01-28     0.155     -1.151          -0.342          -0.802    0.209   
2024-09-21    -0.986      1.618          -0.938          -0.465    0.949   
2024-01-29     0.441     -1.188           0.186           0.546   -0.770   
2024-10-17    -0.606      1.112           0.749           0.209   -1.224   
2024-02-15     0.726     -1.026          -0.563           0.125   -1.874   
2024-10-21    -0.320     -1.106          -0.631           2.569    1.262   
2024-05-16    -0.606     -0.851          -0.313          -2.318   -0.170   
2024-07-24     0.631     -0.469           0.051           2.737   -0.170   
2024-06-16     0.536     -1.713           0.229          -1.055   -1.874   
2024-08-15     0.631     -0.607          -1.314          -0.296    0.933   
2024-02-07     0.916     -0.488          -1.600          -0.970   -1.514   
2024-01-09    -0.986      0.576          -0.529           0.378    0.183   
2024-10-01     0.441     -0.936           3.371           1.136    0.156   
2024-03-20     0.250     -1.053           1.242          -0.296    1.041   
2024-10-20    -0.320      0.178          -0.778           0.715    0.308   
2024-11-23     1.297     -0.124          -0.465          -1.560   -0.722   
2024-07-23     0.060     -0.185          -1.116           0.715    0.284   
2024-11-18     0.916     -1.435           0.207          -0.380    1.011   

            temperature  holiday  weekend  
date                                       
2024-07-06       -0.089    1.367    1.530  
2024-02-18        1.200    1.367    1.530  
2024-05-14        1.555   -0.731   -0.653  
2024-02-05        0.770   -0.731   -0.653  
2024-05-20        0.985   -0.731   -0.653  
2024-04-04        1.350    1.367   -0.653  
2024-11-14       -1.060   -0.731   -0.653  
2024-12-25       -0.163   -0.731   -0.653  
2024-07-03       -0.126   -0.731   -0.653  
2024-05-10        1.172   -0.731   -0.653  
2024-05-29        0.855   -0.731   -0.653  
2024-05-22        1.181   -0.731   -0.653  
2024-06-18        0.191   -0.731   -0.653  
2024-02-19        1.097   -0.731   -0.653  
2024-10-31       -1.284   -0.731   -0.653  
2024-05-12        0.817    1.367    1.530  
2024-12-26       -0.668   -0.731   -0.653  
2024-04-06        1.359    1.367    1.530  
2024-07-09       -0.369   -0.731   -0.653  
2024-04-08        1.406   -0.731   -0.653  
2024-10-18       -1.247   -0.731   -0.653  
2024-11-04       -0.985   -0.731   -0.653  
2024-08-27       -1.256   -0.731   -0.653  
2024-08-20       -1.200   -0.731   -0.653  
2024-01-07        0.490    1.367    1.530  
2024-12-21       -0.135    1.367    1.530  
2024-04-27        1.378    1.367    1.530  
2024-04-26        1.163   -0.731   -0.653  
2024-12-10       -0.593   -0.731   -0.653  
2024-12-20       -0.453   -0.731   -0.653  
2024-10-07       -1.069   -0.731   -0.653  
2024-06-13        0.079   -0.731   -0.653  
2024-07-30       -0.883   -0.731   -0.653  
2024-01-25        0.528   -0.731   -0.653  
2024-01-26        0.696   -0.731   -0.653  
2024-08-22       -1.153   -0.731   -0.653  
2024-02-14        0.864   -0.731   -0.653  
2024-02-24        1.265    1.367    1.530  
2024-03-03        1.116    1.367    1.530  
2024-01-01       -0.434   -0.731   -0.653  
2024-03-05        1.340   -0.731   -0.653  
2024-07-16       -0.658   -0.731   -0.653  
2024-05-05        0.985    1.367    1.530  
2024-01-22        0.416   -0.731   -0.653  
2024-06-21        0.191    1.367   -0.653  
2024-02-29        1.051   -0.731   -0.653  
2024-11-30       -0.593    1.367    1.530  
2024-07-13       -0.117    1.367    1.530  
2024-06-05        0.630   -0.731   -0.653  
2024-06-03        0.453   -0.731   -0.653  
2024-09-24       -1.378   -0.731   -0.653  
2024-09-22       -1.340    1.367    1.530  
2024-11-28       -0.873   -0.731   -0.653  
2024-04-07        1.658    1.367    1.530  
2024-11-20       -0.883    1.367   -0.653  
2024-09-01       -1.424    1.367    1.530  
2024-03-19        1.480   -0.731   -0.653  
2024-01-02        0.117   -0.731   -0.653  
2024-09-04       -1.368   -0.731   -0.653  
2024-01-03        0.285    1.367   -0.653  
2024-03-01        1.490   -0.731   -0.653  
2024-04-17        1.443   -0.731   -0.653  
2024-09-18       -1.228   -0.731   -0.653  
2024-07-10        0.023   -0.731   -0.653  
2024-05-18        0.967    1.367    1.530  
2024-09-10       -1.322   -0.731   -0.653  
2024-03-22        1.163   -0.731   -0.653  
2024-05-21        0.612   -0.731   -0.653  
2024-01-12        0.481   -0.731   -0.653  
2024-12-18       -0.201   -0.731   -0.653  
2024-10-08       -1.294   -0.731   -0.653  
2024-01-28        0.472    1.367    1.530  
2024-09-21       -1.359    1.367    1.530  
2024-01-29        0.397   -0.731   -0.653  
2024-10-17       -1.312   -0.731   -0.653  
2024-02-15        0.939    1.367   -0.653  
2024-10-21       -1.536   -0.731   -0.653  
2024-05-16        1.163   -0.731   -0.653  
2024-07-24       -0.714   -0.731   -0.653  
2024-06-16        0.378    1.367    1.530  
2024-08-15       -0.957   -0.731   -0.653  
2024-02-07        0.546   -0.731   -0.653  
2024-01-09        0.061   -0.731   -0.653  
2024-10-01       -1.648   -0.731   -0.653  
2024-03-20        1.508   -0.731   -0.653  
2024-10-20       -1.462    1.367    1.530  
2024-11-23       -1.051    1.367    1.530  
2024-07-23       -0.677   -0.731   -0.653  
2024-11-18       -1.107   -0.731   -0.653  
2026-02-09 16:21:13,986:INFO:get_config() successfully completed......................................
2026-02-09 16:21:13,986:INFO:Initializing get_config()
2026-02-09 16:21:13,986:INFO:get_config(self=<pycaret.regression.oop.RegressionExperiment object at 0x000001E68784E7D0>, variable=y_test_transformed)
2026-02-09 16:21:14,011:INFO:Variable: y_test returned as date
2024-07-06   16.911
2024-02-18   16.891
2024-05-14   16.175
2024-02-05   16.495
2024-05-20   16.135
2024-04-04   16.403
2024-11-14   16.214
2024-12-25   16.303
2024-07-03   15.995
2024-05-10   16.144
2024-05-29   16.454
2024-05-22   16.189
2024-06-18   16.081
2024-02-19   16.987
2024-10-31   16.215
2024-05-12   16.930
2024-12-26   16.080
2024-04-06   16.701
2024-07-09   16.390
2024-04-08   16.023
2024-10-18   15.932
2024-11-04   16.367
2024-08-27   16.202
2024-08-20   16.356
2024-01-07   16.629
2024-12-21   16.852
2024-04-27   16.410
2024-04-26   16.188
2024-12-10   16.578
2024-12-20   15.998
2024-10-07   15.711
2024-06-13   16.191
2024-07-30   16.465
2024-01-25   16.120
2024-01-26   16.606
2024-08-22   16.421
2024-02-14   16.029
2024-02-24   16.550
2024-03-03   16.857
2024-01-01   16.169
2024-03-05   15.846
2024-07-16   15.784
2024-05-05   16.827
2024-01-22   16.504
2024-06-21   16.400
2024-02-29   16.809
2024-11-30   16.653
2024-07-13   17.301
2024-06-05   16.459
2024-06-03   16.252
2024-09-24   16.081
2024-09-22   17.004
2024-11-28   16.305
2024-04-07   17.413
2024-11-20   16.346
2024-09-01   17.150
2024-03-19   15.900
2024-01-02   16.005
2024-09-04   16.522
2024-01-03   16.354
2024-03-01   16.255
2024-04-17   16.031
2024-09-18   15.603
2024-07-10   15.727
2024-05-18   16.845
2024-09-10   16.386
2024-03-22   15.729
2024-05-21   16.328
2024-01-12   16.095
2024-12-18   16.088
2024-10-08   16.150
2024-01-28   16.471
2024-09-21   16.933
2024-01-29   16.377
2024-10-17   16.436
2024-02-15   16.455
2024-10-21   16.004
2024-05-16   16.516
2024-07-24   15.894
2024-06-16   16.906
2024-08-15   16.004
2024-02-07   16.266
2024-01-09   15.819
2024-10-01   16.455
2024-03-20   16.246
2024-10-20   16.988
2024-11-23   16.865
2024-07-23   16.111
2024-11-18   15.904
Name: sales, dtype: float32
2026-02-09 16:21:14,011:INFO:get_config() successfully completed......................................
2026-02-09 16:22:12,309:INFO:Initializing get_config()
2026-02-09 16:22:12,309:INFO:get_config(self=<pycaret.regression.oop.RegressionExperiment object at 0x000001E68784E7D0>, variable=pipeline)
2026-02-09 16:22:12,334:INFO:Variable:  returned as Pipeline(memory=FastMemory(location=C:\Users\itwill\AppData\Local\Temp\joblib),
         steps=[('numerical_imputer',
                 TransformerWrapper(include=['visitors', 'avg_price',
                                             'marketing_cost', 'delivery_ratio',
                                             'rain_mm', 'temperature'],
                                    transformer=SimpleImputer())),
                ('categorical_imputer',
                 TransformerWrapper(include=['weekend', 'holiday'],
                                    transformer=SimpleImputer(strat...
                 TransformerWrapper(include=['weekend', 'holiday'],
                                    transformer=OrdinalEncoder(cols=['weekend',
                                                                     'holiday'],
                                                               handle_missing='return_nan',
                                                               mapping=[{'col': 'weekend',
                                                                         'data_type': dtype('float64'),
                                                                         'mapping': 0.000    0
1.000    1
NaN     -1
dtype: int64},
                                                                        {'col': 'holiday',
                                                                         'data_type': dtype('float64'),
                                                                         'mapping': 0.000    0
1.000    1
NaN     -1
dtype: int64}]))),
                ('normalize',
                 TransformerWrapper(transformer=StandardScaler()))])
2026-02-09 16:22:12,335:INFO:get_config() successfully completed......................................
2026-02-09 16:26:01,117:WARNING:c:\Users\itwill\AppData\Local\Programs\Python\Python311\Lib\site-packages\hossam\hs_reg.py:454: FutureWarning: The NumPy global RNG was seeded by calling `np.random.seed`. In a future version this function will no longer use the global RNG. Pass `rng` explicitly to opt-in to the new behaviour and silence this warning.
  shap.summary_plot(shap_values, x, show=False)

2026-02-09 16:28:41,790:INFO:PyCaret RegressionExperiment
2026-02-09 16:28:41,790:INFO:Logging name: reg-default-name
2026-02-09 16:28:41,790:INFO:ML Usecase: MLUsecase.REGRESSION
2026-02-09 16:28:41,790:INFO:version 3.3.2
2026-02-09 16:28:41,790:INFO:Initializing setup()
2026-02-09 16:28:41,790:INFO:self.USI: 7cb7
2026-02-09 16:28:41,790:INFO:self._variable_keys: {'X', 'USI', 'memory', 'X_test', 'y', 'transform_target_param', 'fold_generator', 'fold_shuffle_param', 'logging_param', 'X_train', 'data', 'fold_groups_param', 'seed', 'n_jobs_param', 'y_train', 'html_param', 'exp_id', '_ml_usecase', 'log_plots_param', '_available_plots', 'idx', 'exp_name_log', 'gpu_param', 'pipeline', 'y_test', 'target_param', 'gpu_n_jobs_param'}
2026-02-09 16:28:41,790:INFO:Checking environment
2026-02-09 16:28:41,790:INFO:python_version: 3.11.9
2026-02-09 16:28:41,790:INFO:python_build: ('tags/v3.11.9:de54cf5', 'Apr  2 2024 10:12:12')
2026-02-09 16:28:41,790:INFO:machine: AMD64
2026-02-09 16:28:41,790:INFO:platform: Windows-10-10.0.26200-SP0
2026-02-09 16:28:41,790:INFO:Memory: svmem(total=16881364992, available=2101891072, percent=87.5, used=14779473920, free=2101891072)
2026-02-09 16:28:41,790:INFO:Physical Core: 6
2026-02-09 16:28:41,790:INFO:Logical Core: 12
2026-02-09 16:28:41,790:INFO:Checking libraries
2026-02-09 16:28:41,790:INFO:System:
2026-02-09 16:28:41,790:INFO:    python: 3.11.9 (tags/v3.11.9:de54cf5, Apr  2 2024, 10:12:12) [MSC v.1938 64 bit (AMD64)]
2026-02-09 16:28:41,790:INFO:executable: c:\Users\itwill\AppData\Local\Programs\Python\Python311\python.exe
2026-02-09 16:28:41,790:INFO:   machine: Windows-10-10.0.26200-SP0
2026-02-09 16:28:41,790:INFO:PyCaret required dependencies:
2026-02-09 16:28:41,790:INFO:                 pip: 26.0.1
2026-02-09 16:28:41,790:INFO:          setuptools: 65.5.0
2026-02-09 16:28:41,790:INFO:             pycaret: 3.3.2
2026-02-09 16:28:41,790:INFO:             IPython: 9.10.0
2026-02-09 16:28:41,790:INFO:          ipywidgets: 8.1.8
2026-02-09 16:28:41,790:INFO:                tqdm: 4.67.3
2026-02-09 16:28:41,790:INFO:               numpy: 1.26.4
2026-02-09 16:28:41,790:INFO:              pandas: 2.1.4
2026-02-09 16:28:41,790:INFO:              jinja2: 3.1.6
2026-02-09 16:28:41,790:INFO:               scipy: 1.11.4
2026-02-09 16:28:41,790:INFO:              joblib: 1.3.2
2026-02-09 16:28:41,790:INFO:             sklearn: 1.4.2
2026-02-09 16:28:41,790:INFO:                pyod: 2.0.6
2026-02-09 16:28:41,790:INFO:            imblearn: 0.13.0
2026-02-09 16:28:41,790:INFO:   category_encoders: 2.7.0
2026-02-09 16:28:41,790:INFO:            lightgbm: 4.6.0
2026-02-09 16:28:41,790:INFO:               numba: 0.63.1
2026-02-09 16:28:41,790:INFO:            requests: 2.32.5
2026-02-09 16:28:41,790:INFO:          matplotlib: 3.7.5
2026-02-09 16:28:41,790:INFO:          scikitplot: 0.3.7
2026-02-09 16:28:41,790:INFO:         yellowbrick: 1.5
2026-02-09 16:28:41,790:INFO:              plotly: 6.5.2
2026-02-09 16:28:41,790:INFO:    plotly-resampler: Not installed
2026-02-09 16:28:41,790:INFO:             kaleido: 1.2.0
2026-02-09 16:28:41,790:INFO:           schemdraw: 0.15
2026-02-09 16:28:41,790:INFO:         statsmodels: 0.14.6
2026-02-09 16:28:41,790:INFO:              sktime: 0.26.0
2026-02-09 16:28:41,790:INFO:               tbats: 1.1.3
2026-02-09 16:28:41,790:INFO:            pmdarima: 2.0.4
2026-02-09 16:28:41,790:INFO:              psutil: 7.2.2
2026-02-09 16:28:41,790:INFO:          markupsafe: 3.0.3
2026-02-09 16:28:41,790:INFO:             pickle5: Not installed
2026-02-09 16:28:41,790:INFO:         cloudpickle: 3.1.2
2026-02-09 16:28:41,790:INFO:         deprecation: 2.1.0
2026-02-09 16:28:41,790:INFO:              xxhash: 3.6.0
2026-02-09 16:28:41,790:INFO:           wurlitzer: Not installed
2026-02-09 16:28:41,790:INFO:PyCaret optional dependencies:
2026-02-09 16:28:41,790:INFO:                shap: 0.49.1
2026-02-09 16:28:41,790:INFO:           interpret: Not installed
2026-02-09 16:28:41,790:INFO:                umap: Not installed
2026-02-09 16:28:41,790:INFO:     ydata_profiling: Not installed
2026-02-09 16:28:41,790:INFO:  explainerdashboard: Not installed
2026-02-09 16:28:41,790:INFO:             autoviz: Not installed
2026-02-09 16:28:41,790:INFO:           fairlearn: Not installed
2026-02-09 16:28:41,790:INFO:          deepchecks: Not installed
2026-02-09 16:28:41,790:INFO:             xgboost: 2.1.4
2026-02-09 16:28:41,790:INFO:            catboost: 1.2.8
2026-02-09 16:28:41,790:INFO:              kmodes: 0.12.2
2026-02-09 16:28:41,790:INFO:             mlxtend: Not installed
2026-02-09 16:28:41,790:INFO:       statsforecast: Not installed
2026-02-09 16:28:41,790:INFO:        tune_sklearn: Not installed
2026-02-09 16:28:41,790:INFO:                 ray: Not installed
2026-02-09 16:28:41,790:INFO:            hyperopt: Not installed
2026-02-09 16:28:41,790:INFO:              optuna: Not installed
2026-02-09 16:28:41,790:INFO:               skopt: Not installed
2026-02-09 16:28:41,790:INFO:              mlflow: Not installed
2026-02-09 16:28:41,790:INFO:              gradio: Not installed
2026-02-09 16:28:41,790:INFO:             fastapi: Not installed
2026-02-09 16:28:41,790:INFO:             uvicorn: Not installed
2026-02-09 16:28:41,790:INFO:              m2cgen: Not installed
2026-02-09 16:28:41,790:INFO:           evidently: Not installed
2026-02-09 16:28:41,790:INFO:               fugue: Not installed
2026-02-09 16:28:41,790:INFO:           streamlit: Not installed
2026-02-09 16:28:41,790:INFO:             prophet: 1.3.0
2026-02-09 16:28:41,790:INFO:None
2026-02-09 16:28:41,790:INFO:Set up data.
2026-02-09 16:28:41,790:INFO:Set up folding strategy.
2026-02-09 16:28:41,790:INFO:Set up train/test split.
2026-02-09 16:28:41,790:INFO:Set up index.
2026-02-09 16:28:41,790:INFO:Assigning column types.
2026-02-09 16:28:41,790:INFO:Engine successfully changes for model 'lr' to 'sklearn'.
2026-02-09 16:28:41,790:INFO:Engine for model 'lasso' has not been set explicitly, hence returning None.
2026-02-09 16:28:41,806:INFO:Engine for model 'ridge' has not been set explicitly, hence returning None.
2026-02-09 16:28:41,809:INFO:Engine for model 'en' has not been set explicitly, hence returning None.
2026-02-09 16:28:41,841:INFO:Engine for model 'svm' has not been set explicitly, hence returning None.
2026-02-09 16:28:41,868:INFO:Engine for model 'knn' has not been set explicitly, hence returning None.
2026-02-09 16:28:41,870:INFO:Soft dependency imported: xgboost: 2.1.4
2026-02-09 16:28:41,871:INFO:Soft dependency imported: catboost: 1.2.8
2026-02-09 16:28:41,872:INFO:Engine for model 'lasso' has not been set explicitly, hence returning None.
2026-02-09 16:28:41,874:INFO:Engine for model 'ridge' has not been set explicitly, hence returning None.
2026-02-09 16:28:41,876:INFO:Engine for model 'en' has not been set explicitly, hence returning None.
2026-02-09 16:28:41,908:INFO:Engine for model 'svm' has not been set explicitly, hence returning None.
2026-02-09 16:28:41,929:INFO:Engine for model 'knn' has not been set explicitly, hence returning None.
2026-02-09 16:28:41,929:INFO:Soft dependency imported: xgboost: 2.1.4
2026-02-09 16:28:41,929:INFO:Soft dependency imported: catboost: 1.2.8
2026-02-09 16:28:41,934:INFO:Engine successfully changes for model 'lasso' to 'sklearn'.
2026-02-09 16:28:41,934:INFO:Engine for model 'ridge' has not been set explicitly, hence returning None.
2026-02-09 16:28:41,937:INFO:Engine for model 'en' has not been set explicitly, hence returning None.
2026-02-09 16:28:41,971:INFO:Engine for model 'svm' has not been set explicitly, hence returning None.
2026-02-09 16:28:41,996:INFO:Engine for model 'knn' has not been set explicitly, hence returning None.
2026-02-09 16:28:41,998:INFO:Soft dependency imported: xgboost: 2.1.4
2026-02-09 16:28:41,999:INFO:Soft dependency imported: catboost: 1.2.8
2026-02-09 16:28:42,001:INFO:Engine for model 'ridge' has not been set explicitly, hence returning None.
2026-02-09 16:28:42,005:INFO:Engine for model 'en' has not been set explicitly, hence returning None.
2026-02-09 16:28:42,039:INFO:Engine for model 'svm' has not been set explicitly, hence returning None.
2026-02-09 16:28:42,055:INFO:Engine for model 'knn' has not been set explicitly, hence returning None.
2026-02-09 16:28:42,055:INFO:Soft dependency imported: xgboost: 2.1.4
2026-02-09 16:28:42,055:INFO:Soft dependency imported: catboost: 1.2.8
2026-02-09 16:28:42,055:INFO:Engine successfully changes for model 'ridge' to 'sklearn'.
2026-02-09 16:28:42,069:INFO:Engine for model 'en' has not been set explicitly, hence returning None.
2026-02-09 16:28:42,090:INFO:Engine for model 'svm' has not been set explicitly, hence returning None.
2026-02-09 16:28:42,130:INFO:Engine for model 'knn' has not been set explicitly, hence returning None.
2026-02-09 16:28:42,130:INFO:Soft dependency imported: xgboost: 2.1.4
2026-02-09 16:28:42,132:INFO:Soft dependency imported: catboost: 1.2.8
2026-02-09 16:28:42,138:INFO:Engine for model 'en' has not been set explicitly, hence returning None.
2026-02-09 16:28:42,165:INFO:Engine for model 'svm' has not been set explicitly, hence returning None.
2026-02-09 16:28:42,194:INFO:Engine for model 'knn' has not been set explicitly, hence returning None.
2026-02-09 16:28:42,194:INFO:Soft dependency imported: xgboost: 2.1.4
2026-02-09 16:28:42,194:INFO:Soft dependency imported: catboost: 1.2.8
2026-02-09 16:28:42,194:INFO:Engine successfully changes for model 'en' to 'sklearn'.
2026-02-09 16:28:42,233:INFO:Engine for model 'svm' has not been set explicitly, hence returning None.
2026-02-09 16:28:42,257:INFO:Engine for model 'knn' has not been set explicitly, hence returning None.
2026-02-09 16:28:42,257:INFO:Soft dependency imported: xgboost: 2.1.4
2026-02-09 16:28:42,258:INFO:Soft dependency imported: catboost: 1.2.8
2026-02-09 16:28:42,289:INFO:Engine for model 'svm' has not been set explicitly, hence returning None.
2026-02-09 16:28:42,318:INFO:Engine for model 'knn' has not been set explicitly, hence returning None.
2026-02-09 16:28:42,318:INFO:Soft dependency imported: xgboost: 2.1.4
2026-02-09 16:28:42,321:INFO:Soft dependency imported: catboost: 1.2.8
2026-02-09 16:28:42,321:INFO:Engine successfully changes for model 'knn' to 'sklearn'.
2026-02-09 16:28:42,358:INFO:Engine for model 'svm' has not been set explicitly, hence returning None.
2026-02-09 16:28:42,371:INFO:Soft dependency imported: xgboost: 2.1.4
2026-02-09 16:28:42,387:INFO:Soft dependency imported: catboost: 1.2.8
2026-02-09 16:28:42,420:INFO:Engine for model 'svm' has not been set explicitly, hence returning None.
2026-02-09 16:28:42,437:INFO:Soft dependency imported: xgboost: 2.1.4
2026-02-09 16:28:42,437:INFO:Soft dependency imported: catboost: 1.2.8
2026-02-09 16:28:42,437:INFO:Engine successfully changes for model 'svm' to 'sklearn'.
2026-02-09 16:28:42,504:INFO:Soft dependency imported: xgboost: 2.1.4
2026-02-09 16:28:42,504:INFO:Soft dependency imported: catboost: 1.2.8
2026-02-09 16:28:42,571:INFO:Soft dependency imported: xgboost: 2.1.4
2026-02-09 16:28:42,572:INFO:Soft dependency imported: catboost: 1.2.8
2026-02-09 16:28:42,574:INFO:Preparing preprocessing pipeline...
2026-02-09 16:28:42,574:INFO:Set up simple imputation.
2026-02-09 16:28:42,576:INFO:Set up encoding of ordinal features.
2026-02-09 16:28:42,577:INFO:Set up encoding of categorical features.
2026-02-09 16:28:42,577:INFO:Set up feature normalization.
2026-02-09 16:28:42,611:INFO:Finished creating preprocessing pipeline.
2026-02-09 16:28:42,641:INFO:Pipeline: Pipeline(memory=FastMemory(location=C:\Users\itwill\AppData\Local\Temp\joblib),
         steps=[('numerical_imputer',
                 TransformerWrapper(include=['visitors', 'avg_price',
                                             'marketing_cost', 'delivery_ratio',
                                             'rain_mm', 'temperature'],
                                    transformer=SimpleImputer())),
                ('categorical_imputer',
                 TransformerWrapper(include=['weekend', 'holiday'],
                                    transformer=SimpleImputer(strat...
                 TransformerWrapper(include=['weekend', 'holiday'],
                                    transformer=OrdinalEncoder(cols=['weekend',
                                                                     'holiday'],
                                                               handle_missing='return_nan',
                                                               mapping=[{'col': 'weekend',
                                                                         'data_type': dtype('float64'),
                                                                         'mapping': 0.000    0
1.000    1
NaN     -1
dtype: int64},
                                                                        {'col': 'holiday',
                                                                         'data_type': dtype('float64'),
                                                                         'mapping': 0.000    0
1.000    1
NaN     -1
dtype: int64}]))),
                ('normalize',
                 TransformerWrapper(transformer=StandardScaler()))])
2026-02-09 16:28:42,641:INFO:Creating final display dataframe.
2026-02-09 16:28:42,755:INFO:Setup _display_container:                     Description             Value
0                    Session id                52
1                        Target             sales
2                   Target type        Regression
3           Original data shape          (353, 9)
4        Transformed data shape          (353, 9)
5   Transformed train set shape          (264, 9)
6    Transformed test set shape           (89, 9)
7              Numeric features                 6
8          Categorical features                 2
9                    Preprocess              True
10              Imputation type            simple
11           Numeric imputation              mean
12       Categorical imputation              mode
13     Maximum one-hot encoding                25
14              Encoding method              None
15                    Normalize              True
16             Normalize method            zscore
17               Fold Generator             KFold
18                  Fold Number                 5
19                     CPU Jobs                -1
20                      Use GPU             False
21               Log Experiment             False
22              Experiment Name  reg-default-name
23                          USI              7cb7
2026-02-09 16:28:42,821:INFO:Soft dependency imported: xgboost: 2.1.4
2026-02-09 16:28:42,821:INFO:Soft dependency imported: catboost: 1.2.8
2026-02-09 16:28:42,889:INFO:Soft dependency imported: xgboost: 2.1.4
2026-02-09 16:28:42,890:INFO:Soft dependency imported: catboost: 1.2.8
2026-02-09 16:28:42,890:INFO:setup() successfully completed in 1.1s...............
2026-02-09 16:28:42,918:INFO:gpu_param set to False
2026-02-09 16:28:42,996:INFO:Soft dependency imported: xgboost: 2.1.4
2026-02-09 16:28:42,998:INFO:Soft dependency imported: catboost: 1.2.8
2026-02-09 16:28:43,063:INFO:Soft dependency imported: xgboost: 2.1.4
2026-02-09 16:28:43,065:INFO:Soft dependency imported: catboost: 1.2.8
2026-02-09 16:28:43,072:INFO:Initializing create_model()
2026-02-09 16:28:43,072:INFO:create_model(self=<pycaret.regression.oop.RegressionExperiment object at 0x000001E687648650>, estimator=rf, fold=None, round=4, cross_validation=True, predict=True, fit_kwargs=None, groups=None, refit=True, probability_threshold=None, experiment_custom_tags=None, verbose=True, system=True, add_to_model_list=True, metrics=None, display=None, model_only=True, return_train_score=False, error_score=0.0, kwargs={})
2026-02-09 16:28:43,072:INFO:Checking exceptions
2026-02-09 16:28:43,072:INFO:Importing libraries
2026-02-09 16:28:43,087:INFO:Copying training dataset
2026-02-09 16:28:43,090:INFO:Defining folds
2026-02-09 16:28:43,090:INFO:Declaring metric variables
2026-02-09 16:28:43,093:INFO:Importing untrained model
2026-02-09 16:28:43,095:INFO:Random Forest Regressor Imported successfully
2026-02-09 16:28:43,099:INFO:Starting cross validation
2026-02-09 16:28:43,100:INFO:Cross validating with KFold(n_splits=5, random_state=None, shuffle=False), n_jobs=-1
2026-02-09 16:28:43,299:WARNING:
'cuml' is a soft dependency and not included in the pycaret installation. Please run: `pip install cuml` to install.
2026-02-09 16:28:43,299:WARNING:
'cuml' is a soft dependency and not included in the pycaret installation. Please run: `pip install cuml` to install.
2026-02-09 16:28:43,299:WARNING:
'cuml' is a soft dependency and not included in the pycaret installation. Please run: `pip install cuml` to install.
2026-02-09 16:28:43,299:WARNING:
'cuml' is a soft dependency and not included in the pycaret installation. Please run: `pip install cuml` to install.
2026-02-09 16:28:44,357:WARNING:c:\Users\itwill\AppData\Local\Programs\Python\Python311\Lib\site-packages\_distutils_hack\__init__.py:33: UserWarning: Setuptools is replacing distutils.
  warnings.warn("Setuptools is replacing distutils.")

2026-02-09 16:28:44,367:WARNING:c:\Users\itwill\AppData\Local\Programs\Python\Python311\Lib\site-packages\_distutils_hack\__init__.py:33: UserWarning: Setuptools is replacing distutils.
  warnings.warn("Setuptools is replacing distutils.")

2026-02-09 16:28:44,407:WARNING:c:\Users\itwill\AppData\Local\Programs\Python\Python311\Lib\site-packages\_distutils_hack\__init__.py:33: UserWarning: Setuptools is replacing distutils.
  warnings.warn("Setuptools is replacing distutils.")

2026-02-09 16:28:44,413:WARNING:c:\Users\itwill\AppData\Local\Programs\Python\Python311\Lib\site-packages\_distutils_hack\__init__.py:33: UserWarning: Setuptools is replacing distutils.
  warnings.warn("Setuptools is replacing distutils.")

2026-02-09 16:28:44,422:WARNING:c:\Users\itwill\AppData\Local\Programs\Python\Python311\Lib\site-packages\_distutils_hack\__init__.py:33: UserWarning: Setuptools is replacing distutils.
  warnings.warn("Setuptools is replacing distutils.")

2026-02-09 16:28:44,689:INFO:Calculating mean and std
2026-02-09 16:28:44,690:INFO:Creating metrics dataframe
2026-02-09 16:28:44,694:INFO:Finalizing model
2026-02-09 16:28:44,802:INFO:Uploading results into container
2026-02-09 16:28:44,803:INFO:Uploading model into container now
2026-02-09 16:28:44,805:INFO:_master_model_container: 1
2026-02-09 16:28:44,805:INFO:_display_container: 2
2026-02-09 16:28:44,805:INFO:RandomForestRegressor(n_jobs=-1, random_state=52)
2026-02-09 16:28:44,805:INFO:create_model() successfully completed......................................
2026-02-09 16:28:44,925:INFO:Initializing tune_model()
2026-02-09 16:28:44,925:INFO:tune_model(self=<pycaret.regression.oop.RegressionExperiment object at 0x000001E687648650>, estimator=RandomForestRegressor(n_jobs=-1, random_state=52), fold=5, round=4, n_iter=30, custom_grid={'n_estimators': [50, 500], 'max_depth': [None, 10], 'min_samples_leaf': [5, 10], 'max_features': ['sqrt', 1.0]}, optimize=RMSE, custom_scorer=None, search_library=scikit-learn, search_algorithm=grid, early_stopping=True, early_stopping_max_iters=10, choose_better=True, fit_kwargs=None, groups=None, return_tuner=False, verbose=False, tuner_verbose=True, return_train_score=False, kwargs={})
2026-02-09 16:28:44,925:INFO:Checking exceptions
2026-02-09 16:28:44,929:INFO:Copying training dataset
2026-02-09 16:28:44,930:INFO:Checking base model
2026-02-09 16:28:44,930:INFO:Base model : Random Forest Regressor
2026-02-09 16:28:44,930:INFO:Declaring metric variables
2026-02-09 16:28:44,930:INFO:Defining Hyperparameters
2026-02-09 16:28:45,014:INFO:custom_grid: {'actual_estimator__n_estimators': [50, 500], 'actual_estimator__max_depth': [None, 10], 'actual_estimator__min_samples_leaf': [5, 10], 'actual_estimator__max_features': ['sqrt', 1.0]}
2026-02-09 16:28:45,014:INFO:Tuning with n_jobs=-1
2026-02-09 16:28:45,014:INFO:Initializing GridSearchCV
2026-02-09 16:28:47,259:WARNING:c:\Users\itwill\AppData\Local\Programs\Python\Python311\Lib\site-packages\_distutils_hack\__init__.py:33: UserWarning: Setuptools is replacing distutils.
  warnings.warn("Setuptools is replacing distutils.")

2026-02-09 16:28:47,292:WARNING:c:\Users\itwill\AppData\Local\Programs\Python\Python311\Lib\site-packages\_distutils_hack\__init__.py:33: UserWarning: Setuptools is replacing distutils.
  warnings.warn("Setuptools is replacing distutils.")

2026-02-09 16:28:47,297:WARNING:c:\Users\itwill\AppData\Local\Programs\Python\Python311\Lib\site-packages\_distutils_hack\__init__.py:33: UserWarning: Setuptools is replacing distutils.
  warnings.warn("Setuptools is replacing distutils.")

2026-02-09 16:28:47,305:WARNING:c:\Users\itwill\AppData\Local\Programs\Python\Python311\Lib\site-packages\_distutils_hack\__init__.py:33: UserWarning: Setuptools is replacing distutils.
  warnings.warn("Setuptools is replacing distutils.")

2026-02-09 16:28:47,305:WARNING:c:\Users\itwill\AppData\Local\Programs\Python\Python311\Lib\site-packages\_distutils_hack\__init__.py:33: UserWarning: Setuptools is replacing distutils.
  warnings.warn("Setuptools is replacing distutils.")

2026-02-09 16:28:47,315:WARNING:c:\Users\itwill\AppData\Local\Programs\Python\Python311\Lib\site-packages\_distutils_hack\__init__.py:33: UserWarning: Setuptools is replacing distutils.
  warnings.warn("Setuptools is replacing distutils.")

2026-02-09 16:28:47,361:WARNING:c:\Users\itwill\AppData\Local\Programs\Python\Python311\Lib\site-packages\_distutils_hack\__init__.py:33: UserWarning: Setuptools is replacing distutils.
  warnings.warn("Setuptools is replacing distutils.")

2026-02-09 16:28:49,757:INFO:best_params: {'actual_estimator__max_depth': 10, 'actual_estimator__max_features': 1.0, 'actual_estimator__min_samples_leaf': 5, 'actual_estimator__n_estimators': 500}
2026-02-09 16:28:49,757:INFO:Hyperparameter search completed
2026-02-09 16:28:49,757:INFO:SubProcess create_model() called ==================================
2026-02-09 16:28:49,757:INFO:Initializing create_model()
2026-02-09 16:28:49,757:INFO:create_model(self=<pycaret.regression.oop.RegressionExperiment object at 0x000001E687648650>, estimator=RandomForestRegressor(n_jobs=-1, random_state=52), fold=KFold(n_splits=5, random_state=None, shuffle=False), round=4, cross_validation=True, predict=True, fit_kwargs={}, groups=None, refit=True, probability_threshold=None, experiment_custom_tags=None, verbose=True, system=False, add_to_model_list=True, metrics=None, display=<pycaret.internal.display.display.CommonDisplay object at 0x000001E68CB03350>, model_only=True, return_train_score=False, error_score=0.0, kwargs={'max_depth': 10, 'max_features': 1.0, 'min_samples_leaf': 5, 'n_estimators': 500})
2026-02-09 16:28:49,757:INFO:Checking exceptions
2026-02-09 16:28:49,757:INFO:Importing libraries
2026-02-09 16:28:49,757:INFO:Copying training dataset
2026-02-09 16:28:49,757:INFO:Defining folds
2026-02-09 16:28:49,757:INFO:Declaring metric variables
2026-02-09 16:28:49,757:INFO:Importing untrained model
2026-02-09 16:28:49,757:INFO:Declaring custom model
2026-02-09 16:28:49,757:INFO:Random Forest Regressor Imported successfully
2026-02-09 16:28:49,757:INFO:Starting cross validation
2026-02-09 16:28:49,757:INFO:Cross validating with KFold(n_splits=5, random_state=None, shuffle=False), n_jobs=-1
2026-02-09 16:28:50,301:INFO:Calculating mean and std
2026-02-09 16:28:50,301:INFO:Creating metrics dataframe
2026-02-09 16:28:50,302:INFO:Finalizing model
2026-02-09 16:28:50,638:INFO:Uploading results into container
2026-02-09 16:28:50,638:INFO:Uploading model into container now
2026-02-09 16:28:50,638:INFO:_master_model_container: 2
2026-02-09 16:28:50,638:INFO:_display_container: 3
2026-02-09 16:28:50,638:INFO:RandomForestRegressor(max_depth=10, min_samples_leaf=5, n_estimators=500,
                      n_jobs=-1, random_state=52)
2026-02-09 16:28:50,638:INFO:create_model() successfully completed......................................
2026-02-09 16:28:50,720:INFO:SubProcess create_model() end ==================================
2026-02-09 16:28:50,720:INFO:choose_better activated
2026-02-09 16:28:50,720:INFO:SubProcess create_model() called ==================================
2026-02-09 16:28:50,720:INFO:Initializing create_model()
2026-02-09 16:28:50,720:INFO:create_model(self=<pycaret.regression.oop.RegressionExperiment object at 0x000001E687648650>, estimator=RandomForestRegressor(n_jobs=-1, random_state=52), fold=KFold(n_splits=5, random_state=None, shuffle=False), round=4, cross_validation=True, predict=True, fit_kwargs={}, groups=None, refit=True, probability_threshold=None, experiment_custom_tags=None, verbose=False, system=False, add_to_model_list=True, metrics=None, display=None, model_only=True, return_train_score=False, error_score=0.0, kwargs={})
2026-02-09 16:28:50,720:INFO:Checking exceptions
2026-02-09 16:28:50,722:INFO:Importing libraries
2026-02-09 16:28:50,722:INFO:Copying training dataset
2026-02-09 16:28:50,722:INFO:Defining folds
2026-02-09 16:28:50,722:INFO:Declaring metric variables
2026-02-09 16:28:50,722:INFO:Importing untrained model
2026-02-09 16:28:50,722:INFO:Declaring custom model
2026-02-09 16:28:50,722:INFO:Random Forest Regressor Imported successfully
2026-02-09 16:28:50,722:INFO:Starting cross validation
2026-02-09 16:28:50,722:INFO:Cross validating with KFold(n_splits=5, random_state=None, shuffle=False), n_jobs=-1
2026-02-09 16:28:50,904:INFO:Calculating mean and std
2026-02-09 16:28:50,904:INFO:Creating metrics dataframe
2026-02-09 16:28:50,906:INFO:Finalizing model
2026-02-09 16:28:50,996:INFO:Uploading results into container
2026-02-09 16:28:50,996:INFO:Uploading model into container now
2026-02-09 16:28:50,996:INFO:_master_model_container: 3
2026-02-09 16:28:50,996:INFO:_display_container: 4
2026-02-09 16:28:50,996:INFO:RandomForestRegressor(n_jobs=-1, random_state=52)
2026-02-09 16:28:50,996:INFO:create_model() successfully completed......................................
2026-02-09 16:28:51,071:INFO:SubProcess create_model() end ==================================
2026-02-09 16:28:51,071:INFO:RandomForestRegressor(n_jobs=-1, random_state=52) result for RMSE is 0.2214
2026-02-09 16:28:51,071:INFO:RandomForestRegressor(max_depth=10, min_samples_leaf=5, n_estimators=500,
                      n_jobs=-1, random_state=52) result for RMSE is 0.2207
2026-02-09 16:28:51,071:INFO:RandomForestRegressor(max_depth=10, min_samples_leaf=5, n_estimators=500,
                      n_jobs=-1, random_state=52) is best model
2026-02-09 16:28:51,071:INFO:choose_better completed
2026-02-09 16:28:51,071:INFO:_master_model_container: 3
2026-02-09 16:28:51,071:INFO:_display_container: 3
2026-02-09 16:28:51,071:INFO:RandomForestRegressor(max_depth=10, min_samples_leaf=5, n_estimators=500,
                      n_jobs=-1, random_state=52)
2026-02-09 16:28:51,071:INFO:tune_model() successfully completed......................................
2026-02-09 16:28:51,184:INFO:Initializing evaluate_model()
2026-02-09 16:28:51,185:INFO:evaluate_model(self=<pycaret.regression.oop.RegressionExperiment object at 0x000001E687648650>, estimator=RandomForestRegressor(max_depth=10, min_samples_leaf=5, n_estimators=500,
                      n_jobs=-1, random_state=52), fold=None, fit_kwargs=None, plot_kwargs=None, feature_name=None, groups=None)
2026-02-09 16:28:51,191:INFO:Initializing plot_model()
2026-02-09 16:28:51,192:INFO:plot_model(self=<pycaret.regression.oop.RegressionExperiment object at 0x000001E687648650>, estimator=RandomForestRegressor(max_depth=10, min_samples_leaf=5, n_estimators=500,
                      n_jobs=-1, random_state=52), plot=pipeline, scale=1, save=False, fold=KFold(n_splits=5, random_state=None, shuffle=False), fit_kwargs={}, plot_kwargs=None, groups=None, feature_name=None, label=False, verbose=False, system=True, display=None, display_format=None)
2026-02-09 16:28:51,192:INFO:Checking exceptions
2026-02-09 16:28:51,232:INFO:Preloading libraries
2026-02-09 16:28:51,253:INFO:Copying training dataset
2026-02-09 16:28:51,253:INFO:Plot type: pipeline
2026-02-09 16:28:51,331:INFO:Visual Rendered Successfully
2026-02-09 16:28:51,420:INFO:plot_model() successfully completed......................................
2026-02-09 16:28:51,432:INFO:Initializing interpret_model()
2026-02-09 16:28:51,432:INFO:interpret_model(self=<pycaret.regression.oop.RegressionExperiment object at 0x000001E687648650>, estimator=RandomForestRegressor(max_depth=10, min_samples_leaf=5, n_estimators=500,
                      n_jobs=-1, random_state=52), plot=summary, feature=None, observation=None, use_train_data=True, X_new_sample=None, y_new_sample=None, save=False, kwargs={})
2026-02-09 16:28:51,432:INFO:Checking exceptions
2026-02-09 16:28:51,432:INFO:Soft dependency imported: shap: 0.49.1
2026-02-09 16:28:51,461:INFO:plot type: summary
2026-02-09 16:28:51,461:INFO:Creating TreeExplainer
2026-02-09 16:28:51,475:INFO:Compiling shap values
2026-02-09 16:28:51,779:WARNING:c:\Users\itwill\AppData\Local\Programs\Python\Python311\Lib\site-packages\pycaret\internal\pycaret_experiment\supervised_experiment.py:4145: FutureWarning: The NumPy global RNG was seeded by calling `np.random.seed`. In a future version this function will no longer use the global RNG. Pass `rng` explicitly to opt-in to the new behaviour and silence this warning.
  shap_plot = shap.summary_plot(shap_values, test_X, show=show, **kwargs)

2026-02-09 16:28:51,936:INFO:Visual Rendered Successfully
2026-02-09 16:28:51,936:INFO:interpret_model() successfully completed......................................
2026-02-09 16:28:52,027:INFO:Initializing interpret_model()
2026-02-09 16:28:52,033:INFO:interpret_model(self=<pycaret.regression.oop.RegressionExperiment object at 0x000001E687648650>, estimator=RandomForestRegressor(max_depth=10, min_samples_leaf=5, n_estimators=500,
                      n_jobs=-1, random_state=52), plot=correlation, feature=temperature, observation=None, use_train_data=True, X_new_sample=None, y_new_sample=None, save=False, kwargs={})
2026-02-09 16:28:52,033:INFO:Checking exceptions
2026-02-09 16:28:52,033:INFO:Soft dependency imported: shap: 0.49.1
2026-02-09 16:28:52,059:INFO:plot type: correlation
2026-02-09 16:28:52,059:WARNING:feature value passed. Feature used for correlation plot: temperature
2026-02-09 16:28:52,059:INFO:Creating TreeExplainer
2026-02-09 16:28:52,081:INFO:Compiling shap values
2026-02-09 16:28:52,404:INFO:model type detected: type 2
2026-02-09 16:28:52,521:INFO:Visual Rendered Successfully
2026-02-09 16:28:52,521:INFO:interpret_model() successfully completed......................................
2026-02-09 16:28:52,616:INFO:Initializing get_config()
2026-02-09 16:28:52,617:INFO:get_config(self=<pycaret.regression.oop.RegressionExperiment object at 0x000001E687648650>, variable=X)
2026-02-09 16:28:52,620:INFO:Variable:  returned as             visitors  avg_price  marketing_cost  delivery_ratio  rain_mm  \
date                                                                       
2024-06-11       129       8590           8.987           0.410    2.028   
2024-06-20       115      22020           8.412           0.380    2.219   
2024-08-25       115      14630           9.457           0.490    2.251   
2024-11-22       137      16830           8.810           0.380    1.194   
2024-12-30       106      13370           8.537           0.480    2.197   
...              ...        ...             ...             ...      ...   
2024-03-20       122      11410           9.589           0.410    2.322   
2024-10-20       116      16050           8.390           0.530    1.841   
2024-11-23       133      14910           8.576           0.260    1.163   
2024-07-23       120      14680           8.189           0.530    1.825   
2024-11-18       129       9970           8.975           0.400    2.303   

            temperature holiday weekend  
date                                     
2024-06-11       14.200       0       0  
2024-06-20        8.000       0       0  
2024-08-25       -2.900       1       1  
2024-11-22        0.700       0       0  
2024-12-30        9.600       0       0  
...                 ...     ...     ...  
2024-03-20       26.000       0       0  
2024-10-20       -5.800       1       1  
2024-11-23       -1.400       1       1  
2024-07-23        2.600       0       0  
2024-11-18       -2.000       0       0  

[353 rows x 8 columns]
2026-02-09 16:28:52,621:INFO:get_config() successfully completed......................................
2026-02-09 16:28:52,621:INFO:Initializing get_config()
2026-02-09 16:28:52,621:INFO:get_config(self=<pycaret.regression.oop.RegressionExperiment object at 0x000001E687648650>, variable=y)
2026-02-09 16:28:52,622:INFO:Variable:  returned as date
2024-06-11   16.142
2024-06-20   15.944
2024-08-25   16.580
2024-11-22   16.408
2024-12-30   16.235
              ...  
2024-03-20   16.246
2024-10-20   16.988
2024-11-23   16.865
2024-07-23   16.111
2024-11-18   15.904
Name: sales, Length: 353, dtype: float32
2026-02-09 16:28:52,622:INFO:get_config() successfully completed......................................
2026-02-09 16:28:52,622:INFO:Initializing get_config()
2026-02-09 16:28:52,622:INFO:get_config(self=<pycaret.regression.oop.RegressionExperiment object at 0x000001E687648650>, variable=X_train)
2026-02-09 16:28:52,622:INFO:Variable: 'X_train' used to return the transformed values in PyCaret 2.x. From PyCaret 3.x, this will return the raw values. If you need the transformed values, call get_config with 'X_train_transformed' instead.
2026-02-09 16:28:52,622:WARNING:c:\Users\itwill\AppData\Local\Programs\Python\Python311\Lib\site-packages\pycaret\internal\pycaret_experiment\pycaret_experiment.py:321: UserWarning: Variable: 'X_train' used to return the transformed values in PyCaret 2.x. From PyCaret 3.x, this will return the raw values. If you need the transformed values, call get_config with 'X_train_transformed' instead.
  warnings.warn(msg)  # print on screen

2026-02-09 16:28:52,624:INFO:Variable:  returned as             visitors  avg_price  marketing_cost  delivery_ratio  rain_mm  \
date                                                                       
2024-06-11       129       8590           8.987           0.410    2.028   
2024-06-20       115      22020           8.412           0.380    2.219   
2024-08-25       115      14630           9.457           0.490    2.251   
2024-11-22       137      16830           8.810           0.380    1.194   
2024-12-30       106      13370           8.537           0.480    2.197   
...              ...        ...             ...             ...      ...   
2024-03-30       123      13930           7.901           0.530    2.015   
2024-06-04       114      25370           8.700           0.510    1.589   
2024-01-14       101      11620           8.319           0.210    0.916   
2024-10-05        98      17270           8.269           0.280    1.335   
2024-06-10       109      15710           8.700           0.540    1.758   

            temperature holiday weekend  
date                                     
2024-06-11       14.200       0       0  
2024-06-20        8.000       0       0  
2024-08-25       -2.900       1       1  
2024-11-22        0.700       0       0  
2024-12-30        9.600       0       0  
...                 ...     ...     ...  
2024-03-30       27.700       1       1  
2024-06-04       11.400       0       0  
2024-01-14       12.900       1       1  
2024-10-05       -5.900       1       1  
2024-06-10       11.600       0       0  

[264 rows x 8 columns]
2026-02-09 16:28:52,624:INFO:get_config() successfully completed......................................
2026-02-09 16:28:52,624:INFO:Initializing get_config()
2026-02-09 16:28:52,624:INFO:get_config(self=<pycaret.regression.oop.RegressionExperiment object at 0x000001E687648650>, variable=y_train)
2026-02-09 16:28:52,625:INFO:Variable: 'y_train' used to return the transformed values in PyCaret 2.x. From PyCaret 3.x, this will return the raw values. If you need the transformed values, call get_config with 'y_train_transformed' instead.
2026-02-09 16:28:52,625:WARNING:c:\Users\itwill\AppData\Local\Programs\Python\Python311\Lib\site-packages\pycaret\internal\pycaret_experiment\pycaret_experiment.py:321: UserWarning: Variable: 'y_train' used to return the transformed values in PyCaret 2.x. From PyCaret 3.x, this will return the raw values. If you need the transformed values, call get_config with 'y_train_transformed' instead.
  warnings.warn(msg)  # print on screen

2026-02-09 16:28:52,625:INFO:Variable:  returned as date
2024-06-11   16.142
2024-06-20   15.944
2024-08-25   16.580
2024-11-22   16.408
2024-12-30   16.235
              ...  
2024-03-30   16.420
2024-06-04   16.372
2024-01-14   16.631
2024-10-05   16.479
2024-06-10   15.976
Name: sales, Length: 264, dtype: float32
2026-02-09 16:28:52,626:INFO:get_config() successfully completed......................................
2026-02-09 16:28:52,626:INFO:Initializing get_config()
2026-02-09 16:28:52,626:INFO:get_config(self=<pycaret.regression.oop.RegressionExperiment object at 0x000001E687648650>, variable=X_test)
2026-02-09 16:28:52,626:INFO:Variable: 'X_test' used to return the transformed values in PyCaret 2.x. From PyCaret 3.x, this will return the raw values. If you need the transformed values, call get_config with 'X_test_transformed' instead.
2026-02-09 16:28:52,626:WARNING:c:\Users\itwill\AppData\Local\Programs\Python\Python311\Lib\site-packages\pycaret\internal\pycaret_experiment\pycaret_experiment.py:321: UserWarning: Variable: 'X_test' used to return the transformed values in PyCaret 2.x. From PyCaret 3.x, this will return the raw values. If you need the transformed values, call get_config with 'X_test_transformed' instead.
  warnings.warn(msg)  # print on screen

2026-02-09 16:28:52,626:INFO:Variable:  returned as             visitors  avg_price  marketing_cost  delivery_ratio  rain_mm  \
date                                                                       
2024-07-06       119      10750           9.781           0.510    1.946   
2024-02-18       129      20280           8.594           0.480    2.163   
2024-05-14       101      15370           9.116           0.420    1.856   
2024-02-05       121      12660           9.297           0.730    1.758   
2024-05-20       113      14930           8.189           0.460    0.588   
2024-04-04       137      15100           8.683           0.500    1.435   
2024-11-14       110       9530           8.962           0.470    0.916   
2024-12-25       131      17110           8.576           0.470    2.534   
2024-07-03       118      11580           8.343           0.340    2.001   
2024-05-10       123      13320           7.824           0.580    0.875   
2024-05-29       120      17660          10.469           0.590    1.526   
2024-05-22       125      13400           8.477           0.370    1.482   
2024-06-18       110      13100           8.949           0.410    1.609   
2024-02-19       115      15900           9.511           0.430    1.030   
2024-10-31       118      16190           8.825           0.450    0.875   
2024-05-12       111      21280           7.938           0.430    0.405   
2024-12-26       105      13520           7.650           0.350    1.361   
2024-04-06       138      19640           7.496           0.560    1.758   
2024-07-09       123      13360           9.417           0.410    1.030   
2024-04-08       134      21740           8.882           0.470    2.493   
2024-10-18       127      12230           8.868           0.530    2.313   
2024-11-04       115      12040           9.852           0.410    0.262   
2024-08-27       137      19300           8.854           0.650    2.728   
2024-08-20       121      15340           8.390           0.330    1.775   
2024-01-07       123      15650           9.000           0.340    1.960   
2024-12-21       126      16070           8.716           0.470    1.065   
2024-04-27       107      18080           9.259           0.400    2.092   
2024-04-26       135      16750           8.764           0.520    0.405   
2024-12-10       115      16150           9.759           0.580    1.569   
2024-12-20        95      10470           8.896           0.620    0.470   
2024-10-07       118      18510           7.439           0.470    2.501   
2024-06-13       110      10320           8.367           0.180    2.342   
2024-07-30       128      18780           8.839           0.350    1.917   
2024-01-25       109      21320           8.132           0.510    0.405   
2024-01-26       125      15180           8.683           0.510    0.262   
2024-08-22       134      15460           9.048           0.500    0.642   
2024-02-14       119      18750           8.716           0.310    2.754   
2024-02-24       130      10560           8.161           0.410    1.932   
2024-03-03       128      20720           8.975           0.510    1.872   
2024-01-01       122      14490           9.200           0.480    1.946   
2024-03-05       125      14170           8.764           0.420    2.054   
2024-07-16       124      15420           8.517           0.390    2.272   
2024-05-05       139      15410           9.350           0.470    2.175   
2024-01-22       134      20040           8.748           0.440    0.916   
2024-06-21       111      18530           9.324           0.550    0.993   
2024-02-29       127      13470           9.127           0.460    1.589   
2024-11-30       101      20060           8.909           0.180    2.067   
2024-07-13       127      21930           8.319           0.490    1.686   
2024-06-05       126      20820           9.770           0.610    1.988   
2024-06-03       134      15240           8.780           0.640    2.054   
2024-09-24       116      15550           8.949           0.450    0.531   
2024-09-22       117      14400           9.333           0.410    1.856   
2024-11-28       100      17460           9.083           0.450    1.705   
2024-04-07       113      16610           9.629           0.260    1.887   
2024-11-20       114      16500           8.825           0.500    2.197   
2024-09-01       129      17790           9.240           0.260    1.131   
2024-03-19       116      15340           8.923           0.460    2.219   
2024-01-02       106      11880           9.149           0.480    2.079   
2024-09-04       118      23040           8.613           0.400    1.253   
2024-01-03       120      18010           8.666           0.430    2.595   
2024-03-01       119      13590          10.296           0.470    1.856   
2024-04-17       126      16260           8.594           0.710    2.262   
2024-09-18       129      11940           8.007           0.230    2.821   
2024-07-10       133       7290           8.102           0.470    2.219   
2024-05-18       109      17420           9.071           0.360    0.470   
2024-09-10       105      15950           9.116           0.390    2.197   
2024-03-22       112      13750           8.132           0.390    2.351   
2024-05-21       100      17360           9.190           0.340    2.140   
2024-01-12       109      13800           8.613           0.540    1.649   
2024-12-18       124      23560           8.839           0.330    2.851   
2024-10-08       129      15060           8.243           0.350    1.194   
2024-01-28       121      11040           8.648           0.350    1.775   
2024-09-21       109      21480           8.294           0.390    2.262   
2024-01-29       124      10900           8.962           0.510    1.131   
2024-10-17       113      19570           9.297           0.470    0.833   
2024-02-15       127      11510           8.517           0.460    0.405   
2024-10-21       116      11210           8.477           0.750    2.468   
2024-05-16       113      12170           8.666           0.170    1.526   
2024-07-24       126      13610           8.882           0.770    1.526   
2024-06-16       125       8920           8.987           0.320    0.405   
2024-08-15       126      13090           8.071           0.410    2.251   
2024-02-07       129      13540           7.901           0.330    0.642   
2024-01-09       109      17550           8.537           0.490    1.758   
2024-10-01       124      11850          10.853           0.580    1.740   
2024-03-20       122      11410           9.589           0.410    2.322   
2024-10-20       116      16050           8.390           0.530    1.841   
2024-11-23       133      14910           8.576           0.260    1.163   
2024-07-23       120      14680           8.189           0.530    1.825   
2024-11-18       129       9970           8.975           0.400    2.303   

            temperature holiday weekend  
date                                     
2024-07-06        8.900       1       1  
2024-02-18       22.700       1       1  
2024-05-14       26.500       0       0  
2024-02-05       18.100       0       0  
2024-05-20       20.400       0       0  
2024-04-04       24.300       1       0  
2024-11-14       -1.500       0       0  
2024-12-25        8.100       0       0  
2024-07-03        8.500       0       0  
2024-05-10       22.400       0       0  
2024-05-29       19.000       0       0  
2024-05-22       22.500       0       0  
2024-06-18       11.900       0       0  
2024-02-19       21.600       0       0  
2024-10-31       -3.900       0       0  
2024-05-12       18.600       1       1  
2024-12-26        2.700       0       0  
2024-04-06       24.400       1       1  
2024-07-09        5.900       0       0  
2024-04-08       24.900       0       0  
2024-10-18       -3.500       0       0  
2024-11-04       -0.700       0       0  
2024-08-27       -3.600       0       0  
2024-08-20       -3.000       0       0  
2024-01-07       15.100       1       1  
2024-12-21        8.400       1       1  
2024-04-27       24.600       1       1  
2024-04-26       22.300       0       0  
2024-12-10        3.500       0       0  
2024-12-20        5.000       0       0  
2024-10-07       -1.600       0       0  
2024-06-13       10.700       0       0  
2024-07-30        0.400       0       0  
2024-01-25       15.500       0       0  
2024-01-26       17.300       0       0  
2024-08-22       -2.500       0       0  
2024-02-14       19.100       0       0  
2024-02-24       23.400       1       1  
2024-03-03       21.800       1       1  
2024-01-01        5.200       0       0  
2024-03-05       24.200       0       0  
2024-07-16        2.800       0       0  
2024-05-05       20.400       1       1  
2024-01-22       14.300       0       0  
2024-06-21       11.900       1       0  
2024-02-29       21.100       0       0  
2024-11-30        3.500       1       1  
2024-07-13        8.600       1       1  
2024-06-05       16.600       0       0  
2024-06-03       14.700       0       0  
2024-09-24       -4.900       0       0  
2024-09-22       -4.500       1       1  
2024-11-28        0.500       0       0  
2024-04-07       27.600       1       1  
2024-11-20        0.400       1       0  
2024-09-01       -5.400       1       1  
2024-03-19       25.700       0       0  
2024-01-02       11.100       0       0  
2024-09-04       -4.800       0       0  
2024-01-03       12.900       1       0  
2024-03-01       25.800       0       0  
2024-04-17       25.300       0       0  
2024-09-18       -3.300       0       0  
2024-07-10       10.100       0       0  
2024-05-18       20.200       1       1  
2024-09-10       -4.300       0       0  
2024-03-22       22.300       0       0  
2024-05-21       16.400       0       0  
2024-01-12       15.000       0       0  
2024-12-18        7.700       0       0  
2024-10-08       -4.000       0       0  
2024-01-28       14.900       1       1  
2024-09-21       -4.700       1       1  
2024-01-29       14.100       0       0  
2024-10-17       -4.200       0       0  
2024-02-15       19.900       1       0  
2024-10-21       -6.600       0       0  
2024-05-16       22.300       0       0  
2024-07-24        2.200       0       0  
2024-06-16       13.900       1       1  
2024-08-15       -0.400       0       0  
2024-02-07       15.700       0       0  
2024-01-09       10.500       0       0  
2024-10-01       -7.800       0       0  
2024-03-20       26.000       0       0  
2024-10-20       -5.800       1       1  
2024-11-23       -1.400       1       1  
2024-07-23        2.600       0       0  
2024-11-18       -2.000       0       0  
2026-02-09 16:28:52,626:INFO:get_config() successfully completed......................................
2026-02-09 16:28:52,626:INFO:Initializing get_config()
2026-02-09 16:28:52,626:INFO:get_config(self=<pycaret.regression.oop.RegressionExperiment object at 0x000001E687648650>, variable=y_test)
2026-02-09 16:28:52,626:INFO:Variable: 'y_test' used to return the transformed values in PyCaret 2.x. From PyCaret 3.x, this will return the raw values. If you need the transformed values, call get_config with 'y_test_transformed' instead.
2026-02-09 16:28:52,626:WARNING:c:\Users\itwill\AppData\Local\Programs\Python\Python311\Lib\site-packages\pycaret\internal\pycaret_experiment\pycaret_experiment.py:321: UserWarning: Variable: 'y_test' used to return the transformed values in PyCaret 2.x. From PyCaret 3.x, this will return the raw values. If you need the transformed values, call get_config with 'y_test_transformed' instead.
  warnings.warn(msg)  # print on screen

2026-02-09 16:28:52,626:INFO:Variable:  returned as date
2024-07-06   16.911
2024-02-18   16.891
2024-05-14   16.175
2024-02-05   16.495
2024-05-20   16.135
2024-04-04   16.403
2024-11-14   16.214
2024-12-25   16.303
2024-07-03   15.995
2024-05-10   16.144
2024-05-29   16.454
2024-05-22   16.189
2024-06-18   16.081
2024-02-19   16.987
2024-10-31   16.215
2024-05-12   16.930
2024-12-26   16.080
2024-04-06   16.701
2024-07-09   16.390
2024-04-08   16.023
2024-10-18   15.932
2024-11-04   16.367
2024-08-27   16.202
2024-08-20   16.356
2024-01-07   16.629
2024-12-21   16.852
2024-04-27   16.410
2024-04-26   16.188
2024-12-10   16.578
2024-12-20   15.998
2024-10-07   15.711
2024-06-13   16.191
2024-07-30   16.465
2024-01-25   16.120
2024-01-26   16.606
2024-08-22   16.421
2024-02-14   16.029
2024-02-24   16.550
2024-03-03   16.857
2024-01-01   16.169
2024-03-05   15.846
2024-07-16   15.784
2024-05-05   16.827
2024-01-22   16.504
2024-06-21   16.400
2024-02-29   16.809
2024-11-30   16.653
2024-07-13   17.301
2024-06-05   16.459
2024-06-03   16.252
2024-09-24   16.081
2024-09-22   17.004
2024-11-28   16.305
2024-04-07   17.413
2024-11-20   16.346
2024-09-01   17.150
2024-03-19   15.900
2024-01-02   16.005
2024-09-04   16.522
2024-01-03   16.354
2024-03-01   16.255
2024-04-17   16.031
2024-09-18   15.603
2024-07-10   15.727
2024-05-18   16.845
2024-09-10   16.386
2024-03-22   15.729
2024-05-21   16.328
2024-01-12   16.095
2024-12-18   16.088
2024-10-08   16.150
2024-01-28   16.471
2024-09-21   16.933
2024-01-29   16.377
2024-10-17   16.436
2024-02-15   16.455
2024-10-21   16.004
2024-05-16   16.516
2024-07-24   15.894
2024-06-16   16.906
2024-08-15   16.004
2024-02-07   16.266
2024-01-09   15.819
2024-10-01   16.455
2024-03-20   16.246
2024-10-20   16.988
2024-11-23   16.865
2024-07-23   16.111
2024-11-18   15.904
Name: sales, dtype: float32
2026-02-09 16:28:52,626:INFO:get_config() successfully completed......................................
2026-02-09 16:28:52,626:INFO:Initializing get_config()
2026-02-09 16:28:52,626:INFO:get_config(self=<pycaret.regression.oop.RegressionExperiment object at 0x000001E687648650>, variable=X_train_transformed)
2026-02-09 16:28:52,658:INFO:Variable: X_train returned as             visitors  avg_price  marketing_cost  delivery_ratio  rain_mm  \
date                                                                       
2024-06-11     0.916     -1.801           0.229          -0.296    0.594   
2024-06-20    -0.415      1.761          -0.740          -0.549    0.884   
2024-08-25    -0.415     -0.199           1.020           0.378    0.933   
2024-11-22     1.677      0.385          -0.070          -0.549   -0.675   
2024-12-30    -1.271     -0.533          -0.529           0.294    0.851   
...              ...        ...             ...             ...      ...   
2024-03-30     0.345     -0.384          -1.600           0.715    0.573   
2024-06-04    -0.510      2.650          -0.256           0.546   -0.074   
2024-01-14    -1.747     -0.997          -0.897          -1.981   -1.097   
2024-10-05    -2.032      0.502          -0.981          -1.392   -0.460   
2024-06-10    -0.986      0.088          -0.256           0.799    0.183   

            temperature  holiday  weekend  
date                                       
2024-06-11        0.406   -0.731   -0.653  
2024-06-20       -0.173   -0.731   -0.653  
2024-08-25       -1.191    1.367    1.530  
2024-11-22       -0.855   -0.731   -0.653  
2024-12-30       -0.023   -0.731   -0.653  
...                 ...      ...      ...  
2024-03-30        1.667    1.367    1.530  
2024-06-04        0.145   -0.731   -0.653  
2024-01-14        0.285    1.367    1.530  
2024-10-05       -1.471    1.367    1.530  
2024-06-10        0.163   -0.731   -0.653  

[264 rows x 8 columns]
2026-02-09 16:28:52,659:INFO:get_config() successfully completed......................................
2026-02-09 16:28:52,659:INFO:Initializing get_config()
2026-02-09 16:28:52,659:INFO:get_config(self=<pycaret.regression.oop.RegressionExperiment object at 0x000001E687648650>, variable=y_train_transformed)
2026-02-09 16:28:52,682:INFO:Variable: y_train returned as date
2024-06-11   16.142
2024-06-20   15.944
2024-08-25   16.580
2024-11-22   16.408
2024-12-30   16.235
              ...  
2024-03-30   16.420
2024-06-04   16.372
2024-01-14   16.631
2024-10-05   16.479
2024-06-10   15.976
Name: sales, Length: 264, dtype: float32
2026-02-09 16:28:52,682:INFO:get_config() successfully completed......................................
2026-02-09 16:28:52,682:INFO:Initializing get_config()
2026-02-09 16:28:52,682:INFO:get_config(self=<pycaret.regression.oop.RegressionExperiment object at 0x000001E687648650>, variable=X_test_transformed)
2026-02-09 16:28:52,704:INFO:Variable: X_test returned as             visitors  avg_price  marketing_cost  delivery_ratio  rain_mm  \
date                                                                       
2024-07-06    -0.035     -1.228           1.566           0.546    0.468   
2024-02-18     0.916      1.300          -0.433           0.294    0.799   
2024-05-14    -1.747     -0.002           0.446          -0.212    0.332   
2024-02-05     0.155     -0.721           0.749           2.400    0.183   
2024-05-20    -0.606     -0.119          -1.116           0.125   -1.597   
2024-04-04     1.677     -0.074          -0.284           0.462   -0.308   
2024-11-14    -0.891     -1.551           0.186           0.209   -1.097   
2024-12-25     1.106      0.459          -0.465           0.209    1.362   
2024-07-03    -0.130     -1.008          -0.856          -0.886    0.553   
2024-05-10     0.345     -0.546          -1.729           1.136   -1.159   
2024-05-29     0.060      0.605           2.723           1.221   -0.170   
2024-05-22     0.536     -0.525          -0.631          -0.633   -0.238   
2024-06-18    -0.891     -0.604           0.164          -0.296   -0.043   
2024-02-19    -0.415      0.138           1.110          -0.128   -0.925   
2024-10-31    -0.130      0.215          -0.045           0.041   -1.159   
2024-05-12    -0.796      1.565          -1.539          -0.128   -1.874   
2024-12-26    -1.366     -0.493          -2.023          -0.802   -0.421   
2024-04-06     1.772      1.130          -2.282           0.968    0.183   
2024-07-09     0.345     -0.535           0.953          -0.296   -0.925   
2024-04-08     1.392      1.687           0.051           0.209    1.301   
2024-10-18     0.726     -0.835           0.028           0.715    1.026   
2024-11-04    -0.415     -0.886           1.685          -0.296   -2.091   
2024-08-27     1.677      1.040           0.004           1.726    1.657   
2024-08-20     0.155     -0.010          -0.778          -0.970    0.209   
2024-01-07     0.345      0.072           0.250          -0.886    0.490   
2024-12-21     0.631      0.183          -0.228           0.209   -0.871   
2024-04-27    -1.176      0.716           0.687          -0.380    0.690   
2024-04-26     1.487      0.364          -0.147           0.631   -1.874   
2024-12-10    -0.415      0.205           1.527           1.136   -0.105   
2024-12-20    -2.318     -1.302           0.075           1.473   -1.776   
2024-10-07    -0.130      0.830          -2.379           0.209    1.313   
2024-06-13    -0.891     -1.342          -0.817          -2.234    1.070   
2024-07-30     0.821      0.902          -0.020          -0.802    0.424   
2024-01-25    -0.986      1.576          -1.212           0.546   -1.874   
2024-01-26     0.536     -0.053          -0.284           0.546   -2.091   
2024-08-22     1.392      0.022           0.331           0.462   -1.514   
2024-02-14    -0.035      0.894          -0.228          -1.139    1.697   
2024-02-24     1.011     -1.278          -1.163          -0.296    0.447   
2024-03-03     0.821      1.417           0.207           0.546    0.356   
2024-01-01     0.250     -0.236           0.587           0.294    0.468   
2024-03-05     0.536     -0.321          -0.147          -0.212    0.633   
2024-07-16     0.441      0.011          -0.563          -0.465    0.964   
2024-05-05     1.867      0.008           0.840           0.209    0.816   
2024-01-22     1.392      1.236          -0.174          -0.043   -1.097   
2024-06-21    -0.796      0.836           0.795           0.883   -0.980   
2024-02-29     0.726     -0.506           0.464           0.125   -0.074   
2024-11-30    -1.747      1.242           0.097          -2.234    0.652   
2024-07-13     0.726      1.738          -0.897           0.378    0.074   
2024-06-05     0.631      1.443           1.547           1.389    0.532   
2024-06-03     1.392     -0.037          -0.121           1.642    0.633   
2024-09-24    -0.320      0.045           0.164           0.041   -1.683   
2024-09-22    -0.225     -0.260           0.810          -0.296    0.332   
2024-11-28    -1.842      0.552           0.389           0.041    0.102   
2024-04-07    -0.606      0.327           1.309          -1.560    0.379   
2024-11-20    -0.510      0.297          -0.045           0.462    0.851   
2024-09-01     0.916      0.640           0.654          -1.560   -0.770   
2024-03-19    -0.320     -0.010           0.120           0.125    0.884   
2024-01-02    -1.271     -0.928           0.500           0.294    0.672   
2024-09-04    -0.130      2.032          -0.402          -0.380   -0.585   
2024-01-03     0.060      0.698          -0.313          -0.128    1.456   
2024-03-01    -0.035     -0.474           2.432           0.209    0.332   
2024-04-17     0.631      0.234          -0.433           2.232    0.949   
2024-09-18     0.916     -0.912          -1.423          -1.813    1.800   
2024-07-10     1.297     -2.145          -1.262           0.209    0.884   
2024-05-18    -0.986      0.541           0.370          -0.717   -1.776   
2024-09-10    -1.366      0.151           0.446          -0.465    0.851   
2024-03-22    -0.701     -0.432          -1.212          -0.465    1.085   
2024-05-21    -1.842      0.525           0.570          -0.886    0.764   
2024-01-12    -0.986     -0.419          -0.402           0.799    0.016   
2024-12-18     0.441      2.170          -0.020          -0.970    1.844   
2024-10-08     0.916     -0.085          -1.025          -0.802   -0.675   
2024-01-28     0.155     -1.151          -0.342          -0.802    0.209   
2024-09-21    -0.986      1.618          -0.938          -0.465    0.949   
2024-01-29     0.441     -1.188           0.186           0.546   -0.770   
2024-10-17    -0.606      1.112           0.749           0.209   -1.224   
2024-02-15     0.726     -1.026          -0.563           0.125   -1.874   
2024-10-21    -0.320     -1.106          -0.631           2.569    1.262   
2024-05-16    -0.606     -0.851          -0.313          -2.318   -0.170   
2024-07-24     0.631     -0.469           0.051           2.737   -0.170   
2024-06-16     0.536     -1.713           0.229          -1.055   -1.874   
2024-08-15     0.631     -0.607          -1.314          -0.296    0.933   
2024-02-07     0.916     -0.488          -1.600          -0.970   -1.514   
2024-01-09    -0.986      0.576          -0.529           0.378    0.183   
2024-10-01     0.441     -0.936           3.371           1.136    0.156   
2024-03-20     0.250     -1.053           1.242          -0.296    1.041   
2024-10-20    -0.320      0.178          -0.778           0.715    0.308   
2024-11-23     1.297     -0.124          -0.465          -1.560   -0.722   
2024-07-23     0.060     -0.185          -1.116           0.715    0.284   
2024-11-18     0.916     -1.435           0.207          -0.380    1.011   

            temperature  holiday  weekend  
date                                       
2024-07-06       -0.089    1.367    1.530  
2024-02-18        1.200    1.367    1.530  
2024-05-14        1.555   -0.731   -0.653  
2024-02-05        0.770   -0.731   -0.653  
2024-05-20        0.985   -0.731   -0.653  
2024-04-04        1.350    1.367   -0.653  
2024-11-14       -1.060   -0.731   -0.653  
2024-12-25       -0.163   -0.731   -0.653  
2024-07-03       -0.126   -0.731   -0.653  
2024-05-10        1.172   -0.731   -0.653  
2024-05-29        0.855   -0.731   -0.653  
2024-05-22        1.181   -0.731   -0.653  
2024-06-18        0.191   -0.731   -0.653  
2024-02-19        1.097   -0.731   -0.653  
2024-10-31       -1.284   -0.731   -0.653  
2024-05-12        0.817    1.367    1.530  
2024-12-26       -0.668   -0.731   -0.653  
2024-04-06        1.359    1.367    1.530  
2024-07-09       -0.369   -0.731   -0.653  
2024-04-08        1.406   -0.731   -0.653  
2024-10-18       -1.247   -0.731   -0.653  
2024-11-04       -0.985   -0.731   -0.653  
2024-08-27       -1.256   -0.731   -0.653  
2024-08-20       -1.200   -0.731   -0.653  
2024-01-07        0.490    1.367    1.530  
2024-12-21       -0.135    1.367    1.530  
2024-04-27        1.378    1.367    1.530  
2024-04-26        1.163   -0.731   -0.653  
2024-12-10       -0.593   -0.731   -0.653  
2024-12-20       -0.453   -0.731   -0.653  
2024-10-07       -1.069   -0.731   -0.653  
2024-06-13        0.079   -0.731   -0.653  
2024-07-30       -0.883   -0.731   -0.653  
2024-01-25        0.528   -0.731   -0.653  
2024-01-26        0.696   -0.731   -0.653  
2024-08-22       -1.153   -0.731   -0.653  
2024-02-14        0.864   -0.731   -0.653  
2024-02-24        1.265    1.367    1.530  
2024-03-03        1.116    1.367    1.530  
2024-01-01       -0.434   -0.731   -0.653  
2024-03-05        1.340   -0.731   -0.653  
2024-07-16       -0.658   -0.731   -0.653  
2024-05-05        0.985    1.367    1.530  
2024-01-22        0.416   -0.731   -0.653  
2024-06-21        0.191    1.367   -0.653  
2024-02-29        1.051   -0.731   -0.653  
2024-11-30       -0.593    1.367    1.530  
2024-07-13       -0.117    1.367    1.530  
2024-06-05        0.630   -0.731   -0.653  
2024-06-03        0.453   -0.731   -0.653  
2024-09-24       -1.378   -0.731   -0.653  
2024-09-22       -1.340    1.367    1.530  
2024-11-28       -0.873   -0.731   -0.653  
2024-04-07        1.658    1.367    1.530  
2024-11-20       -0.883    1.367   -0.653  
2024-09-01       -1.424    1.367    1.530  
2024-03-19        1.480   -0.731   -0.653  
2024-01-02        0.117   -0.731   -0.653  
2024-09-04       -1.368   -0.731   -0.653  
2024-01-03        0.285    1.367   -0.653  
2024-03-01        1.490   -0.731   -0.653  
2024-04-17        1.443   -0.731   -0.653  
2024-09-18       -1.228   -0.731   -0.653  
2024-07-10        0.023   -0.731   -0.653  
2024-05-18        0.967    1.367    1.530  
2024-09-10       -1.322   -0.731   -0.653  
2024-03-22        1.163   -0.731   -0.653  
2024-05-21        0.612   -0.731   -0.653  
2024-01-12        0.481   -0.731   -0.653  
2024-12-18       -0.201   -0.731   -0.653  
2024-10-08       -1.294   -0.731   -0.653  
2024-01-28        0.472    1.367    1.530  
2024-09-21       -1.359    1.367    1.530  
2024-01-29        0.397   -0.731   -0.653  
2024-10-17       -1.312   -0.731   -0.653  
2024-02-15        0.939    1.367   -0.653  
2024-10-21       -1.536   -0.731   -0.653  
2024-05-16        1.163   -0.731   -0.653  
2024-07-24       -0.714   -0.731   -0.653  
2024-06-16        0.378    1.367    1.530  
2024-08-15       -0.957   -0.731   -0.653  
2024-02-07        0.546   -0.731   -0.653  
2024-01-09        0.061   -0.731   -0.653  
2024-10-01       -1.648   -0.731   -0.653  
2024-03-20        1.508   -0.731   -0.653  
2024-10-20       -1.462    1.367    1.530  
2024-11-23       -1.051    1.367    1.530  
2024-07-23       -0.677   -0.731   -0.653  
2024-11-18       -1.107   -0.731   -0.653  
2026-02-09 16:28:52,704:INFO:get_config() successfully completed......................................
2026-02-09 16:28:52,704:INFO:Initializing get_config()
2026-02-09 16:28:52,704:INFO:get_config(self=<pycaret.regression.oop.RegressionExperiment object at 0x000001E687648650>, variable=y_test_transformed)
2026-02-09 16:28:52,725:INFO:Variable: y_test returned as date
2024-07-06   16.911
2024-02-18   16.891
2024-05-14   16.175
2024-02-05   16.495
2024-05-20   16.135
2024-04-04   16.403
2024-11-14   16.214
2024-12-25   16.303
2024-07-03   15.995
2024-05-10   16.144
2024-05-29   16.454
2024-05-22   16.189
2024-06-18   16.081
2024-02-19   16.987
2024-10-31   16.215
2024-05-12   16.930
2024-12-26   16.080
2024-04-06   16.701
2024-07-09   16.390
2024-04-08   16.023
2024-10-18   15.932
2024-11-04   16.367
2024-08-27   16.202
2024-08-20   16.356
2024-01-07   16.629
2024-12-21   16.852
2024-04-27   16.410
2024-04-26   16.188
2024-12-10   16.578
2024-12-20   15.998
2024-10-07   15.711
2024-06-13   16.191
2024-07-30   16.465
2024-01-25   16.120
2024-01-26   16.606
2024-08-22   16.421
2024-02-14   16.029
2024-02-24   16.550
2024-03-03   16.857
2024-01-01   16.169
2024-03-05   15.846
2024-07-16   15.784
2024-05-05   16.827
2024-01-22   16.504
2024-06-21   16.400
2024-02-29   16.809
2024-11-30   16.653
2024-07-13   17.301
2024-06-05   16.459
2024-06-03   16.252
2024-09-24   16.081
2024-09-22   17.004
2024-11-28   16.305
2024-04-07   17.413
2024-11-20   16.346
2024-09-01   17.150
2024-03-19   15.900
2024-01-02   16.005
2024-09-04   16.522
2024-01-03   16.354
2024-03-01   16.255
2024-04-17   16.031
2024-09-18   15.603
2024-07-10   15.727
2024-05-18   16.845
2024-09-10   16.386
2024-03-22   15.729
2024-05-21   16.328
2024-01-12   16.095
2024-12-18   16.088
2024-10-08   16.150
2024-01-28   16.471
2024-09-21   16.933
2024-01-29   16.377
2024-10-17   16.436
2024-02-15   16.455
2024-10-21   16.004
2024-05-16   16.516
2024-07-24   15.894
2024-06-16   16.906
2024-08-15   16.004
2024-02-07   16.266
2024-01-09   15.819
2024-10-01   16.455
2024-03-20   16.246
2024-10-20   16.988
2024-11-23   16.865
2024-07-23   16.111
2024-11-18   15.904
Name: sales, dtype: float32
2026-02-09 16:28:52,725:INFO:get_config() successfully completed......................................
2026-02-09 16:28:52,759:INFO:Initializing get_config()
2026-02-09 16:28:52,760:INFO:get_config(self=<pycaret.regression.oop.RegressionExperiment object at 0x000001E687648650>, variable=pipeline)
2026-02-09 16:28:52,778:INFO:Variable:  returned as Pipeline(memory=FastMemory(location=C:\Users\itwill\AppData\Local\Temp\joblib),
         steps=[('numerical_imputer',
                 TransformerWrapper(include=['visitors', 'avg_price',
                                             'marketing_cost', 'delivery_ratio',
                                             'rain_mm', 'temperature'],
                                    transformer=SimpleImputer())),
                ('categorical_imputer',
                 TransformerWrapper(include=['weekend', 'holiday'],
                                    transformer=SimpleImputer(strat...
                 TransformerWrapper(include=['weekend', 'holiday'],
                                    transformer=OrdinalEncoder(cols=['weekend',
                                                                     'holiday'],
                                                               handle_missing='return_nan',
                                                               mapping=[{'col': 'weekend',
                                                                         'data_type': dtype('float64'),
                                                                         'mapping': 0.000    0
1.000    1
NaN     -1
dtype: int64},
                                                                        {'col': 'holiday',
                                                                         'data_type': dtype('float64'),
                                                                         'mapping': 0.000    0
1.000    1
NaN     -1
dtype: int64}]))),
                ('normalize',
                 TransformerWrapper(transformer=StandardScaler()))])
2026-02-09 16:28:52,778:INFO:get_config() successfully completed......................................
2026-02-09 16:29:15,649:WARNING:C:\Users\itwill\AppData\Local\Temp\ipykernel_11532\1686804121.py:94: FutureWarning: The NumPy global RNG was seeded by calling `np.random.seed`. In a future version this function will no longer use the global RNG. Pass `rng` explicitly to opt-in to the new behaviour and silence this warning.
  shap.summary_plot(shap_values, x, show=False)

2026-02-09 16:32:44,074:INFO:PyCaret RegressionExperiment
2026-02-09 16:32:44,074:INFO:Logging name: reg-default-name
2026-02-09 16:32:44,074:INFO:ML Usecase: MLUsecase.REGRESSION
2026-02-09 16:32:44,074:INFO:version 3.3.2
2026-02-09 16:32:44,075:INFO:Initializing setup()
2026-02-09 16:32:44,075:INFO:self.USI: d7bf
2026-02-09 16:32:44,075:INFO:self._variable_keys: {'n_jobs_param', 'target_param', 'data', 'pipeline', 'logging_param', 'X_train', 'idx', 'y_train', 'USI', 'X_test', 'transform_target_param', 'y_test', '_ml_usecase', 'log_plots_param', 'html_param', 'fold_generator', '_available_plots', 'fold_groups_param', 'seed', 'memory', 'y', 'gpu_n_jobs_param', 'gpu_param', 'X', 'exp_id', 'fold_shuffle_param', 'exp_name_log'}
2026-02-09 16:32:44,075:INFO:Checking environment
2026-02-09 16:32:44,075:INFO:python_version: 3.11.9
2026-02-09 16:32:44,075:INFO:python_build: ('tags/v3.11.9:de54cf5', 'Apr  2 2024 10:12:12')
2026-02-09 16:32:44,075:INFO:machine: AMD64
2026-02-09 16:32:44,075:INFO:platform: Windows-10-10.0.26200-SP0
2026-02-09 16:32:44,075:INFO:Memory: svmem(total=16881364992, available=1493770240, percent=91.2, used=15387594752, free=1493770240)
2026-02-09 16:32:44,075:INFO:Physical Core: 6
2026-02-09 16:32:44,075:INFO:Logical Core: 12
2026-02-09 16:32:44,075:INFO:Checking libraries
2026-02-09 16:32:44,075:INFO:System:
2026-02-09 16:32:44,075:INFO:    python: 3.11.9 (tags/v3.11.9:de54cf5, Apr  2 2024, 10:12:12) [MSC v.1938 64 bit (AMD64)]
2026-02-09 16:32:44,075:INFO:executable: c:\Users\itwill\AppData\Local\Programs\Python\Python311\python.exe
2026-02-09 16:32:44,075:INFO:   machine: Windows-10-10.0.26200-SP0
2026-02-09 16:32:44,075:INFO:PyCaret required dependencies:
2026-02-09 16:32:44,076:WARNING:c:\Users\itwill\AppData\Local\Programs\Python\Python311\Lib\site-packages\_distutils_hack\__init__.py:33: UserWarning: Setuptools is replacing distutils.
  warnings.warn("Setuptools is replacing distutils.")

2026-02-09 16:32:44,080:INFO:                 pip: 26.0.1
2026-02-09 16:32:44,080:INFO:          setuptools: 65.5.0
2026-02-09 16:32:44,080:INFO:             pycaret: 3.3.2
2026-02-09 16:32:44,080:INFO:             IPython: 9.10.0
2026-02-09 16:32:44,080:INFO:          ipywidgets: 8.1.8
2026-02-09 16:32:44,080:INFO:                tqdm: 4.67.3
2026-02-09 16:32:44,080:INFO:               numpy: 1.26.4
2026-02-09 16:32:44,080:INFO:              pandas: 2.1.4
2026-02-09 16:32:44,080:INFO:              jinja2: 3.1.6
2026-02-09 16:32:44,080:INFO:               scipy: 1.11.4
2026-02-09 16:32:44,080:INFO:              joblib: 1.3.2
2026-02-09 16:32:44,080:INFO:             sklearn: 1.4.2
2026-02-09 16:32:44,080:INFO:                pyod: 2.0.6
2026-02-09 16:32:44,080:INFO:            imblearn: 0.13.0
2026-02-09 16:32:44,080:INFO:   category_encoders: 2.7.0
2026-02-09 16:32:44,080:INFO:            lightgbm: 4.6.0
2026-02-09 16:32:44,080:INFO:               numba: 0.63.1
2026-02-09 16:32:44,080:INFO:            requests: 2.32.5
2026-02-09 16:32:44,080:INFO:          matplotlib: 3.7.5
2026-02-09 16:32:44,080:INFO:          scikitplot: 0.3.7
2026-02-09 16:32:44,080:INFO:         yellowbrick: 1.5
2026-02-09 16:32:44,080:INFO:              plotly: 6.5.2
2026-02-09 16:32:44,080:INFO:    plotly-resampler: Not installed
2026-02-09 16:32:44,080:INFO:             kaleido: 1.2.0
2026-02-09 16:32:44,080:INFO:           schemdraw: 0.15
2026-02-09 16:32:44,081:INFO:         statsmodels: 0.14.6
2026-02-09 16:32:44,081:INFO:              sktime: 0.26.0
2026-02-09 16:32:44,081:INFO:               tbats: 1.1.3
2026-02-09 16:32:44,081:INFO:            pmdarima: 2.0.4
2026-02-09 16:32:44,081:INFO:              psutil: 7.2.2
2026-02-09 16:32:44,081:INFO:          markupsafe: 3.0.3
2026-02-09 16:32:44,081:INFO:             pickle5: Not installed
2026-02-09 16:32:44,081:INFO:         cloudpickle: 3.1.2
2026-02-09 16:32:44,081:INFO:         deprecation: 2.1.0
2026-02-09 16:32:44,081:INFO:              xxhash: 3.6.0
2026-02-09 16:32:44,081:INFO:           wurlitzer: Not installed
2026-02-09 16:32:44,081:INFO:PyCaret optional dependencies:
2026-02-09 16:32:44,087:INFO:                shap: 0.49.1
2026-02-09 16:32:44,087:INFO:           interpret: Not installed
2026-02-09 16:32:44,087:INFO:                umap: Not installed
2026-02-09 16:32:44,088:INFO:     ydata_profiling: Not installed
2026-02-09 16:32:44,088:INFO:  explainerdashboard: Not installed
2026-02-09 16:32:44,088:INFO:             autoviz: Not installed
2026-02-09 16:32:44,088:INFO:           fairlearn: Not installed
2026-02-09 16:32:44,088:INFO:          deepchecks: Not installed
2026-02-09 16:32:44,088:INFO:             xgboost: 2.1.4
2026-02-09 16:32:44,088:INFO:            catboost: 1.2.8
2026-02-09 16:32:44,088:INFO:              kmodes: 0.12.2
2026-02-09 16:32:44,088:INFO:             mlxtend: Not installed
2026-02-09 16:32:44,088:INFO:       statsforecast: Not installed
2026-02-09 16:32:44,088:INFO:        tune_sklearn: Not installed
2026-02-09 16:32:44,088:INFO:                 ray: Not installed
2026-02-09 16:32:44,088:INFO:            hyperopt: Not installed
2026-02-09 16:32:44,088:INFO:              optuna: Not installed
2026-02-09 16:32:44,088:INFO:               skopt: Not installed
2026-02-09 16:32:44,088:INFO:              mlflow: Not installed
2026-02-09 16:32:44,088:INFO:              gradio: Not installed
2026-02-09 16:32:44,088:INFO:             fastapi: Not installed
2026-02-09 16:32:44,088:INFO:             uvicorn: Not installed
2026-02-09 16:32:44,088:INFO:              m2cgen: Not installed
2026-02-09 16:32:44,088:INFO:           evidently: Not installed
2026-02-09 16:32:44,088:INFO:               fugue: Not installed
2026-02-09 16:32:44,088:INFO:           streamlit: Not installed
2026-02-09 16:32:44,088:INFO:             prophet: 1.3.0
2026-02-09 16:32:44,088:INFO:None
2026-02-09 16:32:44,088:INFO:Set up data.
2026-02-09 16:32:44,091:INFO:Set up folding strategy.
2026-02-09 16:32:44,091:INFO:Set up train/test split.
2026-02-09 16:32:44,095:INFO:Set up index.
2026-02-09 16:32:44,095:INFO:Assigning column types.
2026-02-09 16:32:44,097:INFO:Engine successfully changes for model 'lr' to 'sklearn'.
2026-02-09 16:32:44,097:INFO:Engine for model 'lasso' has not been set explicitly, hence returning None.
2026-02-09 16:32:44,099:INFO:Engine for model 'ridge' has not been set explicitly, hence returning None.
2026-02-09 16:32:44,101:INFO:Engine for model 'en' has not been set explicitly, hence returning None.
2026-02-09 16:32:44,133:INFO:Engine for model 'svm' has not been set explicitly, hence returning None.
2026-02-09 16:32:44,154:INFO:Engine for model 'knn' has not been set explicitly, hence returning None.
2026-02-09 16:32:44,154:INFO:Soft dependency imported: xgboost: 2.1.4
2026-02-09 16:32:44,154:INFO:Soft dependency imported: catboost: 1.2.8
2026-02-09 16:32:44,154:INFO:Engine for model 'lasso' has not been set explicitly, hence returning None.
2026-02-09 16:32:44,154:INFO:Engine for model 'ridge' has not been set explicitly, hence returning None.
2026-02-09 16:32:44,154:INFO:Engine for model 'en' has not been set explicitly, hence returning None.
2026-02-09 16:32:44,191:INFO:Engine for model 'svm' has not been set explicitly, hence returning None.
2026-02-09 16:32:44,206:INFO:Engine for model 'knn' has not been set explicitly, hence returning None.
2026-02-09 16:32:44,206:INFO:Soft dependency imported: xgboost: 2.1.4
2026-02-09 16:32:44,206:INFO:Soft dependency imported: catboost: 1.2.8
2026-02-09 16:32:44,206:INFO:Engine successfully changes for model 'lasso' to 'sklearn'.
2026-02-09 16:32:44,206:INFO:Engine for model 'ridge' has not been set explicitly, hence returning None.
2026-02-09 16:32:44,221:INFO:Engine for model 'en' has not been set explicitly, hence returning None.
2026-02-09 16:32:44,251:INFO:Engine for model 'svm' has not been set explicitly, hence returning None.
2026-02-09 16:32:44,275:INFO:Engine for model 'knn' has not been set explicitly, hence returning None.
2026-02-09 16:32:44,275:INFO:Soft dependency imported: xgboost: 2.1.4
2026-02-09 16:32:44,275:INFO:Soft dependency imported: catboost: 1.2.8
2026-02-09 16:32:44,275:INFO:Engine for model 'ridge' has not been set explicitly, hence returning None.
2026-02-09 16:32:44,275:INFO:Engine for model 'en' has not been set explicitly, hence returning None.
2026-02-09 16:32:44,312:INFO:Engine for model 'svm' has not been set explicitly, hence returning None.
2026-02-09 16:32:44,321:INFO:Engine for model 'knn' has not been set explicitly, hence returning None.
2026-02-09 16:32:44,321:INFO:Soft dependency imported: xgboost: 2.1.4
2026-02-09 16:32:44,321:INFO:Soft dependency imported: catboost: 1.2.8
2026-02-09 16:32:44,321:INFO:Engine successfully changes for model 'ridge' to 'sklearn'.
2026-02-09 16:32:44,339:INFO:Engine for model 'en' has not been set explicitly, hence returning None.
2026-02-09 16:32:44,369:INFO:Engine for model 'svm' has not been set explicitly, hence returning None.
2026-02-09 16:32:44,390:INFO:Engine for model 'knn' has not been set explicitly, hence returning None.
2026-02-09 16:32:44,391:INFO:Soft dependency imported: xgboost: 2.1.4
2026-02-09 16:32:44,392:INFO:Soft dependency imported: catboost: 1.2.8
2026-02-09 16:32:44,397:INFO:Engine for model 'en' has not been set explicitly, hence returning None.
2026-02-09 16:32:44,430:INFO:Engine for model 'svm' has not been set explicitly, hence returning None.
2026-02-09 16:32:44,453:INFO:Engine for model 'knn' has not been set explicitly, hence returning None.
2026-02-09 16:32:44,454:INFO:Soft dependency imported: xgboost: 2.1.4
2026-02-09 16:32:44,456:INFO:Soft dependency imported: catboost: 1.2.8
2026-02-09 16:32:44,456:INFO:Engine successfully changes for model 'en' to 'sklearn'.
2026-02-09 16:32:44,488:INFO:Engine for model 'svm' has not been set explicitly, hence returning None.
2026-02-09 16:32:44,504:INFO:Engine for model 'knn' has not been set explicitly, hence returning None.
2026-02-09 16:32:44,504:INFO:Soft dependency imported: xgboost: 2.1.4
2026-02-09 16:32:44,504:INFO:Soft dependency imported: catboost: 1.2.8
2026-02-09 16:32:44,546:INFO:Engine for model 'svm' has not been set explicitly, hence returning None.
2026-02-09 16:32:44,555:INFO:Engine for model 'knn' has not been set explicitly, hence returning None.
2026-02-09 16:32:44,555:INFO:Soft dependency imported: xgboost: 2.1.4
2026-02-09 16:32:44,570:INFO:Soft dependency imported: catboost: 1.2.8
2026-02-09 16:32:44,570:INFO:Engine successfully changes for model 'knn' to 'sklearn'.
2026-02-09 16:32:44,605:INFO:Engine for model 'svm' has not been set explicitly, hence returning None.
2026-02-09 16:32:44,621:INFO:Soft dependency imported: xgboost: 2.1.4
2026-02-09 16:32:44,621:INFO:Soft dependency imported: catboost: 1.2.8
2026-02-09 16:32:44,656:INFO:Engine for model 'svm' has not been set explicitly, hence returning None.
2026-02-09 16:32:44,690:INFO:Soft dependency imported: xgboost: 2.1.4
2026-02-09 16:32:44,692:INFO:Soft dependency imported: catboost: 1.2.8
2026-02-09 16:32:44,692:INFO:Engine successfully changes for model 'svm' to 'sklearn'.
2026-02-09 16:32:44,758:INFO:Soft dependency imported: xgboost: 2.1.4
2026-02-09 16:32:44,759:INFO:Soft dependency imported: catboost: 1.2.8
2026-02-09 16:32:44,826:INFO:Soft dependency imported: xgboost: 2.1.4
2026-02-09 16:32:44,829:INFO:Soft dependency imported: catboost: 1.2.8
2026-02-09 16:32:44,831:INFO:Preparing preprocessing pipeline...
2026-02-09 16:32:44,831:INFO:Set up simple imputation.
2026-02-09 16:32:44,833:INFO:Set up encoding of ordinal features.
2026-02-09 16:32:44,835:INFO:Set up encoding of categorical features.
2026-02-09 16:32:44,835:INFO:Set up feature normalization.
2026-02-09 16:32:44,905:INFO:Finished creating preprocessing pipeline.
2026-02-09 16:32:44,922:INFO:Pipeline: Pipeline(memory=FastMemory(location=C:\Users\itwill\AppData\Local\Temp\joblib),
         steps=[('numerical_imputer',
                 TransformerWrapper(include=['visitors', 'avg_price',
                                             'marketing_cost', 'delivery_ratio',
                                             'rain_mm', 'temperature'],
                                    transformer=SimpleImputer())),
                ('categorical_imputer',
                 TransformerWrapper(include=['weekend', 'holiday'],
                                    transformer=SimpleImputer(strat...
                 TransformerWrapper(include=['weekend', 'holiday'],
                                    transformer=OrdinalEncoder(cols=['weekend',
                                                                     'holiday'],
                                                               handle_missing='return_nan',
                                                               mapping=[{'col': 'weekend',
                                                                         'data_type': dtype('float64'),
                                                                         'mapping': 0.000    0
1.000    1
NaN     -1
dtype: int64},
                                                                        {'col': 'holiday',
                                                                         'data_type': dtype('float64'),
                                                                         'mapping': 0.000    0
1.000    1
NaN     -1
dtype: int64}]))),
                ('normalize',
                 TransformerWrapper(transformer=StandardScaler()))])
2026-02-09 16:32:44,922:INFO:Creating final display dataframe.
2026-02-09 16:32:45,004:INFO:Setup _display_container:                     Description             Value
0                    Session id                52
1                        Target             sales
2                   Target type        Regression
3           Original data shape          (353, 9)
4        Transformed data shape          (353, 9)
5   Transformed train set shape          (264, 9)
6    Transformed test set shape           (89, 9)
7              Numeric features                 6
8          Categorical features                 2
9                    Preprocess              True
10              Imputation type            simple
11           Numeric imputation              mean
12       Categorical imputation              mode
13     Maximum one-hot encoding                25
14              Encoding method              None
15                    Normalize              True
16             Normalize method            zscore
17               Fold Generator             KFold
18                  Fold Number                 5
19                     CPU Jobs                -1
20                      Use GPU             False
21               Log Experiment             False
22              Experiment Name  reg-default-name
23                          USI              d7bf
2026-02-09 16:32:45,074:INFO:Soft dependency imported: xgboost: 2.1.4
2026-02-09 16:32:45,075:INFO:Soft dependency imported: catboost: 1.2.8
2026-02-09 16:32:45,138:INFO:Soft dependency imported: xgboost: 2.1.4
2026-02-09 16:32:45,140:INFO:Soft dependency imported: catboost: 1.2.8
2026-02-09 16:32:45,140:INFO:setup() successfully completed in 1.07s...............
2026-02-09 16:33:15,147:INFO:gpu_param set to False
2026-02-09 16:33:15,205:INFO:Soft dependency imported: xgboost: 2.1.4
2026-02-09 16:33:15,205:INFO:Soft dependency imported: catboost: 1.2.8
2026-02-09 16:33:15,266:INFO:Soft dependency imported: xgboost: 2.1.4
2026-02-09 16:33:15,269:INFO:Soft dependency imported: catboost: 1.2.8
2026-02-09 16:34:38,388:INFO:Initializing compare_models()
2026-02-09 16:34:38,388:INFO:compare_models(self=<pycaret.regression.oop.RegressionExperiment object at 0x000001FACB60E790>, include=None, exclude=None, fold=5, round=4, cross_validation=True, sort=RMSE, n_select=5, budget_time=None, turbo=True, errors=ignore, fit_kwargs=None, groups=None, experiment_custom_tags=None, probability_threshold=None, verbose=True, parallel=None, caller_params={'self': <pycaret.regression.oop.RegressionExperiment object at 0x000001FACB60E790>, 'include': None, 'exclude': None, 'fold': 5, 'round': 4, 'cross_validation': True, 'sort': 'RMSE', 'n_select': 5, 'budget_time': None, 'turbo': True, 'errors': 'ignore', 'fit_kwargs': None, 'groups': None, 'experiment_custom_tags': None, 'engine': None, 'verbose': True, 'parallel': None, '__class__': <class 'pycaret.regression.oop.RegressionExperiment'>})
2026-02-09 16:34:38,388:INFO:Checking exceptions
2026-02-09 16:34:38,391:INFO:Preparing display monitor
2026-02-09 16:34:38,409:INFO:Initializing Linear Regression
2026-02-09 16:34:38,409:INFO:Total runtime is 0.0 minutes
2026-02-09 16:34:38,411:INFO:SubProcess create_model() called ==================================
2026-02-09 16:34:38,411:INFO:Initializing create_model()
2026-02-09 16:34:38,411:INFO:create_model(self=<pycaret.regression.oop.RegressionExperiment object at 0x000001FACB60E790>, estimator=lr, fold=KFold(n_splits=5, random_state=None, shuffle=False), round=4, cross_validation=True, predict=True, fit_kwargs={}, groups=None, refit=False, probability_threshold=None, experiment_custom_tags=None, verbose=False, system=False, add_to_model_list=True, metrics=None, display=<pycaret.internal.display.display.CommonDisplay object at 0x000001FAC9184690>, model_only=True, return_train_score=False, error_score=0.0, kwargs={})
2026-02-09 16:34:38,411:INFO:Checking exceptions
2026-02-09 16:34:38,411:INFO:Importing libraries
2026-02-09 16:34:38,411:INFO:Copying training dataset
2026-02-09 16:34:38,413:INFO:Defining folds
2026-02-09 16:34:38,413:INFO:Declaring metric variables
2026-02-09 16:34:38,415:INFO:Importing untrained model
2026-02-09 16:34:38,417:INFO:Linear Regression Imported successfully
2026-02-09 16:34:38,419:INFO:Starting cross validation
2026-02-09 16:34:38,427:INFO:Cross validating with KFold(n_splits=5, random_state=None, shuffle=False), n_jobs=-1
2026-02-09 16:34:41,175:WARNING:c:\Users\itwill\AppData\Local\Programs\Python\Python311\Lib\site-packages\_distutils_hack\__init__.py:33: UserWarning: Setuptools is replacing distutils.
  warnings.warn("Setuptools is replacing distutils.")

2026-02-09 16:34:41,195:WARNING:c:\Users\itwill\AppData\Local\Programs\Python\Python311\Lib\site-packages\_distutils_hack\__init__.py:33: UserWarning: Setuptools is replacing distutils.
  warnings.warn("Setuptools is replacing distutils.")

2026-02-09 16:34:41,195:WARNING:c:\Users\itwill\AppData\Local\Programs\Python\Python311\Lib\site-packages\_distutils_hack\__init__.py:33: UserWarning: Setuptools is replacing distutils.
  warnings.warn("Setuptools is replacing distutils.")

2026-02-09 16:34:41,195:WARNING:c:\Users\itwill\AppData\Local\Programs\Python\Python311\Lib\site-packages\_distutils_hack\__init__.py:33: UserWarning: Setuptools is replacing distutils.
  warnings.warn("Setuptools is replacing distutils.")

2026-02-09 16:34:41,216:WARNING:c:\Users\itwill\AppData\Local\Programs\Python\Python311\Lib\site-packages\_distutils_hack\__init__.py:33: UserWarning: Setuptools is replacing distutils.
  warnings.warn("Setuptools is replacing distutils.")

2026-02-09 16:34:41,370:INFO:Calculating mean and std
2026-02-09 16:34:41,372:INFO:Creating metrics dataframe
2026-02-09 16:34:41,375:INFO:Uploading results into container
2026-02-09 16:34:41,375:INFO:Uploading model into container now
2026-02-09 16:34:41,376:INFO:_master_model_container: 1
2026-02-09 16:34:41,376:INFO:_display_container: 2
2026-02-09 16:34:41,376:INFO:LinearRegression(n_jobs=-1)
2026-02-09 16:34:41,376:INFO:create_model() successfully completed......................................
2026-02-09 16:34:41,473:INFO:SubProcess create_model() end ==================================
2026-02-09 16:34:41,473:INFO:Creating metrics dataframe
2026-02-09 16:34:41,479:INFO:Initializing Lasso Regression
2026-02-09 16:34:41,479:INFO:Total runtime is 0.05117634932200114 minutes
2026-02-09 16:34:41,479:INFO:SubProcess create_model() called ==================================
2026-02-09 16:34:41,479:INFO:Initializing create_model()
2026-02-09 16:34:41,479:INFO:create_model(self=<pycaret.regression.oop.RegressionExperiment object at 0x000001FACB60E790>, estimator=lasso, fold=KFold(n_splits=5, random_state=None, shuffle=False), round=4, cross_validation=True, predict=True, fit_kwargs={}, groups=None, refit=False, probability_threshold=None, experiment_custom_tags=None, verbose=False, system=False, add_to_model_list=True, metrics=None, display=<pycaret.internal.display.display.CommonDisplay object at 0x000001FAC9184690>, model_only=True, return_train_score=False, error_score=0.0, kwargs={})
2026-02-09 16:34:41,479:INFO:Checking exceptions
2026-02-09 16:34:41,479:INFO:Importing libraries
2026-02-09 16:34:41,479:INFO:Copying training dataset
2026-02-09 16:34:41,486:INFO:Defining folds
2026-02-09 16:34:41,486:INFO:Declaring metric variables
2026-02-09 16:34:41,490:INFO:Importing untrained model
2026-02-09 16:34:41,492:INFO:Lasso Regression Imported successfully
2026-02-09 16:34:41,492:INFO:Starting cross validation
2026-02-09 16:34:41,492:INFO:Cross validating with KFold(n_splits=5, random_state=None, shuffle=False), n_jobs=-1
2026-02-09 16:34:43,782:WARNING:c:\Users\itwill\AppData\Local\Programs\Python\Python311\Lib\site-packages\_distutils_hack\__init__.py:33: UserWarning: Setuptools is replacing distutils.
  warnings.warn("Setuptools is replacing distutils.")

2026-02-09 16:34:43,789:WARNING:c:\Users\itwill\AppData\Local\Programs\Python\Python311\Lib\site-packages\_distutils_hack\__init__.py:33: UserWarning: Setuptools is replacing distutils.
  warnings.warn("Setuptools is replacing distutils.")

2026-02-09 16:34:43,789:WARNING:c:\Users\itwill\AppData\Local\Programs\Python\Python311\Lib\site-packages\_distutils_hack\__init__.py:33: UserWarning: Setuptools is replacing distutils.
  warnings.warn("Setuptools is replacing distutils.")

2026-02-09 16:34:43,792:WARNING:c:\Users\itwill\AppData\Local\Programs\Python\Python311\Lib\site-packages\_distutils_hack\__init__.py:33: UserWarning: Setuptools is replacing distutils.
  warnings.warn("Setuptools is replacing distutils.")

2026-02-09 16:34:43,792:WARNING:c:\Users\itwill\AppData\Local\Programs\Python\Python311\Lib\site-packages\_distutils_hack\__init__.py:33: UserWarning: Setuptools is replacing distutils.
  warnings.warn("Setuptools is replacing distutils.")

2026-02-09 16:34:43,967:INFO:Calculating mean and std
2026-02-09 16:34:43,969:INFO:Creating metrics dataframe
2026-02-09 16:34:43,972:INFO:Uploading results into container
2026-02-09 16:34:43,973:INFO:Uploading model into container now
2026-02-09 16:34:43,973:INFO:_master_model_container: 2
2026-02-09 16:34:43,973:INFO:_display_container: 2
2026-02-09 16:34:43,974:INFO:Lasso(random_state=52)
2026-02-09 16:34:43,974:INFO:create_model() successfully completed......................................
2026-02-09 16:34:44,096:INFO:SubProcess create_model() end ==================================
2026-02-09 16:34:44,096:INFO:Creating metrics dataframe
2026-02-09 16:34:44,100:INFO:Initializing Ridge Regression
2026-02-09 16:34:44,100:INFO:Total runtime is 0.09486201206843059 minutes
2026-02-09 16:34:44,102:INFO:SubProcess create_model() called ==================================
2026-02-09 16:34:44,102:INFO:Initializing create_model()
2026-02-09 16:34:44,102:INFO:create_model(self=<pycaret.regression.oop.RegressionExperiment object at 0x000001FACB60E790>, estimator=ridge, fold=KFold(n_splits=5, random_state=None, shuffle=False), round=4, cross_validation=True, predict=True, fit_kwargs={}, groups=None, refit=False, probability_threshold=None, experiment_custom_tags=None, verbose=False, system=False, add_to_model_list=True, metrics=None, display=<pycaret.internal.display.display.CommonDisplay object at 0x000001FAC9184690>, model_only=True, return_train_score=False, error_score=0.0, kwargs={})
2026-02-09 16:34:44,102:INFO:Checking exceptions
2026-02-09 16:34:44,103:INFO:Importing libraries
2026-02-09 16:34:44,103:INFO:Copying training dataset
2026-02-09 16:34:44,105:INFO:Defining folds
2026-02-09 16:34:44,105:INFO:Declaring metric variables
2026-02-09 16:34:44,108:INFO:Importing untrained model
2026-02-09 16:34:44,109:INFO:Ridge Regression Imported successfully
2026-02-09 16:34:44,109:INFO:Starting cross validation
2026-02-09 16:34:44,109:INFO:Cross validating with KFold(n_splits=5, random_state=None, shuffle=False), n_jobs=-1
2026-02-09 16:34:46,009:WARNING:c:\Users\itwill\AppData\Local\Programs\Python\Python311\Lib\site-packages\_distutils_hack\__init__.py:33: UserWarning: Setuptools is replacing distutils.
  warnings.warn("Setuptools is replacing distutils.")

2026-02-09 16:34:46,009:WARNING:c:\Users\itwill\AppData\Local\Programs\Python\Python311\Lib\site-packages\_distutils_hack\__init__.py:33: UserWarning: Setuptools is replacing distutils.
  warnings.warn("Setuptools is replacing distutils.")

2026-02-09 16:34:46,143:INFO:Calculating mean and std
2026-02-09 16:34:46,143:INFO:Creating metrics dataframe
2026-02-09 16:34:46,146:INFO:Uploading results into container
2026-02-09 16:34:46,146:INFO:Uploading model into container now
2026-02-09 16:34:46,147:INFO:_master_model_container: 3
2026-02-09 16:34:46,147:INFO:_display_container: 2
2026-02-09 16:34:46,147:INFO:Ridge(random_state=52)
2026-02-09 16:34:46,148:INFO:create_model() successfully completed......................................
2026-02-09 16:34:46,228:INFO:SubProcess create_model() end ==================================
2026-02-09 16:34:46,228:INFO:Creating metrics dataframe
2026-02-09 16:34:46,233:INFO:Initializing Elastic Net
2026-02-09 16:34:46,233:INFO:Total runtime is 0.13040575981140137 minutes
2026-02-09 16:34:46,235:INFO:SubProcess create_model() called ==================================
2026-02-09 16:34:46,235:INFO:Initializing create_model()
2026-02-09 16:34:46,235:INFO:create_model(self=<pycaret.regression.oop.RegressionExperiment object at 0x000001FACB60E790>, estimator=en, fold=KFold(n_splits=5, random_state=None, shuffle=False), round=4, cross_validation=True, predict=True, fit_kwargs={}, groups=None, refit=False, probability_threshold=None, experiment_custom_tags=None, verbose=False, system=False, add_to_model_list=True, metrics=None, display=<pycaret.internal.display.display.CommonDisplay object at 0x000001FAC9184690>, model_only=True, return_train_score=False, error_score=0.0, kwargs={})
2026-02-09 16:34:46,235:INFO:Checking exceptions
2026-02-09 16:34:46,235:INFO:Importing libraries
2026-02-09 16:34:46,235:INFO:Copying training dataset
2026-02-09 16:34:46,238:INFO:Defining folds
2026-02-09 16:34:46,238:INFO:Declaring metric variables
2026-02-09 16:34:46,240:INFO:Importing untrained model
2026-02-09 16:34:46,243:INFO:Elastic Net Imported successfully
2026-02-09 16:34:46,248:INFO:Starting cross validation
2026-02-09 16:34:46,248:INFO:Cross validating with KFold(n_splits=5, random_state=None, shuffle=False), n_jobs=-1
2026-02-09 16:34:46,320:INFO:Calculating mean and std
2026-02-09 16:34:46,320:INFO:Creating metrics dataframe
2026-02-09 16:34:46,321:INFO:Uploading results into container
2026-02-09 16:34:46,322:INFO:Uploading model into container now
2026-02-09 16:34:46,322:INFO:_master_model_container: 4
2026-02-09 16:34:46,322:INFO:_display_container: 2
2026-02-09 16:34:46,322:INFO:ElasticNet(random_state=52)
2026-02-09 16:34:46,322:INFO:create_model() successfully completed......................................
2026-02-09 16:34:46,392:INFO:SubProcess create_model() end ==================================
2026-02-09 16:34:46,392:INFO:Creating metrics dataframe
2026-02-09 16:34:46,392:INFO:Initializing Least Angle Regression
2026-02-09 16:34:46,392:INFO:Total runtime is 0.13306054671605427 minutes
2026-02-09 16:34:46,392:INFO:SubProcess create_model() called ==================================
2026-02-09 16:34:46,392:INFO:Initializing create_model()
2026-02-09 16:34:46,392:INFO:create_model(self=<pycaret.regression.oop.RegressionExperiment object at 0x000001FACB60E790>, estimator=lar, fold=KFold(n_splits=5, random_state=None, shuffle=False), round=4, cross_validation=True, predict=True, fit_kwargs={}, groups=None, refit=False, probability_threshold=None, experiment_custom_tags=None, verbose=False, system=False, add_to_model_list=True, metrics=None, display=<pycaret.internal.display.display.CommonDisplay object at 0x000001FAC9184690>, model_only=True, return_train_score=False, error_score=0.0, kwargs={})
2026-02-09 16:34:46,392:INFO:Checking exceptions
2026-02-09 16:34:46,392:INFO:Importing libraries
2026-02-09 16:34:46,392:INFO:Copying training dataset
2026-02-09 16:34:46,392:INFO:Defining folds
2026-02-09 16:34:46,392:INFO:Declaring metric variables
2026-02-09 16:34:46,405:INFO:Importing untrained model
2026-02-09 16:34:46,405:INFO:Least Angle Regression Imported successfully
2026-02-09 16:34:46,405:INFO:Starting cross validation
2026-02-09 16:34:46,405:INFO:Cross validating with KFold(n_splits=5, random_state=None, shuffle=False), n_jobs=-1
2026-02-09 16:34:46,470:INFO:Calculating mean and std
2026-02-09 16:34:46,470:INFO:Creating metrics dataframe
2026-02-09 16:34:46,471:INFO:Uploading results into container
2026-02-09 16:34:46,471:INFO:Uploading model into container now
2026-02-09 16:34:46,472:INFO:_master_model_container: 5
2026-02-09 16:34:46,472:INFO:_display_container: 2
2026-02-09 16:34:46,472:INFO:Lars(random_state=52)
2026-02-09 16:34:46,472:INFO:create_model() successfully completed......................................
2026-02-09 16:34:46,548:INFO:SubProcess create_model() end ==================================
2026-02-09 16:34:46,548:INFO:Creating metrics dataframe
2026-02-09 16:34:46,553:INFO:Initializing Lasso Least Angle Regression
2026-02-09 16:34:46,553:INFO:Total runtime is 0.13573282957077026 minutes
2026-02-09 16:34:46,556:INFO:SubProcess create_model() called ==================================
2026-02-09 16:34:46,556:INFO:Initializing create_model()
2026-02-09 16:34:46,556:INFO:create_model(self=<pycaret.regression.oop.RegressionExperiment object at 0x000001FACB60E790>, estimator=llar, fold=KFold(n_splits=5, random_state=None, shuffle=False), round=4, cross_validation=True, predict=True, fit_kwargs={}, groups=None, refit=False, probability_threshold=None, experiment_custom_tags=None, verbose=False, system=False, add_to_model_list=True, metrics=None, display=<pycaret.internal.display.display.CommonDisplay object at 0x000001FAC9184690>, model_only=True, return_train_score=False, error_score=0.0, kwargs={})
2026-02-09 16:34:46,556:INFO:Checking exceptions
2026-02-09 16:34:46,556:INFO:Importing libraries
2026-02-09 16:34:46,556:INFO:Copying training dataset
2026-02-09 16:34:46,560:INFO:Defining folds
2026-02-09 16:34:46,560:INFO:Declaring metric variables
2026-02-09 16:34:46,562:INFO:Importing untrained model
2026-02-09 16:34:46,564:INFO:Lasso Least Angle Regression Imported successfully
2026-02-09 16:34:46,568:INFO:Starting cross validation
2026-02-09 16:34:46,569:INFO:Cross validating with KFold(n_splits=5, random_state=None, shuffle=False), n_jobs=-1
2026-02-09 16:34:46,637:INFO:Calculating mean and std
2026-02-09 16:34:46,637:INFO:Creating metrics dataframe
2026-02-09 16:34:46,638:INFO:Uploading results into container
2026-02-09 16:34:46,639:INFO:Uploading model into container now
2026-02-09 16:34:46,639:INFO:_master_model_container: 6
2026-02-09 16:34:46,639:INFO:_display_container: 2
2026-02-09 16:34:46,639:INFO:LassoLars(random_state=52)
2026-02-09 16:34:46,639:INFO:create_model() successfully completed......................................
2026-02-09 16:34:46,718:INFO:SubProcess create_model() end ==================================
2026-02-09 16:34:46,718:INFO:Creating metrics dataframe
2026-02-09 16:34:46,722:INFO:Initializing Orthogonal Matching Pursuit
2026-02-09 16:34:46,722:INFO:Total runtime is 0.1385605494181315 minutes
2026-02-09 16:34:46,724:INFO:SubProcess create_model() called ==================================
2026-02-09 16:34:46,724:INFO:Initializing create_model()
2026-02-09 16:34:46,724:INFO:create_model(self=<pycaret.regression.oop.RegressionExperiment object at 0x000001FACB60E790>, estimator=omp, fold=KFold(n_splits=5, random_state=None, shuffle=False), round=4, cross_validation=True, predict=True, fit_kwargs={}, groups=None, refit=False, probability_threshold=None, experiment_custom_tags=None, verbose=False, system=False, add_to_model_list=True, metrics=None, display=<pycaret.internal.display.display.CommonDisplay object at 0x000001FAC9184690>, model_only=True, return_train_score=False, error_score=0.0, kwargs={})
2026-02-09 16:34:46,724:INFO:Checking exceptions
2026-02-09 16:34:46,724:INFO:Importing libraries
2026-02-09 16:34:46,724:INFO:Copying training dataset
2026-02-09 16:34:46,727:INFO:Defining folds
2026-02-09 16:34:46,727:INFO:Declaring metric variables
2026-02-09 16:34:46,729:INFO:Importing untrained model
2026-02-09 16:34:46,732:INFO:Orthogonal Matching Pursuit Imported successfully
2026-02-09 16:34:46,735:INFO:Starting cross validation
2026-02-09 16:34:46,736:INFO:Cross validating with KFold(n_splits=5, random_state=None, shuffle=False), n_jobs=-1
2026-02-09 16:34:46,791:INFO:Calculating mean and std
2026-02-09 16:34:46,791:INFO:Creating metrics dataframe
2026-02-09 16:34:46,793:INFO:Uploading results into container
2026-02-09 16:34:46,793:INFO:Uploading model into container now
2026-02-09 16:34:46,793:INFO:_master_model_container: 7
2026-02-09 16:34:46,793:INFO:_display_container: 2
2026-02-09 16:34:46,794:INFO:OrthogonalMatchingPursuit()
2026-02-09 16:34:46,794:INFO:create_model() successfully completed......................................
2026-02-09 16:34:46,865:INFO:SubProcess create_model() end ==================================
2026-02-09 16:34:46,865:INFO:Creating metrics dataframe
2026-02-09 16:34:46,870:INFO:Initializing Bayesian Ridge
2026-02-09 16:34:46,870:INFO:Total runtime is 0.1410163402557373 minutes
2026-02-09 16:34:46,872:INFO:SubProcess create_model() called ==================================
2026-02-09 16:34:46,872:INFO:Initializing create_model()
2026-02-09 16:34:46,872:INFO:create_model(self=<pycaret.regression.oop.RegressionExperiment object at 0x000001FACB60E790>, estimator=br, fold=KFold(n_splits=5, random_state=None, shuffle=False), round=4, cross_validation=True, predict=True, fit_kwargs={}, groups=None, refit=False, probability_threshold=None, experiment_custom_tags=None, verbose=False, system=False, add_to_model_list=True, metrics=None, display=<pycaret.internal.display.display.CommonDisplay object at 0x000001FAC9184690>, model_only=True, return_train_score=False, error_score=0.0, kwargs={})
2026-02-09 16:34:46,872:INFO:Checking exceptions
2026-02-09 16:34:46,872:INFO:Importing libraries
2026-02-09 16:34:46,872:INFO:Copying training dataset
2026-02-09 16:34:46,875:INFO:Defining folds
2026-02-09 16:34:46,875:INFO:Declaring metric variables
2026-02-09 16:34:46,877:INFO:Importing untrained model
2026-02-09 16:34:46,880:INFO:Bayesian Ridge Imported successfully
2026-02-09 16:34:46,883:INFO:Starting cross validation
2026-02-09 16:34:46,884:INFO:Cross validating with KFold(n_splits=5, random_state=None, shuffle=False), n_jobs=-1
2026-02-09 16:34:46,943:INFO:Calculating mean and std
2026-02-09 16:34:46,943:INFO:Creating metrics dataframe
2026-02-09 16:34:46,944:INFO:Uploading results into container
2026-02-09 16:34:46,944:INFO:Uploading model into container now
2026-02-09 16:34:46,944:INFO:_master_model_container: 8
2026-02-09 16:34:46,944:INFO:_display_container: 2
2026-02-09 16:34:46,944:INFO:BayesianRidge()
2026-02-09 16:34:46,944:INFO:create_model() successfully completed......................................
2026-02-09 16:34:47,023:INFO:SubProcess create_model() end ==================================
2026-02-09 16:34:47,023:INFO:Creating metrics dataframe
2026-02-09 16:34:47,028:INFO:Initializing Passive Aggressive Regressor
2026-02-09 16:34:47,028:INFO:Total runtime is 0.14365748564402264 minutes
2026-02-09 16:34:47,030:INFO:SubProcess create_model() called ==================================
2026-02-09 16:34:47,030:INFO:Initializing create_model()
2026-02-09 16:34:47,030:INFO:create_model(self=<pycaret.regression.oop.RegressionExperiment object at 0x000001FACB60E790>, estimator=par, fold=KFold(n_splits=5, random_state=None, shuffle=False), round=4, cross_validation=True, predict=True, fit_kwargs={}, groups=None, refit=False, probability_threshold=None, experiment_custom_tags=None, verbose=False, system=False, add_to_model_list=True, metrics=None, display=<pycaret.internal.display.display.CommonDisplay object at 0x000001FAC9184690>, model_only=True, return_train_score=False, error_score=0.0, kwargs={})
2026-02-09 16:34:47,030:INFO:Checking exceptions
2026-02-09 16:34:47,030:INFO:Importing libraries
2026-02-09 16:34:47,030:INFO:Copying training dataset
2026-02-09 16:34:47,032:INFO:Defining folds
2026-02-09 16:34:47,032:INFO:Declaring metric variables
2026-02-09 16:34:47,034:INFO:Importing untrained model
2026-02-09 16:34:47,037:INFO:Passive Aggressive Regressor Imported successfully
2026-02-09 16:34:47,041:INFO:Starting cross validation
2026-02-09 16:34:47,042:INFO:Cross validating with KFold(n_splits=5, random_state=None, shuffle=False), n_jobs=-1
2026-02-09 16:34:47,101:INFO:Calculating mean and std
2026-02-09 16:34:47,101:INFO:Creating metrics dataframe
2026-02-09 16:34:47,102:INFO:Uploading results into container
2026-02-09 16:34:47,102:INFO:Uploading model into container now
2026-02-09 16:34:47,102:INFO:_master_model_container: 9
2026-02-09 16:34:47,103:INFO:_display_container: 2
2026-02-09 16:34:47,103:INFO:PassiveAggressiveRegressor(random_state=52)
2026-02-09 16:34:47,103:INFO:create_model() successfully completed......................................
2026-02-09 16:34:47,180:INFO:SubProcess create_model() end ==================================
2026-02-09 16:34:47,180:INFO:Creating metrics dataframe
2026-02-09 16:34:47,185:INFO:Initializing Huber Regressor
2026-02-09 16:34:47,185:INFO:Total runtime is 0.14627591768900555 minutes
2026-02-09 16:34:47,187:INFO:SubProcess create_model() called ==================================
2026-02-09 16:34:47,187:INFO:Initializing create_model()
2026-02-09 16:34:47,187:INFO:create_model(self=<pycaret.regression.oop.RegressionExperiment object at 0x000001FACB60E790>, estimator=huber, fold=KFold(n_splits=5, random_state=None, shuffle=False), round=4, cross_validation=True, predict=True, fit_kwargs={}, groups=None, refit=False, probability_threshold=None, experiment_custom_tags=None, verbose=False, system=False, add_to_model_list=True, metrics=None, display=<pycaret.internal.display.display.CommonDisplay object at 0x000001FAC9184690>, model_only=True, return_train_score=False, error_score=0.0, kwargs={})
2026-02-09 16:34:47,187:INFO:Checking exceptions
2026-02-09 16:34:47,187:INFO:Importing libraries
2026-02-09 16:34:47,188:INFO:Copying training dataset
2026-02-09 16:34:47,190:INFO:Defining folds
2026-02-09 16:34:47,190:INFO:Declaring metric variables
2026-02-09 16:34:47,193:INFO:Importing untrained model
2026-02-09 16:34:47,194:INFO:Huber Regressor Imported successfully
2026-02-09 16:34:47,199:INFO:Starting cross validation
2026-02-09 16:34:47,200:INFO:Cross validating with KFold(n_splits=5, random_state=None, shuffle=False), n_jobs=-1
2026-02-09 16:34:47,266:INFO:Calculating mean and std
2026-02-09 16:34:47,266:INFO:Creating metrics dataframe
2026-02-09 16:34:47,268:INFO:Uploading results into container
2026-02-09 16:34:47,268:INFO:Uploading model into container now
2026-02-09 16:34:47,268:INFO:_master_model_container: 10
2026-02-09 16:34:47,268:INFO:_display_container: 2
2026-02-09 16:34:47,269:INFO:HuberRegressor()
2026-02-09 16:34:47,269:INFO:create_model() successfully completed......................................
2026-02-09 16:34:47,341:INFO:SubProcess create_model() end ==================================
2026-02-09 16:34:47,341:INFO:Creating metrics dataframe
2026-02-09 16:34:47,347:INFO:Initializing K Neighbors Regressor
2026-02-09 16:34:47,347:INFO:Total runtime is 0.1489818851153056 minutes
2026-02-09 16:34:47,349:INFO:SubProcess create_model() called ==================================
2026-02-09 16:34:47,349:INFO:Initializing create_model()
2026-02-09 16:34:47,349:INFO:create_model(self=<pycaret.regression.oop.RegressionExperiment object at 0x000001FACB60E790>, estimator=knn, fold=KFold(n_splits=5, random_state=None, shuffle=False), round=4, cross_validation=True, predict=True, fit_kwargs={}, groups=None, refit=False, probability_threshold=None, experiment_custom_tags=None, verbose=False, system=False, add_to_model_list=True, metrics=None, display=<pycaret.internal.display.display.CommonDisplay object at 0x000001FAC9184690>, model_only=True, return_train_score=False, error_score=0.0, kwargs={})
2026-02-09 16:34:47,349:INFO:Checking exceptions
2026-02-09 16:34:47,349:INFO:Importing libraries
2026-02-09 16:34:47,349:INFO:Copying training dataset
2026-02-09 16:34:47,353:INFO:Defining folds
2026-02-09 16:34:47,353:INFO:Declaring metric variables
2026-02-09 16:34:47,355:INFO:Importing untrained model
2026-02-09 16:34:47,357:INFO:K Neighbors Regressor Imported successfully
2026-02-09 16:34:47,361:INFO:Starting cross validation
2026-02-09 16:34:47,363:INFO:Cross validating with KFold(n_splits=5, random_state=None, shuffle=False), n_jobs=-1
2026-02-09 16:34:47,440:INFO:Calculating mean and std
2026-02-09 16:34:47,441:INFO:Creating metrics dataframe
2026-02-09 16:34:47,442:INFO:Uploading results into container
2026-02-09 16:34:47,442:INFO:Uploading model into container now
2026-02-09 16:34:47,442:INFO:_master_model_container: 11
2026-02-09 16:34:47,442:INFO:_display_container: 2
2026-02-09 16:34:47,442:INFO:KNeighborsRegressor(n_jobs=-1)
2026-02-09 16:34:47,442:INFO:create_model() successfully completed......................................
2026-02-09 16:34:47,523:INFO:SubProcess create_model() end ==================================
2026-02-09 16:34:47,523:INFO:Creating metrics dataframe
2026-02-09 16:34:47,528:INFO:Initializing Decision Tree Regressor
2026-02-09 16:34:47,528:INFO:Total runtime is 0.15199690659840903 minutes
2026-02-09 16:34:47,531:INFO:SubProcess create_model() called ==================================
2026-02-09 16:34:47,531:INFO:Initializing create_model()
2026-02-09 16:34:47,531:INFO:create_model(self=<pycaret.regression.oop.RegressionExperiment object at 0x000001FACB60E790>, estimator=dt, fold=KFold(n_splits=5, random_state=None, shuffle=False), round=4, cross_validation=True, predict=True, fit_kwargs={}, groups=None, refit=False, probability_threshold=None, experiment_custom_tags=None, verbose=False, system=False, add_to_model_list=True, metrics=None, display=<pycaret.internal.display.display.CommonDisplay object at 0x000001FAC9184690>, model_only=True, return_train_score=False, error_score=0.0, kwargs={})
2026-02-09 16:34:47,531:INFO:Checking exceptions
2026-02-09 16:34:47,531:INFO:Importing libraries
2026-02-09 16:34:47,531:INFO:Copying training dataset
2026-02-09 16:34:47,534:INFO:Defining folds
2026-02-09 16:34:47,535:INFO:Declaring metric variables
2026-02-09 16:34:47,537:INFO:Importing untrained model
2026-02-09 16:34:47,540:INFO:Decision Tree Regressor Imported successfully
2026-02-09 16:34:47,543:INFO:Starting cross validation
2026-02-09 16:34:47,544:INFO:Cross validating with KFold(n_splits=5, random_state=None, shuffle=False), n_jobs=-1
2026-02-09 16:34:47,615:INFO:Calculating mean and std
2026-02-09 16:34:47,615:INFO:Creating metrics dataframe
2026-02-09 16:34:47,616:INFO:Uploading results into container
2026-02-09 16:34:47,616:INFO:Uploading model into container now
2026-02-09 16:34:47,617:INFO:_master_model_container: 12
2026-02-09 16:34:47,617:INFO:_display_container: 2
2026-02-09 16:34:47,617:INFO:DecisionTreeRegressor(random_state=52)
2026-02-09 16:34:47,617:INFO:create_model() successfully completed......................................
2026-02-09 16:34:47,687:INFO:SubProcess create_model() end ==================================
2026-02-09 16:34:47,687:INFO:Creating metrics dataframe
2026-02-09 16:34:47,687:INFO:Initializing Random Forest Regressor
2026-02-09 16:34:47,687:INFO:Total runtime is 0.15464527606964112 minutes
2026-02-09 16:34:47,687:INFO:SubProcess create_model() called ==================================
2026-02-09 16:34:47,687:INFO:Initializing create_model()
2026-02-09 16:34:47,687:INFO:create_model(self=<pycaret.regression.oop.RegressionExperiment object at 0x000001FACB60E790>, estimator=rf, fold=KFold(n_splits=5, random_state=None, shuffle=False), round=4, cross_validation=True, predict=True, fit_kwargs={}, groups=None, refit=False, probability_threshold=None, experiment_custom_tags=None, verbose=False, system=False, add_to_model_list=True, metrics=None, display=<pycaret.internal.display.display.CommonDisplay object at 0x000001FAC9184690>, model_only=True, return_train_score=False, error_score=0.0, kwargs={})
2026-02-09 16:34:47,687:INFO:Checking exceptions
2026-02-09 16:34:47,687:INFO:Importing libraries
2026-02-09 16:34:47,687:INFO:Copying training dataset
2026-02-09 16:34:47,687:INFO:Defining folds
2026-02-09 16:34:47,687:INFO:Declaring metric variables
2026-02-09 16:34:47,687:INFO:Importing untrained model
2026-02-09 16:34:47,703:INFO:Random Forest Regressor Imported successfully
2026-02-09 16:34:47,705:INFO:Starting cross validation
2026-02-09 16:34:47,705:INFO:Cross validating with KFold(n_splits=5, random_state=None, shuffle=False), n_jobs=-1
2026-02-09 16:34:47,884:INFO:Calculating mean and std
2026-02-09 16:34:47,884:INFO:Creating metrics dataframe
2026-02-09 16:34:47,884:INFO:Uploading results into container
2026-02-09 16:34:47,884:INFO:Uploading model into container now
2026-02-09 16:34:47,884:INFO:_master_model_container: 13
2026-02-09 16:34:47,884:INFO:_display_container: 2
2026-02-09 16:34:47,884:INFO:RandomForestRegressor(n_jobs=-1, random_state=52)
2026-02-09 16:34:47,884:INFO:create_model() successfully completed......................................
2026-02-09 16:34:47,959:INFO:SubProcess create_model() end ==================================
2026-02-09 16:34:47,959:INFO:Creating metrics dataframe
2026-02-09 16:34:47,964:INFO:Initializing Extra Trees Regressor
2026-02-09 16:34:47,964:INFO:Total runtime is 0.15926317373911542 minutes
2026-02-09 16:34:47,966:INFO:SubProcess create_model() called ==================================
2026-02-09 16:34:47,966:INFO:Initializing create_model()
2026-02-09 16:34:47,966:INFO:create_model(self=<pycaret.regression.oop.RegressionExperiment object at 0x000001FACB60E790>, estimator=et, fold=KFold(n_splits=5, random_state=None, shuffle=False), round=4, cross_validation=True, predict=True, fit_kwargs={}, groups=None, refit=False, probability_threshold=None, experiment_custom_tags=None, verbose=False, system=False, add_to_model_list=True, metrics=None, display=<pycaret.internal.display.display.CommonDisplay object at 0x000001FAC9184690>, model_only=True, return_train_score=False, error_score=0.0, kwargs={})
2026-02-09 16:34:47,966:INFO:Checking exceptions
2026-02-09 16:34:47,966:INFO:Importing libraries
2026-02-09 16:34:47,966:INFO:Copying training dataset
2026-02-09 16:34:47,969:INFO:Defining folds
2026-02-09 16:34:47,970:INFO:Declaring metric variables
2026-02-09 16:34:47,971:INFO:Importing untrained model
2026-02-09 16:34:47,973:INFO:Extra Trees Regressor Imported successfully
2026-02-09 16:34:47,977:INFO:Starting cross validation
2026-02-09 16:34:47,977:INFO:Cross validating with KFold(n_splits=5, random_state=None, shuffle=False), n_jobs=-1
2026-02-09 16:34:48,127:INFO:Calculating mean and std
2026-02-09 16:34:48,127:INFO:Creating metrics dataframe
2026-02-09 16:34:48,127:INFO:Uploading results into container
2026-02-09 16:34:48,127:INFO:Uploading model into container now
2026-02-09 16:34:48,127:INFO:_master_model_container: 14
2026-02-09 16:34:48,127:INFO:_display_container: 2
2026-02-09 16:34:48,127:INFO:ExtraTreesRegressor(n_jobs=-1, random_state=52)
2026-02-09 16:34:48,130:INFO:create_model() successfully completed......................................
2026-02-09 16:34:48,204:INFO:SubProcess create_model() end ==================================
2026-02-09 16:34:48,204:INFO:Creating metrics dataframe
2026-02-09 16:34:48,209:INFO:Initializing AdaBoost Regressor
2026-02-09 16:34:48,209:INFO:Total runtime is 0.16333542267481488 minutes
2026-02-09 16:34:48,211:INFO:SubProcess create_model() called ==================================
2026-02-09 16:34:48,211:INFO:Initializing create_model()
2026-02-09 16:34:48,211:INFO:create_model(self=<pycaret.regression.oop.RegressionExperiment object at 0x000001FACB60E790>, estimator=ada, fold=KFold(n_splits=5, random_state=None, shuffle=False), round=4, cross_validation=True, predict=True, fit_kwargs={}, groups=None, refit=False, probability_threshold=None, experiment_custom_tags=None, verbose=False, system=False, add_to_model_list=True, metrics=None, display=<pycaret.internal.display.display.CommonDisplay object at 0x000001FAC9184690>, model_only=True, return_train_score=False, error_score=0.0, kwargs={})
2026-02-09 16:34:48,211:INFO:Checking exceptions
2026-02-09 16:34:48,211:INFO:Importing libraries
2026-02-09 16:34:48,211:INFO:Copying training dataset
2026-02-09 16:34:48,213:INFO:Defining folds
2026-02-09 16:34:48,213:INFO:Declaring metric variables
2026-02-09 16:34:48,214:INFO:Importing untrained model
2026-02-09 16:34:48,217:INFO:AdaBoost Regressor Imported successfully
2026-02-09 16:34:48,221:INFO:Starting cross validation
2026-02-09 16:34:48,221:INFO:Cross validating with KFold(n_splits=5, random_state=None, shuffle=False), n_jobs=-1
2026-02-09 16:34:48,354:INFO:Calculating mean and std
2026-02-09 16:34:48,355:INFO:Creating metrics dataframe
2026-02-09 16:34:48,356:INFO:Uploading results into container
2026-02-09 16:34:48,357:INFO:Uploading model into container now
2026-02-09 16:34:48,357:INFO:_master_model_container: 15
2026-02-09 16:34:48,357:INFO:_display_container: 2
2026-02-09 16:34:48,357:INFO:AdaBoostRegressor(random_state=52)
2026-02-09 16:34:48,357:INFO:create_model() successfully completed......................................
2026-02-09 16:34:48,433:INFO:SubProcess create_model() end ==================================
2026-02-09 16:34:48,433:INFO:Creating metrics dataframe
2026-02-09 16:34:48,440:INFO:Initializing Gradient Boosting Regressor
2026-02-09 16:34:48,440:INFO:Total runtime is 0.1671856999397278 minutes
2026-02-09 16:34:48,442:INFO:SubProcess create_model() called ==================================
2026-02-09 16:34:48,442:INFO:Initializing create_model()
2026-02-09 16:34:48,442:INFO:create_model(self=<pycaret.regression.oop.RegressionExperiment object at 0x000001FACB60E790>, estimator=gbr, fold=KFold(n_splits=5, random_state=None, shuffle=False), round=4, cross_validation=True, predict=True, fit_kwargs={}, groups=None, refit=False, probability_threshold=None, experiment_custom_tags=None, verbose=False, system=False, add_to_model_list=True, metrics=None, display=<pycaret.internal.display.display.CommonDisplay object at 0x000001FAC9184690>, model_only=True, return_train_score=False, error_score=0.0, kwargs={})
2026-02-09 16:34:48,442:INFO:Checking exceptions
2026-02-09 16:34:48,442:INFO:Importing libraries
2026-02-09 16:34:48,443:INFO:Copying training dataset
2026-02-09 16:34:48,446:INFO:Defining folds
2026-02-09 16:34:48,446:INFO:Declaring metric variables
2026-02-09 16:34:48,448:INFO:Importing untrained model
2026-02-09 16:34:48,450:INFO:Gradient Boosting Regressor Imported successfully
2026-02-09 16:34:48,455:INFO:Starting cross validation
2026-02-09 16:34:48,456:INFO:Cross validating with KFold(n_splits=5, random_state=None, shuffle=False), n_jobs=-1
2026-02-09 16:34:48,577:INFO:Calculating mean and std
2026-02-09 16:34:48,577:INFO:Creating metrics dataframe
2026-02-09 16:34:48,577:INFO:Uploading results into container
2026-02-09 16:34:48,577:INFO:Uploading model into container now
2026-02-09 16:34:48,577:INFO:_master_model_container: 16
2026-02-09 16:34:48,577:INFO:_display_container: 2
2026-02-09 16:34:48,577:INFO:GradientBoostingRegressor(random_state=52)
2026-02-09 16:34:48,577:INFO:create_model() successfully completed......................................
2026-02-09 16:34:48,656:INFO:SubProcess create_model() end ==================================
2026-02-09 16:34:48,656:INFO:Creating metrics dataframe
2026-02-09 16:34:48,660:INFO:Initializing Extreme Gradient Boosting
2026-02-09 16:34:48,660:INFO:Total runtime is 0.17086031436920165 minutes
2026-02-09 16:34:48,660:INFO:SubProcess create_model() called ==================================
2026-02-09 16:34:48,660:INFO:Initializing create_model()
2026-02-09 16:34:48,660:INFO:create_model(self=<pycaret.regression.oop.RegressionExperiment object at 0x000001FACB60E790>, estimator=xgboost, fold=KFold(n_splits=5, random_state=None, shuffle=False), round=4, cross_validation=True, predict=True, fit_kwargs={}, groups=None, refit=False, probability_threshold=None, experiment_custom_tags=None, verbose=False, system=False, add_to_model_list=True, metrics=None, display=<pycaret.internal.display.display.CommonDisplay object at 0x000001FAC9184690>, model_only=True, return_train_score=False, error_score=0.0, kwargs={})
2026-02-09 16:34:48,660:INFO:Checking exceptions
2026-02-09 16:34:48,660:INFO:Importing libraries
2026-02-09 16:34:48,660:INFO:Copying training dataset
2026-02-09 16:34:48,660:INFO:Defining folds
2026-02-09 16:34:48,660:INFO:Declaring metric variables
2026-02-09 16:34:48,660:INFO:Importing untrained model
2026-02-09 16:34:48,671:INFO:Extreme Gradient Boosting Imported successfully
2026-02-09 16:34:48,675:INFO:Starting cross validation
2026-02-09 16:34:48,676:INFO:Cross validating with KFold(n_splits=5, random_state=None, shuffle=False), n_jobs=-1
2026-02-09 16:34:48,807:INFO:Calculating mean and std
2026-02-09 16:34:48,807:INFO:Creating metrics dataframe
2026-02-09 16:34:48,810:INFO:Uploading results into container
2026-02-09 16:34:48,810:INFO:Uploading model into container now
2026-02-09 16:34:48,810:INFO:_master_model_container: 17
2026-02-09 16:34:48,810:INFO:_display_container: 2
2026-02-09 16:34:48,811:INFO:XGBRegressor(base_score=None, booster='gbtree', callbacks=None,
             colsample_bylevel=None, colsample_bynode=None,
             colsample_bytree=None, device='cpu', early_stopping_rounds=None,
             enable_categorical=False, eval_metric=None, feature_types=None,
             gamma=None, grow_policy=None, importance_type=None,
             interaction_constraints=None, learning_rate=None, max_bin=None,
             max_cat_threshold=None, max_cat_to_onehot=None,
             max_delta_step=None, max_depth=None, max_leaves=None,
             min_child_weight=None, missing=nan, monotone_constraints=None,
             multi_strategy=None, n_estimators=None, n_jobs=-1,
             num_parallel_tree=None, random_state=52, ...)
2026-02-09 16:34:48,811:INFO:create_model() successfully completed......................................
2026-02-09 16:34:48,882:INFO:SubProcess create_model() end ==================================
2026-02-09 16:34:48,882:INFO:Creating metrics dataframe
2026-02-09 16:34:48,888:INFO:Initializing Light Gradient Boosting Machine
2026-02-09 16:34:48,888:INFO:Total runtime is 0.17465914487838743 minutes
2026-02-09 16:34:48,890:INFO:SubProcess create_model() called ==================================
2026-02-09 16:34:48,890:INFO:Initializing create_model()
2026-02-09 16:34:48,890:INFO:create_model(self=<pycaret.regression.oop.RegressionExperiment object at 0x000001FACB60E790>, estimator=lightgbm, fold=KFold(n_splits=5, random_state=None, shuffle=False), round=4, cross_validation=True, predict=True, fit_kwargs={}, groups=None, refit=False, probability_threshold=None, experiment_custom_tags=None, verbose=False, system=False, add_to_model_list=True, metrics=None, display=<pycaret.internal.display.display.CommonDisplay object at 0x000001FAC9184690>, model_only=True, return_train_score=False, error_score=0.0, kwargs={})
2026-02-09 16:34:48,890:INFO:Checking exceptions
2026-02-09 16:34:48,891:INFO:Importing libraries
2026-02-09 16:34:48,891:INFO:Copying training dataset
2026-02-09 16:34:48,893:INFO:Defining folds
2026-02-09 16:34:48,893:INFO:Declaring metric variables
2026-02-09 16:34:48,894:INFO:Importing untrained model
2026-02-09 16:34:48,896:INFO:Light Gradient Boosting Machine Imported successfully
2026-02-09 16:34:48,899:INFO:Starting cross validation
2026-02-09 16:34:48,901:INFO:Cross validating with KFold(n_splits=5, random_state=None, shuffle=False), n_jobs=-1
2026-02-09 16:34:49,062:INFO:Calculating mean and std
2026-02-09 16:34:49,063:INFO:Creating metrics dataframe
2026-02-09 16:34:49,064:INFO:Uploading results into container
2026-02-09 16:34:49,065:INFO:Uploading model into container now
2026-02-09 16:34:49,065:INFO:_master_model_container: 18
2026-02-09 16:34:49,065:INFO:_display_container: 2
2026-02-09 16:34:49,066:INFO:LGBMRegressor(n_jobs=-1, random_state=52)
2026-02-09 16:34:49,066:INFO:create_model() successfully completed......................................
2026-02-09 16:34:49,158:INFO:SubProcess create_model() end ==================================
2026-02-09 16:34:49,159:INFO:Creating metrics dataframe
2026-02-09 16:34:49,164:INFO:Initializing CatBoost Regressor
2026-02-09 16:34:49,166:INFO:Total runtime is 0.1792847712834676 minutes
2026-02-09 16:34:49,168:INFO:SubProcess create_model() called ==================================
2026-02-09 16:34:49,168:INFO:Initializing create_model()
2026-02-09 16:34:49,168:INFO:create_model(self=<pycaret.regression.oop.RegressionExperiment object at 0x000001FACB60E790>, estimator=catboost, fold=KFold(n_splits=5, random_state=None, shuffle=False), round=4, cross_validation=True, predict=True, fit_kwargs={}, groups=None, refit=False, probability_threshold=None, experiment_custom_tags=None, verbose=False, system=False, add_to_model_list=True, metrics=None, display=<pycaret.internal.display.display.CommonDisplay object at 0x000001FAC9184690>, model_only=True, return_train_score=False, error_score=0.0, kwargs={})
2026-02-09 16:34:49,168:INFO:Checking exceptions
2026-02-09 16:34:49,168:INFO:Importing libraries
2026-02-09 16:34:49,168:INFO:Copying training dataset
2026-02-09 16:34:49,171:INFO:Defining folds
2026-02-09 16:34:49,171:INFO:Declaring metric variables
2026-02-09 16:34:49,172:INFO:Importing untrained model
2026-02-09 16:34:49,175:INFO:CatBoost Regressor Imported successfully
2026-02-09 16:34:49,179:INFO:Starting cross validation
2026-02-09 16:34:49,179:INFO:Cross validating with KFold(n_splits=5, random_state=None, shuffle=False), n_jobs=-1
2026-02-09 16:34:51,062:INFO:Calculating mean and std
2026-02-09 16:34:51,063:INFO:Creating metrics dataframe
2026-02-09 16:34:51,064:INFO:Uploading results into container
2026-02-09 16:34:51,064:INFO:Uploading model into container now
2026-02-09 16:34:51,064:INFO:_master_model_container: 19
2026-02-09 16:34:51,064:INFO:_display_container: 2
2026-02-09 16:34:51,064:INFO:<catboost.core.CatBoostRegressor object at 0x000001FACB3EF490>
2026-02-09 16:34:51,064:INFO:create_model() successfully completed......................................
2026-02-09 16:34:51,139:INFO:SubProcess create_model() end ==================================
2026-02-09 16:34:51,139:INFO:Creating metrics dataframe
2026-02-09 16:34:51,139:INFO:Initializing Dummy Regressor
2026-02-09 16:34:51,139:INFO:Total runtime is 0.21217874685923258 minutes
2026-02-09 16:34:51,139:INFO:SubProcess create_model() called ==================================
2026-02-09 16:34:51,151:INFO:Initializing create_model()
2026-02-09 16:34:51,151:INFO:create_model(self=<pycaret.regression.oop.RegressionExperiment object at 0x000001FACB60E790>, estimator=dummy, fold=KFold(n_splits=5, random_state=None, shuffle=False), round=4, cross_validation=True, predict=True, fit_kwargs={}, groups=None, refit=False, probability_threshold=None, experiment_custom_tags=None, verbose=False, system=False, add_to_model_list=True, metrics=None, display=<pycaret.internal.display.display.CommonDisplay object at 0x000001FAC9184690>, model_only=True, return_train_score=False, error_score=0.0, kwargs={})
2026-02-09 16:34:51,151:INFO:Checking exceptions
2026-02-09 16:34:51,151:INFO:Importing libraries
2026-02-09 16:34:51,151:INFO:Copying training dataset
2026-02-09 16:34:51,151:INFO:Defining folds
2026-02-09 16:34:51,151:INFO:Declaring metric variables
2026-02-09 16:34:51,156:INFO:Importing untrained model
2026-02-09 16:34:51,157:INFO:Dummy Regressor Imported successfully
2026-02-09 16:34:51,157:INFO:Starting cross validation
2026-02-09 16:34:51,157:INFO:Cross validating with KFold(n_splits=5, random_state=None, shuffle=False), n_jobs=-1
2026-02-09 16:34:51,220:INFO:Calculating mean and std
2026-02-09 16:34:51,220:INFO:Creating metrics dataframe
2026-02-09 16:34:51,221:INFO:Uploading results into container
2026-02-09 16:34:51,222:INFO:Uploading model into container now
2026-02-09 16:34:51,222:INFO:_master_model_container: 20
2026-02-09 16:34:51,222:INFO:_display_container: 2
2026-02-09 16:34:51,222:INFO:DummyRegressor()
2026-02-09 16:34:51,222:INFO:create_model() successfully completed......................................
2026-02-09 16:34:51,291:INFO:SubProcess create_model() end ==================================
2026-02-09 16:34:51,291:INFO:Creating metrics dataframe
2026-02-09 16:34:51,312:WARNING:c:\Users\itwill\AppData\Local\Programs\Python\Python311\Lib\site-packages\pycaret\internal\pycaret_experiment\supervised_experiment.py:339: FutureWarning: Styler.applymap has been deprecated. Use Styler.map instead.
  .applymap(highlight_cols, subset=["TT (Sec)"])

2026-02-09 16:34:51,321:INFO:Initializing create_model()
2026-02-09 16:34:51,321:INFO:create_model(self=<pycaret.regression.oop.RegressionExperiment object at 0x000001FACB60E790>, estimator=BayesianRidge(), fold=KFold(n_splits=5, random_state=None, shuffle=False), round=4, cross_validation=False, predict=False, fit_kwargs={}, groups=None, refit=True, probability_threshold=None, experiment_custom_tags=None, verbose=False, system=False, add_to_model_list=True, metrics=None, display=None, model_only=True, return_train_score=False, error_score=0.0, kwargs={})
2026-02-09 16:34:51,322:INFO:Checking exceptions
2026-02-09 16:34:51,323:INFO:Importing libraries
2026-02-09 16:34:51,323:INFO:Copying training dataset
2026-02-09 16:34:51,327:INFO:Defining folds
2026-02-09 16:34:51,327:INFO:Declaring metric variables
2026-02-09 16:34:51,327:INFO:Importing untrained model
2026-02-09 16:34:51,327:INFO:Declaring custom model
2026-02-09 16:34:51,327:INFO:Bayesian Ridge Imported successfully
2026-02-09 16:34:51,328:INFO:Cross validation set to False
2026-02-09 16:34:51,328:INFO:Fitting Model
2026-02-09 16:34:51,342:INFO:BayesianRidge()
2026-02-09 16:34:51,342:INFO:create_model() successfully completed......................................
2026-02-09 16:34:51,422:INFO:Initializing create_model()
2026-02-09 16:34:51,423:INFO:create_model(self=<pycaret.regression.oop.RegressionExperiment object at 0x000001FACB60E790>, estimator=Ridge(random_state=52), fold=KFold(n_splits=5, random_state=None, shuffle=False), round=4, cross_validation=False, predict=False, fit_kwargs={}, groups=None, refit=True, probability_threshold=None, experiment_custom_tags=None, verbose=False, system=False, add_to_model_list=True, metrics=None, display=None, model_only=True, return_train_score=False, error_score=0.0, kwargs={})
2026-02-09 16:34:51,423:INFO:Checking exceptions
2026-02-09 16:34:51,424:INFO:Importing libraries
2026-02-09 16:34:51,424:INFO:Copying training dataset
2026-02-09 16:34:51,426:INFO:Defining folds
2026-02-09 16:34:51,426:INFO:Declaring metric variables
2026-02-09 16:34:51,426:INFO:Importing untrained model
2026-02-09 16:34:51,426:INFO:Declaring custom model
2026-02-09 16:34:51,426:INFO:Ridge Regression Imported successfully
2026-02-09 16:34:51,427:INFO:Cross validation set to False
2026-02-09 16:34:51,427:INFO:Fitting Model
2026-02-09 16:34:51,443:INFO:Ridge(random_state=52)
2026-02-09 16:34:51,443:INFO:create_model() successfully completed......................................
2026-02-09 16:34:51,506:INFO:Initializing create_model()
2026-02-09 16:34:51,506:INFO:create_model(self=<pycaret.regression.oop.RegressionExperiment object at 0x000001FACB60E790>, estimator=LinearRegression(n_jobs=-1), fold=KFold(n_splits=5, random_state=None, shuffle=False), round=4, cross_validation=False, predict=False, fit_kwargs={}, groups=None, refit=True, probability_threshold=None, experiment_custom_tags=None, verbose=False, system=False, add_to_model_list=True, metrics=None, display=None, model_only=True, return_train_score=False, error_score=0.0, kwargs={})
2026-02-09 16:34:51,506:INFO:Checking exceptions
2026-02-09 16:34:51,521:INFO:Importing libraries
2026-02-09 16:34:51,521:INFO:Copying training dataset
2026-02-09 16:34:51,521:INFO:Defining folds
2026-02-09 16:34:51,521:INFO:Declaring metric variables
2026-02-09 16:34:51,521:INFO:Importing untrained model
2026-02-09 16:34:51,521:INFO:Declaring custom model
2026-02-09 16:34:51,521:INFO:Linear Regression Imported successfully
2026-02-09 16:34:51,521:INFO:Cross validation set to False
2026-02-09 16:34:51,521:INFO:Fitting Model
2026-02-09 16:34:51,543:INFO:LinearRegression(n_jobs=-1)
2026-02-09 16:34:51,543:INFO:create_model() successfully completed......................................
2026-02-09 16:34:51,635:INFO:Initializing create_model()
2026-02-09 16:34:51,636:INFO:create_model(self=<pycaret.regression.oop.RegressionExperiment object at 0x000001FACB60E790>, estimator=Lars(random_state=52), fold=KFold(n_splits=5, random_state=None, shuffle=False), round=4, cross_validation=False, predict=False, fit_kwargs={}, groups=None, refit=True, probability_threshold=None, experiment_custom_tags=None, verbose=False, system=False, add_to_model_list=True, metrics=None, display=None, model_only=True, return_train_score=False, error_score=0.0, kwargs={})
2026-02-09 16:34:51,636:INFO:Checking exceptions
2026-02-09 16:34:51,637:INFO:Importing libraries
2026-02-09 16:34:51,637:INFO:Copying training dataset
2026-02-09 16:34:51,640:INFO:Defining folds
2026-02-09 16:34:51,640:INFO:Declaring metric variables
2026-02-09 16:34:51,640:INFO:Importing untrained model
2026-02-09 16:34:51,640:INFO:Declaring custom model
2026-02-09 16:34:51,640:INFO:Least Angle Regression Imported successfully
2026-02-09 16:34:51,641:INFO:Cross validation set to False
2026-02-09 16:34:51,641:INFO:Fitting Model
2026-02-09 16:34:51,662:INFO:Lars(random_state=52)
2026-02-09 16:34:51,662:INFO:create_model() successfully completed......................................
2026-02-09 16:34:51,742:INFO:Initializing create_model()
2026-02-09 16:34:51,742:INFO:create_model(self=<pycaret.regression.oop.RegressionExperiment object at 0x000001FACB60E790>, estimator=HuberRegressor(), fold=KFold(n_splits=5, random_state=None, shuffle=False), round=4, cross_validation=False, predict=False, fit_kwargs={}, groups=None, refit=True, probability_threshold=None, experiment_custom_tags=None, verbose=False, system=False, add_to_model_list=True, metrics=None, display=None, model_only=True, return_train_score=False, error_score=0.0, kwargs={})
2026-02-09 16:34:51,742:INFO:Checking exceptions
2026-02-09 16:34:51,743:INFO:Importing libraries
2026-02-09 16:34:51,743:INFO:Copying training dataset
2026-02-09 16:34:51,745:INFO:Defining folds
2026-02-09 16:34:51,745:INFO:Declaring metric variables
2026-02-09 16:34:51,745:INFO:Importing untrained model
2026-02-09 16:34:51,745:INFO:Declaring custom model
2026-02-09 16:34:51,746:INFO:Huber Regressor Imported successfully
2026-02-09 16:34:51,746:INFO:Cross validation set to False
2026-02-09 16:34:51,746:INFO:Fitting Model
2026-02-09 16:34:51,764:INFO:HuberRegressor()
2026-02-09 16:34:51,764:INFO:create_model() successfully completed......................................
2026-02-09 16:34:51,858:INFO:_master_model_container: 20
2026-02-09 16:34:51,858:INFO:_display_container: 2
2026-02-09 16:34:51,858:INFO:[BayesianRidge(), Ridge(random_state=52), LinearRegression(n_jobs=-1), Lars(random_state=52), HuberRegressor()]
2026-02-09 16:34:51,858:INFO:compare_models() successfully completed......................................
2026-02-09 16:40:00,726:INFO:Initializing compare_models()
2026-02-09 16:40:00,735:INFO:compare_models(self=<pycaret.regression.oop.RegressionExperiment object at 0x000001FACB60E790>, include=['lr', 'ridge', 'lasso', 'en', 'knn', 'svm', 'dt', 'xgboost', 'lightgbm', 'catboost'], exclude=None, fold=5, round=4, cross_validation=True, sort=RMSE, n_select=5, budget_time=None, turbo=True, errors=ignore, fit_kwargs=None, groups=None, experiment_custom_tags=None, probability_threshold=None, verbose=True, parallel=None, caller_params={'self': <pycaret.regression.oop.RegressionExperiment object at 0x000001FACB60E790>, 'include': ['lr', 'ridge', 'lasso', 'en', 'knn', 'svm', 'dt', 'xgboost', 'lightgbm', 'catboost'], 'exclude': None, 'fold': 5, 'round': 4, 'cross_validation': True, 'sort': 'RMSE', 'n_select': 5, 'budget_time': None, 'turbo': True, 'errors': 'ignore', 'fit_kwargs': None, 'groups': None, 'experiment_custom_tags': None, 'engine': None, 'verbose': True, 'parallel': None, '__class__': <class 'pycaret.regression.oop.RegressionExperiment'>})
2026-02-09 16:40:00,735:INFO:Checking exceptions
2026-02-09 16:40:00,736:INFO:Preparing display monitor
2026-02-09 16:40:00,751:INFO:Initializing Linear Regression
2026-02-09 16:40:00,751:INFO:Total runtime is 0.0 minutes
2026-02-09 16:40:00,755:INFO:SubProcess create_model() called ==================================
2026-02-09 16:40:00,755:INFO:Initializing create_model()
2026-02-09 16:40:00,755:INFO:create_model(self=<pycaret.regression.oop.RegressionExperiment object at 0x000001FACB60E790>, estimator=lr, fold=KFold(n_splits=5, random_state=None, shuffle=False), round=4, cross_validation=True, predict=True, fit_kwargs={}, groups=None, refit=False, probability_threshold=None, experiment_custom_tags=None, verbose=False, system=False, add_to_model_list=True, metrics=None, display=<pycaret.internal.display.display.CommonDisplay object at 0x000001FACC196ED0>, model_only=True, return_train_score=False, error_score=0.0, kwargs={})
2026-02-09 16:40:00,755:INFO:Checking exceptions
2026-02-09 16:40:00,755:INFO:Importing libraries
2026-02-09 16:40:00,755:INFO:Copying training dataset
2026-02-09 16:40:00,758:INFO:Defining folds
2026-02-09 16:40:00,758:INFO:Declaring metric variables
2026-02-09 16:40:00,761:INFO:Importing untrained model
2026-02-09 16:40:00,763:INFO:Linear Regression Imported successfully
2026-02-09 16:40:00,766:INFO:Starting cross validation
2026-02-09 16:40:00,767:INFO:Cross validating with KFold(n_splits=5, random_state=None, shuffle=False), n_jobs=-1
2026-02-09 16:40:01,165:INFO:Calculating mean and std
2026-02-09 16:40:01,166:INFO:Creating metrics dataframe
2026-02-09 16:40:01,168:INFO:Uploading results into container
2026-02-09 16:40:01,168:INFO:Uploading model into container now
2026-02-09 16:40:01,169:INFO:_master_model_container: 21
2026-02-09 16:40:01,169:INFO:_display_container: 3
2026-02-09 16:40:01,169:INFO:LinearRegression(n_jobs=-1)
2026-02-09 16:40:01,169:INFO:create_model() successfully completed......................................
2026-02-09 16:40:01,419:INFO:SubProcess create_model() end ==================================
2026-02-09 16:40:01,459:INFO:Creating metrics dataframe
2026-02-09 16:40:01,470:INFO:Initializing Ridge Regression
2026-02-09 16:40:01,471:INFO:Total runtime is 0.011993149916330973 minutes
2026-02-09 16:40:01,474:INFO:SubProcess create_model() called ==================================
2026-02-09 16:40:01,476:INFO:Initializing create_model()
2026-02-09 16:40:01,476:INFO:create_model(self=<pycaret.regression.oop.RegressionExperiment object at 0x000001FACB60E790>, estimator=ridge, fold=KFold(n_splits=5, random_state=None, shuffle=False), round=4, cross_validation=True, predict=True, fit_kwargs={}, groups=None, refit=False, probability_threshold=None, experiment_custom_tags=None, verbose=False, system=False, add_to_model_list=True, metrics=None, display=<pycaret.internal.display.display.CommonDisplay object at 0x000001FACC196ED0>, model_only=True, return_train_score=False, error_score=0.0, kwargs={})
2026-02-09 16:40:01,477:INFO:Checking exceptions
2026-02-09 16:40:01,477:INFO:Importing libraries
2026-02-09 16:40:01,478:INFO:Copying training dataset
2026-02-09 16:40:01,484:INFO:Defining folds
2026-02-09 16:40:01,485:INFO:Declaring metric variables
2026-02-09 16:40:01,488:INFO:Importing untrained model
2026-02-09 16:40:01,493:INFO:Ridge Regression Imported successfully
2026-02-09 16:40:01,501:INFO:Starting cross validation
2026-02-09 16:40:01,502:INFO:Cross validating with KFold(n_splits=5, random_state=None, shuffle=False), n_jobs=-1
2026-02-09 16:40:03,590:WARNING:c:\Users\itwill\AppData\Local\Programs\Python\Python311\Lib\site-packages\_distutils_hack\__init__.py:33: UserWarning: Setuptools is replacing distutils.
  warnings.warn("Setuptools is replacing distutils.")

2026-02-09 16:40:03,590:WARNING:c:\Users\itwill\AppData\Local\Programs\Python\Python311\Lib\site-packages\_distutils_hack\__init__.py:33: UserWarning: Setuptools is replacing distutils.
  warnings.warn("Setuptools is replacing distutils.")

2026-02-09 16:40:03,590:WARNING:c:\Users\itwill\AppData\Local\Programs\Python\Python311\Lib\site-packages\_distutils_hack\__init__.py:33: UserWarning: Setuptools is replacing distutils.
  warnings.warn("Setuptools is replacing distutils.")

2026-02-09 16:40:03,590:WARNING:c:\Users\itwill\AppData\Local\Programs\Python\Python311\Lib\site-packages\_distutils_hack\__init__.py:33: UserWarning: Setuptools is replacing distutils.
  warnings.warn("Setuptools is replacing distutils.")

2026-02-09 16:40:03,745:INFO:Calculating mean and std
2026-02-09 16:40:03,745:INFO:Creating metrics dataframe
2026-02-09 16:40:03,749:INFO:Uploading results into container
2026-02-09 16:40:03,749:INFO:Uploading model into container now
2026-02-09 16:40:03,750:INFO:_master_model_container: 22
2026-02-09 16:40:03,750:INFO:_display_container: 3
2026-02-09 16:40:03,750:INFO:Ridge(random_state=52)
2026-02-09 16:40:03,751:INFO:create_model() successfully completed......................................
2026-02-09 16:40:03,858:INFO:SubProcess create_model() end ==================================
2026-02-09 16:40:03,858:INFO:Creating metrics dataframe
2026-02-09 16:40:03,861:INFO:Initializing Lasso Regression
2026-02-09 16:40:03,862:INFO:Total runtime is 0.05184582471847534 minutes
2026-02-09 16:40:03,864:INFO:SubProcess create_model() called ==================================
2026-02-09 16:40:03,865:INFO:Initializing create_model()
2026-02-09 16:40:03,865:INFO:create_model(self=<pycaret.regression.oop.RegressionExperiment object at 0x000001FACB60E790>, estimator=lasso, fold=KFold(n_splits=5, random_state=None, shuffle=False), round=4, cross_validation=True, predict=True, fit_kwargs={}, groups=None, refit=False, probability_threshold=None, experiment_custom_tags=None, verbose=False, system=False, add_to_model_list=True, metrics=None, display=<pycaret.internal.display.display.CommonDisplay object at 0x000001FACC196ED0>, model_only=True, return_train_score=False, error_score=0.0, kwargs={})
2026-02-09 16:40:03,865:INFO:Checking exceptions
2026-02-09 16:40:03,865:INFO:Importing libraries
2026-02-09 16:40:03,865:INFO:Copying training dataset
2026-02-09 16:40:03,867:INFO:Defining folds
2026-02-09 16:40:03,867:INFO:Declaring metric variables
2026-02-09 16:40:03,870:INFO:Importing untrained model
2026-02-09 16:40:03,872:INFO:Lasso Regression Imported successfully
2026-02-09 16:40:03,876:INFO:Starting cross validation
2026-02-09 16:40:03,877:INFO:Cross validating with KFold(n_splits=5, random_state=None, shuffle=False), n_jobs=-1
2026-02-09 16:40:05,939:WARNING:c:\Users\itwill\AppData\Local\Programs\Python\Python311\Lib\site-packages\_distutils_hack\__init__.py:33: UserWarning: Setuptools is replacing distutils.
  warnings.warn("Setuptools is replacing distutils.")

2026-02-09 16:40:05,947:WARNING:c:\Users\itwill\AppData\Local\Programs\Python\Python311\Lib\site-packages\_distutils_hack\__init__.py:33: UserWarning: Setuptools is replacing distutils.
  warnings.warn("Setuptools is replacing distutils.")

2026-02-09 16:40:05,947:WARNING:c:\Users\itwill\AppData\Local\Programs\Python\Python311\Lib\site-packages\_distutils_hack\__init__.py:33: UserWarning: Setuptools is replacing distutils.
  warnings.warn("Setuptools is replacing distutils.")

2026-02-09 16:40:05,947:WARNING:c:\Users\itwill\AppData\Local\Programs\Python\Python311\Lib\site-packages\_distutils_hack\__init__.py:33: UserWarning: Setuptools is replacing distutils.
  warnings.warn("Setuptools is replacing distutils.")

2026-02-09 16:40:06,093:INFO:Calculating mean and std
2026-02-09 16:40:06,093:INFO:Creating metrics dataframe
2026-02-09 16:40:06,096:INFO:Uploading results into container
2026-02-09 16:40:06,096:INFO:Uploading model into container now
2026-02-09 16:40:06,098:INFO:_master_model_container: 23
2026-02-09 16:40:06,098:INFO:_display_container: 3
2026-02-09 16:40:06,098:INFO:Lasso(random_state=52)
2026-02-09 16:40:06,098:INFO:create_model() successfully completed......................................
2026-02-09 16:40:06,198:INFO:SubProcess create_model() end ==================================
2026-02-09 16:40:06,198:INFO:Creating metrics dataframe
2026-02-09 16:40:06,207:INFO:Initializing Elastic Net
2026-02-09 16:40:06,207:INFO:Total runtime is 0.0909364620844523 minutes
2026-02-09 16:40:06,207:INFO:SubProcess create_model() called ==================================
2026-02-09 16:40:06,207:INFO:Initializing create_model()
2026-02-09 16:40:06,207:INFO:create_model(self=<pycaret.regression.oop.RegressionExperiment object at 0x000001FACB60E790>, estimator=en, fold=KFold(n_splits=5, random_state=None, shuffle=False), round=4, cross_validation=True, predict=True, fit_kwargs={}, groups=None, refit=False, probability_threshold=None, experiment_custom_tags=None, verbose=False, system=False, add_to_model_list=True, metrics=None, display=<pycaret.internal.display.display.CommonDisplay object at 0x000001FACC196ED0>, model_only=True, return_train_score=False, error_score=0.0, kwargs={})
2026-02-09 16:40:06,207:INFO:Checking exceptions
2026-02-09 16:40:06,207:INFO:Importing libraries
2026-02-09 16:40:06,207:INFO:Copying training dataset
2026-02-09 16:40:06,213:INFO:Defining folds
2026-02-09 16:40:06,213:INFO:Declaring metric variables
2026-02-09 16:40:06,216:INFO:Importing untrained model
2026-02-09 16:40:06,216:INFO:Elastic Net Imported successfully
2026-02-09 16:40:06,222:INFO:Starting cross validation
2026-02-09 16:40:06,223:INFO:Cross validating with KFold(n_splits=5, random_state=None, shuffle=False), n_jobs=-1
2026-02-09 16:40:08,077:WARNING:c:\Users\itwill\AppData\Local\Programs\Python\Python311\Lib\site-packages\_distutils_hack\__init__.py:33: UserWarning: Setuptools is replacing distutils.
  warnings.warn("Setuptools is replacing distutils.")

2026-02-09 16:40:08,079:WARNING:c:\Users\itwill\AppData\Local\Programs\Python\Python311\Lib\site-packages\_distutils_hack\__init__.py:33: UserWarning: Setuptools is replacing distutils.
  warnings.warn("Setuptools is replacing distutils.")

2026-02-09 16:40:08,079:WARNING:c:\Users\itwill\AppData\Local\Programs\Python\Python311\Lib\site-packages\_distutils_hack\__init__.py:33: UserWarning: Setuptools is replacing distutils.
  warnings.warn("Setuptools is replacing distutils.")

2026-02-09 16:40:08,212:INFO:Calculating mean and std
2026-02-09 16:40:08,212:INFO:Creating metrics dataframe
2026-02-09 16:40:08,212:INFO:Uploading results into container
2026-02-09 16:40:08,212:INFO:Uploading model into container now
2026-02-09 16:40:08,212:INFO:_master_model_container: 24
2026-02-09 16:40:08,212:INFO:_display_container: 3
2026-02-09 16:40:08,212:INFO:ElasticNet(random_state=52)
2026-02-09 16:40:08,217:INFO:create_model() successfully completed......................................
2026-02-09 16:40:08,308:INFO:SubProcess create_model() end ==================================
2026-02-09 16:40:08,308:INFO:Creating metrics dataframe
2026-02-09 16:40:08,309:INFO:Initializing K Neighbors Regressor
2026-02-09 16:40:08,309:INFO:Total runtime is 0.12596100171407063 minutes
2026-02-09 16:40:08,309:INFO:SubProcess create_model() called ==================================
2026-02-09 16:40:08,309:INFO:Initializing create_model()
2026-02-09 16:40:08,309:INFO:create_model(self=<pycaret.regression.oop.RegressionExperiment object at 0x000001FACB60E790>, estimator=knn, fold=KFold(n_splits=5, random_state=None, shuffle=False), round=4, cross_validation=True, predict=True, fit_kwargs={}, groups=None, refit=False, probability_threshold=None, experiment_custom_tags=None, verbose=False, system=False, add_to_model_list=True, metrics=None, display=<pycaret.internal.display.display.CommonDisplay object at 0x000001FACC196ED0>, model_only=True, return_train_score=False, error_score=0.0, kwargs={})
2026-02-09 16:40:08,309:INFO:Checking exceptions
2026-02-09 16:40:08,309:INFO:Importing libraries
2026-02-09 16:40:08,309:INFO:Copying training dataset
2026-02-09 16:40:08,309:INFO:Defining folds
2026-02-09 16:40:08,309:INFO:Declaring metric variables
2026-02-09 16:40:08,309:INFO:Importing untrained model
2026-02-09 16:40:08,309:INFO:K Neighbors Regressor Imported successfully
2026-02-09 16:40:08,309:INFO:Starting cross validation
2026-02-09 16:40:08,309:INFO:Cross validating with KFold(n_splits=5, random_state=None, shuffle=False), n_jobs=-1
2026-02-09 16:40:08,400:INFO:Calculating mean and std
2026-02-09 16:40:08,400:INFO:Creating metrics dataframe
2026-02-09 16:40:08,403:INFO:Uploading results into container
2026-02-09 16:40:08,403:INFO:Uploading model into container now
2026-02-09 16:40:08,403:INFO:_master_model_container: 25
2026-02-09 16:40:08,403:INFO:_display_container: 3
2026-02-09 16:40:08,403:INFO:KNeighborsRegressor(n_jobs=-1)
2026-02-09 16:40:08,404:INFO:create_model() successfully completed......................................
2026-02-09 16:40:08,474:INFO:SubProcess create_model() end ==================================
2026-02-09 16:40:08,474:INFO:Creating metrics dataframe
2026-02-09 16:40:08,474:INFO:Initializing Support Vector Regression
2026-02-09 16:40:08,474:INFO:Total runtime is 0.12871041695276894 minutes
2026-02-09 16:40:08,474:INFO:SubProcess create_model() called ==================================
2026-02-09 16:40:08,474:INFO:Initializing create_model()
2026-02-09 16:40:08,474:INFO:create_model(self=<pycaret.regression.oop.RegressionExperiment object at 0x000001FACB60E790>, estimator=svm, fold=KFold(n_splits=5, random_state=None, shuffle=False), round=4, cross_validation=True, predict=True, fit_kwargs={}, groups=None, refit=False, probability_threshold=None, experiment_custom_tags=None, verbose=False, system=False, add_to_model_list=True, metrics=None, display=<pycaret.internal.display.display.CommonDisplay object at 0x000001FACC196ED0>, model_only=True, return_train_score=False, error_score=0.0, kwargs={})
2026-02-09 16:40:08,474:INFO:Checking exceptions
2026-02-09 16:40:08,474:INFO:Importing libraries
2026-02-09 16:40:08,474:INFO:Copying training dataset
2026-02-09 16:40:08,474:INFO:Defining folds
2026-02-09 16:40:08,474:INFO:Declaring metric variables
2026-02-09 16:40:08,474:INFO:Importing untrained model
2026-02-09 16:40:08,474:INFO:Support Vector Regression Imported successfully
2026-02-09 16:40:08,492:INFO:Starting cross validation
2026-02-09 16:40:08,493:INFO:Cross validating with KFold(n_splits=5, random_state=None, shuffle=False), n_jobs=-1
2026-02-09 16:40:08,551:INFO:Calculating mean and std
2026-02-09 16:40:08,552:INFO:Creating metrics dataframe
2026-02-09 16:40:08,553:INFO:Uploading results into container
2026-02-09 16:40:08,553:INFO:Uploading model into container now
2026-02-09 16:40:08,553:INFO:_master_model_container: 26
2026-02-09 16:40:08,553:INFO:_display_container: 3
2026-02-09 16:40:08,554:INFO:SVR()
2026-02-09 16:40:08,554:INFO:create_model() successfully completed......................................
2026-02-09 16:40:08,630:INFO:SubProcess create_model() end ==================================
2026-02-09 16:40:08,630:INFO:Creating metrics dataframe
2026-02-09 16:40:08,634:INFO:Initializing Decision Tree Regressor
2026-02-09 16:40:08,634:INFO:Total runtime is 0.13138314088185626 minutes
2026-02-09 16:40:08,636:INFO:SubProcess create_model() called ==================================
2026-02-09 16:40:08,636:INFO:Initializing create_model()
2026-02-09 16:40:08,636:INFO:create_model(self=<pycaret.regression.oop.RegressionExperiment object at 0x000001FACB60E790>, estimator=dt, fold=KFold(n_splits=5, random_state=None, shuffle=False), round=4, cross_validation=True, predict=True, fit_kwargs={}, groups=None, refit=False, probability_threshold=None, experiment_custom_tags=None, verbose=False, system=False, add_to_model_list=True, metrics=None, display=<pycaret.internal.display.display.CommonDisplay object at 0x000001FACC196ED0>, model_only=True, return_train_score=False, error_score=0.0, kwargs={})
2026-02-09 16:40:08,636:INFO:Checking exceptions
2026-02-09 16:40:08,636:INFO:Importing libraries
2026-02-09 16:40:08,636:INFO:Copying training dataset
2026-02-09 16:40:08,638:INFO:Defining folds
2026-02-09 16:40:08,640:INFO:Declaring metric variables
2026-02-09 16:40:08,640:INFO:Importing untrained model
2026-02-09 16:40:08,640:INFO:Decision Tree Regressor Imported successfully
2026-02-09 16:40:08,640:INFO:Starting cross validation
2026-02-09 16:40:08,640:INFO:Cross validating with KFold(n_splits=5, random_state=None, shuffle=False), n_jobs=-1
2026-02-09 16:40:08,733:INFO:Calculating mean and std
2026-02-09 16:40:08,733:INFO:Creating metrics dataframe
2026-02-09 16:40:08,734:INFO:Uploading results into container
2026-02-09 16:40:08,735:INFO:Uploading model into container now
2026-02-09 16:40:08,735:INFO:_master_model_container: 27
2026-02-09 16:40:08,735:INFO:_display_container: 3
2026-02-09 16:40:08,735:INFO:DecisionTreeRegressor(random_state=52)
2026-02-09 16:40:08,736:INFO:create_model() successfully completed......................................
2026-02-09 16:40:08,809:INFO:SubProcess create_model() end ==================================
2026-02-09 16:40:08,809:INFO:Creating metrics dataframe
2026-02-09 16:40:08,813:INFO:Initializing Extreme Gradient Boosting
2026-02-09 16:40:08,813:INFO:Total runtime is 0.1343576908111572 minutes
2026-02-09 16:40:08,815:INFO:SubProcess create_model() called ==================================
2026-02-09 16:40:08,815:INFO:Initializing create_model()
2026-02-09 16:40:08,815:INFO:create_model(self=<pycaret.regression.oop.RegressionExperiment object at 0x000001FACB60E790>, estimator=xgboost, fold=KFold(n_splits=5, random_state=None, shuffle=False), round=4, cross_validation=True, predict=True, fit_kwargs={}, groups=None, refit=False, probability_threshold=None, experiment_custom_tags=None, verbose=False, system=False, add_to_model_list=True, metrics=None, display=<pycaret.internal.display.display.CommonDisplay object at 0x000001FACC196ED0>, model_only=True, return_train_score=False, error_score=0.0, kwargs={})
2026-02-09 16:40:08,815:INFO:Checking exceptions
2026-02-09 16:40:08,815:INFO:Importing libraries
2026-02-09 16:40:08,815:INFO:Copying training dataset
2026-02-09 16:40:08,817:INFO:Defining folds
2026-02-09 16:40:08,817:INFO:Declaring metric variables
2026-02-09 16:40:08,819:INFO:Importing untrained model
2026-02-09 16:40:08,821:INFO:Extreme Gradient Boosting Imported successfully
2026-02-09 16:40:08,824:INFO:Starting cross validation
2026-02-09 16:40:08,825:INFO:Cross validating with KFold(n_splits=5, random_state=None, shuffle=False), n_jobs=-1
2026-02-09 16:40:08,935:INFO:Calculating mean and std
2026-02-09 16:40:08,935:INFO:Creating metrics dataframe
2026-02-09 16:40:08,935:INFO:Uploading results into container
2026-02-09 16:40:08,935:INFO:Uploading model into container now
2026-02-09 16:40:08,935:INFO:_master_model_container: 28
2026-02-09 16:40:08,935:INFO:_display_container: 3
2026-02-09 16:40:08,939:INFO:XGBRegressor(base_score=None, booster='gbtree', callbacks=None,
             colsample_bylevel=None, colsample_bynode=None,
             colsample_bytree=None, device='cpu', early_stopping_rounds=None,
             enable_categorical=False, eval_metric=None, feature_types=None,
             gamma=None, grow_policy=None, importance_type=None,
             interaction_constraints=None, learning_rate=None, max_bin=None,
             max_cat_threshold=None, max_cat_to_onehot=None,
             max_delta_step=None, max_depth=None, max_leaves=None,
             min_child_weight=None, missing=nan, monotone_constraints=None,
             multi_strategy=None, n_estimators=None, n_jobs=-1,
             num_parallel_tree=None, random_state=52, ...)
2026-02-09 16:40:08,939:INFO:create_model() successfully completed......................................
2026-02-09 16:40:09,005:INFO:SubProcess create_model() end ==================================
2026-02-09 16:40:09,005:INFO:Creating metrics dataframe
2026-02-09 16:40:09,005:INFO:Initializing Light Gradient Boosting Machine
2026-02-09 16:40:09,005:INFO:Total runtime is 0.13755679527918496 minutes
2026-02-09 16:40:09,005:INFO:SubProcess create_model() called ==================================
2026-02-09 16:40:09,005:INFO:Initializing create_model()
2026-02-09 16:40:09,005:INFO:create_model(self=<pycaret.regression.oop.RegressionExperiment object at 0x000001FACB60E790>, estimator=lightgbm, fold=KFold(n_splits=5, random_state=None, shuffle=False), round=4, cross_validation=True, predict=True, fit_kwargs={}, groups=None, refit=False, probability_threshold=None, experiment_custom_tags=None, verbose=False, system=False, add_to_model_list=True, metrics=None, display=<pycaret.internal.display.display.CommonDisplay object at 0x000001FACC196ED0>, model_only=True, return_train_score=False, error_score=0.0, kwargs={})
2026-02-09 16:40:09,005:INFO:Checking exceptions
2026-02-09 16:40:09,005:INFO:Importing libraries
2026-02-09 16:40:09,005:INFO:Copying training dataset
2026-02-09 16:40:09,020:INFO:Defining folds
2026-02-09 16:40:09,020:INFO:Declaring metric variables
2026-02-09 16:40:09,021:INFO:Importing untrained model
2026-02-09 16:40:09,021:INFO:Light Gradient Boosting Machine Imported successfully
2026-02-09 16:40:09,021:INFO:Starting cross validation
2026-02-09 16:40:09,021:INFO:Cross validating with KFold(n_splits=5, random_state=None, shuffle=False), n_jobs=-1
2026-02-09 16:40:09,179:INFO:Calculating mean and std
2026-02-09 16:40:09,180:INFO:Creating metrics dataframe
2026-02-09 16:40:09,182:INFO:Uploading results into container
2026-02-09 16:40:09,182:INFO:Uploading model into container now
2026-02-09 16:40:09,183:INFO:_master_model_container: 29
2026-02-09 16:40:09,183:INFO:_display_container: 3
2026-02-09 16:40:09,183:INFO:LGBMRegressor(n_jobs=-1, random_state=52)
2026-02-09 16:40:09,183:INFO:create_model() successfully completed......................................
2026-02-09 16:40:09,271:INFO:SubProcess create_model() end ==================================
2026-02-09 16:40:09,271:INFO:Creating metrics dataframe
2026-02-09 16:40:09,273:INFO:Initializing CatBoost Regressor
2026-02-09 16:40:09,273:INFO:Total runtime is 0.1420356273651123 minutes
2026-02-09 16:40:09,273:INFO:SubProcess create_model() called ==================================
2026-02-09 16:40:09,273:INFO:Initializing create_model()
2026-02-09 16:40:09,273:INFO:create_model(self=<pycaret.regression.oop.RegressionExperiment object at 0x000001FACB60E790>, estimator=catboost, fold=KFold(n_splits=5, random_state=None, shuffle=False), round=4, cross_validation=True, predict=True, fit_kwargs={}, groups=None, refit=False, probability_threshold=None, experiment_custom_tags=None, verbose=False, system=False, add_to_model_list=True, metrics=None, display=<pycaret.internal.display.display.CommonDisplay object at 0x000001FACC196ED0>, model_only=True, return_train_score=False, error_score=0.0, kwargs={})
2026-02-09 16:40:09,273:INFO:Checking exceptions
2026-02-09 16:40:09,273:INFO:Importing libraries
2026-02-09 16:40:09,273:INFO:Copying training dataset
2026-02-09 16:40:09,273:INFO:Defining folds
2026-02-09 16:40:09,273:INFO:Declaring metric variables
2026-02-09 16:40:09,273:INFO:Importing untrained model
2026-02-09 16:40:09,273:INFO:CatBoost Regressor Imported successfully
2026-02-09 16:40:09,273:INFO:Starting cross validation
2026-02-09 16:40:09,288:INFO:Cross validating with KFold(n_splits=5, random_state=None, shuffle=False), n_jobs=-1
2026-02-09 16:40:11,150:INFO:Calculating mean and std
2026-02-09 16:40:11,151:INFO:Creating metrics dataframe
2026-02-09 16:40:11,152:INFO:Uploading results into container
2026-02-09 16:40:11,152:INFO:Uploading model into container now
2026-02-09 16:40:11,152:INFO:_master_model_container: 30
2026-02-09 16:40:11,152:INFO:_display_container: 3
2026-02-09 16:40:11,152:INFO:<catboost.core.CatBoostRegressor object at 0x000001FACBD27A50>
2026-02-09 16:40:11,152:INFO:create_model() successfully completed......................................
2026-02-09 16:40:11,221:INFO:SubProcess create_model() end ==================================
2026-02-09 16:40:11,221:INFO:Creating metrics dataframe
2026-02-09 16:40:11,233:WARNING:c:\Users\itwill\AppData\Local\Programs\Python\Python311\Lib\site-packages\pycaret\internal\pycaret_experiment\supervised_experiment.py:339: FutureWarning: Styler.applymap has been deprecated. Use Styler.map instead.
  .applymap(highlight_cols, subset=["TT (Sec)"])

2026-02-09 16:40:11,237:INFO:Initializing create_model()
2026-02-09 16:40:11,237:INFO:create_model(self=<pycaret.regression.oop.RegressionExperiment object at 0x000001FACB60E790>, estimator=Ridge(random_state=52), fold=KFold(n_splits=5, random_state=None, shuffle=False), round=4, cross_validation=False, predict=False, fit_kwargs={}, groups=None, refit=True, probability_threshold=None, experiment_custom_tags=None, verbose=False, system=False, add_to_model_list=True, metrics=None, display=None, model_only=True, return_train_score=False, error_score=0.0, kwargs={})
2026-02-09 16:40:11,237:INFO:Checking exceptions
2026-02-09 16:40:11,237:INFO:Importing libraries
2026-02-09 16:40:11,237:INFO:Copying training dataset
2026-02-09 16:40:11,237:INFO:Defining folds
2026-02-09 16:40:11,237:INFO:Declaring metric variables
2026-02-09 16:40:11,237:INFO:Importing untrained model
2026-02-09 16:40:11,237:INFO:Declaring custom model
2026-02-09 16:40:11,237:INFO:Ridge Regression Imported successfully
2026-02-09 16:40:11,237:INFO:Cross validation set to False
2026-02-09 16:40:11,237:INFO:Fitting Model
2026-02-09 16:40:11,264:INFO:Ridge(random_state=52)
2026-02-09 16:40:11,264:INFO:create_model() successfully completed......................................
2026-02-09 16:40:11,362:INFO:Initializing create_model()
2026-02-09 16:40:11,362:INFO:create_model(self=<pycaret.regression.oop.RegressionExperiment object at 0x000001FACB60E790>, estimator=LinearRegression(n_jobs=-1), fold=KFold(n_splits=5, random_state=None, shuffle=False), round=4, cross_validation=False, predict=False, fit_kwargs={}, groups=None, refit=True, probability_threshold=None, experiment_custom_tags=None, verbose=False, system=False, add_to_model_list=True, metrics=None, display=None, model_only=True, return_train_score=False, error_score=0.0, kwargs={})
2026-02-09 16:40:11,362:INFO:Checking exceptions
2026-02-09 16:40:11,364:INFO:Importing libraries
2026-02-09 16:40:11,364:INFO:Copying training dataset
2026-02-09 16:40:11,364:INFO:Defining folds
2026-02-09 16:40:11,364:INFO:Declaring metric variables
2026-02-09 16:40:11,364:INFO:Importing untrained model
2026-02-09 16:40:11,364:INFO:Declaring custom model
2026-02-09 16:40:11,364:INFO:Linear Regression Imported successfully
2026-02-09 16:40:11,364:INFO:Cross validation set to False
2026-02-09 16:40:11,364:INFO:Fitting Model
2026-02-09 16:40:11,372:INFO:LinearRegression(n_jobs=-1)
2026-02-09 16:40:11,372:INFO:create_model() successfully completed......................................
2026-02-09 16:40:11,455:INFO:Initializing create_model()
2026-02-09 16:40:11,455:INFO:create_model(self=<pycaret.regression.oop.RegressionExperiment object at 0x000001FACB60E790>, estimator=LGBMRegressor(n_jobs=-1, random_state=52), fold=KFold(n_splits=5, random_state=None, shuffle=False), round=4, cross_validation=False, predict=False, fit_kwargs={}, groups=None, refit=True, probability_threshold=None, experiment_custom_tags=None, verbose=False, system=False, add_to_model_list=True, metrics=None, display=None, model_only=True, return_train_score=False, error_score=0.0, kwargs={})
2026-02-09 16:40:11,455:INFO:Checking exceptions
2026-02-09 16:40:11,455:INFO:Importing libraries
2026-02-09 16:40:11,455:INFO:Copying training dataset
2026-02-09 16:40:11,455:INFO:Defining folds
2026-02-09 16:40:11,455:INFO:Declaring metric variables
2026-02-09 16:40:11,455:INFO:Importing untrained model
2026-02-09 16:40:11,455:INFO:Declaring custom model
2026-02-09 16:40:11,455:INFO:Light Gradient Boosting Machine Imported successfully
2026-02-09 16:40:11,465:INFO:Cross validation set to False
2026-02-09 16:40:11,465:INFO:Fitting Model
2026-02-09 16:40:11,486:INFO:[LightGBM] [Info] Auto-choosing col-wise multi-threading, the overhead of testing was 0.000093 seconds.
2026-02-09 16:40:11,486:INFO:You can set `force_col_wise=true` to remove the overhead.
2026-02-09 16:40:11,486:INFO:[LightGBM] [Info] Total Bins 390
2026-02-09 16:40:11,486:INFO:[LightGBM] [Info] Number of data points in the train set: 264, number of used features: 8
2026-02-09 16:40:11,486:INFO:[LightGBM] [Info] Start training from score 16.359901
2026-02-09 16:40:11,486:INFO:[LightGBM] [Warning] No further splits with positive gain, best gain: -inf
2026-02-09 16:40:11,486:INFO:[LightGBM] [Warning] No further splits with positive gain, best gain: -inf
2026-02-09 16:40:11,488:INFO:[LightGBM] [Warning] No further splits with positive gain, best gain: -inf
2026-02-09 16:40:11,488:INFO:[LightGBM] [Warning] No further splits with positive gain, best gain: -inf
2026-02-09 16:40:11,488:INFO:[LightGBM] [Warning] No further splits with positive gain, best gain: -inf
2026-02-09 16:40:11,489:INFO:[LightGBM] [Warning] No further splits with positive gain, best gain: -inf
2026-02-09 16:40:11,489:INFO:[LightGBM] [Warning] No further splits with positive gain, best gain: -inf
2026-02-09 16:40:11,489:INFO:[LightGBM] [Warning] No further splits with positive gain, best gain: -inf
2026-02-09 16:40:11,489:INFO:[LightGBM] [Warning] No further splits with positive gain, best gain: -inf
2026-02-09 16:40:11,490:INFO:[LightGBM] [Warning] No further splits with positive gain, best gain: -inf
2026-02-09 16:40:11,490:INFO:[LightGBM] [Warning] No further splits with positive gain, best gain: -inf
2026-02-09 16:40:11,490:INFO:[LightGBM] [Warning] No further splits with positive gain, best gain: -inf
2026-02-09 16:40:11,490:INFO:[LightGBM] [Warning] No further splits with positive gain, best gain: -inf
2026-02-09 16:40:11,490:INFO:[LightGBM] [Warning] No further splits with positive gain, best gain: -inf
2026-02-09 16:40:11,490:INFO:[LightGBM] [Warning] No further splits with positive gain, best gain: -inf
2026-02-09 16:40:11,491:INFO:[LightGBM] [Warning] No further splits with positive gain, best gain: -inf
2026-02-09 16:40:11,491:INFO:[LightGBM] [Warning] No further splits with positive gain, best gain: -inf
2026-02-09 16:40:11,491:INFO:[LightGBM] [Warning] No further splits with positive gain, best gain: -inf
2026-02-09 16:40:11,491:INFO:[LightGBM] [Warning] No further splits with positive gain, best gain: -inf
2026-02-09 16:40:11,492:INFO:[LightGBM] [Warning] No further splits with positive gain, best gain: -inf
2026-02-09 16:40:11,492:INFO:[LightGBM] [Warning] No further splits with positive gain, best gain: -inf
2026-02-09 16:40:11,492:INFO:[LightGBM] [Warning] No further splits with positive gain, best gain: -inf
2026-02-09 16:40:11,492:INFO:[LightGBM] [Warning] No further splits with positive gain, best gain: -inf
2026-02-09 16:40:11,492:INFO:[LightGBM] [Warning] No further splits with positive gain, best gain: -inf
2026-02-09 16:40:11,493:INFO:[LightGBM] [Warning] No further splits with positive gain, best gain: -inf
2026-02-09 16:40:11,493:INFO:[LightGBM] [Warning] No further splits with positive gain, best gain: -inf
2026-02-09 16:40:11,493:INFO:[LightGBM] [Warning] No further splits with positive gain, best gain: -inf
2026-02-09 16:40:11,493:INFO:[LightGBM] [Warning] No further splits with positive gain, best gain: -inf
2026-02-09 16:40:11,494:INFO:[LightGBM] [Warning] No further splits with positive gain, best gain: -inf
2026-02-09 16:40:11,494:INFO:[LightGBM] [Warning] No further splits with positive gain, best gain: -inf
2026-02-09 16:40:11,494:INFO:[LightGBM] [Warning] No further splits with positive gain, best gain: -inf
2026-02-09 16:40:11,494:INFO:[LightGBM] [Warning] No further splits with positive gain, best gain: -inf
2026-02-09 16:40:11,494:INFO:[LightGBM] [Warning] No further splits with positive gain, best gain: -inf
2026-02-09 16:40:11,494:INFO:[LightGBM] [Warning] No further splits with positive gain, best gain: -inf
2026-02-09 16:40:11,494:INFO:[LightGBM] [Warning] No further splits with positive gain, best gain: -inf
2026-02-09 16:40:11,494:INFO:[LightGBM] [Warning] No further splits with positive gain, best gain: -inf
2026-02-09 16:40:11,494:INFO:[LightGBM] [Warning] No further splits with positive gain, best gain: -inf
2026-02-09 16:40:11,494:INFO:[LightGBM] [Warning] No further splits with positive gain, best gain: -inf
2026-02-09 16:40:11,495:INFO:[LightGBM] [Warning] No further splits with positive gain, best gain: -inf
2026-02-09 16:40:11,495:INFO:[LightGBM] [Warning] No further splits with positive gain, best gain: -inf
2026-02-09 16:40:11,495:INFO:[LightGBM] [Warning] No further splits with positive gain, best gain: -inf
2026-02-09 16:40:11,495:INFO:[LightGBM] [Warning] No further splits with positive gain, best gain: -inf
2026-02-09 16:40:11,496:INFO:[LightGBM] [Warning] No further splits with positive gain, best gain: -inf
2026-02-09 16:40:11,496:INFO:[LightGBM] [Warning] No further splits with positive gain, best gain: -inf
2026-02-09 16:40:11,496:INFO:[LightGBM] [Warning] No further splits with positive gain, best gain: -inf
2026-02-09 16:40:11,496:INFO:[LightGBM] [Warning] No further splits with positive gain, best gain: -inf
2026-02-09 16:40:11,497:INFO:[LightGBM] [Warning] No further splits with positive gain, best gain: -inf
2026-02-09 16:40:11,497:INFO:[LightGBM] [Warning] No further splits with positive gain, best gain: -inf
2026-02-09 16:40:11,497:INFO:[LightGBM] [Warning] No further splits with positive gain, best gain: -inf
2026-02-09 16:40:11,497:INFO:[LightGBM] [Warning] No further splits with positive gain, best gain: -inf
2026-02-09 16:40:11,497:INFO:[LightGBM] [Warning] No further splits with positive gain, best gain: -inf
2026-02-09 16:40:11,498:INFO:[LightGBM] [Warning] No further splits with positive gain, best gain: -inf
2026-02-09 16:40:11,498:INFO:[LightGBM] [Warning] No further splits with positive gain, best gain: -inf
2026-02-09 16:40:11,498:INFO:[LightGBM] [Warning] No further splits with positive gain, best gain: -inf
2026-02-09 16:40:11,498:INFO:[LightGBM] [Warning] No further splits with positive gain, best gain: -inf
2026-02-09 16:40:11,498:INFO:[LightGBM] [Warning] No further splits with positive gain, best gain: -inf
2026-02-09 16:40:11,498:INFO:[LightGBM] [Warning] No further splits with positive gain, best gain: -inf
2026-02-09 16:40:11,499:INFO:[LightGBM] [Warning] No further splits with positive gain, best gain: -inf
2026-02-09 16:40:11,499:INFO:[LightGBM] [Warning] No further splits with positive gain, best gain: -inf
2026-02-09 16:40:11,499:INFO:[LightGBM] [Warning] No further splits with positive gain, best gain: -inf
2026-02-09 16:40:11,499:INFO:[LightGBM] [Warning] No further splits with positive gain, best gain: -inf
2026-02-09 16:40:11,499:INFO:[LightGBM] [Warning] No further splits with positive gain, best gain: -inf
2026-02-09 16:40:11,499:INFO:[LightGBM] [Warning] No further splits with positive gain, best gain: -inf
2026-02-09 16:40:11,500:INFO:[LightGBM] [Warning] No further splits with positive gain, best gain: -inf
2026-02-09 16:40:11,500:INFO:[LightGBM] [Warning] No further splits with positive gain, best gain: -inf
2026-02-09 16:40:11,500:INFO:[LightGBM] [Warning] No further splits with positive gain, best gain: -inf
2026-02-09 16:40:11,500:INFO:[LightGBM] [Warning] No further splits with positive gain, best gain: -inf
2026-02-09 16:40:11,500:INFO:[LightGBM] [Warning] No further splits with positive gain, best gain: -inf
2026-02-09 16:40:11,500:INFO:[LightGBM] [Warning] No further splits with positive gain, best gain: -inf
2026-02-09 16:40:11,501:INFO:[LightGBM] [Warning] No further splits with positive gain, best gain: -inf
2026-02-09 16:40:11,501:INFO:[LightGBM] [Warning] No further splits with positive gain, best gain: -inf
2026-02-09 16:40:11,501:INFO:[LightGBM] [Warning] No further splits with positive gain, best gain: -inf
2026-02-09 16:40:11,501:INFO:[LightGBM] [Warning] No further splits with positive gain, best gain: -inf
2026-02-09 16:40:11,501:INFO:[LightGBM] [Warning] No further splits with positive gain, best gain: -inf
2026-02-09 16:40:11,501:INFO:[LightGBM] [Warning] No further splits with positive gain, best gain: -inf
2026-02-09 16:40:11,502:INFO:[LightGBM] [Warning] No further splits with positive gain, best gain: -inf
2026-02-09 16:40:11,502:INFO:[LightGBM] [Warning] No further splits with positive gain, best gain: -inf
2026-02-09 16:40:11,502:INFO:[LightGBM] [Warning] No further splits with positive gain, best gain: -inf
2026-02-09 16:40:11,502:INFO:[LightGBM] [Warning] No further splits with positive gain, best gain: -inf
2026-02-09 16:40:11,502:INFO:[LightGBM] [Warning] No further splits with positive gain, best gain: -inf
2026-02-09 16:40:11,502:INFO:[LightGBM] [Warning] No further splits with positive gain, best gain: -inf
2026-02-09 16:40:11,503:INFO:[LightGBM] [Warning] No further splits with positive gain, best gain: -inf
2026-02-09 16:40:11,503:INFO:[LightGBM] [Warning] No further splits with positive gain, best gain: -inf
2026-02-09 16:40:11,503:INFO:[LightGBM] [Warning] No further splits with positive gain, best gain: -inf
2026-02-09 16:40:11,503:INFO:[LightGBM] [Warning] No further splits with positive gain, best gain: -inf
2026-02-09 16:40:11,504:INFO:[LightGBM] [Warning] No further splits with positive gain, best gain: -inf
2026-02-09 16:40:11,504:INFO:[LightGBM] [Warning] No further splits with positive gain, best gain: -inf
2026-02-09 16:40:11,505:INFO:[LightGBM] [Warning] No further splits with positive gain, best gain: -inf
2026-02-09 16:40:11,505:INFO:[LightGBM] [Warning] No further splits with positive gain, best gain: -inf
2026-02-09 16:40:11,505:INFO:[LightGBM] [Warning] No further splits with positive gain, best gain: -inf
2026-02-09 16:40:11,506:INFO:[LightGBM] [Warning] No further splits with positive gain, best gain: -inf
2026-02-09 16:40:11,506:INFO:[LightGBM] [Warning] No further splits with positive gain, best gain: -inf
2026-02-09 16:40:11,506:INFO:[LightGBM] [Warning] No further splits with positive gain, best gain: -inf
2026-02-09 16:40:11,507:INFO:[LightGBM] [Warning] No further splits with positive gain, best gain: -inf
2026-02-09 16:40:11,507:INFO:[LightGBM] [Warning] No further splits with positive gain, best gain: -inf
2026-02-09 16:40:11,507:INFO:[LightGBM] [Warning] No further splits with positive gain, best gain: -inf
2026-02-09 16:40:11,507:INFO:[LightGBM] [Warning] No further splits with positive gain, best gain: -inf
2026-02-09 16:40:11,507:INFO:[LightGBM] [Warning] No further splits with positive gain, best gain: -inf
2026-02-09 16:40:11,507:INFO:[LightGBM] [Warning] No further splits with positive gain, best gain: -inf
2026-02-09 16:40:11,507:INFO:[LightGBM] [Warning] No further splits with positive gain, best gain: -inf
2026-02-09 16:40:11,510:INFO:LGBMRegressor(n_jobs=-1, random_state=52)
2026-02-09 16:40:11,510:INFO:create_model() successfully completed......................................
2026-02-09 16:40:11,598:INFO:Initializing create_model()
2026-02-09 16:40:11,599:INFO:create_model(self=<pycaret.regression.oop.RegressionExperiment object at 0x000001FACB60E790>, estimator=SVR(), fold=KFold(n_splits=5, random_state=None, shuffle=False), round=4, cross_validation=False, predict=False, fit_kwargs={}, groups=None, refit=True, probability_threshold=None, experiment_custom_tags=None, verbose=False, system=False, add_to_model_list=True, metrics=None, display=None, model_only=True, return_train_score=False, error_score=0.0, kwargs={})
2026-02-09 16:40:11,599:INFO:Checking exceptions
2026-02-09 16:40:11,600:INFO:Importing libraries
2026-02-09 16:40:11,600:INFO:Copying training dataset
2026-02-09 16:40:11,602:INFO:Defining folds
2026-02-09 16:40:11,602:INFO:Declaring metric variables
2026-02-09 16:40:11,602:INFO:Importing untrained model
2026-02-09 16:40:11,602:INFO:Declaring custom model
2026-02-09 16:40:11,603:INFO:Support Vector Regression Imported successfully
2026-02-09 16:40:11,603:INFO:Cross validation set to False
2026-02-09 16:40:11,603:INFO:Fitting Model
2026-02-09 16:40:11,625:INFO:SVR()
2026-02-09 16:40:11,625:INFO:create_model() successfully completed......................................
2026-02-09 16:40:11,699:INFO:Initializing create_model()
2026-02-09 16:40:11,699:INFO:create_model(self=<pycaret.regression.oop.RegressionExperiment object at 0x000001FACB60E790>, estimator=<catboost.core.CatBoostRegressor object at 0x000001FACBD27A50>, fold=KFold(n_splits=5, random_state=None, shuffle=False), round=4, cross_validation=False, predict=False, fit_kwargs={}, groups=None, refit=True, probability_threshold=None, experiment_custom_tags=None, verbose=False, system=False, add_to_model_list=True, metrics=None, display=None, model_only=True, return_train_score=False, error_score=0.0, kwargs={})
2026-02-09 16:40:11,699:INFO:Checking exceptions
2026-02-09 16:40:11,701:INFO:Importing libraries
2026-02-09 16:40:11,701:INFO:Copying training dataset
2026-02-09 16:40:11,703:INFO:Defining folds
2026-02-09 16:40:11,703:INFO:Declaring metric variables
2026-02-09 16:40:11,703:INFO:Importing untrained model
2026-02-09 16:40:11,703:INFO:Declaring custom model
2026-02-09 16:40:11,703:INFO:CatBoost Regressor Imported successfully
2026-02-09 16:40:11,704:INFO:Cross validation set to False
2026-02-09 16:40:11,704:INFO:Fitting Model
2026-02-09 16:40:12,554:INFO:<catboost.core.CatBoostRegressor object at 0x000001FACBB8E390>
2026-02-09 16:40:12,554:INFO:create_model() successfully completed......................................
2026-02-09 16:40:12,655:INFO:_master_model_container: 30
2026-02-09 16:40:12,656:INFO:_display_container: 3
2026-02-09 16:40:12,656:INFO:[Ridge(random_state=52), LinearRegression(n_jobs=-1), LGBMRegressor(n_jobs=-1, random_state=52), SVR(), <catboost.core.CatBoostRegressor object at 0x000001FACBB8E390>]
2026-02-09 16:40:12,656:INFO:compare_models() successfully completed......................................
2026-02-09 16:40:34,391:INFO:Initializing blend_models()
2026-02-09 16:40:34,391:INFO:blend_models(self=<pycaret.regression.oop.RegressionExperiment object at 0x000001FACB60E790>, estimator_list=[Ridge(random_state=52), LinearRegression(n_jobs=-1), LGBMRegressor(n_jobs=-1, random_state=52), SVR(), <catboost.core.CatBoostRegressor object at 0x000001FACBB8E390>], fold=5, round=4, choose_better=False, optimize=R2, method=auto, weights=None, fit_kwargs=None, groups=None, probability_threshold=None, verbose=True, return_train_score=False)
2026-02-09 16:40:34,391:INFO:Checking exceptions
2026-02-09 16:40:34,402:INFO:Importing libraries
2026-02-09 16:40:34,402:INFO:Copying training dataset
2026-02-09 16:40:34,405:INFO:Getting model names
2026-02-09 16:40:34,408:INFO:SubProcess create_model() called ==================================
2026-02-09 16:40:34,411:INFO:Initializing create_model()
2026-02-09 16:40:34,412:INFO:create_model(self=<pycaret.regression.oop.RegressionExperiment object at 0x000001FACB60E790>, estimator=VotingRegressor(estimators=[('Ridge Regression', Ridge(random_state=52)),
                            ('Linear Regression', LinearRegression(n_jobs=-1)),
                            ('Light Gradient Boosting Machine',
                             LGBMRegressor(n_jobs=-1, random_state=52)),
                            ('Support Vector Regression', SVR()),
                            ('CatBoost Regressor',
                             <catboost.core.CatBoostRegressor object at 0x000001FACBB8E390>)],
                n_jobs=-1), fold=KFold(n_splits=5, random_state=None, shuffle=False), round=4, cross_validation=True, predict=True, fit_kwargs={}, groups=None, refit=True, probability_threshold=None, experiment_custom_tags=None, verbose=True, system=False, add_to_model_list=True, metrics=None, display=<pycaret.internal.display.display.CommonDisplay object at 0x000001FACA4B8650>, model_only=True, return_train_score=False, error_score=0.0, kwargs={})
2026-02-09 16:40:34,412:INFO:Checking exceptions
2026-02-09 16:40:34,412:INFO:Importing libraries
2026-02-09 16:40:34,412:INFO:Copying training dataset
2026-02-09 16:40:34,414:INFO:Defining folds
2026-02-09 16:40:34,414:INFO:Declaring metric variables
2026-02-09 16:40:34,416:INFO:Importing untrained model
2026-02-09 16:40:34,416:INFO:Declaring custom model
2026-02-09 16:40:34,420:INFO:Voting Regressor Imported successfully
2026-02-09 16:40:34,425:INFO:Starting cross validation
2026-02-09 16:40:34,426:INFO:Cross validating with KFold(n_splits=5, random_state=None, shuffle=False), n_jobs=-1
2026-02-09 16:40:36,517:INFO:Calculating mean and std
2026-02-09 16:40:36,518:INFO:Creating metrics dataframe
2026-02-09 16:40:36,524:INFO:Finalizing model
2026-02-09 16:40:37,391:INFO:Uploading results into container
2026-02-09 16:40:37,391:INFO:Uploading model into container now
2026-02-09 16:40:37,392:INFO:_master_model_container: 31
2026-02-09 16:40:37,392:INFO:_display_container: 4
2026-02-09 16:40:37,395:INFO:VotingRegressor(estimators=[('Ridge Regression', Ridge(random_state=52)),
                            ('Linear Regression', LinearRegression(n_jobs=-1)),
                            ('Light Gradient Boosting Machine',
                             LGBMRegressor(n_jobs=-1, random_state=52)),
                            ('Support Vector Regression', SVR()),
                            ('CatBoost Regressor',
                             <catboost.core.CatBoostRegressor object at 0x000001FACC0EE790>)],
                n_jobs=-1)
2026-02-09 16:40:37,395:INFO:create_model() successfully completed......................................
2026-02-09 16:40:37,487:INFO:SubProcess create_model() end ==================================
2026-02-09 16:40:37,495:INFO:_master_model_container: 31
2026-02-09 16:40:37,495:INFO:_display_container: 4
2026-02-09 16:40:37,495:INFO:VotingRegressor(estimators=[('Ridge Regression', Ridge(random_state=52)),
                            ('Linear Regression', LinearRegression(n_jobs=-1)),
                            ('Light Gradient Boosting Machine',
                             LGBMRegressor(n_jobs=-1, random_state=52)),
                            ('Support Vector Regression', SVR()),
                            ('CatBoost Regressor',
                             <catboost.core.CatBoostRegressor object at 0x000001FACC0EE790>)],
                n_jobs=-1)
2026-02-09 16:40:37,495:INFO:blend_models() successfully completed......................................
2026-02-09 16:42:19,375:INFO:Initializing tune_model()
2026-02-09 16:42:19,375:INFO:tune_model(self=<pycaret.regression.oop.RegressionExperiment object at 0x000001FACB60E790>, estimator=VotingRegressor(estimators=[('Ridge Regression', Ridge(random_state=52)),
                            ('Linear Regression', LinearRegression(n_jobs=-1)),
                            ('Light Gradient Boosting Machine',
                             LGBMRegressor(n_jobs=-1, random_state=52)),
                            ('Support Vector Regression', SVR()),
                            ('CatBoost Regressor',
                             <catboost.core.CatBoostRegressor object at 0x000001FACC0EE790>)],
                n_jobs=-1), fold=5, round=4, n_iter=30, custom_grid={'Ridge Regression__alpha': [0.01, 0.1, 1, 10, 100], 'Light Gradient Boosting Machine__n_estimators': [200], 'Light Gradient Boosting Machine__learning_rate': [0.05, 0.1], 'Light Gradient Boosting Machine__num_leaves': [31, 63], 'Light Gradient Boosting Machine__max_depth': [-1, 5], 'Light Gradient Boosting Machine__min_child_samples': [20, 50], 'Light Gradient Boosting Machine__subsample': [0.8], 'Light Gradient Boosting Machine__reg_alpha': [0, 0.1, 1], 'Light Gradient Boosting Machine__reg_lambda': [0, 1, 5], 'Support Vector Regression__kernel': ['rbf'], 'Support Vector Regression__C': [0.1, 1, 10, 100], 'Support Vector Regression__epsilon': [0.01, 0.05, 0.1, 0.2], 'Support Vector Regression__gamma': ['scale', 'auto', 0.01, 0.1, 1], 'CatBoost Regressor__iterations': [300, 500], 'CatBoost Regressor__learning_rate': [0.01, 0.03, 0.1], 'CatBoost Regressor__depth': [4, 6, 8], 'CatBoost Regressor__l2_leaf_reg': [1, 3, 5], 'CatBoost Regressor__subsample': [0.8, 1.0]}, optimize=RMSE, custom_scorer=None, search_library=scikit-learn, search_algorithm=grid, early_stopping=True, early_stopping_max_iters=10, choose_better=True, fit_kwargs=None, groups=None, return_tuner=False, verbose=False, tuner_verbose=True, return_train_score=False, kwargs={})
2026-02-09 16:42:19,375:INFO:Checking exceptions
2026-02-09 16:42:19,379:INFO:Copying training dataset
2026-02-09 16:42:19,381:INFO:Checking base model
2026-02-09 16:42:19,381:INFO:Base model : Voting Regressor
2026-02-09 16:42:19,381:INFO:Model has a special tunable class, using that
2026-02-09 16:42:19,382:INFO:Declaring metric variables
2026-02-09 16:42:19,382:INFO:Defining Hyperparameters
2026-02-09 16:42:19,488:INFO:custom_grid: {'actual_estimator__Ridge Regression__alpha': [0.01, 0.1, 1, 10, 100], 'actual_estimator__Light Gradient Boosting Machine__n_estimators': [200], 'actual_estimator__Light Gradient Boosting Machine__learning_rate': [0.05, 0.1], 'actual_estimator__Light Gradient Boosting Machine__num_leaves': [31, 63], 'actual_estimator__Light Gradient Boosting Machine__max_depth': [-1, 5], 'actual_estimator__Light Gradient Boosting Machine__min_child_samples': [20, 50], 'actual_estimator__Light Gradient Boosting Machine__subsample': [0.8], 'actual_estimator__Light Gradient Boosting Machine__reg_alpha': [0, 0.1, 1], 'actual_estimator__Light Gradient Boosting Machine__reg_lambda': [0, 1, 5], 'actual_estimator__Support Vector Regression__kernel': ['rbf'], 'actual_estimator__Support Vector Regression__C': [0.1, 1, 10, 100], 'actual_estimator__Support Vector Regression__epsilon': [0.01, 0.05, 0.1, 0.2], 'actual_estimator__Support Vector Regression__gamma': ['scale', 'auto', 0.01, 0.1, 1], 'actual_estimator__CatBoost Regressor__iterations': [300, 500], 'actual_estimator__CatBoost Regressor__learning_rate': [0.01, 0.03, 0.1], 'actual_estimator__CatBoost Regressor__depth': [4, 6, 8], 'actual_estimator__CatBoost Regressor__l2_leaf_reg': [1, 3, 5], 'actual_estimator__CatBoost Regressor__subsample': [0.8, 1.0]}
2026-02-09 16:42:19,488:INFO:Tuning with n_jobs=-1
2026-02-09 16:42:19,488:INFO:Initializing GridSearchCV
